Watching for file changes with StatReloader
Waiting for apps ready_event.
Apps ready_event triggered. Sending autoreload_started signal.
Watching dir /Users/furkanyilmaz/Desktop/tahminai/tahmin2/venv/lib/python3.13/site-packages/rest_framework/templates with glob **/*.
Watching dir /Users/furkanyilmaz/Desktop/tahminai/tahmin2/matches/templates with glob **/*.
Watching dir /Users/furkanyilmaz/Desktop/tahminai/tahmin2/locale with glob **/*.mo.
Watching dir /Users/furkanyilmaz/Desktop/tahminai/tahmin2/betapp/locale with glob **/*.mo.
Watching dir /Users/furkanyilmaz/Desktop/tahminai/tahmin2/venv/lib/python3.13/site-packages/rest_framework/locale with glob **/*.mo.
Watching dir /Users/furkanyilmaz/Desktop/tahminai/tahmin2/matches/locale with glob **/*.mo.
File /opt/homebrew/Cellar/python@3.13/3.13.2/Frameworks/Python.framework/Versions/3.13/lib/python3.13/asyncio/futures.py first seen with mtime 1738680669.0
File /Users/furkanyilmaz/Desktop/tahminai/tahmin2/venv/lib/python3.13/site-packages/django/core/checks/database.py first seen with mtime 1743284255.6885438
File /Users/furkanyilmaz/Desktop/tahminai/tahmin2/venv/lib/python3.13/site-packages/django/db/backends/sqlite3/_functions.py first seen with mtime 1743284255.7047868
File /opt/homebrew/Cellar/python@3.13/3.13.2/Frameworks/Python.framework/Versions/3.13/lib/python3.13/lib-dynload/array.cpython-313-darwin.so first seen with mtime 1743127151.1729815
File /opt/homebrew/Cellar/python@3.13/3.13.2/Frameworks/Python.framework/Versions/3.13/lib/python3.13/_sysconfigdata__darwin_darwin.py first seen with mtime 1743127151.5807421
File /Users/furkanyilmaz/Desktop/tahminai/tahmin2/venv/lib/python3.13/site-packages/django/templatetags/i18n.py first seen with mtime 1743284255.7284594
File /Users/furkanyilmaz/Desktop/tahminai/tahmin2/venv/lib/python3.13/site-packages/django/db/models/utils.py first seen with mtime 1743284255.7105377
File /opt/homebrew/Cellar/python@3.13/3.13.2/Frameworks/Python.framework/Versions/3.13/lib/python3.13/string.py first seen with mtime 1738680669.0
File /Users/furkanyilmaz/Desktop/tahminai/tahmin2/venv/lib/python3.13/site-packages/django/contrib/admin/options.py first seen with mtime 1743284255.2113478
File /opt/homebrew/Cellar/python@3.13/3.13.2/Frameworks/Python.framework/Versions/3.13/lib/python3.13/email/_encoded_words.py first seen with mtime 1738680669.0
File /Users/furkanyilmaz/Desktop/tahminai/tahmin2/venv/lib/python3.13/site-packages/django/db/models/constants.py first seen with mtime 1743284255.7088969
File /opt/homebrew/Cellar/python@3.13/3.13.2/Frameworks/Python.framework/Versions/3.13/lib/python3.13/statistics.py first seen with mtime 1738680669.0
File /Users/furkanyilmaz/Desktop/tahminai/tahmin2/venv/lib/python3.13/site-packages/rest_framework/settings.py first seen with mtime 1743284381.1573951
File /Users/furkanyilmaz/Desktop/tahminai/tahmin2/venv/lib/python3.13/site-packages/django/utils/lorem_ipsum.py first seen with mtime 1743284255.7345917
File /Users/furkanyilmaz/Desktop/tahminai/tahmin2/venv/lib/python3.13/site-packages/django/db/migrations/operations/models.py first seen with mtime 1743284255.708044
File /Users/furkanyilmaz/Desktop/tahminai/tahmin2/venv/lib/python3.13/site-packages/django/contrib/sites/requests.py first seen with mtime 1743284255.655148
File /opt/homebrew/Cellar/python@3.13/3.13.2/Frameworks/Python.framework/Versions/3.13/lib/python3.13/_weakrefset.py first seen with mtime 1738680669.0
File /Users/furkanyilmaz/Desktop/tahminai/tahmin2/venv/lib/python3.13/site-packages/django/db/models/functions/window.py first seen with mtime 1743284255.7131155
File /Users/furkanyilmaz/Desktop/tahminai/tahmin2/venv/lib/python3.13/site-packages/django/contrib/admin/actions.py first seen with mtime 1743284255.2100842
File /Users/furkanyilmaz/Desktop/tahminai/tahmin2/venv/lib/python3.13/site-packages/django/conf/__init__.py first seen with mtime 1743284255.1574972
File /opt/homebrew/Cellar/python@3.13/3.13.2/Frameworks/Python.framework/Versions/3.13/lib/python3.13/json/encoder.py first seen with mtime 1738680669.0
File /Users/furkanyilmaz/Desktop/tahminai/tahmin2/venv/lib/python3.13/site-packages/django/forms/forms.py first seen with mtime 1743284255.7151568
File /opt/homebrew/Cellar/python@3.13/3.13.2/Frameworks/Python.framework/Versions/3.13/lib/python3.13/contextvars.py first seen with mtime 1738680669.0
File /Users/furkanyilmaz/Desktop/tahminai/tahmin2/venv/lib/python3.13/site-packages/django/core/files/storage/mixins.py first seen with mtime 1743284255.6916986
File /Users/furkanyilmaz/Desktop/tahminai/tahmin2/venv/lib/python3.13/site-packages/django/utils/deconstruct.py first seen with mtime 1743284255.7325318
File /opt/homebrew/Cellar/python@3.13/3.13.2/Frameworks/Python.framework/Versions/3.13/lib/python3.13/lib-dynload/_bz2.cpython-313-darwin.so first seen with mtime 1743127149.8163662
File /opt/homebrew/Cellar/python@3.13/3.13.2/Frameworks/Python.framework/Versions/3.13/lib/python3.13/pathlib/_local.py first seen with mtime 1738680669.0
File /Users/furkanyilmaz/Desktop/tahminai/tahmin2/venv/lib/python3.13/site-packages/django/utils/dateparse.py first seen with mtime 1743284255.7323542
File /opt/homebrew/Cellar/python@3.13/3.13.2/Frameworks/Python.framework/Versions/3.13/lib/python3.13/asyncio/subprocess.py first seen with mtime 1738680669.0
File /Users/furkanyilmaz/Desktop/tahminai/tahmin2/venv/lib/python3.13/site-packages/django/core/cache/backends/base.py first seen with mtime 1743284255.6873357
File /Users/furkanyilmaz/Desktop/tahminai/tahmin2/venv/lib/python3.13/site-packages/django/template/engine.py first seen with mtime 1743284255.7263308
File /Users/furkanyilmaz/Desktop/tahminai/tahmin2/venv/lib/python3.13/site-packages/django/shortcuts.py first seen with mtime 1743284255.1568305
File /Users/furkanyilmaz/Desktop/tahminai/tahmin2/venv/lib/python3.13/site-packages/django/utils/duration.py first seen with mtime 1743284255.7329376
File /Users/furkanyilmaz/Desktop/tahminai/tahmin2/venv/lib/python3.13/site-packages/django/utils/dateformat.py first seen with mtime 1743284255.732174
File /Users/furkanyilmaz/Desktop/tahminai/tahmin2/venv/lib/python3.13/site-packages/django/middleware/security.py first seen with mtime 1743284255.7253335
File /Users/furkanyilmaz/Desktop/tahminai/tahmin2/venv/lib/python3.13/site-packages/django/core/checks/async_checks.py first seen with mtime 1743284255.68838
File /Users/furkanyilmaz/Desktop/tahminai/tahmin2/venv/lib/python3.13/site-packages/django/contrib/__init__.py first seen with mtime 1743284255.209827
File /opt/homebrew/Cellar/python@3.13/3.13.2/Frameworks/Python.framework/Versions/3.13/lib/python3.13/platform.py first seen with mtime 1738680669.0
File /opt/homebrew/Cellar/python@3.13/3.13.2/Frameworks/Python.framework/Versions/3.13/lib/python3.13/lib-dynload/select.cpython-313-darwin.so first seen with mtime 1743127151.4078712
File /Users/furkanyilmaz/Desktop/tahminai/tahmin2/venv/lib/python3.13/site-packages/django/contrib/auth/password_validation.py first seen with mtime 1743284255.3564653
File /opt/homebrew/Cellar/python@3.13/3.13.2/Frameworks/Python.framework/Versions/3.13/lib/python3.13/socketserver.py first seen with mtime 1738680669.0
File /Users/furkanyilmaz/Desktop/tahminai/tahmin2/venv/lib/python3.13/site-packages/django/core/handlers/wsgi.py first seen with mtime 1743284255.6923666
File /Users/furkanyilmaz/Desktop/tahminai/tahmin2/venv/lib/python3.13/site-packages/sqlparse/engine/statement_splitter.py first seen with mtime 1743284255.1024082
File /Users/furkanyilmaz/Desktop/tahminai/tahmin2/venv/lib/python3.13/site-packages/django/contrib/staticfiles/utils.py first seen with mtime 1743284255.6847413
File /Users/furkanyilmaz/Desktop/tahminai/tahmin2/venv/lib/python3.13/site-packages/django/utils/_os.py first seen with mtime 1743284255.7309985
File /Users/furkanyilmaz/Desktop/tahminai/tahmin2/venv/lib/python3.13/site-packages/django/db/__init__.py first seen with mtime 1743284255.6986191
File /Users/furkanyilmaz/Desktop/tahminai/tahmin2/venv/lib/python3.13/site-packages/django/db/models/functions/math.py first seen with mtime 1743284255.7127895
File /Users/furkanyilmaz/Desktop/tahminai/tahmin2/venv/lib/python3.13/site-packages/pymemcache/client/base.py first seen with mtime 1743284402.0569344
File /opt/homebrew/Cellar/python@3.13/3.13.2/Frameworks/Python.framework/Versions/3.13/lib/python3.13/selectors.py first seen with mtime 1738680669.0
File /opt/homebrew/Cellar/python@3.13/3.13.2/Frameworks/Python.framework/Versions/3.13/lib/python3.13/email/__init__.py first seen with mtime 1738680669.0
File /opt/homebrew/Cellar/python@3.13/3.13.2/Frameworks/Python.framework/Versions/3.13/lib/python3.13/lib-dynload/zlib.cpython-313-darwin.so first seen with mtime 1743127151.5738842
File /Users/furkanyilmaz/Desktop/tahminai/tahmin2/venv/lib/python3.13/site-packages/django/contrib/contenttypes/apps.py first seen with mtime 1743284255.4031918
File /opt/homebrew/Cellar/python@3.13/3.13.2/Frameworks/Python.framework/Versions/3.13/lib/python3.13/asyncio/tasks.py first seen with mtime 1738680669.0
File /Users/furkanyilmaz/Desktop/tahminai/tahmin2/venv/lib/python3.13/site-packages/django/contrib/messages/apps.py first seen with mtime 1743284255.5511162
File /Users/furkanyilmaz/Desktop/tahminai/tahmin2/venv/lib/python3.13/site-packages/django/core/files/images.py first seen with mtime 1743284255.69023
File /Users/furkanyilmaz/Desktop/tahminai/tahmin2/venv/lib/python3.13/site-packages/django/core/checks/compatibility/__init__.py first seen with mtime 1743284255.6893582
File /opt/homebrew/Cellar/python@3.13/3.13.2/Frameworks/Python.framework/Versions/3.13/lib/python3.13/signal.py first seen with mtime 1738680669.0
File /opt/homebrew/Cellar/python@3.13/3.13.2/Frameworks/Python.framework/Versions/3.13/lib/python3.13/textwrap.py first seen with mtime 1738680669.0
File /opt/homebrew/Cellar/python@3.13/3.13.2/Frameworks/Python.framework/Versions/3.13/lib/python3.13/multiprocessing/reduction.py first seen with mtime 1738680669.0
File /Users/furkanyilmaz/Desktop/tahminai/tahmin2/venv/lib/python3.13/site-packages/django/core/files/uploadedfile.py first seen with mtime 1743284255.69068
File /Users/furkanyilmaz/Desktop/tahminai/tahmin2/venv/lib/python3.13/site-packages/rest_framework/utils/model_meta.py first seen with mtime 1743284381.2049985
File /Users/furkanyilmaz/Desktop/tahminai/tahmin2/venv/lib/python3.13/site-packages/django/db/models/fields/files.py first seen with mtime 1743284255.7110152
File /Users/furkanyilmaz/Desktop/tahminai/tahmin2/venv/lib/python3.13/site-packages/django/urls/__init__.py first seen with mtime 1743284255.7302055
File /Users/furkanyilmaz/Desktop/tahminai/tahmin2/venv/lib/python3.13/site-packages/django/contrib/sessions/__init__.py first seen with mtime 1743284255.6172183
File /Users/furkanyilmaz/Desktop/tahminai/tahmin2/venv/lib/python3.13/site-packages/django/utils/translation/reloader.py first seen with mtime 1743284255.7361884
File /Users/furkanyilmaz/Desktop/tahminai/tahmin2/venv/lib/python3.13/site-packages/sqlparse/formatter.py first seen with mtime 1743284255.100671
File /opt/homebrew/Cellar/python@3.13/3.13.2/Frameworks/Python.framework/Versions/3.13/lib/python3.13/threading.py first seen with mtime 1738680669.0
File /Users/furkanyilmaz/Desktop/tahminai/tahmin2/venv/lib/python3.13/site-packages/rest_framework/utils/html.py first seen with mtime 1743284381.2045374
File /opt/homebrew/Cellar/python@3.13/3.13.2/Frameworks/Python.framework/Versions/3.13/lib/python3.13/sqlite3/__init__.py first seen with mtime 1738680669.0
File /Users/furkanyilmaz/Desktop/tahminai/tahmin2/venv/lib/python3.13/site-packages/django/db/models/functions/__init__.py first seen with mtime 1743284255.712324
File /opt/homebrew/Cellar/python@3.13/3.13.2/Frameworks/Python.framework/Versions/3.13/lib/python3.13/urllib/__init__.py first seen with mtime 1738680669.0
File /Users/furkanyilmaz/Desktop/tahminai/tahmin2/betapp/templatetags/__init__.py first seen with mtime 1743272236.8628268
File /opt/homebrew/Cellar/python@3.13/3.13.2/Frameworks/Python.framework/Versions/3.13/lib/python3.13/datetime.py first seen with mtime 1738680669.0
File /opt/homebrew/Cellar/python@3.13/3.13.2/Frameworks/Python.framework/Versions/3.13/lib/python3.13/asyncio/constants.py first seen with mtime 1738680669.0
File /opt/homebrew/Cellar/python@3.13/3.13.2/Frameworks/Python.framework/Versions/3.13/lib/python3.13/tokenize.py first seen with mtime 1738680669.0
File /Users/furkanyilmaz/Desktop/tahminai/tahmin2/venv/lib/python3.13/site-packages/django/contrib/admin/templatetags/base.py first seen with mtime 1743284255.309384
File /Users/furkanyilmaz/Desktop/tahminai/tahmin2/venv/lib/python3.13/site-packages/django/db/models/query.py first seen with mtime 1743284255.7102509
File /Users/furkanyilmaz/Desktop/tahminai/tahmin2/venv/lib/python3.13/site-packages/django/contrib/auth/__init__.py first seen with mtime 1743284255.3542206
File /Users/furkanyilmaz/Desktop/tahminai/tahmin2/venv/lib/python3.13/site-packages/django/db/models/deletion.py first seen with mtime 1743284255.7091427
File /Users/furkanyilmaz/Desktop/tahminai/tahmin2/venv/lib/python3.13/site-packages/django/core/checks/registry.py first seen with mtime 1743284255.6889555
File /opt/homebrew/Cellar/python@3.13/3.13.2/Frameworks/Python.framework/Versions/3.13/lib/python3.13/email/mime/__init__.py first seen with mtime 1738680669.0
File /Users/furkanyilmaz/Desktop/tahminai/tahmin2/venv/lib/python3.13/site-packages/django/db/models/fields/__init__.py first seen with mtime 1743284255.7107644
File /Users/furkanyilmaz/Desktop/tahminai/tahmin2/venv/lib/python3.13/site-packages/django/contrib/auth/views.py first seen with mtime 1743284255.3571787
File /Users/furkanyilmaz/Desktop/tahminai/tahmin2/venv/lib/python3.13/site-packages/rest_framework/exceptions.py first seen with mtime 1743284381.1517956
File /Users/furkanyilmaz/Desktop/tahminai/tahmin2/venv/lib/python3.13/site-packages/django/db/models/lookups.py first seen with mtime 1743284255.7097132
File /opt/homebrew/Cellar/python@3.13/3.13.2/Frameworks/Python.framework/Versions/3.13/lib/python3.13/lib-dynload/_contextvars.cpython-313-darwin.so first seen with mtime 1743127149.9806576
File /opt/homebrew/Cellar/python@3.13/3.13.2/Frameworks/Python.framework/Versions/3.13/lib/python3.13/logging/__init__.py first seen with mtime 1738680669.0
File /Users/furkanyilmaz/Desktop/tahminai/tahmin2/venv/lib/python3.13/site-packages/django/db/models/query_utils.py first seen with mtime 1743284255.7103696
File /opt/homebrew/Cellar/python@3.13/3.13.2/Frameworks/Python.framework/Versions/3.13/lib/python3.13/lib-dynload/_blake2.cpython-313-darwin.so first seen with mtime 1743127149.793302
File /Users/furkanyilmaz/Desktop/tahminai/tahmin2/venv/lib/python3.13/site-packages/django/template/loaders/__init__.py first seen with mtime 1743284255.7277946
File /opt/homebrew/Cellar/python@3.13/3.13.2/Frameworks/Python.framework/Versions/3.13/lib/python3.13/asyncio/sslproto.py first seen with mtime 1738680669.0
File /Users/furkanyilmaz/Desktop/tahminai/tahmin2/matches/format_league.py first seen with mtime 1743272236.890509
File /Users/furkanyilmaz/Desktop/tahminai/tahmin2/venv/lib/python3.13/site-packages/django/template/loaders/cached.py first seen with mtime 1743284255.7280374
File /opt/homebrew/Cellar/python@3.13/3.13.2/Frameworks/Python.framework/Versions/3.13/lib/python3.13/traceback.py first seen with mtime 1738680669.0
File /Users/furkanyilmaz/Desktop/tahminai/tahmin2/venv/lib/python3.13/site-packages/django/db/models/sql/constants.py first seen with mtime 1743284255.7134962
File /Users/furkanyilmaz/Desktop/tahminai/tahmin2/venv/lib/python3.13/site-packages/django/contrib/admin/views/__init__.py first seen with mtime 1743284255.3095493
File /Users/furkanyilmaz/Desktop/tahminai/tahmin2/venv/lib/python3.13/site-packages/django/db/migrations/operations/special.py first seen with mtime 1743284255.708234
File /opt/homebrew/Cellar/python@3.13/3.13.2/Frameworks/Python.framework/Versions/3.13/lib/python3.13/mimetypes.py first seen with mtime 1738680669.0
File /Users/furkanyilmaz/Desktop/tahminai/tahmin2/venv/lib/python3.13/site-packages/rest_framework/fields.py first seen with mtime 1743284381.1523771
File /Users/furkanyilmaz/Desktop/tahminai/tahmin2/venv/lib/python3.13/site-packages/django/views/decorators/__init__.py first seen with mtime 1743284255.737342
File /opt/homebrew/Cellar/python@3.13/3.13.2/Frameworks/Python.framework/Versions/3.13/lib/python3.13/gzip.py first seen with mtime 1738680669.0
File /opt/homebrew/Cellar/python@3.13/3.13.2/Frameworks/Python.framework/Versions/3.13/lib/python3.13/graphlib.py first seen with mtime 1738680669.0
File /Users/furkanyilmaz/Desktop/tahminai/tahmin2/venv/lib/python3.13/site-packages/django/db/models/fields/related_descriptors.py first seen with mtime 1743284255.7118697
File /Users/furkanyilmaz/Desktop/tahminai/tahmin2/venv/lib/python3.13/site-packages/django/core/serializers/__init__.py first seen with mtime 1743284255.6974976
File /opt/homebrew/Cellar/python@3.13/3.13.2/Frameworks/Python.framework/Versions/3.13/lib/python3.13/struct.py first seen with mtime 1738680669.0
File /Users/furkanyilmaz/Desktop/tahminai/tahmin2/venv/lib/python3.13/site-packages/django/utils/functional.py first seen with mtime 1743284255.7334828
File /Users/furkanyilmaz/Desktop/tahminai/tahmin2/venv/lib/python3.13/site-packages/django/template/smartif.py first seen with mtime 1743284255.7270494
File /Users/furkanyilmaz/Desktop/tahminai/tahmin2/venv/lib/python3.13/site-packages/django/core/serializers/json.py first seen with mtime 1743284255.6977184
File /opt/homebrew/Cellar/python@3.13/3.13.2/Frameworks/Python.framework/Versions/3.13/lib/python3.13/_compat_pickle.py first seen with mtime 1738680669.0
File /Users/furkanyilmaz/Desktop/tahminai/tahmin2/venv/lib/python3.13/site-packages/django/core/servers/__init__.py first seen with mtime 1743284255.6982982
File /opt/homebrew/Cellar/python@3.13/3.13.2/Frameworks/Python.framework/Versions/3.13/lib/python3.13/email/contentmanager.py first seen with mtime 1738680669.0
File /opt/homebrew/Cellar/python@3.13/3.13.2/Frameworks/Python.framework/Versions/3.13/lib/python3.13/_markupbase.py first seen with mtime 1738680669.0
File /Users/furkanyilmaz/Desktop/tahminai/tahmin2/venv/lib/python3.13/site-packages/rest_framework/__init__.py first seen with mtime 1743284381.1492867
File /opt/homebrew/Cellar/python@3.13/3.13.2/Frameworks/Python.framework/Versions/3.13/lib/python3.13/email/mime/text.py first seen with mtime 1738680669.0
File /Users/furkanyilmaz/Desktop/tahminai/tahmin2/venv/lib/python3.13/site-packages/pymemcache/client/rendezvous.py first seen with mtime 1743284402.057477
File /Users/furkanyilmaz/Desktop/tahminai/tahmin2/venv/lib/python3.13/site-packages/django/core/mail/message.py first seen with mtime 1743284255.6926942
File /Users/furkanyilmaz/Desktop/tahminai/tahmin2/matches/apps.py first seen with mtime 1743282486.4987297
File /opt/homebrew/Cellar/python@3.13/3.13.2/Frameworks/Python.framework/Versions/3.13/lib/python3.13/queue.py first seen with mtime 1738680669.0
File /Users/furkanyilmaz/Desktop/tahminai/tahmin2/venv/lib/python3.13/site-packages/django/contrib/auth/models.py first seen with mtime 1743284255.3562706
File /opt/homebrew/Cellar/python@3.13/3.13.2/Frameworks/Python.framework/Versions/3.13/lib/python3.13/lib-dynload/_sqlite3.cpython-313-darwin.so first seen with mtime 1743127150.7384472
File /Users/furkanyilmaz/Desktop/tahminai/tahmin2/venv/lib/python3.13/site-packages/django/contrib/contenttypes/models.py first seen with mtime 1743284255.4037142
File /Users/furkanyilmaz/Desktop/tahminai/tahmin2/venv/lib/python3.13/site-packages/django/forms/utils.py first seen with mtime 1743284255.7157097
File /opt/homebrew/Cellar/python@3.13/3.13.2/Frameworks/Python.framework/Versions/3.13/lib/python3.13/sitecustomize.py first seen with mtime 1743127151.5819986
File /Users/furkanyilmaz/Desktop/tahminai/tahmin2/venv/lib/python3.13/site-packages/django/db/backends/base/schema.py first seen with mtime 1743284255.700497
File /opt/homebrew/Cellar/python@3.13/3.13.2/Frameworks/Python.framework/Versions/3.13/lib/python3.13/lib-dynload/binascii.cpython-313-darwin.so first seen with mtime 1743127151.1962693
File /Users/furkanyilmaz/Desktop/tahminai/tahmin2/venv/lib/python3.13/site-packages/django/contrib/contenttypes/checks.py first seen with mtime 1743284255.4032817
File /opt/homebrew/Cellar/python@3.13/3.13.2/Frameworks/Python.framework/Versions/3.13/lib/python3.13/lib-dynload/grp.cpython-313-darwin.so first seen with mtime 1743127151.266236
File /Users/furkanyilmaz/Desktop/tahminai/tahmin2/venv/lib/python3.13/site-packages/django/core/signals.py first seen with mtime 1743284255.6864486
File /Users/furkanyilmaz/Desktop/tahminai/tahmin2/venv/lib/python3.13/site-packages/django/core/checks/security/csrf.py first seen with mtime 1743284255.6897738
File /Users/furkanyilmaz/Desktop/tahminai/tahmin2/venv/lib/python3.13/site-packages/django/contrib/messages/storage/__init__.py first seen with mtime 1743284255.5517347
File /Users/furkanyilmaz/Desktop/tahminai/tahmin2/venv/lib/python3.13/site-packages/django/core/checks/caches.py first seen with mtime 1743284255.688466
File /opt/homebrew/Cellar/python@3.13/3.13.2/Frameworks/Python.framework/Versions/3.13/lib/python3.13/opcode.py first seen with mtime 1738680669.0
File /opt/homebrew/Cellar/python@3.13/3.13.2/Frameworks/Python.framework/Versions/3.13/lib/python3.13/lib-dynload/_bisect.cpython-313-darwin.so first seen with mtime 1743127149.7697675
File /Users/furkanyilmaz/Desktop/tahminai/tahmin2/venv/lib/python3.13/site-packages/django/template/backends/django.py first seen with mtime 1743284255.7274833
File /Users/furkanyilmaz/Desktop/tahminai/tahmin2/venv/lib/python3.13/site-packages/django/core/mail/utils.py first seen with mtime 1743284255.6927748
File /Users/furkanyilmaz/Desktop/tahminai/tahmin2/venv/lib/python3.13/site-packages/django/views/debug.py first seen with mtime 1743284255.736841
File /Users/furkanyilmaz/Desktop/tahminai/tahmin2/venv/lib/python3.13/site-packages/django/contrib/postgres/validators.py first seen with mtime 1743284255.5537794
File /Users/furkanyilmaz/Desktop/tahminai/tahmin2/venv/lib/python3.13/site-packages/sqlparse/filters/right_margin.py first seen with mtime 1743284255.1035287
File /Users/furkanyilmaz/Desktop/tahminai/tahmin2/venv/lib/python3.13/site-packages/django/contrib/auth/signals.py first seen with mtime 1743284255.3565638
File /opt/homebrew/Cellar/python@3.13/3.13.2/Frameworks/Python.framework/Versions/3.13/lib/python3.13/lib-dynload/termios.cpython-313-darwin.so first seen with mtime 1743127151.4546683
File /Users/furkanyilmaz/Desktop/tahminai/tahmin2/matches/admin.py first seen with mtime 1743272236.877246
File /Users/furkanyilmaz/Desktop/tahminai/tahmin2/venv/lib/python3.13/site-packages/django/forms/formsets.py first seen with mtime 1743284255.7152712
File /Users/furkanyilmaz/Desktop/tahminai/tahmin2/venv/lib/python3.13/site-packages/sqlparse/sql.py first seen with mtime 1743284255.10123
File /Users/furkanyilmaz/Desktop/tahminai/tahmin2/venv/lib/python3.13/site-packages/django/contrib/admin/utils.py first seen with mtime 1743284255.2117891
File /Users/furkanyilmaz/Desktop/tahminai/tahmin2/venv/lib/python3.13/site-packages/django/urls/base.py first seen with mtime 1743284255.7303767
File /Users/furkanyilmaz/Desktop/tahminai/tahmin2/venv/lib/python3.13/site-packages/pymemcache/serde.py first seen with mtime 1743284402.0564346
File /Users/furkanyilmaz/Desktop/tahminai/tahmin2/venv/lib/python3.13/site-packages/django/core/handlers/exception.py first seen with mtime 1743284255.6921937
File /Users/furkanyilmaz/Desktop/tahminai/tahmin2/venv/lib/python3.13/site-packages/django/contrib/messages/api.py first seen with mtime 1743284255.551031
File /Users/furkanyilmaz/Desktop/tahminai/tahmin2/venv/lib/python3.13/site-packages/rest_framework/utils/__init__.py first seen with mtime 1743284381.2039676
File /Users/furkanyilmaz/Desktop/tahminai/tahmin2/venv/lib/python3.13/site-packages/asgiref/sync.py first seen with mtime 1743284255.130154
File /Users/furkanyilmaz/Desktop/tahminai/tahmin2/venv/lib/python3.13/site-packages/django/contrib/auth/admin.py first seen with mtime 1743284255.3544102
File /opt/homebrew/Cellar/python@3.13/3.13.2/Frameworks/Python.framework/Versions/3.13/lib/python3.13/email/base64mime.py first seen with mtime 1738680669.0
File /Users/furkanyilmaz/Desktop/tahminai/tahmin2/venv/lib/python3.13/site-packages/django/urls/conf.py first seen with mtime 1743284255.7304683
File /opt/homebrew/Cellar/python@3.13/3.13.2/Frameworks/Python.framework/Versions/3.13/lib/python3.13/sysconfig/__init__.py first seen with mtime 1743127151.5823236
File /Users/furkanyilmaz/Desktop/tahminai/tahmin2/venv/lib/python3.13/site-packages/django/contrib/admin/checks.py first seen with mtime 1743284255.2103765
File /Users/furkanyilmaz/Desktop/tahminai/tahmin2/venv/lib/python3.13/site-packages/django/db/models/sql/query.py first seen with mtime 1743284255.7138746
File /opt/homebrew/Cellar/python@3.13/3.13.2/Frameworks/Python.framework/Versions/3.13/lib/python3.13/pkgutil.py first seen with mtime 1738680669.0
File /Users/furkanyilmaz/Desktop/tahminai/tahmin2/venv/lib/python3.13/site-packages/django/template/loaders/app_directories.py first seen with mtime 1743284255.7278817
File /Users/furkanyilmaz/Desktop/tahminai/tahmin2/venv/lib/python3.13/site-packages/django/core/checks/security/sessions.py first seen with mtime 1743284255.689855
File /opt/homebrew/Cellar/python@3.13/3.13.2/Frameworks/Python.framework/Versions/3.13/lib/python3.13/lib-dynload/unicodedata.cpython-313-darwin.so first seen with mtime 1743127151.4794364
File /Users/furkanyilmaz/Desktop/tahminai/tahmin2/venv/lib/python3.13/site-packages/django/http/multipartparser.py first seen with mtime 1743284255.7241278
File /Users/furkanyilmaz/Desktop/tahminai/tahmin2/venv/lib/python3.13/site-packages/rest_framework/utils/formatting.py first seen with mtime 1743284381.2044475
File /Users/furkanyilmaz/Desktop/tahminai/tahmin2/venv/lib/python3.13/site-packages/django/templatetags/__init__.py first seen with mtime 1743284255.7282627
File /Users/furkanyilmaz/Desktop/tahminai/tahmin2/venv/lib/python3.13/site-packages/sqlparse/tokens.py first seen with mtime 1743284255.1014102
File /Users/furkanyilmaz/Desktop/tahminai/tahmin2/venv/lib/python3.13/site-packages/django/db/migrations/exceptions.py first seen with mtime 1743284255.706014
File /Users/furkanyilmaz/Desktop/tahminai/tahmin2/venv/lib/python3.13/site-packages/rest_framework/utils/serializer_helpers.py first seen with mtime 1743284381.2052877
File /Users/furkanyilmaz/Desktop/tahminai/tahmin2/venv/lib/python3.13/site-packages/django/core/__init__.py first seen with mtime 1743284255.6858723
File /Users/furkanyilmaz/Desktop/tahminai/tahmin2/venv/lib/python3.13/site-packages/rest_framework/utils/encoders.py first seen with mtime 1743284381.2041676
File /opt/homebrew/Cellar/python@3.13/3.13.2/Frameworks/Python.framework/Versions/3.13/lib/python3.13/asyncio/base_subprocess.py first seen with mtime 1738680669.0
File /Users/furkanyilmaz/Desktop/tahminai/tahmin2/venv/lib/python3.13/site-packages/django/db/models/fields/related.py first seen with mtime 1743284255.7117083
File /opt/homebrew/Cellar/python@3.13/3.13.2/Frameworks/Python.framework/Versions/3.13/lib/python3.13/urllib/response.py first seen with mtime 1738680669.0
File /opt/homebrew/Cellar/python@3.13/3.13.2/Frameworks/Python.framework/Versions/3.13/lib/python3.13/email/mime/message.py first seen with mtime 1738680669.0
File /opt/homebrew/Cellar/python@3.13/3.13.2/Frameworks/Python.framework/Versions/3.13/lib/python3.13/logging/handlers.py first seen with mtime 1738680669.0
File /opt/homebrew/Cellar/python@3.13/3.13.2/Frameworks/Python.framework/Versions/3.13/lib/python3.13/fractions.py first seen with mtime 1738680669.0
File /Users/furkanyilmaz/Desktop/tahminai/tahmin2/venv/lib/python3.13/site-packages/django/template/loader_tags.py first seen with mtime 1743284255.7267122
File /opt/homebrew/Cellar/python@3.13/3.13.2/Frameworks/Python.framework/Versions/3.13/lib/python3.13/subprocess.py first seen with mtime 1738680669.0
File /opt/homebrew/Cellar/python@3.13/3.13.2/Frameworks/Python.framework/Versions/3.13/lib/python3.13/reprlib.py first seen with mtime 1738680669.0
File /Users/furkanyilmaz/Desktop/tahminai/tahmin2/venv/lib/python3.13/site-packages/sqlparse/exceptions.py first seen with mtime 1743284255.1004434
File /Users/furkanyilmaz/Desktop/tahminai/tahmin2/matches/urls.py first seen with mtime 1743272237.0327313
File /opt/homebrew/Cellar/python@3.13/3.13.2/Frameworks/Python.framework/Versions/3.13/lib/python3.13/pathlib/__init__.py first seen with mtime 1738680669.0
File /Users/furkanyilmaz/Desktop/tahminai/tahmin2/venv/lib/python3.13/site-packages/django/db/models/__init__.py first seen with mtime 1743284255.708407
File /Users/furkanyilmaz/Desktop/tahminai/tahmin2/venv/lib/python3.13/site-packages/django/db/backends/signals.py first seen with mtime 1743284255.699254
File /opt/homebrew/Cellar/python@3.13/3.13.2/Frameworks/Python.framework/Versions/3.13/lib/python3.13/asyncio/streams.py first seen with mtime 1738680669.0
File /opt/homebrew/Cellar/python@3.13/3.13.2/Frameworks/Python.framework/Versions/3.13/lib/python3.13/html/__init__.py first seen with mtime 1738680669.0
File /Users/furkanyilmaz/Desktop/tahminai/tahmin2/venv/lib/python3.13/site-packages/django/contrib/admin/helpers.py first seen with mtime 1743284255.2109425
File /Users/furkanyilmaz/Desktop/tahminai/tahmin2/venv/lib/python3.13/site-packages/django/core/management/base.py first seen with mtime 1743284255.693725
File /Users/furkanyilmaz/Desktop/tahminai/tahmin2/venv/lib/python3.13/site-packages/django/template/response.py first seen with mtime 1743284255.726882
File /Users/furkanyilmaz/Desktop/tahminai/tahmin2/venv/lib/python3.13/site-packages/django/db/models/manager.py first seen with mtime 1743284255.7099028
File /Users/furkanyilmaz/Desktop/tahminai/tahmin2/venv/lib/python3.13/site-packages/django/db/backends/base/features.py first seen with mtime 1743284255.7000132
File /Users/furkanyilmaz/Desktop/tahminai/tahmin2/venv/lib/python3.13/site-packages/django/utils/decorators.py first seen with mtime 1743284255.7326782
File /Users/furkanyilmaz/Desktop/tahminai/tahmin2/venv/lib/python3.13/site-packages/django/utils/termcolors.py first seen with mtime 1743284255.73513
File /opt/homebrew/Cellar/python@3.13/3.13.2/Frameworks/Python.framework/Versions/3.13/lib/python3.13/quopri.py first seen with mtime 1738680669.0
File /opt/homebrew/Cellar/python@3.13/3.13.2/Frameworks/Python.framework/Versions/3.13/lib/python3.13/json/__init__.py first seen with mtime 1738680669.0
File /Users/furkanyilmaz/Desktop/tahminai/tahmin2/venv/lib/python3.13/site-packages/django/contrib/staticfiles/views.py first seen with mtime 1743284255.684833
File /Users/furkanyilmaz/Desktop/tahminai/tahmin2/venv/lib/python3.13/site-packages/django/db/models/functions/mixins.py first seen with mtime 1743284255.7128797
File /opt/homebrew/Cellar/python@3.13/3.13.2/Frameworks/Python.framework/Versions/3.13/lib/python3.13/asyncio/runners.py first seen with mtime 1738680669.0
File /Users/furkanyilmaz/Desktop/tahminai/tahmin2/venv/lib/python3.13/site-packages/django/apps/__init__.py first seen with mtime 1743284255.1569693
File /Users/furkanyilmaz/Desktop/tahminai/tahmin2/venv/lib/python3.13/site-packages/django/contrib/contenttypes/forms.py first seen with mtime 1743284255.4035237
File /opt/homebrew/Cellar/python@3.13/3.13.2/Frameworks/Python.framework/Versions/3.13/lib/python3.13/zoneinfo/__init__.py first seen with mtime 1738680669.0
File /opt/homebrew/Cellar/python@3.13/3.13.2/Frameworks/Python.framework/Versions/3.13/lib/python3.13/functools.py first seen with mtime 1738680669.0
File /Users/furkanyilmaz/Desktop/tahminai/tahmin2/venv/lib/python3.13/site-packages/django/core/management/commands/runserver.py first seen with mtime 1743284255.6960623
File /Users/furkanyilmaz/Desktop/tahminai/tahmin2/venv/lib/python3.13/site-packages/django/db/backends/sqlite3/features.py first seen with mtime 1743284255.705333
File /Users/furkanyilmaz/Desktop/tahminai/tahmin2/venv/lib/python3.13/site-packages/rest_framework/utils/humanize_datetime.py first seen with mtime 1743284381.2046258
File /Users/furkanyilmaz/Desktop/tahminai/tahmin2/venv/lib/python3.13/site-packages/django/contrib/admin/views/main.py first seen with mtime 1743284255.30996
File /Users/furkanyilmaz/Desktop/tahminai/tahmin2/venv/lib/python3.13/site-packages/django/contrib/admin/templatetags/admin_list.py first seen with mtime 1743284255.3090138
File /Users/furkanyilmaz/Desktop/tahminai/tahmin2/venv/lib/python3.13/site-packages/django/db/models/functions/datetime.py first seen with mtime 1743284255.7126157
File /Users/furkanyilmaz/Desktop/tahminai/tahmin2/venv/lib/python3.13/site-packages/django/db/backends/base/validation.py first seen with mtime 1743284255.700588
File /opt/homebrew/Cellar/python@3.13/3.13.2/Frameworks/Python.framework/Versions/3.13/lib/python3.13/email/_parseaddr.py first seen with mtime 1738680669.0
File /Users/furkanyilmaz/Desktop/tahminai/tahmin2/venv/lib/python3.13/site-packages/django/contrib/postgres/forms/hstore.py first seen with mtime 1743284255.555297
File /opt/homebrew/Cellar/python@3.13/3.13.2/Frameworks/Python.framework/Versions/3.13/lib/python3.13/importlib/_abc.py first seen with mtime 1738680669.0
File /Users/furkanyilmaz/Desktop/tahminai/tahmin2/venv/lib/python3.13/site-packages/django/contrib/staticfiles/management/__init__.py first seen with mtime 1743284255.6849325
File /opt/homebrew/Cellar/python@3.13/3.13.2/Frameworks/Python.framework/Versions/3.13/lib/python3.13/asyncio/base_futures.py first seen with mtime 1738680669.0
File /Users/furkanyilmaz/Desktop/tahminai/tahmin2/betapp/templatetags/league_names.py first seen with mtime 1743272236.8634436
File /opt/homebrew/Cellar/python@3.13/3.13.2/Frameworks/Python.framework/Versions/3.13/lib/python3.13/email/_policybase.py first seen with mtime 1738680669.0
File /opt/homebrew/Cellar/python@3.13/3.13.2/Frameworks/Python.framework/Versions/3.13/lib/python3.13/wsgiref/simple_server.py first seen with mtime 1738680669.0
File /Users/furkanyilmaz/Desktop/tahminai/tahmin2/venv/lib/python3.13/site-packages/rest_framework/utils/representation.py first seen with mtime 1743284381.2050927
File /opt/homebrew/Cellar/python@3.13/3.13.2/Frameworks/Python.framework/Versions/3.13/lib/python3.13/socket.py first seen with mtime 1738680669.0
File /Users/furkanyilmaz/Desktop/tahminai/tahmin2/venv/lib/python3.13/site-packages/django/core/files/move.py first seen with mtime 1743284255.6904292
File /Users/furkanyilmaz/Desktop/tahminai/tahmin2/venv/lib/python3.13/site-packages/rest_framework/utils/timezone.py first seen with mtime 1743284381.2053785
File /Users/furkanyilmaz/Desktop/tahminai/tahmin2/venv/lib/python3.13/site-packages/django/views/generic/detail.py first seen with mtime 1743284255.7388625
File /Users/furkanyilmaz/Desktop/tahminai/tahmin2/venv/lib/python3.13/site-packages/django/contrib/contenttypes/views.py first seen with mtime 1743284255.4039185
File /Users/furkanyilmaz/Desktop/tahminai/tahmin2/venv/lib/python3.13/site-packages/django/core/servers/basehttp.py first seen with mtime 1743284255.6984777
File /opt/homebrew/Cellar/python@3.13/3.13.2/Frameworks/Python.framework/Versions/3.13/lib/python3.13/pickle.py first seen with mtime 1738680669.0
File /Users/furkanyilmaz/Desktop/tahminai/tahmin2/venv/lib/python3.13/site-packages/pymemcache/client/hash.py first seen with mtime 1743284402.0571685
File /Users/furkanyilmaz/Desktop/tahminai/tahmin2/venv/lib/python3.13/site-packages/pymemcache/client/murmur3.py first seen with mtime 1743284402.0573268
File /Users/furkanyilmaz/Desktop/tahminai/tahmin2/venv/lib/python3.13/site-packages/django/contrib/staticfiles/management/commands/runserver.py first seen with mtime 1743284255.6853952
File /opt/homebrew/Cellar/python@3.13/3.13.2/Frameworks/Python.framework/Versions/3.13/lib/python3.13/re/_parser.py first seen with mtime 1738680669.0
File /opt/homebrew/Cellar/python@3.13/3.13.2/Frameworks/Python.framework/Versions/3.13/lib/python3.13/uuid.py first seen with mtime 1738680669.0
File /Users/furkanyilmaz/Desktop/tahminai/tahmin2/venv/lib/python3.13/site-packages/django/template/context.py first seen with mtime 1743284255.725815
File /opt/homebrew/Cellar/python@3.13/3.13.2/Frameworks/Python.framework/Versions/3.13/lib/python3.13/asyncio/base_tasks.py first seen with mtime 1738680669.0
File /Users/furkanyilmaz/Desktop/tahminai/tahmin2/venv/lib/python3.13/site-packages/django/template/library.py first seen with mtime 1743284255.7265232
File /Users/furkanyilmaz/Desktop/tahminai/tahmin2/venv/lib/python3.13/site-packages/django/contrib/admin/templatetags/admin_modify.py first seen with mtime 1743284255.3092015
File /opt/homebrew/Cellar/python@3.13/3.13.2/Frameworks/Python.framework/Versions/3.13/lib/python3.13/email/iterators.py first seen with mtime 1738680669.0
File /opt/homebrew/Cellar/python@3.13/3.13.2/Frameworks/Python.framework/Versions/3.13/lib/python3.13/asyncio/log.py first seen with mtime 1738680669.0
File /Users/furkanyilmaz/Desktop/tahminai/tahmin2/venv/lib/python3.13/site-packages/django/db/models/constraints.py first seen with mtime 1743284255.7090197
File /Users/furkanyilmaz/Desktop/tahminai/tahmin2/venv/lib/python3.13/site-packages/rest_framework/serializers.py first seen with mtime 1743284381.1570318
File /opt/homebrew/Cellar/python@3.13/3.13.2/Frameworks/Python.framework/Versions/3.13/lib/python3.13/lib-dynload/_pickle.cpython-313-darwin.so first seen with mtime 1743127150.4983416
File /opt/homebrew/Cellar/python@3.13/3.13.2/Frameworks/Python.framework/Versions/3.13/lib/python3.13/lib-dynload/_queue.cpython-313-darwin.so first seen with mtime 1743127150.5692432
File /Users/furkanyilmaz/Desktop/tahminai/tahmin2/venv/lib/python3.13/site-packages/sqlparse/cli.py first seen with mtime 1743284255.1003
File /Users/furkanyilmaz/Desktop/tahminai/tahmin2/venv/lib/python3.13/site-packages/django/utils/http.py first seen with mtime 1743284255.733807
File /opt/homebrew/Cellar/python@3.13/3.13.2/Frameworks/Python.framework/Versions/3.13/lib/python3.13/urllib/parse.py first seen with mtime 1738680669.0
File /Users/furkanyilmaz/Desktop/tahminai/tahmin2/venv/lib/python3.13/site-packages/django/middleware/__init__.py first seen with mtime 1743284255.7244515
File /Users/furkanyilmaz/Desktop/tahminai/tahmin2/venv/lib/python3.13/site-packages/django/db/models/enums.py first seen with mtime 1743284255.709243
File /Users/furkanyilmaz/Desktop/tahminai/tahmin2/venv/lib/python3.13/site-packages/django/contrib/auth/backends.py first seen with mtime 1743284255.35471
File /opt/homebrew/Cellar/python@3.13/3.13.2/Frameworks/Python.framework/Versions/3.13/lib/python3.13/locale.py first seen with mtime 1738680669.0
File /opt/homebrew/Cellar/python@3.13/3.13.2/Frameworks/Python.framework/Versions/3.13/lib/python3.13/asyncio/events.py first seen with mtime 1738680669.0
File /Users/furkanyilmaz/Desktop/tahminai/tahmin2/venv/lib/python3.13/site-packages/django/utils/cache.py first seen with mtime 1743284255.7314823
File /Users/furkanyilmaz/Desktop/tahminai/tahmin2/venv/lib/python3.13/site-packages/sqlparse/filters/__init__.py first seen with mtime 1743284255.1025963
File /Users/furkanyilmaz/Desktop/tahminai/tahmin2/venv/lib/python3.13/site-packages/django/utils/connection.py first seen with mtime 1743284255.7317379
File /Users/furkanyilmaz/Desktop/tahminai/tahmin2/venv/lib/python3.13/site-packages/django/contrib/auth/hashers.py first seen with mtime 1743284255.3557994
File /Users/furkanyilmaz/Desktop/tahminai/tahmin2/venv/lib/python3.13/site-packages/django/db/migrations/operations/base.py first seen with mtime 1743284255.70779
File /Users/furkanyilmaz/Desktop/tahminai/tahmin2/venv/lib/python3.13/site-packages/django/utils/timesince.py first seen with mtime 1743284255.7354124
File /opt/homebrew/Cellar/python@3.13/3.13.2/Frameworks/Python.framework/Versions/3.13/lib/python3.13/email/charset.py first seen with mtime 1738680669.0
File /opt/homebrew/Cellar/python@3.13/3.13.2/Frameworks/Python.framework/Versions/3.13/lib/python3.13/asyncio/taskgroups.py first seen with mtime 1738680669.0
File /Users/furkanyilmaz/Desktop/tahminai/tahmin2/venv/lib/python3.13/site-packages/django/views/generic/dates.py first seen with mtime 1743284255.7386878
File /opt/homebrew/Cellar/python@3.13/3.13.2/Frameworks/Python.framework/Versions/3.13/lib/python3.13/json/decoder.py first seen with mtime 1738680669.0
File /Users/furkanyilmaz/Desktop/tahminai/tahmin2/venv/lib/python3.13/site-packages/django/core/validators.py first seen with mtime 1743284255.6867535
File /Users/furkanyilmaz/Desktop/tahminai/tahmin2/venv/lib/python3.13/site-packages/django/db/models/options.py first seen with mtime 1743284255.7100449
File /opt/homebrew/Cellar/python@3.13/3.13.2/Frameworks/Python.framework/Versions/3.13/lib/python3.13/dis.py first seen with mtime 1738680669.0
File /Users/furkanyilmaz/Desktop/tahminai/tahmin2/venv/lib/python3.13/site-packages/django/db/models/sql/__init__.py first seen with mtime 1743284255.7132328
File /Users/furkanyilmaz/Desktop/tahminai/tahmin2/venv/lib/python3.13/site-packages/django/utils/html.py first seen with mtime 1743284255.7336826
File /Users/furkanyilmaz/Desktop/tahminai/tahmin2/venv/lib/python3.13/site-packages/django/db/backends/sqlite3/creation.py first seen with mtime 1743284255.7051542
File /Users/furkanyilmaz/Desktop/tahminai/tahmin2/venv/lib/python3.13/site-packages/django/template/defaultfilters.py first seen with mtime 1743284255.7260191
File /Users/furkanyilmaz/Desktop/tahminai/tahmin2/venv/lib/python3.13/site-packages/django/core/checks/messages.py first seen with mtime 1743284255.6887093
File /Users/furkanyilmaz/Desktop/tahminai/tahmin2/venv/lib/python3.13/site-packages/rest_framework/validators.py first seen with mtime 1743284381.1589336
File /Users/furkanyilmaz/Desktop/tahminai/tahmin2/venv/lib/python3.13/site-packages/django/contrib/admin/templatetags/admin_urls.py first seen with mtime 1743284255.3092966
File /opt/homebrew/Cellar/python@3.13/3.13.2/Frameworks/Python.framework/Versions/3.13/lib/python3.13/bisect.py first seen with mtime 1738680669.0
File /Users/furkanyilmaz/Desktop/tahminai/tahmin2/venv/lib/python3.13/site-packages/rest_framework/relations.py first seen with mtime 1743284381.1554375
File /Users/furkanyilmaz/Desktop/tahminai/tahmin2/venv/lib/python3.13/site-packages/django/contrib/admin/apps.py first seen with mtime 1743284255.2102187
File /Users/furkanyilmaz/Desktop/tahminai/tahmin2/venv/lib/python3.13/site-packages/django/db/transaction.py first seen with mtime 1743284255.698744
File /Users/furkanyilmaz/Desktop/tahminai/tahmin2/venv/lib/python3.13/site-packages/django/views/i18n.py first seen with mtime 1743284255.7371721
File /opt/homebrew/Cellar/python@3.13/3.13.2/Frameworks/Python.framework/Versions/3.13/lib/python3.13/numbers.py first seen with mtime 1738680669.0
File /Users/furkanyilmaz/Desktop/tahminai/tahmin2/venv/lib/python3.13/site-packages/django/utils/encoding.py first seen with mtime 1743284255.7330947
File /Users/furkanyilmaz/Desktop/tahminai/tahmin2/venv/lib/python3.13/site-packages/sqlparse/engine/__init__.py first seen with mtime 1743284255.101827
File /opt/homebrew/Cellar/python@3.13/3.13.2/Frameworks/Python.framework/Versions/3.13/lib/python3.13/token.py first seen with mtime 1738680669.0
File /Users/furkanyilmaz/Desktop/tahminai/tahmin2/venv/lib/python3.13/site-packages/django/contrib/postgres/lookups.py first seen with mtime 1743284255.5530615
File /opt/homebrew/Cellar/python@3.13/3.13.2/Frameworks/Python.framework/Versions/3.13/lib/python3.13/asyncio/format_helpers.py first seen with mtime 1738680669.0
File /Users/furkanyilmaz/Desktop/tahminai/tahmin2/venv/lib/python3.13/site-packages/django/http/response.py first seen with mtime 1743284255.7243702
File /Users/furkanyilmaz/Desktop/tahminai/tahmin2/venv/lib/python3.13/site-packages/sqlparse/lexer.py first seen with mtime 1743284255.1010697
File /Users/furkanyilmaz/Desktop/tahminai/tahmin2/venv/lib/python3.13/site-packages/django/http/__init__.py first seen with mtime 1743284255.7239301
File /opt/homebrew/Cellar/python@3.13/3.13.2/Frameworks/Python.framework/Versions/3.13/lib/python3.13/importlib/__init__.py first seen with mtime 1738680669.0
File /Users/furkanyilmaz/Desktop/tahminai/tahmin2/venv/lib/python3.13/site-packages/django/views/__init__.py first seen with mtime 1743284255.736646
File /opt/homebrew/Cellar/python@3.13/3.13.2/Frameworks/Python.framework/Versions/3.13/lib/python3.13/getpass.py first seen with mtime 1738680669.0
File /Users/furkanyilmaz/Desktop/tahminai/tahmin2/venv/lib/python3.13/site-packages/django/template/loader.py first seen with mtime 1743284255.7266014
File /opt/homebrew/Cellar/python@3.13/3.13.2/Frameworks/Python.framework/Versions/3.13/lib/python3.13/linecache.py first seen with mtime 1738680669.0
File /opt/homebrew/Cellar/python@3.13/3.13.2/Frameworks/Python.framework/Versions/3.13/lib/python3.13/asyncio/threads.py first seen with mtime 1738680669.0
File /Users/furkanyilmaz/Desktop/tahminai/tahmin2/venv/lib/python3.13/site-packages/pymemcache/client/__init__.py first seen with mtime 1743284402.056662
File /Users/furkanyilmaz/Desktop/tahminai/tahmin2/venv/lib/python3.13/site-packages/django/forms/models.py first seen with mtime 1743284255.715417
File /opt/homebrew/Cellar/python@3.13/3.13.2/Frameworks/Python.framework/Versions/3.13/lib/python3.13/re/__init__.py first seen with mtime 1738680669.0
File /opt/homebrew/Cellar/python@3.13/3.13.2/Frameworks/Python.framework/Versions/3.13/lib/python3.13/warnings.py first seen with mtime 1738680669.0
File /Users/furkanyilmaz/Desktop/tahminai/tahmin2/venv/lib/python3.13/site-packages/django/core/handlers/__init__.py first seen with mtime 1743284255.691772
File /Users/furkanyilmaz/Desktop/tahminai/tahmin2/venv/lib/python3.13/site-packages/django/utils/module_loading.py first seen with mtime 1743284255.7346818
File /opt/homebrew/Cellar/python@3.13/3.13.2/Frameworks/Python.framework/Versions/3.13/lib/python3.13/lib-dynload/_heapq.cpython-313-darwin.so first seen with mtime 1743127150.2403936
File /Users/furkanyilmaz/Desktop/tahminai/tahmin2/venv/lib/python3.13/site-packages/django/contrib/messages/utils.py first seen with mtime 1743284255.551533
File /Users/furkanyilmaz/Desktop/tahminai/tahmin2/venv/lib/python3.13/site-packages/django/contrib/staticfiles/handlers.py first seen with mtime 1743284255.684327
File /Users/furkanyilmaz/Desktop/tahminai/tahmin2/venv/lib/python3.13/site-packages/django/db/migrations/operations/fields.py first seen with mtime 1743284255.7079108
File /opt/homebrew/Cellar/python@3.13/3.13.2/Frameworks/Python.framework/Versions/3.13/lib/python3.13/email/_header_value_parser.py first seen with mtime 1738680669.0
File /opt/homebrew/Cellar/python@3.13/3.13.2/Frameworks/Python.framework/Versions/3.13/lib/python3.13/calendar.py first seen with mtime 1738680669.0
File /Users/furkanyilmaz/Desktop/tahminai/tahmin2/venv/lib/python3.13/site-packages/django/core/handlers/asgi.py first seen with mtime 1743284255.691903
File /opt/homebrew/Cellar/python@3.13/3.13.2/Frameworks/Python.framework/Versions/3.13/lib/python3.13/multiprocessing/context.py first seen with mtime 1738680669.0
File /Users/furkanyilmaz/Desktop/tahminai/tahmin2/venv/lib/python3.13/site-packages/django/core/serializers/python.py first seen with mtime 1743284255.697987
File /Users/furkanyilmaz/Desktop/tahminai/tahmin2/venv/lib/python3.13/site-packages/asgiref/local.py first seen with mtime 1743284255.1297972
File /Users/furkanyilmaz/Desktop/tahminai/tahmin2/venv/lib/python3.13/site-packages/django/core/checks/security/__init__.py first seen with mtime 1743284255.689529
File /Users/furkanyilmaz/Desktop/tahminai/tahmin2/venv/lib/python3.13/site-packages/django/middleware/cache.py first seen with mtime 1743284255.724617
File /opt/homebrew/Cellar/python@3.13/3.13.2/Frameworks/Python.framework/Versions/3.13/lib/python3.13/asyncio/timeouts.py first seen with mtime 1738680669.0
File /Users/furkanyilmaz/Desktop/tahminai/tahmin2/venv/lib/python3.13/site-packages/django/views/decorators/common.py first seen with mtime 1743284255.7376773
File /opt/homebrew/Cellar/python@3.13/3.13.2/Frameworks/Python.framework/Versions/3.13/lib/python3.13/shutil.py first seen with mtime 1738680669.0
File /Users/furkanyilmaz/Desktop/tahminai/tahmin2/venv/lib/python3.13/site-packages/django/db/migrations/utils.py first seen with mtime 1743284255.707271
File /Users/furkanyilmaz/Desktop/tahminai/tahmin2/venv/lib/python3.13/site-packages/django/utils/choices.py first seen with mtime 1743284255.7316477
File /opt/homebrew/Cellar/python@3.13/3.13.2/Frameworks/Python.framework/Versions/3.13/lib/python3.13/html/entities.py first seen with mtime 1738680669.0
File /Users/furkanyilmaz/Desktop/tahminai/tahmin2/venv/lib/python3.13/site-packages/django/db/models/aggregates.py first seen with mtime 1743284255.7086012
File /Users/furkanyilmaz/Desktop/tahminai/tahmin2/venv/lib/python3.13/site-packages/django/templatetags/tz.py first seen with mtime 1743284255.7288914
File /Users/furkanyilmaz/Desktop/tahminai/tahmin2/venv/lib/python3.13/site-packages/sqlparse/engine/filter_stack.py first seen with mtime 1743284255.1020331
File /Users/furkanyilmaz/Desktop/tahminai/tahmin2/venv/lib/python3.13/site-packages/django/urls/converters.py first seen with mtime 1743284255.7305515
File /opt/homebrew/Cellar/python@3.13/3.13.2/Frameworks/Python.framework/Versions/3.13/lib/python3.13/secrets.py first seen with mtime 1738680669.0
File /opt/homebrew/Cellar/python@3.13/3.13.2/Frameworks/Python.framework/Versions/3.13/lib/python3.13/encodings/__init__.py first seen with mtime 1738680669.0
File /opt/homebrew/Cellar/python@3.13/3.13.2/Frameworks/Python.framework/Versions/3.13/lib/python3.13/asyncio/__init__.py first seen with mtime 1738680669.0
File /opt/homebrew/Cellar/python@3.13/3.13.2/Frameworks/Python.framework/Versions/3.13/lib/python3.13/lib-dynload/_scproxy.cpython-313-darwin.so first seen with mtime 1743127150.6183074
File /Users/furkanyilmaz/Desktop/tahminai/tahmin2/venv/lib/python3.13/site-packages/django/contrib/auth/checks.py first seen with mtime 1743284255.3550842
File /Users/furkanyilmaz/Desktop/tahminai/tahmin2/venv/lib/python3.13/site-packages/django/db/models/base.py first seen with mtime 1743284255.7087946
File /opt/homebrew/Cellar/python@3.13/3.13.2/Frameworks/Python.framework/Versions/3.13/lib/python3.13/concurrent/futures/__init__.py first seen with mtime 1738680669.0
File /Users/furkanyilmaz/Desktop/tahminai/tahmin2/venv/lib/python3.13/site-packages/django/utils/hashable.py first seen with mtime 1743284255.733571
File /opt/homebrew/Cellar/python@3.13/3.13.2/Frameworks/Python.framework/Versions/3.13/lib/python3.13/lib-dynload/_asyncio.cpython-313-darwin.so first seen with mtime 1743127149.746758
File /Users/furkanyilmaz/Desktop/tahminai/tahmin2/venv/lib/python3.13/site-packages/sqlparse/utils.py first seen with mtime 1743284255.1016595
File /opt/homebrew/Cellar/python@3.13/3.13.2/Frameworks/Python.framework/Versions/3.13/lib/python3.13/urllib/error.py first seen with mtime 1738680669.0
File /Users/furkanyilmaz/Desktop/tahminai/tahmin2/venv/lib/python3.13/site-packages/rest_framework/utils/field_mapping.py first seen with mtime 1743284381.2043538
File /Users/furkanyilmaz/Desktop/tahminai/tahmin2/venv/lib/python3.13/site-packages/django/__init__.py first seen with mtime 1743284255.1565235
File /opt/homebrew/Cellar/python@3.13/3.13.2/Frameworks/Python.framework/Versions/3.13/lib/python3.13/decimal.py first seen with mtime 1738680669.0
File /Users/furkanyilmaz/Desktop/tahminai/tahmin2/venv/lib/python3.13/site-packages/django/templatetags/static.py first seen with mtime 1743284255.72871
File /Users/furkanyilmaz/Desktop/tahminai/tahmin2/venv/lib/python3.13/site-packages/django/db/models/fields/generated.py first seen with mtime 1743284255.7112403
File /Users/furkanyilmaz/Desktop/tahminai/tahmin2/venv/lib/python3.13/site-packages/django/contrib/auth/validators.py first seen with mtime 1743284255.3570237
File /opt/homebrew/Cellar/python@3.13/3.13.2/Frameworks/Python.framework/Versions/3.13/lib/python3.13/lib-dynload/_decimal.cpython-313-darwin.so first seen with mtime 1743127150.1700022
File /Users/furkanyilmaz/Desktop/tahminai/tahmin2/venv/lib/python3.13/site-packages/django/contrib/messages/__init__.py first seen with mtime 1743284255.5509353
File /opt/homebrew/Cellar/python@3.13/3.13.2/Frameworks/Python.framework/Versions/3.13/lib/python3.13/concurrent/__init__.py first seen with mtime 1738680669.0
File /Users/furkanyilmaz/Desktop/tahminai/tahmin2/venv/lib/python3.13/site-packages/django/db/backends/base/client.py first seen with mtime 1743284255.6997514
File /Users/furkanyilmaz/Desktop/tahminai/tahmin2/venv/lib/python3.13/site-packages/django/template/utils.py first seen with mtime 1743284255.7271376
File /Users/furkanyilmaz/Desktop/tahminai/tahmin2/venv/lib/python3.13/site-packages/pymemcache/pool.py first seen with mtime 1743284402.0561025
File /Users/furkanyilmaz/Desktop/tahminai/tahmin2/venv/lib/python3.13/site-packages/asgiref/__init__.py first seen with mtime 1743284255.1293635
File /Users/furkanyilmaz/Desktop/tahminai/tahmin2/venv/lib/python3.13/site-packages/django/conf/locale/__init__.py first seen with mtime 1743284255.1584363
File /Users/furkanyilmaz/Desktop/tahminai/tahmin2/venv/lib/python3.13/site-packages/django/contrib/auth/decorators.py first seen with mtime 1743284255.3555386
File /Users/furkanyilmaz/Desktop/tahminai/tahmin2/venv/lib/python3.13/site-packages/django/views/decorators/csrf.py first seen with mtime 1743284255.7377644
File /Users/furkanyilmaz/Desktop/tahminai/tahmin2/venv/lib/python3.13/site-packages/django/middleware/csrf.py first seen with mtime 1743284255.724996
File /opt/homebrew/Cellar/python@3.13/3.13.2/Frameworks/Python.framework/Versions/3.13/lib/python3.13/inspect.py first seen with mtime 1738680669.0
File /opt/homebrew/Cellar/python@3.13/3.13.2/Frameworks/Python.framework/Versions/3.13/lib/python3.13/hashlib.py first seen with mtime 1738680669.0
File /opt/homebrew/Cellar/python@3.13/3.13.2/Frameworks/Python.framework/Versions/3.13/lib/python3.13/lib-dynload/_datetime.cpython-313-darwin.so first seen with mtime 1743127150.1231768
File /opt/homebrew/Cellar/python@3.13/3.13.2/Frameworks/Python.framework/Versions/3.13/lib/python3.13/json/scanner.py first seen with mtime 1738680669.0
File /Users/furkanyilmaz/Desktop/tahminai/tahmin2/venv/lib/python3.13/site-packages/django/db/models/signals.py first seen with mtime 1743284255.7104533
File /opt/homebrew/Cellar/python@3.13/3.13.2/Frameworks/Python.framework/Versions/3.13/lib/python3.13/lib-dynload/_random.cpython-313-darwin.so first seen with mtime 1743127150.592969
File /Users/furkanyilmaz/Desktop/tahminai/tahmin2/venv/lib/python3.13/site-packages/django/core/checks/compatibility/django_4_0.py first seen with mtime 1743284255.6894507
File /Users/furkanyilmaz/Desktop/tahminai/tahmin2/venv/lib/python3.13/site-packages/sqlparse/keywords.py first seen with mtime 1743284255.1008341
File /Users/furkanyilmaz/Desktop/tahminai/tahmin2/venv/lib/python3.13/site-packages/django/contrib/admin/decorators.py first seen with mtime 1743284255.2104847
File /opt/homebrew/Cellar/python@3.13/3.13.2/Frameworks/Python.framework/Versions/3.13/lib/python3.13/email/policy.py first seen with mtime 1738680669.0
File /Users/furkanyilmaz/Desktop/tahminai/tahmin2/venv/lib/python3.13/site-packages/django/core/paginator.py first seen with mtime 1743284255.6863568
File /Users/furkanyilmaz/Desktop/tahminai/tahmin2/venv/lib/python3.13/site-packages/django/db/models/fields/proxy.py first seen with mtime 1743284255.7115493
File /opt/homebrew/Cellar/python@3.13/3.13.2/Frameworks/Python.framework/Versions/3.13/lib/python3.13/ipaddress.py first seen with mtime 1738680669.0
File /Users/furkanyilmaz/Desktop/tahminai/tahmin2/venv/lib/python3.13/site-packages/django/core/files/storage/memory.py first seen with mtime 1743284255.6916165
File /opt/homebrew/Cellar/python@3.13/3.13.2/Frameworks/Python.framework/Versions/3.13/lib/python3.13/email/header.py first seen with mtime 1738680669.0
File /opt/homebrew/Cellar/python@3.13/3.13.2/Frameworks/Python.framework/Versions/3.13/lib/python3.13/zoneinfo/_common.py first seen with mtime 1738680669.0
File /Users/furkanyilmaz/Desktop/tahminai/tahmin2/venv/lib/python3.13/site-packages/django/core/files/storage/base.py first seen with mtime 1743284255.691222
File /opt/homebrew/Cellar/python@3.13/3.13.2/Frameworks/Python.framework/Versions/3.13/lib/python3.13/concurrent/futures/_base.py first seen with mtime 1738680669.0
File /Users/furkanyilmaz/Desktop/tahminai/tahmin2/venv/lib/python3.13/site-packages/django/core/signing.py first seen with mtime 1743284255.6866176
File /Users/furkanyilmaz/Desktop/tahminai/tahmin2/venv/lib/python3.13/site-packages/django/contrib/admin/templatetags/log.py first seen with mtime 1743284255.3094678
File /Users/furkanyilmaz/Desktop/tahminai/tahmin2/venv/lib/python3.13/site-packages/django/contrib/sessions/base_session.py first seen with mtime 1743284255.6174746
File /Users/furkanyilmaz/Desktop/tahminai/tahmin2/venv/lib/python3.13/site-packages/rest_framework/templatetags/rest_framework.py first seen with mtime 1743284381.2038827
File /opt/homebrew/Cellar/python@3.13/3.13.2/Frameworks/Python.framework/Versions/3.13/lib/python3.13/tempfile.py first seen with mtime 1738680669.0
File /Users/furkanyilmaz/Desktop/tahminai/tahmin2/venv/lib/python3.13/site-packages/django/contrib/staticfiles/finders.py first seen with mtime 1743284255.684226
File /opt/homebrew/Cellar/python@3.13/3.13.2/Frameworks/Python.framework/Versions/3.13/lib/python3.13/asyncio/protocols.py first seen with mtime 1738680669.0
File /Users/furkanyilmaz/Desktop/tahminai/tahmin2/venv/lib/python3.13/site-packages/django/core/cache/__init__.py first seen with mtime 1743284255.6869998
File /opt/homebrew/Cellar/python@3.13/3.13.2/Frameworks/Python.framework/Versions/3.13/lib/python3.13/_compression.py first seen with mtime 1738680669.0
File /Users/furkanyilmaz/Desktop/tahminai/tahmin2/venv/lib/python3.13/site-packages/django/db/backends/base/creation.py first seen with mtime 1743284255.6998832
File /Users/furkanyilmaz/Desktop/tahminai/tahmin2/venv/lib/python3.13/site-packages/django/db/models/fields/reverse_related.py first seen with mtime 1743284255.7121916
File /opt/homebrew/Cellar/python@3.13/3.13.2/Frameworks/Python.framework/Versions/3.13/lib/python3.13/lib-dynload/_zoneinfo.cpython-313-darwin.so first seen with mtime 1743127151.1495738
File /opt/homebrew/Cellar/python@3.13/3.13.2/Frameworks/Python.framework/Versions/3.13/lib/python3.13/lib-dynload/_json.cpython-313-darwin.so first seen with mtime 1743127150.3353689
File /Users/furkanyilmaz/Desktop/tahminai/tahmin2/venv/lib/python3.13/site-packages/django/core/files/storage/__init__.py first seen with mtime 1743284255.6910725
File /opt/homebrew/Cellar/python@3.13/3.13.2/Frameworks/Python.framework/Versions/3.13/lib/python3.13/asyncio/coroutines.py first seen with mtime 1738680669.0
File /Users/furkanyilmaz/Desktop/tahminai/tahmin2/venv/lib/python3.13/site-packages/rest_framework/request.py first seen with mtime 1743284381.1560853
File /Users/furkanyilmaz/Desktop/tahminai/tahmin2/venv/lib/python3.13/site-packages/django/apps/config.py first seen with mtime 1743284255.1571543
File /Users/furkanyilmaz/Desktop/tahminai/tahmin2/venv/lib/python3.13/site-packages/django/db/models/sql/subqueries.py first seen with mtime 1743284255.7140868
File /opt/homebrew/Cellar/python@3.13/3.13.2/Frameworks/Python.framework/Versions/3.13/lib/python3.13/random.py first seen with mtime 1738680669.0
File /Users/furkanyilmaz/Desktop/tahminai/tahmin2/venv/lib/python3.13/site-packages/rest_framework/utils/urls.py first seen with mtime 1743284381.2054696
File /Users/furkanyilmaz/Desktop/tahminai/tahmin2/venv/lib/python3.13/site-packages/django/core/cache/backends/__init__.py first seen with mtime 1743284255.6871984
File /Users/furkanyilmaz/Desktop/tahminai/tahmin2/venv/lib/python3.13/site-packages/django/views/decorators/cache.py first seen with mtime 1743284255.7374713
File /Users/furkanyilmaz/Desktop/tahminai/tahmin2/venv/lib/python3.13/site-packages/rest_framework/utils/breadcrumbs.py first seen with mtime 1743284381.2040741
File /Users/furkanyilmaz/Desktop/tahminai/tahmin2/venv/lib/python3.13/site-packages/django/contrib/contenttypes/fields.py first seen with mtime 1743284255.4034185
File /opt/homebrew/Cellar/python@3.13/3.13.2/Frameworks/Python.framework/Versions/3.13/lib/python3.13/dataclasses.py first seen with mtime 1738680669.0
File /opt/homebrew/Cellar/python@3.13/3.13.2/Frameworks/Python.framework/Versions/3.13/lib/python3.13/re/_casefix.py first seen with mtime 1738680669.0
File /opt/homebrew/Cellar/python@3.13/3.13.2/Frameworks/Python.framework/Versions/3.13/lib/python3.13/multiprocessing/process.py first seen with mtime 1738680669.0
File /Users/furkanyilmaz/Desktop/tahminai/tahmin2/venv/lib/python3.13/site-packages/django/core/cache/backends/filebased.py first seen with mtime 1743284255.6877563
File /Users/furkanyilmaz/Desktop/tahminai/tahmin2/venv/lib/python3.13/site-packages/django/utils/deprecation.py first seen with mtime 1743284255.7328477
File /Users/furkanyilmaz/Desktop/tahminai/tahmin2/venv/lib/python3.13/site-packages/sqlparse/filters/tokens.py first seen with mtime 1743284255.1036353
File /Users/furkanyilmaz/Desktop/tahminai/tahmin2/venv/lib/python3.13/site-packages/django/db/backends/postgresql/__init__.py first seen with mtime 1743284255.7035422
File /Users/furkanyilmaz/Desktop/tahminai/tahmin2/venv/lib/python3.13/site-packages/django/db/backends/sqlite3/client.py first seen with mtime 1743284255.7049851
File /opt/homebrew/Cellar/python@3.13/3.13.2/Frameworks/Python.framework/Versions/3.13/lib/python3.13/encodings/utf_8.py first seen with mtime 1738680669.0
File /opt/homebrew/Cellar/python@3.13/3.13.2/Frameworks/Python.framework/Versions/3.13/lib/python3.13/heapq.py first seen with mtime 1738680669.0
File /Users/furkanyilmaz/Desktop/tahminai/tahmin2/betapp/__init__.py first seen with mtime 1743272236.8605633
File /opt/homebrew/Cellar/python@3.13/3.13.2/Frameworks/Python.framework/Versions/3.13/lib/python3.13/wsgiref/util.py first seen with mtime 1738680669.0
File /opt/homebrew/Cellar/python@3.13/3.13.2/Frameworks/Python.framework/Versions/3.13/lib/python3.13/re/_compiler.py first seen with mtime 1738680669.0
File /Users/furkanyilmaz/Desktop/tahminai/tahmin2/venv/lib/python3.13/site-packages/django/utils/tree.py first seen with mtime 1743284255.735755
File /opt/homebrew/Cellar/python@3.13/3.13.2/Frameworks/Python.framework/Versions/3.13/lib/python3.13/_opcode_metadata.py first seen with mtime 1738680669.0
File /Users/furkanyilmaz/Desktop/tahminai/tahmin2/venv/lib/python3.13/site-packages/django/utils/datastructures.py first seen with mtime 1743284255.7320096
File /Users/furkanyilmaz/Desktop/tahminai/tahmin2/venv/lib/python3.13/site-packages/asgiref/current_thread_executor.py first seen with mtime 1743284255.1295762
File /opt/homebrew/Cellar/python@3.13/3.13.2/Frameworks/Python.framework/Versions/3.13/lib/python3.13/email/generator.py first seen with mtime 1738680669.0
File /opt/homebrew/Cellar/python@3.13/3.13.2/Frameworks/Python.framework/Versions/3.13/lib/python3.13/sqlite3/dbapi2.py first seen with mtime 1738680669.0
File /opt/homebrew/Cellar/python@3.13/3.13.2/Frameworks/Python.framework/Versions/3.13/lib/python3.13/bz2.py first seen with mtime 1738680669.0
File /Users/furkanyilmaz/Desktop/tahminai/tahmin2/venv/lib/python3.13/site-packages/django/contrib/admin/__init__.py first seen with mtime 1743284255.2099855
File /opt/homebrew/Cellar/python@3.13/3.13.2/Frameworks/Python.framework/Versions/3.13/lib/python3.13/email/quoprimime.py first seen with mtime 1738680669.0
File /Users/furkanyilmaz/Desktop/tahminai/tahmin2/venv/lib/python3.13/site-packages/django/db/backends/sqlite3/introspection.py first seen with mtime 1743284255.705436
File /Users/furkanyilmaz/Desktop/tahminai/tahmin2/venv/lib/python3.13/site-packages/django/db/backends/sqlite3/__init__.py first seen with mtime 1743284255.7046628
File /Users/furkanyilmaz/Desktop/tahminai/tahmin2/venv/lib/python3.13/site-packages/django/contrib/sessions/models.py first seen with mtime 1743284255.6177742
File /Users/furkanyilmaz/Desktop/tahminai/tahmin2/venv/lib/python3.13/site-packages/django/contrib/auth/base_user.py first seen with mtime 1743284255.3548968
File /Users/furkanyilmaz/Desktop/tahminai/tahmin2/venv/lib/python3.13/site-packages/django/views/static.py first seen with mtime 1743284255.7372637
File /Users/furkanyilmaz/Desktop/tahminai/tahmin2/venv/lib/python3.13/site-packages/django/utils/timezone.py first seen with mtime 1743284255.7355888
File /Users/furkanyilmaz/Desktop/tahminai/tahmin2/venv/lib/python3.13/site-packages/django/conf/global_settings.py first seen with mtime 1743284255.1576378
File /Users/furkanyilmaz/Desktop/tahminai/tahmin2/venv/lib/python3.13/site-packages/django/core/management/color.py first seen with mtime 1743284255.6938097
File /opt/homebrew/Cellar/python@3.13/3.13.2/Frameworks/Python.framework/Versions/3.13/lib/python3.13/re/_constants.py first seen with mtime 1738680669.0
File /opt/homebrew/Cellar/python@3.13/3.13.2/Frameworks/Python.framework/Versions/3.13/lib/python3.13/http/client.py first seen with mtime 1738680669.0
File /Users/furkanyilmaz/Desktop/tahminai/tahmin2/venv/lib/python3.13/site-packages/django/http/request.py first seen with mtime 1743284255.724253
File /Users/furkanyilmaz/Desktop/tahminai/tahmin2/venv/lib/python3.13/site-packages/django/db/models/expressions.py first seen with mtime 1743284255.709407
File /Users/furkanyilmaz/Desktop/tahminai/tahmin2/venv/lib/python3.13/site-packages/django/contrib/admin/models.py first seen with mtime 1743284255.2111356
File /Users/furkanyilmaz/Desktop/tahminai/tahmin2/venv/lib/python3.13/site-packages/django/contrib/auth/apps.py first seen with mtime 1743284255.3545163
File /Users/furkanyilmaz/Desktop/tahminai/tahmin2/venv/lib/python3.13/site-packages/django/utils/numberformat.py first seen with mtime 1743284255.734767
File /Users/furkanyilmaz/Desktop/tahminai/tahmin2/venv/lib/python3.13/site-packages/django/contrib/admin/templatetags/__init__.py first seen with mtime 1743284255.308871
File /Users/furkanyilmaz/Desktop/tahminai/tahmin2/venv/lib/python3.13/site-packages/django/contrib/staticfiles/checks.py first seen with mtime 1743284255.6840394
File /opt/homebrew/Cellar/python@3.13/3.13.2/Frameworks/Python.framework/Versions/3.13/lib/python3.13/asyncio/locks.py first seen with mtime 1738680669.0
File /Users/furkanyilmaz/Desktop/tahminai/tahmin2/venv/lib/python3.13/site-packages/django/db/models/fields/related_lookups.py first seen with mtime 1743284255.7120664
File /Users/furkanyilmaz/Desktop/tahminai/tahmin2/venv/lib/python3.13/site-packages/django/db/models/functions/comparison.py first seen with mtime 1743284255.7124877
File /Users/furkanyilmaz/Desktop/tahminai/tahmin2/venv/lib/python3.13/site-packages/django/utils/log.py first seen with mtime 1743284255.7344224
File /Users/furkanyilmaz/Desktop/tahminai/tahmin2/venv/lib/python3.13/site-packages/django/core/serializers/base.py first seen with mtime 1743284255.697623
File /Users/furkanyilmaz/Desktop/tahminai/tahmin2/venv/lib/python3.13/site-packages/django/dispatch/dispatcher.py first seen with mtime 1743284255.714464
File /opt/homebrew/Cellar/python@3.13/3.13.2/Frameworks/Python.framework/Versions/3.13/lib/python3.13/types.py first seen with mtime 1738680669.0
File /Users/furkanyilmaz/Desktop/tahminai/tahmin2/venv/lib/python3.13/site-packages/django/utils/asyncio.py first seen with mtime 1743284255.7312715
File /Users/furkanyilmaz/Desktop/tahminai/tahmin2/venv/lib/python3.13/site-packages/rest_framework/compat.py first seen with mtime 1743284381.1506836
File /Users/furkanyilmaz/Desktop/tahminai/tahmin2/venv/lib/python3.13/site-packages/django/core/files/storage/handler.py first seen with mtime 1743284255.691463
File /Users/furkanyilmaz/Desktop/tahminai/tahmin2/venv/lib/python3.13/site-packages/django/template/backends/__init__.py first seen with mtime 1743284255.7272124
File /opt/homebrew/Cellar/python@3.13/3.13.2/Frameworks/Python.framework/Versions/3.13/lib/python3.13/urllib/request.py first seen with mtime 1738680669.0
File /Users/furkanyilmaz/Desktop/tahminai/tahmin2/venv/lib/python3.13/site-packages/django/utils/text.py first seen with mtime 1743284255.7352433
File /Users/furkanyilmaz/Desktop/tahminai/tahmin2/venv/lib/python3.13/site-packages/django/core/mail/__init__.py first seen with mtime 1743284255.6925755
File /opt/homebrew/Cellar/python@3.13/3.13.2/Frameworks/Python.framework/Versions/3.13/lib/python3.13/keyword.py first seen with mtime 1738680669.0
File /Users/furkanyilmaz/Desktop/tahminai/tahmin2/venv/lib/python3.13/site-packages/django/contrib/postgres/__init__.py first seen with mtime 1743284255.5523417
File /Users/furkanyilmaz/Desktop/tahminai/tahmin2/venv/lib/python3.13/site-packages/django/urls/exceptions.py first seen with mtime 1743284255.730629
File /Users/furkanyilmaz/Desktop/tahminai/tahmin2/matches/models.py first seen with mtime 1743272236.8982046
File /opt/homebrew/Cellar/python@3.13/3.13.2/Frameworks/Python.framework/Versions/3.13/lib/python3.13/asyncio/transports.py first seen with mtime 1738680669.0
File /Users/furkanyilmaz/Desktop/tahminai/tahmin2/venv/lib/python3.13/site-packages/django/contrib/admin/filters.py first seen with mtime 1743284255.2107136
File /Users/furkanyilmaz/Desktop/tahminai/tahmin2/venv/lib/python3.13/site-packages/django/core/checks/urls.py first seen with mtime 1743284255.6892834
File /Users/furkanyilmaz/Desktop/tahminai/tahmin2/venv/lib/python3.13/site-packages/django/db/utils.py first seen with mtime 1743284255.698904
File /opt/homebrew/Cellar/python@3.13/3.13.2/Frameworks/Python.framework/Versions/3.13/lib/python3.13/lib-dynload/_socket.cpython-313-darwin.so first seen with mtime 1743127150.7136593
File /Users/furkanyilmaz/Desktop/tahminai/tahmin2/venv/lib/python3.13/site-packages/django/contrib/postgres/utils.py first seen with mtime 1743284255.5536942
File /Users/furkanyilmaz/Desktop/tahminai/tahmin2/venv/lib/python3.13/site-packages/django/core/cache/backends/memcached.py first seen with mtime 1743284255.688012
File /Users/furkanyilmaz/Desktop/tahminai/tahmin2/venv/lib/python3.13/site-packages/django/core/checks/files.py first seen with mtime 1743284255.688624
File /Users/furkanyilmaz/Desktop/tahminai/tahmin2/venv/lib/python3.13/site-packages/django/utils/translation/trans_real.py first seen with mtime 1743284255.7365222
File /Users/furkanyilmaz/Desktop/tahminai/tahmin2/venv/lib/python3.13/site-packages/django/template/loaders/base.py first seen with mtime 1743284255.7279572
File /Users/furkanyilmaz/Desktop/tahminai/tahmin2/matches/last5.py first seen with mtime 1743272508.2765582
File /opt/homebrew/Cellar/python@3.13/3.13.2/Frameworks/Python.framework/Versions/3.13/lib/python3.13/lib-dynload/_uuid.cpython-313-darwin.so first seen with mtime 1743127151.1004953
File /Users/furkanyilmaz/Desktop/tahminai/tahmin2/venv/lib/python3.13/site-packages/django/contrib/postgres/forms/array.py first seen with mtime 1743284255.5552106
File /Users/furkanyilmaz/Desktop/tahminai/tahmin2/venv/lib/python3.13/site-packages/django/db/models/sql/where.py first seen with mtime 1743284255.71422
File /opt/homebrew/Cellar/python@3.13/3.13.2/Frameworks/Python.framework/Versions/3.13/lib/python3.13/glob.py first seen with mtime 1738680669.0
File /Users/furkanyilmaz/Desktop/tahminai/tahmin2/venv/lib/python3.13/site-packages/django/views/generic/__init__.py first seen with mtime 1743284255.7384176
File /Users/furkanyilmaz/Desktop/tahminai/tahmin2/venv/lib/python3.13/site-packages/django/utils/inspect.py first seen with mtime 1743284255.7338898
File /opt/homebrew/Cellar/python@3.13/3.13.2/Frameworks/Python.framework/Versions/3.13/lib/python3.13/asyncio/unix_events.py first seen with mtime 1738680669.0
Watching for file changes with StatReloader
Waiting for apps ready_event.
Apps ready_event triggered. Sending autoreload_started signal.
Watching dir /Users/furkanyilmaz/Desktop/tahminai/tahmin2/matches/templates with glob **/*.
Watching dir /Users/furkanyilmaz/Desktop/tahminai/tahmin2/venv/lib/python3.13/site-packages/rest_framework/templates with glob **/*.
Watching dir /Users/furkanyilmaz/Desktop/tahminai/tahmin2/locale with glob **/*.mo.
Watching dir /Users/furkanyilmaz/Desktop/tahminai/tahmin2/betapp/locale with glob **/*.mo.
Watching dir /Users/furkanyilmaz/Desktop/tahminai/tahmin2/venv/lib/python3.13/site-packages/rest_framework/locale with glob **/*.mo.
Watching dir /Users/furkanyilmaz/Desktop/tahminai/tahmin2/matches/locale with glob **/*.mo.
File /Users/furkanyilmaz/Desktop/tahminai/tahmin2/venv/lib/python3.13/site-packages/django/core/files/uploadedfile.py first seen with mtime 1743284255.69068
File /Users/furkanyilmaz/Desktop/tahminai/tahmin2/venv/lib/python3.13/site-packages/django/utils/encoding.py first seen with mtime 1743284255.7330947
File /Users/furkanyilmaz/Desktop/tahminai/tahmin2/venv/lib/python3.13/site-packages/pymemcache/client/retrying.py first seen with mtime 1743284402.0577915
File /Users/furkanyilmaz/Desktop/tahminai/tahmin2/venv/lib/python3.13/site-packages/django/contrib/contenttypes/forms.py first seen with mtime 1743284255.4035237
File /Users/furkanyilmaz/Desktop/tahminai/tahmin2/venv/lib/python3.13/site-packages/django/templatetags/l10n.py first seen with mtime 1743284255.7285411
File /Users/furkanyilmaz/Desktop/tahminai/tahmin2/venv/lib/python3.13/site-packages/django/contrib/admin/templatetags/base.py first seen with mtime 1743284255.309384
File /opt/homebrew/Cellar/python@3.13/3.13.2/Frameworks/Python.framework/Versions/3.13/lib/python3.13/tokenize.py first seen with mtime 1738680669.0
File /Users/furkanyilmaz/Desktop/tahminai/tahmin2/venv/lib/python3.13/site-packages/sqlparse/lexer.py first seen with mtime 1743284255.1010697
File /Users/furkanyilmaz/Desktop/tahminai/tahmin2/venv/lib/python3.13/site-packages/django/contrib/sessions/apps.py first seen with mtime 1743284255.617339
File /Users/furkanyilmaz/Desktop/tahminai/tahmin2/venv/lib/python3.13/site-packages/django/apps/__init__.py first seen with mtime 1743284255.1569693
File /Users/furkanyilmaz/Desktop/tahminai/tahmin2/venv/lib/python3.13/site-packages/django/template/defaultfilters.py first seen with mtime 1743284255.7260191
File /opt/homebrew/Cellar/python@3.13/3.13.2/Frameworks/Python.framework/Versions/3.13/lib/python3.13/email/policy.py first seen with mtime 1738680669.0
File /opt/homebrew/Cellar/python@3.13/3.13.2/Frameworks/Python.framework/Versions/3.13/lib/python3.13/multiprocessing/reduction.py first seen with mtime 1738680669.0
File /opt/homebrew/Cellar/python@3.13/3.13.2/Frameworks/Python.framework/Versions/3.13/lib/python3.13/sqlite3/__init__.py first seen with mtime 1738680669.0
File /Users/furkanyilmaz/Desktop/tahminai/tahmin2/venv/lib/python3.13/site-packages/django/db/backends/utils.py first seen with mtime 1743284255.6994193
File /Users/furkanyilmaz/Desktop/tahminai/tahmin2/venv/lib/python3.13/site-packages/django/core/checks/urls.py first seen with mtime 1743284255.6892834
File /Users/furkanyilmaz/Desktop/tahminai/tahmin2/venv/lib/python3.13/site-packages/django/db/migrations/utils.py first seen with mtime 1743284255.707271
File /Users/furkanyilmaz/Desktop/tahminai/tahmin2/venv/lib/python3.13/site-packages/django/db/models/fields/related_descriptors.py first seen with mtime 1743284255.7118697
File /opt/homebrew/Cellar/python@3.13/3.13.2/Frameworks/Python.framework/Versions/3.13/lib/python3.13/lib-dynload/fcntl.cpython-313-darwin.so first seen with mtime 1743127151.242574
File /opt/homebrew/Cellar/python@3.13/3.13.2/Frameworks/Python.framework/Versions/3.13/lib/python3.13/lib-dynload/termios.cpython-313-darwin.so first seen with mtime 1743127151.4546683
File /Users/furkanyilmaz/Desktop/tahminai/tahmin2/venv/lib/python3.13/site-packages/django/core/signing.py first seen with mtime 1743284255.6866176
File /Users/furkanyilmaz/Desktop/tahminai/tahmin2/venv/lib/python3.13/site-packages/django/views/decorators/cache.py first seen with mtime 1743284255.7374713
File /opt/homebrew/Cellar/python@3.13/3.13.2/Frameworks/Python.framework/Versions/3.13/lib/python3.13/weakref.py first seen with mtime 1738680669.0
File /opt/homebrew/Cellar/python@3.13/3.13.2/Frameworks/Python.framework/Versions/3.13/lib/python3.13/json/decoder.py first seen with mtime 1738680669.0
File /opt/homebrew/Cellar/python@3.13/3.13.2/Frameworks/Python.framework/Versions/3.13/lib/python3.13/traceback.py first seen with mtime 1738680669.0
File /Users/furkanyilmaz/Desktop/tahminai/tahmin2/venv/lib/python3.13/site-packages/django/db/backends/base/__init__.py first seen with mtime 1743284255.6995182
File /Users/furkanyilmaz/Desktop/tahminai/tahmin2/venv/lib/python3.13/site-packages/pymemcache/client/murmur3.py first seen with mtime 1743284402.0573268
File /opt/homebrew/Cellar/python@3.13/3.13.2/Frameworks/Python.framework/Versions/3.13/lib/python3.13/sqlite3/dbapi2.py first seen with mtime 1738680669.0
File /Users/furkanyilmaz/Desktop/tahminai/tahmin2/venv/lib/python3.13/site-packages/sqlparse/filters/tokens.py first seen with mtime 1743284255.1036353
File /Users/furkanyilmaz/Desktop/tahminai/tahmin2/venv/lib/python3.13/site-packages/django/forms/fields.py first seen with mtime 1743284255.7149978
File /Users/furkanyilmaz/Desktop/tahminai/tahmin2/venv/lib/python3.13/site-packages/django/http/response.py first seen with mtime 1743284255.7243702
File /Users/furkanyilmaz/Desktop/tahminai/tahmin2/venv/lib/python3.13/site-packages/django/views/i18n.py first seen with mtime 1743284255.7371721
File /Users/furkanyilmaz/Desktop/tahminai/tahmin2/venv/lib/python3.13/site-packages/django/utils/http.py first seen with mtime 1743284255.733807
File /Users/furkanyilmaz/Desktop/tahminai/tahmin2/venv/lib/python3.13/site-packages/django/conf/locale/__init__.py first seen with mtime 1743284255.1584363
File /opt/homebrew/Cellar/python@3.13/3.13.2/Frameworks/Python.framework/Versions/3.13/lib/python3.13/_compression.py first seen with mtime 1738680669.0
File /Users/furkanyilmaz/Desktop/tahminai/tahmin2/venv/lib/python3.13/site-packages/django/db/models/utils.py first seen with mtime 1743284255.7105377
File /opt/homebrew/Cellar/python@3.13/3.13.2/Frameworks/Python.framework/Versions/3.13/lib/python3.13/quopri.py first seen with mtime 1738680669.0
File /Users/furkanyilmaz/Desktop/tahminai/tahmin2/venv/lib/python3.13/site-packages/django/core/management/__init__.py first seen with mtime 1743284255.6936076
File /opt/homebrew/Cellar/python@3.13/3.13.2/Frameworks/Python.framework/Versions/3.13/lib/python3.13/asyncio/__init__.py first seen with mtime 1738680669.0
File /opt/homebrew/Cellar/python@3.13/3.13.2/Frameworks/Python.framework/Versions/3.13/lib/python3.13/lib-dynload/_zoneinfo.cpython-313-darwin.so first seen with mtime 1743127151.1495738
File /Users/furkanyilmaz/Desktop/tahminai/tahmin2/venv/lib/python3.13/site-packages/django/template/smartif.py first seen with mtime 1743284255.7270494
File /Users/furkanyilmaz/Desktop/tahminai/tahmin2/venv/lib/python3.13/site-packages/django/db/backends/postgresql/__init__.py first seen with mtime 1743284255.7035422
File /Users/furkanyilmaz/Desktop/tahminai/tahmin2/venv/lib/python3.13/site-packages/django/db/models/fields/mixins.py first seen with mtime 1743284255.7114568
File /Users/furkanyilmaz/Desktop/tahminai/tahmin2/venv/lib/python3.13/site-packages/django/db/models/functions/math.py first seen with mtime 1743284255.7127895
File /Users/furkanyilmaz/Desktop/tahminai/tahmin2/venv/lib/python3.13/site-packages/django/db/models/fields/__init__.py first seen with mtime 1743284255.7107644
File /opt/homebrew/Cellar/python@3.13/3.13.2/Frameworks/Python.framework/Versions/3.13/lib/python3.13/asyncio/base_tasks.py first seen with mtime 1738680669.0
File /Users/furkanyilmaz/Desktop/tahminai/tahmin2/venv/lib/python3.13/site-packages/django/utils/safestring.py first seen with mtime 1743284255.7349615
File /opt/homebrew/Cellar/python@3.13/3.13.2/Frameworks/Python.framework/Versions/3.13/lib/python3.13/wsgiref/__init__.py first seen with mtime 1738680669.0
File /Users/furkanyilmaz/Desktop/tahminai/tahmin2/venv/lib/python3.13/site-packages/django/template/library.py first seen with mtime 1743284255.7265232
File /opt/homebrew/Cellar/python@3.13/3.13.2/Frameworks/Python.framework/Versions/3.13/lib/python3.13/lib-dynload/_bisect.cpython-313-darwin.so first seen with mtime 1743127149.7697675
File /opt/homebrew/Cellar/python@3.13/3.13.2/Frameworks/Python.framework/Versions/3.13/lib/python3.13/asyncio/format_helpers.py first seen with mtime 1738680669.0
File /opt/homebrew/Cellar/python@3.13/3.13.2/Frameworks/Python.framework/Versions/3.13/lib/python3.13/_sysconfigdata__darwin_darwin.py first seen with mtime 1743127151.5807421
File /Users/furkanyilmaz/Desktop/tahminai/tahmin2/venv/lib/python3.13/site-packages/rest_framework/utils/encoders.py first seen with mtime 1743284381.2041676
File /Users/furkanyilmaz/Desktop/tahminai/tahmin2/venv/lib/python3.13/site-packages/django/contrib/admin/exceptions.py first seen with mtime 1743284255.2105873
File /opt/homebrew/Cellar/python@3.13/3.13.2/Frameworks/Python.framework/Versions/3.13/lib/python3.13/importlib/__init__.py first seen with mtime 1738680669.0
File /Users/furkanyilmaz/Desktop/tahminai/tahmin2/matches/dateconvert.py first seen with mtime 1743272236.8903937
File /opt/homebrew/Cellar/python@3.13/3.13.2/Frameworks/Python.framework/Versions/3.13/lib/python3.13/multiprocessing/context.py first seen with mtime 1738680669.0
File /Users/furkanyilmaz/Desktop/tahminai/tahmin2/venv/lib/python3.13/site-packages/pymemcache/serde.py first seen with mtime 1743284402.0564346
File /opt/homebrew/Cellar/python@3.13/3.13.2/Frameworks/Python.framework/Versions/3.13/lib/python3.13/email/mime/nonmultipart.py first seen with mtime 1738680669.0
File /opt/homebrew/Cellar/python@3.13/3.13.2/Frameworks/Python.framework/Versions/3.13/lib/python3.13/concurrent/__init__.py first seen with mtime 1738680669.0
File /Users/furkanyilmaz/Desktop/tahminai/tahmin2/venv/lib/python3.13/site-packages/django/utils/module_loading.py first seen with mtime 1743284255.7346818
File /Users/furkanyilmaz/Desktop/tahminai/tahmin2/venv/lib/python3.13/site-packages/django/contrib/auth/signals.py first seen with mtime 1743284255.3565638
File /opt/homebrew/Cellar/python@3.13/3.13.2/Frameworks/Python.framework/Versions/3.13/lib/python3.13/token.py first seen with mtime 1738680669.0
File /Users/furkanyilmaz/Desktop/tahminai/tahmin2/venv/lib/python3.13/site-packages/django/utils/__init__.py first seen with mtime 1743284255.7309024
File /opt/homebrew/Cellar/python@3.13/3.13.2/Frameworks/Python.framework/Versions/3.13/lib/python3.13/email/mime/base.py first seen with mtime 1738680669.0
File /Users/furkanyilmaz/Desktop/tahminai/tahmin2/venv/lib/python3.13/site-packages/rest_framework/utils/formatting.py first seen with mtime 1743284381.2044475
File /Users/furkanyilmaz/Desktop/tahminai/tahmin2/venv/lib/python3.13/site-packages/django/forms/utils.py first seen with mtime 1743284255.7157097
File /Users/furkanyilmaz/Desktop/tahminai/tahmin2/venv/lib/python3.13/site-packages/django/contrib/staticfiles/apps.py first seen with mtime 1743284255.683945
File /Users/furkanyilmaz/Desktop/tahminai/tahmin2/venv/lib/python3.13/site-packages/rest_framework/utils/html.py first seen with mtime 1743284381.2045374
File /Users/furkanyilmaz/Desktop/tahminai/tahmin2/venv/lib/python3.13/site-packages/django/db/models/fields/proxy.py first seen with mtime 1743284255.7115493
File /opt/homebrew/Cellar/python@3.13/3.13.2/Frameworks/Python.framework/Versions/3.13/lib/python3.13/asyncio/coroutines.py first seen with mtime 1738680669.0
File /Users/furkanyilmaz/Desktop/tahminai/tahmin2/venv/lib/python3.13/site-packages/django/contrib/contenttypes/views.py first seen with mtime 1743284255.4039185
File /Users/furkanyilmaz/Desktop/tahminai/tahmin2/venv/lib/python3.13/site-packages/django/contrib/contenttypes/fields.py first seen with mtime 1743284255.4034185
File /Users/furkanyilmaz/Desktop/tahminai/tahmin2/venv/lib/python3.13/site-packages/django/contrib/admin/filters.py first seen with mtime 1743284255.2107136
File /Users/furkanyilmaz/Desktop/tahminai/tahmin2/venv/lib/python3.13/site-packages/django/template/defaulttags.py first seen with mtime 1743284255.72616
File /opt/homebrew/Cellar/python@3.13/3.13.2/Frameworks/Python.framework/Versions/3.13/lib/python3.13/email/_policybase.py first seen with mtime 1738680669.0
File /Users/furkanyilmaz/Desktop/tahminai/tahmin2/venv/lib/python3.13/site-packages/django/contrib/staticfiles/utils.py first seen with mtime 1743284255.6847413
File /opt/homebrew/Cellar/python@3.13/3.13.2/Frameworks/Python.framework/Versions/3.13/lib/python3.13/asyncio/unix_events.py first seen with mtime 1738680669.0
File /opt/homebrew/Cellar/python@3.13/3.13.2/Frameworks/Python.framework/Versions/3.13/lib/python3.13/collections/__init__.py first seen with mtime 1738680669.0
File /opt/homebrew/Cellar/python@3.13/3.13.2/Frameworks/Python.framework/Versions/3.13/lib/python3.13/email/mime/__init__.py first seen with mtime 1738680669.0
File /Users/furkanyilmaz/Desktop/tahminai/tahmin2/venv/lib/python3.13/site-packages/sqlparse/formatter.py first seen with mtime 1743284255.100671
File /opt/homebrew/Cellar/python@3.13/3.13.2/Frameworks/Python.framework/Versions/3.13/lib/python3.13/lib-dynload/_lzma.cpython-313-darwin.so first seen with mtime 1743127150.382233
File /Users/furkanyilmaz/Desktop/tahminai/tahmin2/venv/lib/python3.13/site-packages/rest_framework/fields.py first seen with mtime 1743284381.1523771
File /opt/homebrew/Cellar/python@3.13/3.13.2/Frameworks/Python.framework/Versions/3.13/lib/python3.13/email/message.py first seen with mtime 1738680669.0
File /Users/furkanyilmaz/Desktop/tahminai/tahmin2/venv/lib/python3.13/site-packages/django/contrib/admin/templatetags/admin_list.py first seen with mtime 1743284255.3090138
File /Users/furkanyilmaz/Desktop/tahminai/tahmin2/venv/lib/python3.13/site-packages/django/views/csrf.py first seen with mtime 1743284255.7367303
File /Users/furkanyilmaz/Desktop/tahminai/tahmin2/venv/lib/python3.13/site-packages/django/contrib/auth/forms.py first seen with mtime 1743284255.3556814
File /Users/furkanyilmaz/Desktop/tahminai/tahmin2/venv/lib/python3.13/site-packages/django/core/__init__.py first seen with mtime 1743284255.6858723
File /Users/furkanyilmaz/Desktop/tahminai/tahmin2/venv/lib/python3.13/site-packages/django/utils/functional.py first seen with mtime 1743284255.7334828
File /Users/furkanyilmaz/Desktop/tahminai/tahmin2/venv/lib/python3.13/site-packages/asgiref/local.py first seen with mtime 1743284255.1297972
File /Users/furkanyilmaz/Desktop/tahminai/tahmin2/venv/lib/python3.13/site-packages/django/db/backends/ddl_references.py first seen with mtime 1743284255.6991677
File /opt/homebrew/Cellar/python@3.13/3.13.2/Frameworks/Python.framework/Versions/3.13/lib/python3.13/pkgutil.py first seen with mtime 1738680669.0
File /Users/furkanyilmaz/Desktop/tahminai/tahmin2/venv/lib/python3.13/site-packages/django/core/checks/model_checks.py first seen with mtime 1743284255.6888685
File /Users/furkanyilmaz/Desktop/tahminai/tahmin2/venv/lib/python3.13/site-packages/django/core/checks/database.py first seen with mtime 1743284255.6885438
File /Users/furkanyilmaz/Desktop/tahminai/tahmin2/venv/lib/python3.13/site-packages/django/db/models/__init__.py first seen with mtime 1743284255.708407
File /Users/furkanyilmaz/Desktop/tahminai/tahmin2/venv/lib/python3.13/site-packages/pymemcache/client/rendezvous.py first seen with mtime 1743284402.057477
File /Users/furkanyilmaz/Desktop/tahminai/tahmin2/venv/lib/python3.13/site-packages/django/core/handlers/exception.py first seen with mtime 1743284255.6921937
File /opt/homebrew/Cellar/python@3.13/3.13.2/Frameworks/Python.framework/Versions/3.13/lib/python3.13/urllib/parse.py first seen with mtime 1738680669.0
File /opt/homebrew/Cellar/python@3.13/3.13.2/Frameworks/Python.framework/Versions/3.13/lib/python3.13/email/_parseaddr.py first seen with mtime 1738680669.0
File /opt/homebrew/Cellar/python@3.13/3.13.2/Frameworks/Python.framework/Versions/3.13/lib/python3.13/html/entities.py first seen with mtime 1738680669.0
File /Users/furkanyilmaz/Desktop/tahminai/tahmin2/venv/lib/python3.13/site-packages/django/core/files/utils.py first seen with mtime 1743284255.6909423
File /Users/furkanyilmaz/Desktop/tahminai/tahmin2/venv/lib/python3.13/site-packages/django/templatetags/tz.py first seen with mtime 1743284255.7288914
File /opt/homebrew/Cellar/python@3.13/3.13.2/Frameworks/Python.framework/Versions/3.13/lib/python3.13/inspect.py first seen with mtime 1738680669.0
File /Users/furkanyilmaz/Desktop/tahminai/tahmin2/venv/lib/python3.13/site-packages/django/contrib/admin/widgets.py first seen with mtime 1743284255.2119164
File /Users/furkanyilmaz/Desktop/tahminai/tahmin2/venv/lib/python3.13/site-packages/django/core/validators.py first seen with mtime 1743284255.6867535
File /opt/homebrew/Cellar/python@3.13/3.13.2/Frameworks/Python.framework/Versions/3.13/lib/python3.13/_markupbase.py first seen with mtime 1738680669.0
File /Users/furkanyilmaz/Desktop/tahminai/tahmin2/venv/lib/python3.13/site-packages/django/views/static.py first seen with mtime 1743284255.7372637
File /opt/homebrew/Cellar/python@3.13/3.13.2/Frameworks/Python.framework/Versions/3.13/lib/python3.13/sitecustomize.py first seen with mtime 1743127151.5819986
File /Users/furkanyilmaz/Desktop/tahminai/tahmin2/venv/lib/python3.13/site-packages/rest_framework/apps.py first seen with mtime 1743284381.1495385
File /Users/furkanyilmaz/Desktop/tahminai/tahmin2/venv/lib/python3.13/site-packages/django/contrib/messages/api.py first seen with mtime 1743284255.551031
File /Users/furkanyilmaz/Desktop/tahminai/tahmin2/matches/last5.py first seen with mtime 1743272508.2765582
File /Users/furkanyilmaz/Desktop/tahminai/tahmin2/venv/lib/python3.13/site-packages/django/core/checks/caches.py first seen with mtime 1743284255.688466
File /opt/homebrew/Cellar/python@3.13/3.13.2/Frameworks/Python.framework/Versions/3.13/lib/python3.13/lib-dynload/unicodedata.cpython-313-darwin.so first seen with mtime 1743127151.4794364
File /Users/furkanyilmaz/Desktop/tahminai/tahmin2/venv/lib/python3.13/site-packages/django/utils/inspect.py first seen with mtime 1743284255.7338898
File /opt/homebrew/Cellar/python@3.13/3.13.2/Frameworks/Python.framework/Versions/3.13/lib/python3.13/asyncio/timeouts.py first seen with mtime 1738680669.0
File /Users/furkanyilmaz/Desktop/tahminai/tahmin2/venv/lib/python3.13/site-packages/django/db/backends/sqlite3/client.py first seen with mtime 1743284255.7049851
File /opt/homebrew/Cellar/python@3.13/3.13.2/Frameworks/Python.framework/Versions/3.13/lib/python3.13/contextvars.py first seen with mtime 1738680669.0
File /Users/furkanyilmaz/Desktop/tahminai/tahmin2/venv/lib/python3.13/site-packages/django/dispatch/__init__.py first seen with mtime 1743284255.7143645
File /opt/homebrew/Cellar/python@3.13/3.13.2/Frameworks/Python.framework/Versions/3.13/lib/python3.13/textwrap.py first seen with mtime 1738680669.0
File /opt/homebrew/Cellar/python@3.13/3.13.2/Frameworks/Python.framework/Versions/3.13/lib/python3.13/locale.py first seen with mtime 1738680669.0
File /opt/homebrew/Cellar/python@3.13/3.13.2/Frameworks/Python.framework/Versions/3.13/lib/python3.13/calendar.py first seen with mtime 1738680669.0
File /opt/homebrew/Cellar/python@3.13/3.13.2/Frameworks/Python.framework/Versions/3.13/lib/python3.13/threading.py first seen with mtime 1738680669.0
File /Users/furkanyilmaz/Desktop/tahminai/tahmin2/venv/lib/python3.13/site-packages/django/contrib/admin/views/__init__.py first seen with mtime 1743284255.3095493
File /Users/furkanyilmaz/Desktop/tahminai/tahmin2/venv/lib/python3.13/site-packages/django/db/backends/base/client.py first seen with mtime 1743284255.6997514
File /Users/furkanyilmaz/Desktop/tahminai/tahmin2/matches/__init__.py first seen with mtime 1743272236.8753388
File /Users/furkanyilmaz/Desktop/tahminai/tahmin2/venv/lib/python3.13/site-packages/django/db/backends/sqlite3/_functions.py first seen with mtime 1743284255.7047868
File /opt/homebrew/Cellar/python@3.13/3.13.2/Frameworks/Python.framework/Versions/3.13/lib/python3.13/subprocess.py first seen with mtime 1738680669.0
File /Users/furkanyilmaz/Desktop/tahminai/tahmin2/matches/apps.py first seen with mtime 1743282486.4987297
File /Users/furkanyilmaz/Desktop/tahminai/tahmin2/venv/lib/python3.13/site-packages/rest_framework/checks.py first seen with mtime 1743284381.1501122
File /opt/homebrew/Cellar/python@3.13/3.13.2/Frameworks/Python.framework/Versions/3.13/lib/python3.13/lib-dynload/_uuid.cpython-313-darwin.so first seen with mtime 1743127151.1004953
File /Users/furkanyilmaz/Desktop/tahminai/tahmin2/venv/lib/python3.13/site-packages/django/db/models/functions/text.py first seen with mtime 1743284255.7130313
File /opt/homebrew/Cellar/python@3.13/3.13.2/Frameworks/Python.framework/Versions/3.13/lib/python3.13/_colorize.py first seen with mtime 1738680669.0
File /Users/furkanyilmaz/Desktop/tahminai/tahmin2/venv/lib/python3.13/site-packages/django/utils/choices.py first seen with mtime 1743284255.7316477
File /opt/homebrew/Cellar/python@3.13/3.13.2/Frameworks/Python.framework/Versions/3.13/lib/python3.13/lib-dynload/_decimal.cpython-313-darwin.so first seen with mtime 1743127150.1700022
File /Users/furkanyilmaz/Desktop/tahminai/tahmin2/venv/lib/python3.13/site-packages/django/views/debug.py first seen with mtime 1743284255.736841
File /opt/homebrew/Cellar/python@3.13/3.13.2/Frameworks/Python.framework/Versions/3.13/lib/python3.13/lib-dynload/_ssl.cpython-313-darwin.so first seen with mtime 1743127150.7638881
File /Users/furkanyilmaz/Desktop/tahminai/tahmin2/venv/lib/python3.13/site-packages/django/utils/translation/trans_real.py first seen with mtime 1743284255.7365222
File /Users/furkanyilmaz/Desktop/tahminai/tahmin2/venv/lib/python3.13/site-packages/django/template/exceptions.py first seen with mtime 1743284255.7264123
File /opt/homebrew/Cellar/python@3.13/3.13.2/Frameworks/Python.framework/Versions/3.13/lib/python3.13/lib-dynload/_struct.cpython-313-darwin.so first seen with mtime 1743127150.8119771
File /Users/furkanyilmaz/Desktop/tahminai/tahmin2/venv/lib/python3.13/site-packages/django/contrib/staticfiles/__init__.py first seen with mtime 1743284255.6838334
File /Users/furkanyilmaz/Desktop/tahminai/tahmin2/venv/lib/python3.13/site-packages/django/contrib/staticfiles/management/__init__.py first seen with mtime 1743284255.6849325
File /opt/homebrew/Cellar/python@3.13/3.13.2/Frameworks/Python.framework/Versions/3.13/lib/python3.13/lib-dynload/_hashlib.cpython-313-darwin.so first seen with mtime 1743127150.2172058
File /Users/furkanyilmaz/Desktop/tahminai/tahmin2/venv/lib/python3.13/site-packages/django/core/files/locks.py first seen with mtime 1743284255.6903152
File /Users/furkanyilmaz/Desktop/tahminai/tahmin2/venv/lib/python3.13/site-packages/django/core/files/storage/handler.py first seen with mtime 1743284255.691463
File /Users/furkanyilmaz/Desktop/tahminai/tahmin2/venv/lib/python3.13/site-packages/django/urls/conf.py first seen with mtime 1743284255.7304683
File /Users/furkanyilmaz/Desktop/tahminai/tahmin2/venv/lib/python3.13/site-packages/django/template/engine.py first seen with mtime 1743284255.7263308
File /Users/furkanyilmaz/Desktop/tahminai/tahmin2/venv/lib/python3.13/site-packages/django/utils/translation/__init__.py first seen with mtime 1743284255.7361069
File /opt/homebrew/Cellar/python@3.13/3.13.2/Frameworks/Python.framework/Versions/3.13/lib/python3.13/operator.py first seen with mtime 1738680669.0
File /opt/homebrew/Cellar/python@3.13/3.13.2/Frameworks/Python.framework/Versions/3.13/lib/python3.13/queue.py first seen with mtime 1738680669.0
File /Users/furkanyilmaz/Desktop/tahminai/tahmin2/venv/lib/python3.13/site-packages/django/core/paginator.py first seen with mtime 1743284255.6863568
File /opt/homebrew/Cellar/python@3.13/3.13.2/Frameworks/Python.framework/Versions/3.13/lib/python3.13/json/scanner.py first seen with mtime 1738680669.0
File /opt/homebrew/Cellar/python@3.13/3.13.2/Frameworks/Python.framework/Versions/3.13/lib/python3.13/email/mime/message.py first seen with mtime 1738680669.0
File /Users/furkanyilmaz/Desktop/tahminai/tahmin2/venv/lib/python3.13/site-packages/django/core/management/base.py first seen with mtime 1743284255.693725
File /Users/furkanyilmaz/Desktop/tahminai/tahmin2/venv/lib/python3.13/site-packages/django/db/models/functions/datetime.py first seen with mtime 1743284255.7126157
File /opt/homebrew/Cellar/python@3.13/3.13.2/Frameworks/Python.framework/Versions/3.13/lib/python3.13/bz2.py first seen with mtime 1738680669.0
File /Users/furkanyilmaz/Desktop/tahminai/tahmin2/matches/views.py first seen with mtime 1743272479.7374332
File /opt/homebrew/Cellar/python@3.13/3.13.2/Frameworks/Python.framework/Versions/3.13/lib/python3.13/encodings/__init__.py first seen with mtime 1738680669.0
File /Users/furkanyilmaz/Desktop/tahminai/tahmin2/venv/lib/python3.13/site-packages/django/db/models/sql/datastructures.py first seen with mtime 1743284255.7136552
File /Users/furkanyilmaz/Desktop/tahminai/tahmin2/venv/lib/python3.13/site-packages/django/template/autoreload.py first seen with mtime 1743284255.725529
File /Users/furkanyilmaz/Desktop/tahminai/tahmin2/venv/lib/python3.13/site-packages/django/db/models/fields/generated.py first seen with mtime 1743284255.7112403
File /opt/homebrew/Cellar/python@3.13/3.13.2/Frameworks/Python.framework/Versions/3.13/lib/python3.13/asyncio/base_events.py first seen with mtime 1738680669.0
File /Users/furkanyilmaz/Desktop/tahminai/tahmin2/venv/lib/python3.13/site-packages/rest_framework/__init__.py first seen with mtime 1743284381.1492867
File /Users/furkanyilmaz/Desktop/tahminai/tahmin2/venv/lib/python3.13/site-packages/django/forms/widgets.py first seen with mtime 1743284255.715857
File /Users/furkanyilmaz/Desktop/tahminai/tahmin2/venv/lib/python3.13/site-packages/django/core/exceptions.py first seen with mtime 1743284255.6861672
File /Users/furkanyilmaz/Desktop/tahminai/tahmin2/venv/lib/python3.13/site-packages/rest_framework/utils/urls.py first seen with mtime 1743284381.2054696
File /Users/furkanyilmaz/Desktop/tahminai/tahmin2/venv/lib/python3.13/site-packages/django/forms/formsets.py first seen with mtime 1743284255.7152712
File /Users/furkanyilmaz/Desktop/tahminai/tahmin2/venv/lib/python3.13/site-packages/django/contrib/auth/hashers.py first seen with mtime 1743284255.3557994
File /opt/homebrew/Cellar/python@3.13/3.13.2/Frameworks/Python.framework/Versions/3.13/lib/python3.13/email/_header_value_parser.py first seen with mtime 1738680669.0
File /Users/furkanyilmaz/Desktop/tahminai/tahmin2/venv/lib/python3.13/site-packages/django/db/models/fields/reverse_related.py first seen with mtime 1743284255.7121916
File /opt/homebrew/Cellar/python@3.13/3.13.2/Frameworks/Python.framework/Versions/3.13/lib/python3.13/email/encoders.py first seen with mtime 1738680669.0
File /Users/furkanyilmaz/Desktop/tahminai/tahmin2/venv/lib/python3.13/site-packages/django/core/files/storage/base.py first seen with mtime 1743284255.691222
File /opt/homebrew/Cellar/python@3.13/3.13.2/Frameworks/Python.framework/Versions/3.13/lib/python3.13/urllib/request.py first seen with mtime 1738680669.0
File /opt/homebrew/Cellar/python@3.13/3.13.2/Frameworks/Python.framework/Versions/3.13/lib/python3.13/socket.py first seen with mtime 1738680669.0
File /Users/furkanyilmaz/Desktop/tahminai/tahmin2/venv/lib/python3.13/site-packages/django/contrib/messages/storage/base.py first seen with mtime 1743284255.5519116
File /Users/furkanyilmaz/Desktop/tahminai/tahmin2/venv/lib/python3.13/site-packages/django/contrib/auth/tokens.py first seen with mtime 1743284255.3567526
File /opt/homebrew/Cellar/python@3.13/3.13.2/Frameworks/Python.framework/Versions/3.13/lib/python3.13/linecache.py first seen with mtime 1738680669.0
File /Users/furkanyilmaz/Desktop/tahminai/tahmin2/venv/lib/python3.13/site-packages/rest_framework/exceptions.py first seen with mtime 1743284381.1517956
File /opt/homebrew/Cellar/python@3.13/3.13.2/Frameworks/Python.framework/Versions/3.13/lib/python3.13/hashlib.py first seen with mtime 1738680669.0
File /Users/furkanyilmaz/Desktop/tahminai/tahmin2/venv/lib/python3.13/site-packages/django/middleware/__init__.py first seen with mtime 1743284255.7244515
File /opt/homebrew/Cellar/python@3.13/3.13.2/Frameworks/Python.framework/Versions/3.13/lib/python3.13/multiprocessing/process.py first seen with mtime 1738680669.0
File /Users/furkanyilmaz/Desktop/tahminai/tahmin2/venv/lib/python3.13/site-packages/django/core/serializers/json.py first seen with mtime 1743284255.6977184
File /opt/homebrew/Cellar/python@3.13/3.13.2/Frameworks/Python.framework/Versions/3.13/lib/python3.13/lib-dynload/_opcode.cpython-313-darwin.so first seen with mtime 1743127150.4746306
File /Users/furkanyilmaz/Desktop/tahminai/tahmin2/venv/lib/python3.13/site-packages/django/core/checks/compatibility/__init__.py first seen with mtime 1743284255.6893582
File /opt/homebrew/Cellar/python@3.13/3.13.2/Frameworks/Python.framework/Versions/3.13/lib/python3.13/datetime.py first seen with mtime 1738680669.0
File /opt/homebrew/Cellar/python@3.13/3.13.2/Frameworks/Python.framework/Versions/3.13/lib/python3.13/lib-dynload/_heapq.cpython-313-darwin.so first seen with mtime 1743127150.2403936
File /opt/homebrew/Cellar/python@3.13/3.13.2/Frameworks/Python.framework/Versions/3.13/lib/python3.13/asyncio/exceptions.py first seen with mtime 1738680669.0
File /opt/homebrew/Cellar/python@3.13/3.13.2/Frameworks/Python.framework/Versions/3.13/lib/python3.13/email/mime/multipart.py first seen with mtime 1738680669.0
File /opt/homebrew/Cellar/python@3.13/3.13.2/Frameworks/Python.framework/Versions/3.13/lib/python3.13/dataclasses.py first seen with mtime 1738680669.0
File /opt/homebrew/Cellar/python@3.13/3.13.2/Frameworks/Python.framework/Versions/3.13/lib/python3.13/zoneinfo/_common.py first seen with mtime 1738680669.0
File /Users/furkanyilmaz/Desktop/tahminai/tahmin2/venv/lib/python3.13/site-packages/django/utils/datastructures.py first seen with mtime 1743284255.7320096
File /Users/furkanyilmaz/Desktop/tahminai/tahmin2/venv/lib/python3.13/site-packages/sqlparse/sql.py first seen with mtime 1743284255.10123
File /opt/homebrew/Cellar/python@3.13/3.13.2/Frameworks/Python.framework/Versions/3.13/lib/python3.13/urllib/error.py first seen with mtime 1738680669.0
File /Users/furkanyilmaz/Desktop/tahminai/tahmin2/venv/lib/python3.13/site-packages/django/core/checks/translation.py first seen with mtime 1743284255.6891162
File /Users/furkanyilmaz/Desktop/tahminai/tahmin2/venv/lib/python3.13/site-packages/django/views/decorators/__init__.py first seen with mtime 1743284255.737342
File /Users/furkanyilmaz/Desktop/tahminai/tahmin2/venv/lib/python3.13/site-packages/django/core/cache/backends/base.py first seen with mtime 1743284255.6873357
File /opt/homebrew/Cellar/python@3.13/3.13.2/Frameworks/Python.framework/Versions/3.13/lib/python3.13/asyncio/locks.py first seen with mtime 1738680669.0
File /Users/furkanyilmaz/Desktop/tahminai/tahmin2/venv/lib/python3.13/site-packages/django/db/__init__.py first seen with mtime 1743284255.6986191
File /Users/furkanyilmaz/Desktop/tahminai/tahmin2/venv/lib/python3.13/site-packages/django/core/mail/utils.py first seen with mtime 1743284255.6927748
File /opt/homebrew/Cellar/python@3.13/3.13.2/Frameworks/Python.framework/Versions/3.13/lib/python3.13/email/quoprimime.py first seen with mtime 1738680669.0
File /Users/furkanyilmaz/Desktop/tahminai/tahmin2/venv/lib/python3.13/site-packages/rest_framework/reverse.py first seen with mtime 1743284381.1564589
File /Users/furkanyilmaz/Desktop/tahminai/tahmin2/venv/lib/python3.13/site-packages/django/db/models/query.py first seen with mtime 1743284255.7102509
File /Users/furkanyilmaz/Desktop/tahminai/tahmin2/venv/lib/python3.13/site-packages/django/contrib/postgres/forms/array.py first seen with mtime 1743284255.5552106
File /opt/homebrew/Cellar/python@3.13/3.13.2/Frameworks/Python.framework/Versions/3.13/lib/python3.13/bisect.py first seen with mtime 1738680669.0
File /opt/homebrew/Cellar/python@3.13/3.13.2/Frameworks/Python.framework/Versions/3.13/lib/python3.13/email/utils.py first seen with mtime 1738680669.0
File /opt/homebrew/Cellar/python@3.13/3.13.2/Frameworks/Python.framework/Versions/3.13/lib/python3.13/zoneinfo/_tzpath.py first seen with mtime 1738680669.0
File /Users/furkanyilmaz/Desktop/tahminai/tahmin2/venv/lib/python3.13/site-packages/django/core/files/uploadhandler.py first seen with mtime 1743284255.690858
File /Users/furkanyilmaz/Desktop/tahminai/tahmin2/venv/lib/python3.13/site-packages/django/core/cache/utils.py first seen with mtime 1743284255.6870956
File /Users/furkanyilmaz/Desktop/tahminai/tahmin2/venv/lib/python3.13/site-packages/django/db/models/aggregates.py first seen with mtime 1743284255.7086012
File /Users/furkanyilmaz/Desktop/tahminai/tahmin2/venv/lib/python3.13/site-packages/rest_framework/utils/__init__.py first seen with mtime 1743284381.2039676
File /opt/homebrew/Cellar/python@3.13/3.13.2/Frameworks/Python.framework/Versions/3.13/lib/python3.13/lib-dynload/select.cpython-313-darwin.so first seen with mtime 1743127151.4078712
File /Users/furkanyilmaz/Desktop/tahminai/tahmin2/venv/lib/python3.13/site-packages/django/db/utils.py first seen with mtime 1743284255.698904
File /Users/furkanyilmaz/Desktop/tahminai/tahmin2/venv/lib/python3.13/site-packages/django/utils/ipv6.py first seen with mtime 1743284255.7339804
File /opt/homebrew/Cellar/python@3.13/3.13.2/Frameworks/Python.framework/Versions/3.13/lib/python3.13/opcode.py first seen with mtime 1738680669.0
File /Users/furkanyilmaz/Desktop/tahminai/tahmin2/venv/lib/python3.13/site-packages/asgiref/current_thread_executor.py first seen with mtime 1743284255.1295762
File /opt/homebrew/Cellar/python@3.13/3.13.2/Frameworks/Python.framework/Versions/3.13/lib/python3.13/pickle.py first seen with mtime 1738680669.0
File /Users/furkanyilmaz/Desktop/tahminai/tahmin2/venv/lib/python3.13/site-packages/django/db/models/indexes.py first seen with mtime 1743284255.7095857
File /opt/homebrew/Cellar/python@3.13/3.13.2/Frameworks/Python.framework/Versions/3.13/lib/python3.13/zoneinfo/__init__.py first seen with mtime 1738680669.0
File /Users/furkanyilmaz/Desktop/tahminai/tahmin2/venv/lib/python3.13/site-packages/sqlparse/__init__.py first seen with mtime 1743284255.0998876
File /Users/furkanyilmaz/Desktop/tahminai/tahmin2/venv/lib/python3.13/site-packages/django/utils/tree.py first seen with mtime 1743284255.735755
File /Users/furkanyilmaz/Desktop/tahminai/tahmin2/betapp/templatetags/league_names.py first seen with mtime 1743272236.8634436
File /Users/furkanyilmaz/Desktop/tahminai/tahmin2/venv/lib/python3.13/site-packages/django/core/cache/backends/__init__.py first seen with mtime 1743284255.6871984
File /Users/furkanyilmaz/Desktop/tahminai/tahmin2/venv/lib/python3.13/site-packages/django/db/backends/base/schema.py first seen with mtime 1743284255.700497
File /Users/furkanyilmaz/Desktop/tahminai/tahmin2/venv/lib/python3.13/site-packages/django/core/mail/message.py first seen with mtime 1743284255.6926942
File /Users/furkanyilmaz/Desktop/tahminai/tahmin2/venv/lib/python3.13/site-packages/django/template/loaders/app_directories.py first seen with mtime 1743284255.7278817
File /Users/furkanyilmaz/Desktop/tahminai/tahmin2/venv/lib/python3.13/site-packages/django/template/base.py first seen with mtime 1743284255.7256627
File /Users/furkanyilmaz/Desktop/tahminai/tahmin2/matches/urls.py first seen with mtime 1743272237.0327313
File /Users/furkanyilmaz/Desktop/tahminai/tahmin2/venv/lib/python3.13/site-packages/django/utils/formats.py first seen with mtime 1743284255.7333624
File /Users/furkanyilmaz/Desktop/tahminai/tahmin2/venv/lib/python3.13/site-packages/django/db/migrations/operations/special.py first seen with mtime 1743284255.708234
File /Users/furkanyilmaz/Desktop/tahminai/tahmin2/venv/lib/python3.13/site-packages/rest_framework/settings.py first seen with mtime 1743284381.1573951
File /opt/homebrew/Cellar/python@3.13/3.13.2/Frameworks/Python.framework/Versions/3.13/lib/python3.13/base64.py first seen with mtime 1738680669.0
File /opt/homebrew/Cellar/python@3.13/3.13.2/Frameworks/Python.framework/Versions/3.13/lib/python3.13/asyncio/taskgroups.py first seen with mtime 1738680669.0
File /Users/furkanyilmaz/Desktop/tahminai/tahmin2/venv/lib/python3.13/site-packages/django/db/models/functions/comparison.py first seen with mtime 1743284255.7124877
File /Users/furkanyilmaz/Desktop/tahminai/tahmin2/venv/lib/python3.13/site-packages/django/db/backends/base/base.py first seen with mtime 1743284255.699653
File /Users/furkanyilmaz/Desktop/tahminai/tahmin2/venv/lib/python3.13/site-packages/rest_framework/validators.py first seen with mtime 1743284381.1589336
File /Users/furkanyilmaz/Desktop/tahminai/tahmin2/venv/lib/python3.13/site-packages/django/db/backends/base/operations.py first seen with mtime 1743284255.7003152
File /Users/furkanyilmaz/Desktop/tahminai/tahmin2/venv/lib/python3.13/site-packages/rest_framework/serializers.py first seen with mtime 1743284381.1570318
File /opt/homebrew/Cellar/python@3.13/3.13.2/Frameworks/Python.framework/Versions/3.13/lib/python3.13/_opcode_metadata.py first seen with mtime 1738680669.0
File /Users/furkanyilmaz/Desktop/tahminai/tahmin2/venv/lib/python3.13/site-packages/django/utils/log.py first seen with mtime 1743284255.7344224
File /opt/homebrew/Cellar/python@3.13/3.13.2/Frameworks/Python.framework/Versions/3.13/lib/python3.13/asyncio/base_subprocess.py first seen with mtime 1738680669.0
File /opt/homebrew/Cellar/python@3.13/3.13.2/Frameworks/Python.framework/Versions/3.13/lib/python3.13/re/_constants.py first seen with mtime 1738680669.0
File /Users/furkanyilmaz/Desktop/tahminai/tahmin2/venv/lib/python3.13/site-packages/django/db/models/sql/where.py first seen with mtime 1743284255.71422
File /Users/furkanyilmaz/Desktop/tahminai/tahmin2/venv/lib/python3.13/site-packages/django/contrib/admin/helpers.py first seen with mtime 1743284255.2109425
File /Users/furkanyilmaz/Desktop/tahminai/tahmin2/venv/lib/python3.13/site-packages/django/core/serializers/base.py first seen with mtime 1743284255.697623
File /opt/homebrew/Cellar/python@3.13/3.13.2/Frameworks/Python.framework/Versions/3.13/lib/python3.13/tempfile.py first seen with mtime 1738680669.0
File /Users/furkanyilmaz/Desktop/tahminai/tahmin2/venv/lib/python3.13/site-packages/django/core/servers/__init__.py first seen with mtime 1743284255.6982982
File /Users/furkanyilmaz/Desktop/tahminai/tahmin2/venv/lib/python3.13/site-packages/django/db/models/base.py first seen with mtime 1743284255.7087946
File /Users/furkanyilmaz/Desktop/tahminai/tahmin2/betapp/templatetags/__init__.py first seen with mtime 1743272236.8628268
File /Users/furkanyilmaz/Desktop/tahminai/tahmin2/venv/lib/python3.13/site-packages/django/db/backends/sqlite3/operations.py first seen with mtime 1743284255.7055423
File /Users/furkanyilmaz/Desktop/tahminai/tahmin2/venv/lib/python3.13/site-packages/django/db/migrations/operations/base.py first seen with mtime 1743284255.70779
File /opt/homebrew/Cellar/python@3.13/3.13.2/Frameworks/Python.framework/Versions/3.13/lib/python3.13/argparse.py first seen with mtime 1738680669.0
File /opt/homebrew/Cellar/python@3.13/3.13.2/Frameworks/Python.framework/Versions/3.13/lib/python3.13/concurrent/futures/_base.py first seen with mtime 1738680669.0
File /Users/furkanyilmaz/Desktop/tahminai/tahmin2/venv/lib/python3.13/site-packages/django/core/checks/files.py first seen with mtime 1743284255.688624
File /opt/homebrew/Cellar/python@3.13/3.13.2/Frameworks/Python.framework/Versions/3.13/lib/python3.13/typing.py first seen with mtime 1738680669.0
File /Users/furkanyilmaz/Desktop/tahminai/tahmin2/venv/lib/python3.13/site-packages/django/template/loaders/filesystem.py first seen with mtime 1743284255.7281146
File /opt/homebrew/Cellar/python@3.13/3.13.2/Frameworks/Python.framework/Versions/3.13/lib/python3.13/lib-dynload/_json.cpython-313-darwin.so first seen with mtime 1743127150.3353689
File /Users/furkanyilmaz/Desktop/tahminai/tahmin2/venv/lib/python3.13/site-packages/django/template/utils.py first seen with mtime 1743284255.7271376
File /opt/homebrew/Cellar/python@3.13/3.13.2/Frameworks/Python.framework/Versions/3.13/lib/python3.13/json/__init__.py first seen with mtime 1738680669.0
File /Users/furkanyilmaz/Desktop/tahminai/tahmin2/venv/lib/python3.13/site-packages/django/middleware/csrf.py first seen with mtime 1743284255.724996
File /Users/furkanyilmaz/Desktop/tahminai/tahmin2/venv/lib/python3.13/site-packages/django/db/models/sql/__init__.py first seen with mtime 1743284255.7132328
File /Users/furkanyilmaz/Desktop/tahminai/tahmin2/venv/lib/python3.13/site-packages/django/utils/translation/reloader.py first seen with mtime 1743284255.7361884
File /Users/furkanyilmaz/Desktop/tahminai/tahmin2/venv/lib/python3.13/site-packages/django/contrib/admin/apps.py first seen with mtime 1743284255.2102187
File /Users/furkanyilmaz/Desktop/tahminai/tahmin2/venv/lib/python3.13/site-packages/django/core/checks/__init__.py first seen with mtime 1743284255.6883018
File /Users/furkanyilmaz/Desktop/tahminai/tahmin2/venv/lib/python3.13/site-packages/django/contrib/auth/validators.py first seen with mtime 1743284255.3570237
File /Users/furkanyilmaz/Desktop/tahminai/tahmin2/venv/lib/python3.13/site-packages/django/urls/converters.py first seen with mtime 1743284255.7305515
File /Users/furkanyilmaz/Desktop/tahminai/tahmin2/venv/lib/python3.13/site-packages/rest_framework/utils/field_mapping.py first seen with mtime 1743284381.2043538
File /opt/homebrew/Cellar/python@3.13/3.13.2/Frameworks/Python.framework/Versions/3.13/lib/python3.13/importlib/_abc.py first seen with mtime 1738680669.0
File /Users/furkanyilmaz/Desktop/tahminai/tahmin2/venv/lib/python3.13/site-packages/django/utils/hashable.py first seen with mtime 1743284255.733571
File /opt/homebrew/Cellar/python@3.13/3.13.2/Frameworks/Python.framework/Versions/3.13/lib/python3.13/string.py first seen with mtime 1738680669.0
File /opt/homebrew/Cellar/python@3.13/3.13.2/Frameworks/Python.framework/Versions/3.13/lib/python3.13/ast.py first seen with mtime 1738680669.0
File /Users/furkanyilmaz/Desktop/tahminai/tahmin2/venv/lib/python3.13/site-packages/django/db/models/constants.py first seen with mtime 1743284255.7088969
File /opt/homebrew/Cellar/python@3.13/3.13.2/Frameworks/Python.framework/Versions/3.13/lib/python3.13/reprlib.py first seen with mtime 1738680669.0
File /Users/furkanyilmaz/Desktop/tahminai/tahmin2/venv/lib/python3.13/site-packages/django/http/request.py first seen with mtime 1743284255.724253
File /Users/furkanyilmaz/Desktop/tahminai/tahmin2/venv/lib/python3.13/site-packages/rest_framework/templatetags/rest_framework.py first seen with mtime 1743284381.2038827
File /opt/homebrew/Cellar/python@3.13/3.13.2/Frameworks/Python.framework/Versions/3.13/lib/python3.13/lib-dynload/_random.cpython-313-darwin.so first seen with mtime 1743127150.592969
File /Users/furkanyilmaz/Desktop/tahminai/tahmin2/venv/lib/python3.13/site-packages/pymemcache/__init__.py first seen with mtime 1743284402.0552003
File /Users/furkanyilmaz/Desktop/tahminai/tahmin2/venv/lib/python3.13/site-packages/rest_framework/utils/model_meta.py first seen with mtime 1743284381.2049985
File /Users/furkanyilmaz/Desktop/tahminai/tahmin2/venv/lib/python3.13/site-packages/django/core/wsgi.py first seen with mtime 1743284255.6868494
File /opt/homebrew/Cellar/python@3.13/3.13.2/Frameworks/Python.framework/Versions/3.13/lib/python3.13/concurrent/futures/thread.py first seen with mtime 1738680669.0
File /Users/furkanyilmaz/Desktop/tahminai/tahmin2/venv/lib/python3.13/site-packages/django/utils/html.py first seen with mtime 1743284255.7336826
File /Users/furkanyilmaz/Desktop/tahminai/tahmin2/venv/lib/python3.13/site-packages/django/utils/timesince.py first seen with mtime 1743284255.7354124
File /Users/furkanyilmaz/Desktop/tahminai/tahmin2/venv/lib/python3.13/site-packages/pymemcache/pool.py first seen with mtime 1743284402.0561025
File /opt/homebrew/Cellar/python@3.13/3.13.2/Frameworks/Python.framework/Versions/3.13/lib/python3.13/asyncio/trsock.py first seen with mtime 1738680669.0
File /Users/furkanyilmaz/Desktop/tahminai/tahmin2/venv/lib/python3.13/site-packages/django/db/backends/sqlite3/__init__.py first seen with mtime 1743284255.7046628
File /Users/furkanyilmaz/Desktop/tahminai/tahmin2/venv/lib/python3.13/site-packages/django/utils/deconstruct.py first seen with mtime 1743284255.7325318
File /Users/furkanyilmaz/Desktop/tahminai/tahmin2/venv/lib/python3.13/site-packages/django/core/mail/__init__.py first seen with mtime 1743284255.6925755
File /opt/homebrew/Cellar/python@3.13/3.13.2/Frameworks/Python.framework/Versions/3.13/lib/python3.13/wsgiref/util.py first seen with mtime 1738680669.0
File /Users/furkanyilmaz/Desktop/tahminai/tahmin2/venv/lib/python3.13/site-packages/django/__init__.py first seen with mtime 1743284255.1565235
File /Users/furkanyilmaz/Desktop/tahminai/tahmin2/venv/lib/python3.13/site-packages/django/contrib/admin/models.py first seen with mtime 1743284255.2111356
File /opt/homebrew/Cellar/python@3.13/3.13.2/Frameworks/Python.framework/Versions/3.13/lib/python3.13/encodings/aliases.py first seen with mtime 1738680669.0
File /opt/homebrew/Cellar/python@3.13/3.13.2/Frameworks/Python.framework/Versions/3.13/lib/python3.13/lib-dynload/binascii.cpython-313-darwin.so first seen with mtime 1743127151.1962693
File /opt/homebrew/Cellar/python@3.13/3.13.2/Frameworks/Python.framework/Versions/3.13/lib/python3.13/json/encoder.py first seen with mtime 1738680669.0
File /Users/furkanyilmaz/Desktop/tahminai/tahmin2/venv/lib/python3.13/site-packages/django/db/models/fields/files.py first seen with mtime 1743284255.7110152
File /Users/furkanyilmaz/Desktop/tahminai/tahmin2/venv/lib/python3.13/site-packages/django/db/migrations/state.py first seen with mtime 1743284255.7070842
File /Users/furkanyilmaz/Desktop/tahminai/tahmin2/venv/lib/python3.13/site-packages/django/utils/decorators.py first seen with mtime 1743284255.7326782
File /Users/furkanyilmaz/Desktop/tahminai/tahmin2/venv/lib/python3.13/site-packages/pymemcache/client/base.py first seen with mtime 1743284402.0569344
File /Users/furkanyilmaz/Desktop/tahminai/tahmin2/matches/admin.py first seen with mtime 1743272236.877246
File /opt/homebrew/Cellar/python@3.13/3.13.2/Frameworks/Python.framework/Versions/3.13/lib/python3.13/decimal.py first seen with mtime 1738680669.0
File /opt/homebrew/Cellar/python@3.13/3.13.2/Frameworks/Python.framework/Versions/3.13/lib/python3.13/email/__init__.py first seen with mtime 1738680669.0
File /Users/furkanyilmaz/Desktop/tahminai/tahmin2/venv/lib/python3.13/site-packages/django/apps/config.py first seen with mtime 1743284255.1571543
File /Users/furkanyilmaz/Desktop/tahminai/tahmin2/venv/lib/python3.13/site-packages/django/core/files/images.py first seen with mtime 1743284255.69023
File /Users/furkanyilmaz/Desktop/tahminai/tahmin2/venv/lib/python3.13/site-packages/sqlparse/filters/aligned_indent.py first seen with mtime 1743284255.1028428
File /opt/homebrew/Cellar/python@3.13/3.13.2/Frameworks/Python.framework/Versions/3.13/lib/python3.13/http/server.py first seen with mtime 1738680669.0
File /Users/furkanyilmaz/Desktop/tahminai/tahmin2/venv/lib/python3.13/site-packages/django/contrib/auth/management/__init__.py first seen with mtime 1743284255.4008927
File /Users/furkanyilmaz/Desktop/tahminai/tahmin2/venv/lib/python3.13/site-packages/django/contrib/staticfiles/management/commands/runserver.py first seen with mtime 1743284255.6853952
File /opt/homebrew/Cellar/python@3.13/3.13.2/Frameworks/Python.framework/Versions/3.13/lib/python3.13/secrets.py first seen with mtime 1738680669.0
File /Users/furkanyilmaz/Desktop/tahminai/tahmin2/venv/lib/python3.13/site-packages/django/core/management/commands/runserver.py first seen with mtime 1743284255.6960623
File /Users/furkanyilmaz/Desktop/tahminai/tahmin2/venv/lib/python3.13/site-packages/django/core/checks/security/__init__.py first seen with mtime 1743284255.689529
File /Users/furkanyilmaz/Desktop/tahminai/tahmin2/venv/lib/python3.13/site-packages/django/core/cache/__init__.py first seen with mtime 1743284255.6869998
File /Users/furkanyilmaz/Desktop/tahminai/tahmin2/venv/lib/python3.13/site-packages/django/core/files/base.py first seen with mtime 1743284255.690146
File /opt/homebrew/Cellar/python@3.13/3.13.2/Frameworks/Python.framework/Versions/3.13/lib/python3.13/lib-dynload/zlib.cpython-313-darwin.so first seen with mtime 1743127151.5738842
File /Users/furkanyilmaz/Desktop/tahminai/tahmin2/venv/lib/python3.13/site-packages/django/contrib/messages/apps.py first seen with mtime 1743284255.5511162
File /opt/homebrew/Cellar/python@3.13/3.13.2/Frameworks/Python.framework/Versions/3.13/lib/python3.13/graphlib.py first seen with mtime 1738680669.0
File /opt/homebrew/Cellar/python@3.13/3.13.2/Frameworks/Python.framework/Versions/3.13/lib/python3.13/lib-dynload/_socket.cpython-313-darwin.so first seen with mtime 1743127150.7136593
File /opt/homebrew/Cellar/python@3.13/3.13.2/Frameworks/Python.framework/Versions/3.13/lib/python3.13/lib-dynload/_sqlite3.cpython-313-darwin.so first seen with mtime 1743127150.7384472
File /Users/furkanyilmaz/Desktop/tahminai/tahmin2/venv/lib/python3.13/site-packages/django/templatetags/__init__.py first seen with mtime 1743284255.7282627
File /Users/furkanyilmaz/Desktop/tahminai/tahmin2/venv/lib/python3.13/site-packages/asgiref/__init__.py first seen with mtime 1743284255.1293635
File /Users/furkanyilmaz/Desktop/tahminai/tahmin2/venv/lib/python3.13/site-packages/sqlparse/filters/right_margin.py first seen with mtime 1743284255.1035287
File /opt/homebrew/Cellar/python@3.13/3.13.2/Frameworks/Python.framework/Versions/3.13/lib/python3.13/logging/handlers.py first seen with mtime 1738680669.0
File /opt/homebrew/Cellar/python@3.13/3.13.2/Frameworks/Python.framework/Versions/3.13/lib/python3.13/re/_compiler.py first seen with mtime 1738680669.0
File /Users/furkanyilmaz/Desktop/tahminai/tahmin2/venv/lib/python3.13/site-packages/rest_framework/request.py first seen with mtime 1743284381.1560853
File /Users/furkanyilmaz/Desktop/tahminai/tahmin2/venv/lib/python3.13/site-packages/rest_framework/utils/humanize_datetime.py first seen with mtime 1743284381.2046258
File /Users/furkanyilmaz/Desktop/tahminai/tahmin2/venv/lib/python3.13/site-packages/django/core/handlers/wsgi.py first seen with mtime 1743284255.6923666
File /opt/homebrew/Cellar/python@3.13/3.13.2/Frameworks/Python.framework/Versions/3.13/lib/python3.13/concurrent/futures/__init__.py first seen with mtime 1738680669.0
File /Users/furkanyilmaz/Desktop/tahminai/tahmin2/venv/lib/python3.13/site-packages/django/core/checks/security/base.py first seen with mtime 1743284255.6896913
File /Users/furkanyilmaz/Desktop/tahminai/tahmin2/venv/lib/python3.13/site-packages/django/contrib/contenttypes/__init__.py first seen with mtime 1743284255.4028926
File /Users/furkanyilmaz/Desktop/tahminai/tahmin2/venv/lib/python3.13/site-packages/django/db/backends/__init__.py first seen with mtime 1743284255.6989968
File /Users/furkanyilmaz/Desktop/tahminai/tahmin2/venv/lib/python3.13/site-packages/django/db/migrations/operations/__init__.py first seen with mtime 1743284255.7075934
File /Users/furkanyilmaz/Desktop/tahminai/tahmin2/venv/lib/python3.13/site-packages/django/views/generic/dates.py first seen with mtime 1743284255.7386878
File /opt/homebrew/Cellar/python@3.13/3.13.2/Frameworks/Python.framework/Versions/3.13/lib/python3.13/asyncio/subprocess.py first seen with mtime 1738680669.0
File /Users/furkanyilmaz/Desktop/tahminai/tahmin2/venv/lib/python3.13/site-packages/django/contrib/staticfiles/management/commands/__init__.py first seen with mtime 1743284255.685045
File /Users/furkanyilmaz/Desktop/tahminai/tahmin2/venv/lib/python3.13/site-packages/django/views/generic/edit.py first seen with mtime 1743284255.739014
File /Users/furkanyilmaz/Desktop/tahminai/tahmin2/venv/lib/python3.13/site-packages/django/contrib/admin/templatetags/admin_modify.py first seen with mtime 1743284255.3092015
File /Users/furkanyilmaz/Desktop/tahminai/tahmin2/venv/lib/python3.13/site-packages/django/contrib/admin/options.py first seen with mtime 1743284255.2113478
File /opt/homebrew/Cellar/python@3.13/3.13.2/Frameworks/Python.framework/Versions/3.13/lib/python3.13/http/client.py first seen with mtime 1738680669.0
File /Users/furkanyilmaz/Desktop/tahminai/tahmin2/venv/lib/python3.13/site-packages/django/contrib/admin/views/main.py first seen with mtime 1743284255.30996
File /Users/furkanyilmaz/Desktop/tahminai/tahmin2/venv/lib/python3.13/site-packages/django/utils/duration.py first seen with mtime 1743284255.7329376
File /opt/homebrew/Cellar/python@3.13/3.13.2/Frameworks/Python.framework/Versions/3.13/lib/python3.13/asyncio/constants.py first seen with mtime 1738680669.0
File /Users/furkanyilmaz/Desktop/tahminai/tahmin2/venv/lib/python3.13/site-packages/django/db/models/constraints.py first seen with mtime 1743284255.7090197
File /opt/homebrew/Cellar/python@3.13/3.13.2/Frameworks/Python.framework/Versions/3.13/lib/python3.13/email/errors.py first seen with mtime 1738680669.0
File /Users/furkanyilmaz/Desktop/tahminai/tahmin2/venv/lib/python3.13/site-packages/sqlparse/utils.py first seen with mtime 1743284255.1016595
File /Users/furkanyilmaz/Desktop/tahminai/tahmin2/venv/lib/python3.13/site-packages/django/db/backends/base/introspection.py first seen with mtime 1743284255.7001913
File /opt/homebrew/Cellar/python@3.13/3.13.2/Frameworks/Python.framework/Versions/3.13/lib/python3.13/email/parser.py first seen with mtime 1738680669.0
File /Users/furkanyilmaz/Desktop/tahminai/tahmin2/venv/lib/python3.13/site-packages/django/core/checks/async_checks.py first seen with mtime 1743284255.68838
File /Users/furkanyilmaz/Desktop/tahminai/tahmin2/venv/lib/python3.13/site-packages/django/utils/dateformat.py first seen with mtime 1743284255.732174
File /Users/furkanyilmaz/Desktop/tahminai/tahmin2/venv/lib/python3.13/site-packages/rest_framework/compat.py first seen with mtime 1743284381.1506836
File /Users/furkanyilmaz/Desktop/tahminai/tahmin2/venv/lib/python3.13/site-packages/django/template/backends/base.py first seen with mtime 1743284255.7273061
File /opt/homebrew/Cellar/python@3.13/3.13.2/Frameworks/Python.framework/Versions/3.13/lib/python3.13/enum.py first seen with mtime 1738680669.0
File /Users/furkanyilmaz/Desktop/tahminai/tahmin2/venv/lib/python3.13/site-packages/django/core/files/__init__.py first seen with mtime 1743284255.689973
File /Users/furkanyilmaz/Desktop/tahminai/tahmin2/venv/lib/python3.13/site-packages/django/db/models/deletion.py first seen with mtime 1743284255.7091427
File /opt/homebrew/Cellar/python@3.13/3.13.2/Frameworks/Python.framework/Versions/3.13/lib/python3.13/email/charset.py first seen with mtime 1738680669.0
File /Users/furkanyilmaz/Desktop/tahminai/tahmin2/matches/forms.py first seen with mtime 1743272236.8905685
File /Users/furkanyilmaz/Desktop/tahminai/tahmin2/venv/lib/python3.13/site-packages/django/shortcuts.py first seen with mtime 1743284255.1568305
File /opt/homebrew/Cellar/python@3.13/3.13.2/Frameworks/Python.framework/Versions/3.13/lib/python3.13/asyncio/queues.py first seen with mtime 1738680669.0
File /opt/homebrew/Cellar/python@3.13/3.13.2/Frameworks/Python.framework/Versions/3.13/lib/python3.13/fractions.py first seen with mtime 1738680669.0
File /Users/furkanyilmaz/Desktop/tahminai/tahmin2/venv/lib/python3.13/site-packages/django/contrib/auth/checks.py first seen with mtime 1743284255.3550842
File /Users/furkanyilmaz/Desktop/tahminai/tahmin2/venv/lib/python3.13/site-packages/django/http/cookie.py first seen with mtime 1743284255.7240114
File /Users/furkanyilmaz/Desktop/tahminai/tahmin2/venv/lib/python3.13/site-packages/rest_framework/relations.py first seen with mtime 1743284381.1554375
File /Users/furkanyilmaz/Desktop/tahminai/tahmin2/venv/lib/python3.13/site-packages/django/contrib/contenttypes/management/__init__.py first seen with mtime 1743284255.4342322
File /opt/homebrew/Cellar/python@3.13/3.13.2/Frameworks/Python.framework/Versions/3.13/lib/python3.13/asyncio/log.py first seen with mtime 1738680669.0
File /Users/furkanyilmaz/Desktop/tahminai/tahmin2/venv/lib/python3.13/site-packages/rest_framework/templatetags/__init__.py first seen with mtime 1743284381.2036765
File /Users/furkanyilmaz/Desktop/tahminai/tahmin2/venv/lib/python3.13/site-packages/django/utils/asyncio.py first seen with mtime 1743284255.7312715
File /Users/furkanyilmaz/Desktop/tahminai/tahmin2/venv/lib/python3.13/site-packages/django/template/loaders/base.py first seen with mtime 1743284255.7279572
File /Users/furkanyilmaz/Desktop/tahminai/tahmin2/venv/lib/python3.13/site-packages/django/core/files/temp.py first seen with mtime 1743284255.6905127
File /opt/homebrew/Cellar/python@3.13/3.13.2/Frameworks/Python.framework/Versions/3.13/lib/python3.13/lib-dynload/_statistics.cpython-313-darwin.so first seen with mtime 1743127150.7886024
File /Users/furkanyilmaz/Desktop/tahminai/tahmin2/venv/lib/python3.13/site-packages/django/db/models/sql/constants.py first seen with mtime 1743284255.7134962
File /Users/furkanyilmaz/Desktop/tahminai/tahmin2/venv/lib/python3.13/site-packages/django/template/loader.py first seen with mtime 1743284255.7266014
File /Users/furkanyilmaz/Desktop/tahminai/tahmin2/venv/lib/python3.13/site-packages/django/core/handlers/base.py first seen with mtime 1743284255.6920233
File /Users/furkanyilmaz/Desktop/tahminai/tahmin2/venv/lib/python3.13/site-packages/django/contrib/staticfiles/handlers.py first seen with mtime 1743284255.684327
File /Users/furkanyilmaz/Desktop/tahminai/tahmin2/venv/lib/python3.13/site-packages/asgiref/sync.py first seen with mtime 1743284255.130154
File /Users/furkanyilmaz/Desktop/tahminai/tahmin2/venv/lib/python3.13/site-packages/django/views/generic/base.py first seen with mtime 1743284255.7385762
File /opt/homebrew/Cellar/python@3.13/3.13.2/Frameworks/Python.framework/Versions/3.13/lib/python3.13/email/base64mime.py first seen with mtime 1738680669.0
File /Users/furkanyilmaz/Desktop/tahminai/tahmin2/venv/lib/python3.13/site-packages/django/template/context.py first seen with mtime 1743284255.725815
File /opt/homebrew/Cellar/python@3.13/3.13.2/Frameworks/Python.framework/Versions/3.13/lib/python3.13/pathlib/_local.py first seen with mtime 1738680669.0
File /Users/furkanyilmaz/Desktop/tahminai/tahmin2/venv/lib/python3.13/site-packages/django/db/backends/base/creation.py first seen with mtime 1743284255.6998832
File /Users/furkanyilmaz/Desktop/tahminai/tahmin2/venv/lib/python3.13/site-packages/django/db/migrations/operations/models.py first seen with mtime 1743284255.708044
File /opt/homebrew/Cellar/python@3.13/3.13.2/Frameworks/Python.framework/Versions/3.13/lib/python3.13/re/__init__.py first seen with mtime 1738680669.0
File /opt/homebrew/Cellar/python@3.13/3.13.2/Frameworks/Python.framework/Versions/3.13/lib/python3.13/lib-dynload/array.cpython-313-darwin.so first seen with mtime 1743127151.1729815
File /opt/homebrew/Cellar/python@3.13/3.13.2/Frameworks/Python.framework/Versions/3.13/lib/python3.13/wsgiref/headers.py first seen with mtime 1738680669.0
File /Users/furkanyilmaz/Desktop/tahminai/tahmin2/venv/lib/python3.13/site-packages/django/contrib/admin/utils.py first seen with mtime 1743284255.2117891
File /opt/homebrew/Cellar/python@3.13/3.13.2/Frameworks/Python.framework/Versions/3.13/lib/python3.13/struct.py first seen with mtime 1738680669.0
File /Users/furkanyilmaz/Desktop/tahminai/tahmin2/venv/lib/python3.13/site-packages/django/db/models/signals.py first seen with mtime 1743284255.7104533
File /opt/homebrew/Cellar/python@3.13/3.13.2/Frameworks/Python.framework/Versions/3.13/lib/python3.13/pathlib/__init__.py first seen with mtime 1738680669.0
File /Users/furkanyilmaz/Desktop/tahminai/tahmin2/venv/lib/python3.13/site-packages/django/http/multipartparser.py first seen with mtime 1743284255.7241278
File /Users/furkanyilmaz/Desktop/tahminai/tahmin2/venv/lib/python3.13/site-packages/django/contrib/auth/backends.py first seen with mtime 1743284255.35471
File /Users/furkanyilmaz/Desktop/tahminai/tahmin2/venv/lib/python3.13/site-packages/django/contrib/admin/templatetags/admin_urls.py first seen with mtime 1743284255.3092966
File /Users/furkanyilmaz/Desktop/tahminai/tahmin2/venv/lib/python3.13/site-packages/django/contrib/admin/templatetags/log.py first seen with mtime 1743284255.3094678
File /Users/furkanyilmaz/Desktop/tahminai/tahmin2/venv/lib/python3.13/site-packages/django/db/migrations/migration.py first seen with mtime 1743284255.706495
File /opt/homebrew/Cellar/python@3.13/3.13.2/Frameworks/Python.framework/Versions/3.13/lib/python3.13/logging/config.py first seen with mtime 1738680669.0
File /Users/furkanyilmaz/Desktop/tahminai/tahmin2/venv/lib/python3.13/site-packages/django/contrib/postgres/forms/hstore.py first seen with mtime 1743284255.555297
File /Users/furkanyilmaz/Desktop/tahminai/tahmin2/venv/lib/python3.13/site-packages/django/http/__init__.py first seen with mtime 1743284255.7239301
File /opt/homebrew/Cellar/python@3.13/3.13.2/Frameworks/Python.framework/Versions/3.13/lib/python3.13/pprint.py first seen with mtime 1738680669.0
File /opt/homebrew/Cellar/python@3.13/3.13.2/Frameworks/Python.framework/Versions/3.13/lib/python3.13/asyncio/tasks.py first seen with mtime 1738680669.0
File /opt/homebrew/Cellar/python@3.13/3.13.2/Frameworks/Python.framework/Versions/3.13/lib/python3.13/lib-dynload/_datetime.cpython-313-darwin.so first seen with mtime 1743127150.1231768
File /opt/homebrew/Cellar/python@3.13/3.13.2/Frameworks/Python.framework/Versions/3.13/lib/python3.13/sysconfig/__init__.py first seen with mtime 1743127151.5823236
File /Users/furkanyilmaz/Desktop/tahminai/tahmin2/venv/lib/python3.13/site-packages/django/urls/exceptions.py first seen with mtime 1743284255.730629
File /Users/furkanyilmaz/Desktop/tahminai/tahmin2/venv/lib/python3.13/site-packages/django/contrib/auth/__init__.py first seen with mtime 1743284255.3542206
File /Users/furkanyilmaz/Desktop/tahminai/tahmin2/venv/lib/python3.13/site-packages/django/db/models/functions/__init__.py first seen with mtime 1743284255.712324
File /Users/furkanyilmaz/Desktop/tahminai/tahmin2/venv/lib/python3.13/site-packages/django/core/management/commands/__init__.py first seen with mtime 1743284255.6942558
File /Users/furkanyilmaz/Desktop/tahminai/tahmin2/venv/lib/python3.13/site-packages/django/contrib/auth/password_validation.py first seen with mtime 1743284255.3564653
File /opt/homebrew/Cellar/python@3.13/3.13.2/Frameworks/Python.framework/Versions/3.13/lib/python3.13/asyncio/base_futures.py first seen with mtime 1738680669.0
File /opt/homebrew/Cellar/python@3.13/3.13.2/Frameworks/Python.framework/Versions/3.13/lib/python3.13/asyncio/events.py first seen with mtime 1738680669.0
File /Users/furkanyilmaz/Desktop/tahminai/tahmin2/venv/lib/python3.13/site-packages/django/forms/__init__.py first seen with mtime 1743284255.714729
File /Users/furkanyilmaz/Desktop/tahminai/tahmin2/venv/lib/python3.13/site-packages/django/core/serializers/__init__.py first seen with mtime 1743284255.6974976
File /opt/homebrew/Cellar/python@3.13/3.13.2/Frameworks/Python.framework/Versions/3.13/lib/python3.13/signal.py first seen with mtime 1738680669.0
File /opt/homebrew/Cellar/python@3.13/3.13.2/Frameworks/Python.framework/Versions/3.13/lib/python3.13/types.py first seen with mtime 1738680669.0
File /Users/furkanyilmaz/Desktop/tahminai/tahmin2/venv/lib/python3.13/site-packages/django/core/management/color.py first seen with mtime 1743284255.6938097
File /Users/furkanyilmaz/Desktop/tahminai/tahmin2/venv/lib/python3.13/site-packages/django/core/files/storage/__init__.py first seen with mtime 1743284255.6910725
File /opt/homebrew/Cellar/python@3.13/3.13.2/Frameworks/Python.framework/Versions/3.13/lib/python3.13/ssl.py first seen with mtime 1738680669.0
File /Users/furkanyilmaz/Desktop/tahminai/tahmin2/venv/lib/python3.13/site-packages/django/utils/cache.py first seen with mtime 1743284255.7314823
File /Users/furkanyilmaz/Desktop/tahminai/tahmin2/venv/lib/python3.13/site-packages/django/contrib/messages/__init__.py first seen with mtime 1743284255.5509353
File /opt/homebrew/Cellar/python@3.13/3.13.2/Frameworks/Python.framework/Versions/3.13/lib/python3.13/lib-dynload/_pickle.cpython-313-darwin.so first seen with mtime 1743127150.4983416
File /Users/furkanyilmaz/Desktop/tahminai/tahmin2/venv/lib/python3.13/site-packages/django/db/backends/signals.py first seen with mtime 1743284255.699254
File /Users/furkanyilmaz/Desktop/tahminai/tahmin2/venv/lib/python3.13/site-packages/django/contrib/admin/checks.py first seen with mtime 1743284255.2103765
File /Users/furkanyilmaz/Desktop/tahminai/tahmin2/venv/lib/python3.13/site-packages/rest_framework/utils/timezone.py first seen with mtime 1743284381.2053785
File /Users/furkanyilmaz/Desktop/tahminai/tahmin2/venv/lib/python3.13/site-packages/django/db/models/enums.py first seen with mtime 1743284255.709243
File /opt/homebrew/Cellar/python@3.13/3.13.2/Frameworks/Python.framework/Versions/3.13/lib/python3.13/gzip.py first seen with mtime 1738680669.0
File /Users/furkanyilmaz/Desktop/tahminai/tahmin2/venv/lib/python3.13/site-packages/django/conf/global_settings.py first seen with mtime 1743284255.1576378
File /Users/furkanyilmaz/Desktop/tahminai/tahmin2/venv/lib/python3.13/site-packages/django/db/models/lookups.py first seen with mtime 1743284255.7097132
File /Users/furkanyilmaz/Desktop/tahminai/tahmin2/venv/lib/python3.13/site-packages/django/core/handlers/__init__.py first seen with mtime 1743284255.691772
File /Users/furkanyilmaz/Desktop/tahminai/tahmin2/venv/lib/python3.13/site-packages/rest_framework/utils/breadcrumbs.py first seen with mtime 1743284381.2040741
File /opt/homebrew/Cellar/python@3.13/3.13.2/Frameworks/Python.framework/Versions/3.13/lib/python3.13/shutil.py first seen with mtime 1738680669.0
File /opt/homebrew/Cellar/python@3.13/3.13.2/Frameworks/Python.framework/Versions/3.13/lib/python3.13/asyncio/staggered.py first seen with mtime 1738680669.0
File /Users/furkanyilmaz/Desktop/tahminai/tahmin2/venv/lib/python3.13/site-packages/django/contrib/auth/decorators.py first seen with mtime 1743284255.3555386
File /opt/homebrew/Cellar/python@3.13/3.13.2/Frameworks/Python.framework/Versions/3.13/lib/python3.13/copyreg.py first seen with mtime 1738680669.0
File /Users/furkanyilmaz/Desktop/tahminai/tahmin2/betapp/settings.py first seen with mtime 1743298703.2550602
File /opt/homebrew/Cellar/python@3.13/3.13.2/Frameworks/Python.framework/Versions/3.13/lib/python3.13/uuid.py first seen with mtime 1738680669.0
File /Users/furkanyilmaz/Desktop/tahminai/tahmin2/venv/lib/python3.13/site-packages/django/db/transaction.py first seen with mtime 1743284255.698744
File /opt/homebrew/Cellar/python@3.13/3.13.2/Frameworks/Python.framework/Versions/3.13/lib/python3.13/_osx_support.py first seen with mtime 1738680669.0
File /Users/furkanyilmaz/Desktop/tahminai/tahmin2/venv/lib/python3.13/site-packages/django/contrib/sites/__init__.py first seen with mtime 1743284255.6544168
File /Users/furkanyilmaz/Desktop/tahminai/tahmin2/venv/lib/python3.13/site-packages/django/template/backends/django.py first seen with mtime 1743284255.7274833
File /Users/furkanyilmaz/Desktop/tahminai/tahmin2/venv/lib/python3.13/site-packages/sqlparse/engine/grouping.py first seen with mtime 1743284255.1022484
File /Users/furkanyilmaz/Desktop/tahminai/tahmin2/venv/lib/python3.13/site-packages/django/core/cache/backends/memcached.py first seen with mtime 1743284255.688012
File /Users/furkanyilmaz/Desktop/tahminai/tahmin2/venv/lib/python3.13/site-packages/sqlparse/filters/__init__.py first seen with mtime 1743284255.1025963
File /Users/furkanyilmaz/Desktop/tahminai/tahmin2/venv/lib/python3.13/site-packages/django/core/checks/security/sessions.py first seen with mtime 1743284255.689855
File /Users/furkanyilmaz/Desktop/tahminai/tahmin2/venv/lib/python3.13/site-packages/django/template/backends/__init__.py first seen with mtime 1743284255.7272124
File /opt/homebrew/Cellar/python@3.13/3.13.2/Frameworks/Python.framework/Versions/3.13/lib/python3.13/lib-dynload/math.cpython-313-darwin.so first seen with mtime 1743127151.2896304
File /Users/furkanyilmaz/Desktop/tahminai/tahmin2/venv/lib/python3.13/site-packages/django/contrib/auth/admin.py first seen with mtime 1743284255.3544102
File /Users/furkanyilmaz/Desktop/tahminai/tahmin2/venv/lib/python3.13/site-packages/django/contrib/__init__.py first seen with mtime 1743284255.209827
File /opt/homebrew/Cellar/python@3.13/3.13.2/Frameworks/Python.framework/Versions/3.13/lib/python3.13/statistics.py first seen with mtime 1738680669.0
File /Users/furkanyilmaz/Desktop/tahminai/tahmin2/venv/lib/python3.13/site-packages/django/contrib/admin/actions.py first seen with mtime 1743284255.2100842
File /Users/furkanyilmaz/Desktop/tahminai/tahmin2/venv/lib/python3.13/site-packages/django/contrib/messages/storage/__init__.py first seen with mtime 1743284255.5517347
File /Users/furkanyilmaz/Desktop/tahminai/tahmin2/venv/lib/python3.13/site-packages/sqlparse/engine/filter_stack.py first seen with mtime 1743284255.1020331
File /Users/furkanyilmaz/Desktop/tahminai/tahmin2/venv/lib/python3.13/site-packages/django/utils/dates.py first seen with mtime 1743284255.7324479
File /Users/furkanyilmaz/Desktop/tahminai/tahmin2/venv/lib/python3.13/site-packages/django/utils/autoreload.py first seen with mtime 1743284255.7313817
File /Users/furkanyilmaz/Desktop/tahminai/tahmin2/venv/lib/python3.13/site-packages/django/contrib/auth/base_user.py first seen with mtime 1743284255.3548968
File /Users/furkanyilmaz/Desktop/tahminai/tahmin2/venv/lib/python3.13/site-packages/django/core/files/storage/memory.py first seen with mtime 1743284255.6916165
File /opt/homebrew/Cellar/python@3.13/3.13.2/Frameworks/Python.framework/Versions/3.13/lib/python3.13/numbers.py first seen with mtime 1738680669.0
File /opt/homebrew/Cellar/python@3.13/3.13.2/Frameworks/Python.framework/Versions/3.13/lib/python3.13/copy.py first seen with mtime 1738680669.0
File /opt/homebrew/Cellar/python@3.13/3.13.2/Frameworks/Python.framework/Versions/3.13/lib/python3.13/socketserver.py first seen with mtime 1738680669.0
File /opt/homebrew/Cellar/python@3.13/3.13.2/Frameworks/Python.framework/Versions/3.13/lib/python3.13/re/_parser.py first seen with mtime 1738680669.0
File /opt/homebrew/Cellar/python@3.13/3.13.2/Frameworks/Python.framework/Versions/3.13/lib/python3.13/email/headerregistry.py first seen with mtime 1738680669.0
File /opt/homebrew/Cellar/python@3.13/3.13.2/Frameworks/Python.framework/Versions/3.13/lib/python3.13/lzma.py first seen with mtime 1738680669.0
File /Users/furkanyilmaz/Desktop/tahminai/tahmin2/venv/lib/python3.13/site-packages/django/contrib/admin/decorators.py first seen with mtime 1743284255.2104847
File /Users/furkanyilmaz/Desktop/tahminai/tahmin2/venv/lib/python3.13/site-packages/django/core/files/storage/filesystem.py first seen with mtime 1743284255.6913767
File /opt/homebrew/Cellar/python@3.13/3.13.2/Frameworks/Python.framework/Versions/3.13/lib/python3.13/mimetypes.py first seen with mtime 1738680669.0
File /Users/furkanyilmaz/Desktop/tahminai/tahmin2/venv/lib/python3.13/site-packages/django/views/decorators/csrf.py first seen with mtime 1743284255.7377644
File /Users/furkanyilmaz/Desktop/tahminai/tahmin2/venv/lib/python3.13/site-packages/django/contrib/postgres/validators.py first seen with mtime 1743284255.5537794
File /Users/furkanyilmaz/Desktop/tahminai/tahmin2/matches/models.py first seen with mtime 1743272236.8982046
File /Users/furkanyilmaz/Desktop/tahminai/tahmin2/venv/lib/python3.13/site-packages/django/contrib/contenttypes/apps.py first seen with mtime 1743284255.4031918
File /Users/furkanyilmaz/Desktop/tahminai/tahmin2/venv/lib/python3.13/site-packages/django/template/__init__.py first seen with mtime 1743284255.725449
File /Users/furkanyilmaz/Desktop/tahminai/tahmin2/venv/lib/python3.13/site-packages/django/db/backends/sqlite3/creation.py first seen with mtime 1743284255.7051542
File /Users/furkanyilmaz/Desktop/tahminai/tahmin2/venv/lib/python3.13/site-packages/django/core/cache/backends/filebased.py first seen with mtime 1743284255.6877563
File /Users/furkanyilmaz/Desktop/tahminai/tahmin2/venv/lib/python3.13/site-packages/django/contrib/contenttypes/admin.py first seen with mtime 1743284255.4030862
File /opt/homebrew/Cellar/python@3.13/3.13.2/Frameworks/Python.framework/Versions/3.13/lib/python3.13/fnmatch.py first seen with mtime 1738680669.0
File /Users/furkanyilmaz/Desktop/tahminai/tahmin2/venv/lib/python3.13/site-packages/django/core/servers/basehttp.py first seen with mtime 1743284255.6984777
File /Users/furkanyilmaz/Desktop/tahminai/tahmin2/venv/lib/python3.13/site-packages/django/utils/regex_helper.py first seen with mtime 1743284255.7348793
File /Users/furkanyilmaz/Desktop/tahminai/tahmin2/venv/lib/python3.13/site-packages/sqlparse/engine/__init__.py first seen with mtime 1743284255.101827
File /Users/furkanyilmaz/Desktop/tahminai/tahmin2/venv/lib/python3.13/site-packages/django/forms/forms.py first seen with mtime 1743284255.7151568
File /Users/furkanyilmaz/Desktop/tahminai/tahmin2/venv/lib/python3.13/site-packages/django/core/handlers/asgi.py first seen with mtime 1743284255.691903
File /Users/furkanyilmaz/Desktop/tahminai/tahmin2/betapp/templatetags/custom_filters.py first seen with mtime 1743272236.8633714
File /opt/homebrew/Cellar/python@3.13/3.13.2/Frameworks/Python.framework/Versions/3.13/lib/python3.13/difflib.py first seen with mtime 1738680669.0
File /Users/furkanyilmaz/Desktop/tahminai/tahmin2/venv/lib/python3.13/site-packages/django/db/backends/sqlite3/schema.py first seen with mtime 1743284255.7056522
File /Users/furkanyilmaz/Desktop/tahminai/tahmin2/venv/lib/python3.13/site-packages/django/contrib/postgres/utils.py first seen with mtime 1743284255.5536942
File /Users/furkanyilmaz/Desktop/tahminai/tahmin2/venv/lib/python3.13/site-packages/django/utils/crypto.py first seen with mtime 1743284255.7318354
File /Users/furkanyilmaz/Desktop/tahminai/tahmin2/venv/lib/python3.13/site-packages/django/forms/renderers.py first seen with mtime 1743284255.71552
File /Users/furkanyilmaz/Desktop/tahminai/tahmin2/venv/lib/python3.13/site-packages/django/views/generic/__init__.py first seen with mtime 1743284255.7384176
File /Users/furkanyilmaz/Desktop/tahminai/tahmin2/venv/lib/python3.13/site-packages/sqlparse/filters/reindent.py first seen with mtime 1743284255.1034164
File /opt/homebrew/Cellar/python@3.13/3.13.2/Frameworks/Python.framework/Versions/3.13/lib/python3.13/asyncio/selector_events.py first seen with mtime 1738680669.0
File /Users/furkanyilmaz/Desktop/tahminai/tahmin2/venv/lib/python3.13/site-packages/django/contrib/admin/templatetags/__init__.py first seen with mtime 1743284255.308871
File /Users/furkanyilmaz/Desktop/tahminai/tahmin2/venv/lib/python3.13/site-packages/django/conf/__init__.py first seen with mtime 1743284255.1574972
File /opt/homebrew/Cellar/python@3.13/3.13.2/Frameworks/Python.framework/Versions/3.13/lib/python3.13/lib-dynload/_posixsubprocess.cpython-313-darwin.so first seen with mtime 1743127150.5452409
File /Users/furkanyilmaz/Desktop/tahminai/tahmin2/venv/lib/python3.13/site-packages/django/contrib/postgres/lookups.py first seen with mtime 1743284255.5530615
File /Users/furkanyilmaz/Desktop/tahminai/tahmin2/venv/lib/python3.13/site-packages/django/contrib/postgres/search.py first seen with mtime 1743284255.5534406
File /opt/homebrew/Cellar/python@3.13/3.13.2/Frameworks/Python.framework/Versions/3.13/lib/python3.13/lib-dynload/_blake2.cpython-313-darwin.so first seen with mtime 1743127149.793302
File /Users/furkanyilmaz/Desktop/tahminai/tahmin2/venv/lib/python3.13/site-packages/sqlparse/tokens.py first seen with mtime 1743284255.1014102
File /Users/furkanyilmaz/Desktop/tahminai/tahmin2/venv/lib/python3.13/site-packages/django/db/models/expressions.py first seen with mtime 1743284255.709407
File /Users/furkanyilmaz/Desktop/tahminai/tahmin2/venv/lib/python3.13/site-packages/django/contrib/sessions/models.py first seen with mtime 1743284255.6177742
File /Users/furkanyilmaz/Desktop/tahminai/tahmin2/venv/lib/python3.13/site-packages/django/views/__init__.py first seen with mtime 1743284255.736646
File /Users/furkanyilmaz/Desktop/tahminai/tahmin2/venv/lib/python3.13/site-packages/django/db/models/functions/mixins.py first seen with mtime 1743284255.7128797
File /Users/furkanyilmaz/Desktop/tahminai/tahmin2/venv/lib/python3.13/site-packages/django/utils/deprecation.py first seen with mtime 1743284255.7328477
File /opt/homebrew/Cellar/python@3.13/3.13.2/Frameworks/Python.framework/Versions/3.13/lib/python3.13/email/generator.py first seen with mtime 1738680669.0
File /Users/furkanyilmaz/Desktop/tahminai/tahmin2/venv/lib/python3.13/site-packages/django/core/serializers/python.py first seen with mtime 1743284255.697987
File /opt/homebrew/Cellar/python@3.13/3.13.2/Frameworks/Python.framework/Versions/3.13/lib/python3.13/gettext.py first seen with mtime 1738680669.0
File /opt/homebrew/Cellar/python@3.13/3.13.2/Frameworks/Python.framework/Versions/3.13/lib/python3.13/contextlib.py first seen with mtime 1738680669.0
File /Users/furkanyilmaz/Desktop/tahminai/tahmin2/venv/lib/python3.13/site-packages/django/urls/resolvers.py first seen with mtime 1743284255.7307441
File /Users/furkanyilmaz/Desktop/tahminai/tahmin2/venv/lib/python3.13/site-packages/django/contrib/sessions/base_session.py first seen with mtime 1743284255.6174746
File /Users/furkanyilmaz/Desktop/tahminai/tahmin2/venv/lib/python3.13/site-packages/django/contrib/staticfiles/views.py first seen with mtime 1743284255.684833
File /opt/homebrew/Cellar/python@3.13/3.13.2/Frameworks/Python.framework/Versions/3.13/lib/python3.13/wsgiref/handlers.py first seen with mtime 1738680669.0
File /Users/furkanyilmaz/Desktop/tahminai/tahmin2/venv/lib/python3.13/site-packages/django/db/models/manager.py first seen with mtime 1743284255.7099028
File /Users/furkanyilmaz/Desktop/tahminai/tahmin2/venv/lib/python3.13/site-packages/django/utils/connection.py first seen with mtime 1743284255.7317379
File /opt/homebrew/Cellar/python@3.13/3.13.2/Frameworks/Python.framework/Versions/3.13/lib/python3.13/email/_encoded_words.py first seen with mtime 1738680669.0
File /Users/furkanyilmaz/Desktop/tahminai/tahmin2/venv/lib/python3.13/site-packages/django/contrib/admin/sites.py first seen with mtime 1743284255.211477
File /Users/furkanyilmaz/Desktop/tahminai/tahmin2/venv/lib/python3.13/site-packages/django/db/models/fields/related_lookups.py first seen with mtime 1743284255.7120664
File /Users/furkanyilmaz/Desktop/tahminai/tahmin2/venv/lib/python3.13/site-packages/sqlparse/exceptions.py first seen with mtime 1743284255.1004434
File /Users/furkanyilmaz/Desktop/tahminai/tahmin2/venv/lib/python3.13/site-packages/django/db/backends/base/validation.py first seen with mtime 1743284255.700588
File /Users/furkanyilmaz/Desktop/tahminai/tahmin2/venv/lib/python3.13/site-packages/rest_framework/renderers.py first seen with mtime 1743284381.1558127
File /opt/homebrew/Cellar/python@3.13/3.13.2/Frameworks/Python.framework/Versions/3.13/lib/python3.13/email/mime/text.py first seen with mtime 1738680669.0
File /Users/furkanyilmaz/Desktop/tahminai/tahmin2/venv/lib/python3.13/site-packages/django/contrib/auth/middleware.py first seen with mtime 1743284255.35598
File /opt/homebrew/Cellar/python@3.13/3.13.2/Frameworks/Python.framework/Versions/3.13/lib/python3.13/email/contentmanager.py first seen with mtime 1738680669.0
File /opt/homebrew/Cellar/python@3.13/3.13.2/Frameworks/Python.framework/Versions/3.13/lib/python3.13/selectors.py first seen with mtime 1738680669.0
File /Users/furkanyilmaz/Desktop/tahminai/tahmin2/venv/lib/python3.13/site-packages/sqlparse/engine/statement_splitter.py first seen with mtime 1743284255.1024082
File /Users/furkanyilmaz/Desktop/tahminai/tahmin2/venv/lib/python3.13/site-packages/django/template/response.py first seen with mtime 1743284255.726882
File /Users/furkanyilmaz/Desktop/tahminai/tahmin2/venv/lib/python3.13/site-packages/django/utils/_os.py first seen with mtime 1743284255.7309985
File /opt/homebrew/Cellar/python@3.13/3.13.2/Frameworks/Python.framework/Versions/3.13/lib/python3.13/lib-dynload/grp.cpython-313-darwin.so first seen with mtime 1743127151.266236
File /Users/furkanyilmaz/Desktop/tahminai/tahmin2/venv/lib/python3.13/site-packages/django/db/models/query_utils.py first seen with mtime 1743284255.7103696
File /Users/furkanyilmaz/Desktop/tahminai/tahmin2/venv/lib/python3.13/site-packages/django/contrib/contenttypes/checks.py first seen with mtime 1743284255.4032817
File /opt/homebrew/Cellar/python@3.13/3.13.2/Frameworks/Python.framework/Versions/3.13/lib/python3.13/platform.py first seen with mtime 1738680669.0
File /Users/furkanyilmaz/Desktop/tahminai/tahmin2/venv/lib/python3.13/site-packages/django/urls/__init__.py first seen with mtime 1743284255.7302055
File /Users/furkanyilmaz/Desktop/tahminai/tahmin2/venv/lib/python3.13/site-packages/django/contrib/admin/views/autocomplete.py first seen with mtime 1743284255.309738
File /Users/furkanyilmaz/Desktop/tahminai/tahmin2/venv/lib/python3.13/site-packages/django/utils/numberformat.py first seen with mtime 1743284255.734767
File /opt/homebrew/Cellar/python@3.13/3.13.2/Frameworks/Python.framework/Versions/3.13/lib/python3.13/lib-dynload/_queue.cpython-313-darwin.so first seen with mtime 1743127150.5692432
File /Users/furkanyilmaz/Desktop/tahminai/tahmin2/venv/lib/python3.13/site-packages/django/contrib/messages/constants.py first seen with mtime 1743284255.5512009
File /Users/furkanyilmaz/Desktop/tahminai/tahmin2/venv/lib/python3.13/site-packages/django/core/signals.py first seen with mtime 1743284255.6864486
File /opt/homebrew/Cellar/python@3.13/3.13.2/Frameworks/Python.framework/Versions/3.13/lib/python3.13/lib-dynload/_asyncio.cpython-313-darwin.so first seen with mtime 1743127149.746758
File /opt/homebrew/Cellar/python@3.13/3.13.2/Frameworks/Python.framework/Versions/3.13/lib/python3.13/glob.py first seen with mtime 1738680669.0
File /Users/furkanyilmaz/Desktop/tahminai/tahmin2/venv/lib/python3.13/site-packages/django/db/models/options.py first seen with mtime 1743284255.7100449
File /Users/furkanyilmaz/Desktop/tahminai/tahmin2/venv/lib/python3.13/site-packages/django/utils/timezone.py first seen with mtime 1743284255.7355888
File /Users/furkanyilmaz/Desktop/tahminai/tahmin2/venv/lib/python3.13/site-packages/django/urls/utils.py first seen with mtime 1743284255.730823
File /Users/furkanyilmaz/Desktop/tahminai/tahmin2/venv/lib/python3.13/site-packages/django/core/checks/security/csrf.py first seen with mtime 1743284255.6897738
File /Users/furkanyilmaz/Desktop/tahminai/tahmin2/venv/lib/python3.13/site-packages/django/db/models/sql/subqueries.py first seen with mtime 1743284255.7140868
File /Users/furkanyilmaz/Desktop/tahminai/tahmin2/venv/lib/python3.13/site-packages/django/template/loaders/__init__.py first seen with mtime 1743284255.7277946
File /Users/furkanyilmaz/Desktop/tahminai/tahmin2/venv/lib/python3.13/site-packages/sqlparse/filters/others.py first seen with mtime 1743284255.103076
File /Users/furkanyilmaz/Desktop/tahminai/tahmin2/venv/lib/python3.13/site-packages/django/urls/base.py first seen with mtime 1743284255.7303767
File /opt/homebrew/Cellar/python@3.13/3.13.2/Frameworks/Python.framework/Versions/3.13/lib/python3.13/heapq.py first seen with mtime 1738680669.0
File /opt/homebrew/Cellar/python@3.13/3.13.2/Frameworks/Python.framework/Versions/3.13/lib/python3.13/multiprocessing/__init__.py first seen with mtime 1738680669.0
File /opt/homebrew/Cellar/python@3.13/3.13.2/Frameworks/Python.framework/Versions/3.13/lib/python3.13/logging/__init__.py first seen with mtime 1738680669.0
File /opt/homebrew/Cellar/python@3.13/3.13.2/Frameworks/Python.framework/Versions/3.13/lib/python3.13/re/_casefix.py first seen with mtime 1738680669.0
File /opt/homebrew/Cellar/python@3.13/3.13.2/Frameworks/Python.framework/Versions/3.13/lib/python3.13/wsgiref/simple_server.py first seen with mtime 1738680669.0
File /Users/furkanyilmaz/Desktop/tahminai/tahmin2/venv/lib/python3.13/site-packages/django/contrib/staticfiles/finders.py first seen with mtime 1743284255.684226
File /Users/furkanyilmaz/Desktop/tahminai/tahmin2/venv/lib/python3.13/site-packages/django/db/backends/sqlite3/base.py first seen with mtime 1743284255.7049046
File /Users/furkanyilmaz/Desktop/tahminai/tahmin2/venv/lib/python3.13/site-packages/django/contrib/staticfiles/checks.py first seen with mtime 1743284255.6840394
File /Users/furkanyilmaz/Desktop/tahminai/tahmin2/venv/lib/python3.13/site-packages/django/db/backends/sqlite3/introspection.py first seen with mtime 1743284255.705436
File /opt/homebrew/Cellar/python@3.13/3.13.2/Frameworks/Python.framework/Versions/3.13/lib/python3.13/_compat_pickle.py first seen with mtime 1738680669.0
File /Users/furkanyilmaz/Desktop/tahminai/tahmin2/venv/lib/python3.13/site-packages/django/templatetags/i18n.py first seen with mtime 1743284255.7284594
File /opt/homebrew/Cellar/python@3.13/3.13.2/Frameworks/Python.framework/Versions/3.13/lib/python3.13/asyncio/threads.py first seen with mtime 1738680669.0
File /opt/homebrew/Cellar/python@3.13/3.13.2/Frameworks/Python.framework/Versions/3.13/lib/python3.13/random.py first seen with mtime 1738680669.0
File /opt/homebrew/Cellar/python@3.13/3.13.2/Frameworks/Python.framework/Versions/3.13/lib/python3.13/asyncio/futures.py first seen with mtime 1738680669.0
File /opt/homebrew/Cellar/python@3.13/3.13.2/Frameworks/Python.framework/Versions/3.13/lib/python3.13/hmac.py first seen with mtime 1738680669.0
File /opt/homebrew/Cellar/python@3.13/3.13.2/Frameworks/Python.framework/Versions/3.13/lib/python3.13/asyncio/mixins.py first seen with mtime 1738680669.0
File /Users/furkanyilmaz/Desktop/tahminai/tahmin2/venv/lib/python3.13/site-packages/django/core/files/storage/mixins.py first seen with mtime 1743284255.6916986
File /opt/homebrew/Cellar/python@3.13/3.13.2/Frameworks/Python.framework/Versions/3.13/lib/python3.13/http/__init__.py first seen with mtime 1738680669.0
File /Users/furkanyilmaz/Desktop/tahminai/tahmin2/venv/lib/python3.13/site-packages/django/contrib/sites/shortcuts.py first seen with mtime 1743284255.655236
File /Users/furkanyilmaz/Desktop/tahminai/tahmin2/venv/lib/python3.13/site-packages/pymemcache/client/hash.py first seen with mtime 1743284402.0571685
File /opt/homebrew/Cellar/python@3.13/3.13.2/Frameworks/Python.framework/Versions/3.13/lib/python3.13/pathlib/_abc.py first seen with mtime 1738680669.0
File /opt/homebrew/Cellar/python@3.13/3.13.2/Frameworks/Python.framework/Versions/3.13/lib/python3.13/lib-dynload/_scproxy.cpython-313-darwin.so first seen with mtime 1743127150.6183074
File /Users/furkanyilmaz/Desktop/tahminai/tahmin2/venv/lib/python3.13/site-packages/django/contrib/admin/__init__.py first seen with mtime 1743284255.2099855
File /Users/furkanyilmaz/Desktop/tahminai/tahmin2/venv/lib/python3.13/site-packages/django/db/models/functions/window.py first seen with mtime 1743284255.7131155
File /opt/homebrew/Cellar/python@3.13/3.13.2/Frameworks/Python.framework/Versions/3.13/lib/python3.13/urllib/__init__.py first seen with mtime 1738680669.0
File /opt/homebrew/Cellar/python@3.13/3.13.2/Frameworks/Python.framework/Versions/3.13/lib/python3.13/asyncio/runners.py first seen with mtime 1738680669.0
File /Users/furkanyilmaz/Desktop/tahminai/tahmin2/betapp/urls.py first seen with mtime 1743272428.4692726
File /Users/furkanyilmaz/Desktop/tahminai/tahmin2/venv/lib/python3.13/site-packages/django/contrib/contenttypes/models.py first seen with mtime 1743284255.4037142
File /Users/furkanyilmaz/Desktop/tahminai/tahmin2/venv/lib/python3.13/site-packages/pymemcache/client/__init__.py first seen with mtime 1743284402.056662
File /Users/furkanyilmaz/Desktop/tahminai/tahmin2/venv/lib/python3.13/site-packages/rest_framework/status.py first seen with mtime 1743284381.1575665
File /Users/furkanyilmaz/Desktop/tahminai/tahmin2/venv/lib/python3.13/site-packages/django/templatetags/static.py first seen with mtime 1743284255.72871
File /opt/homebrew/Cellar/python@3.13/3.13.2/Frameworks/Python.framework/Versions/3.13/lib/python3.13/html/parser.py first seen with mtime 1738680669.0
File /opt/homebrew/Cellar/python@3.13/3.13.2/Frameworks/Python.framework/Versions/3.13/lib/python3.13/asyncio/sslproto.py first seen with mtime 1738680669.0
File /opt/homebrew/Cellar/python@3.13/3.13.2/Frameworks/Python.framework/Versions/3.13/lib/python3.13/email/feedparser.py first seen with mtime 1738680669.0
File /Users/furkanyilmaz/Desktop/tahminai/tahmin2/venv/lib/python3.13/site-packages/django/forms/boundfield.py first seen with mtime 1743284255.7148545
File /Users/furkanyilmaz/Desktop/tahminai/tahmin2/venv/lib/python3.13/site-packages/rest_framework/utils/representation.py first seen with mtime 1743284381.2050927
File /Users/furkanyilmaz/Desktop/tahminai/tahmin2/venv/lib/python3.13/site-packages/django/template/loaders/cached.py first seen with mtime 1743284255.7280374
File /opt/homebrew/Cellar/python@3.13/3.13.2/Frameworks/Python.framework/Versions/3.13/lib/python3.13/lib-dynload/_bz2.cpython-313-darwin.so first seen with mtime 1743127149.8163662
File /Users/furkanyilmaz/Desktop/tahminai/tahmin2/venv/lib/python3.13/site-packages/django/db/models/sql/query.py first seen with mtime 1743284255.7138746
File /Users/furkanyilmaz/Desktop/tahminai/tahmin2/venv/lib/python3.13/site-packages/django/views/generic/list.py first seen with mtime 1743284255.7391882
File /Users/furkanyilmaz/Desktop/tahminai/tahmin2/venv/lib/python3.13/site-packages/django/views/decorators/debug.py first seen with mtime 1743284255.737935
File /Users/furkanyilmaz/Desktop/tahminai/tahmin2/venv/lib/python3.13/site-packages/django/views/generic/detail.py first seen with mtime 1743284255.7388625
File /Users/furkanyilmaz/Desktop/tahminai/tahmin2/venv/lib/python3.13/site-packages/django/contrib/auth/apps.py first seen with mtime 1743284255.3545163
File /Users/furkanyilmaz/Desktop/tahminai/tahmin2/venv/lib/python3.13/site-packages/django/core/checks/messages.py first seen with mtime 1743284255.6887093
File /Users/furkanyilmaz/Desktop/tahminai/tahmin2/venv/lib/python3.13/site-packages/django/utils/termcolors.py first seen with mtime 1743284255.73513
File /opt/homebrew/Cellar/python@3.13/3.13.2/Frameworks/Python.framework/Versions/3.13/lib/python3.13/asyncio/protocols.py first seen with mtime 1738680669.0
File /Users/furkanyilmaz/Desktop/tahminai/tahmin2/venv/lib/python3.13/site-packages/sqlparse/cli.py first seen with mtime 1743284255.1003
File /Users/furkanyilmaz/Desktop/tahminai/tahmin2/venv/lib/python3.13/site-packages/django/forms/models.py first seen with mtime 1743284255.715417
File /Users/furkanyilmaz/Desktop/tahminai/tahmin2/venv/lib/python3.13/site-packages/django/contrib/sites/requests.py first seen with mtime 1743284255.655148
File /Users/furkanyilmaz/Desktop/tahminai/tahmin2/venv/lib/python3.13/site-packages/django/db/migrations/__init__.py first seen with mtime 1743284255.7057734
File /Users/furkanyilmaz/Desktop/tahminai/tahmin2/venv/lib/python3.13/site-packages/django/templatetags/cache.py first seen with mtime 1743284255.728356
File /Users/furkanyilmaz/Desktop/tahminai/tahmin2/venv/lib/python3.13/site-packages/django/core/checks/registry.py first seen with mtime 1743284255.6889555
File /Users/furkanyilmaz/Desktop/tahminai/tahmin2/venv/lib/python3.13/site-packages/django/db/backends/base/features.py first seen with mtime 1743284255.7000132
File /Users/furkanyilmaz/Desktop/tahminai/tahmin2/venv/lib/python3.13/site-packages/django/contrib/sessions/__init__.py first seen with mtime 1743284255.6172183
File /Users/furkanyilmaz/Desktop/tahminai/tahmin2/venv/lib/python3.13/site-packages/django/views/decorators/common.py first seen with mtime 1743284255.7376773
File /Users/furkanyilmaz/Desktop/tahminai/tahmin2/venv/lib/python3.13/site-packages/django/core/checks/compatibility/django_4_0.py first seen with mtime 1743284255.6894507
File /Users/furkanyilmaz/Desktop/tahminai/tahmin2/venv/lib/python3.13/site-packages/django/db/models/fields/related.py first seen with mtime 1743284255.7117083
File /Users/furkanyilmaz/Desktop/tahminai/tahmin2/matches/format_league.py first seen with mtime 1743272236.890509
File /Users/furkanyilmaz/Desktop/tahminai/tahmin2/venv/lib/python3.13/site-packages/pymemcache/exceptions.py first seen with mtime 1743284402.0554202
File /Users/furkanyilmaz/Desktop/tahminai/tahmin2/venv/lib/python3.13/site-packages/django/utils/dateparse.py first seen with mtime 1743284255.7323542
File /Users/furkanyilmaz/Desktop/tahminai/tahmin2/venv/lib/python3.13/site-packages/django/db/models/fields/json.py first seen with mtime 1743284255.7113636
File /opt/homebrew/Cellar/python@3.13/3.13.2/Frameworks/Python.framework/Versions/3.13/lib/python3.13/asyncio/streams.py first seen with mtime 1738680669.0
File /Users/furkanyilmaz/Desktop/tahminai/tahmin2/venv/lib/python3.13/site-packages/django/contrib/auth/models.py first seen with mtime 1743284255.3562706
File /Users/furkanyilmaz/Desktop/tahminai/tahmin2/venv/lib/python3.13/site-packages/django/contrib/messages/utils.py first seen with mtime 1743284255.551533
File /opt/homebrew/Cellar/python@3.13/3.13.2/Frameworks/Python.framework/Versions/3.13/lib/python3.13/email/iterators.py first seen with mtime 1738680669.0
File /Users/furkanyilmaz/Desktop/tahminai/tahmin2/venv/lib/python3.13/site-packages/django/apps/registry.py first seen with mtime 1743284255.1572754
File /Users/furkanyilmaz/Desktop/tahminai/tahmin2/venv/lib/python3.13/site-packages/sqlparse/filters/output.py first seen with mtime 1743284255.1031938
File /Users/furkanyilmaz/Desktop/tahminai/tahmin2/venv/lib/python3.13/site-packages/django/middleware/cache.py first seen with mtime 1743284255.724617
File /Users/furkanyilmaz/Desktop/tahminai/tahmin2/venv/lib/python3.13/site-packages/sqlparse/keywords.py first seen with mtime 1743284255.1008341
File /Users/furkanyilmaz/Desktop/tahminai/tahmin2/venv/lib/python3.13/site-packages/django/core/files/move.py first seen with mtime 1743284255.6904292
File /Users/furkanyilmaz/Desktop/tahminai/tahmin2/venv/lib/python3.13/site-packages/rest_framework/utils/serializer_helpers.py first seen with mtime 1743284381.2052877
File /Users/furkanyilmaz/Desktop/tahminai/tahmin2/venv/lib/python3.13/site-packages/whitenoise/__init__.py first seen with mtime 1743289291.915195
File /opt/homebrew/Cellar/python@3.13/3.13.2/Frameworks/Python.framework/Versions/3.13/lib/python3.13/lib-dynload/_contextvars.cpython-313-darwin.so first seen with mtime 1743127149.9806576
File /Users/furkanyilmaz/Desktop/tahminai/tahmin2/venv/lib/python3.13/site-packages/django/utils/text.py first seen with mtime 1743284255.7352433
File /Users/furkanyilmaz/Desktop/tahminai/tahmin2/manage.py first seen with mtime 1743272236.8751497
File /Users/furkanyilmaz/Desktop/tahminai/tahmin2/venv/lib/python3.13/site-packages/django/db/migrations/operations/fields.py first seen with mtime 1743284255.7079108
File /opt/homebrew/Cellar/python@3.13/3.13.2/Frameworks/Python.framework/Versions/3.13/lib/python3.13/dis.py first seen with mtime 1738680669.0
File /Users/furkanyilmaz/Desktop/tahminai/tahmin2/venv/lib/python3.13/site-packages/django/utils/lorem_ipsum.py first seen with mtime 1743284255.7345917
File /Users/furkanyilmaz/Desktop/tahminai/tahmin2/venv/lib/python3.13/site-packages/django/utils/version.py first seen with mtime 1743284255.7358418
File /opt/homebrew/Cellar/python@3.13/3.13.2/Frameworks/Python.framework/Versions/3.13/lib/python3.13/encodings/utf_8.py first seen with mtime 1738680669.0
File /opt/homebrew/Cellar/python@3.13/3.13.2/Frameworks/Python.framework/Versions/3.13/lib/python3.13/ipaddress.py first seen with mtime 1738680669.0
File /Users/furkanyilmaz/Desktop/tahminai/tahmin2/venv/lib/python3.13/site-packages/django/db/migrations/exceptions.py first seen with mtime 1743284255.706014
File /opt/homebrew/Cellar/python@3.13/3.13.2/Frameworks/Python.framework/Versions/3.13/lib/python3.13/http/cookies.py first seen with mtime 1738680669.0
File /Users/furkanyilmaz/Desktop/tahminai/tahmin2/venv/lib/python3.13/site-packages/django/middleware/security.py first seen with mtime 1743284255.7253335
File /opt/homebrew/Cellar/python@3.13/3.13.2/Frameworks/Python.framework/Versions/3.13/lib/python3.13/keyword.py first seen with mtime 1738680669.0
File /Users/furkanyilmaz/Desktop/tahminai/tahmin2/venv/lib/python3.13/site-packages/django/template/loader_tags.py first seen with mtime 1743284255.7267122
File /opt/homebrew/Cellar/python@3.13/3.13.2/Frameworks/Python.framework/Versions/3.13/lib/python3.13/asyncio/transports.py first seen with mtime 1738680669.0
File /Users/furkanyilmaz/Desktop/tahminai/tahmin2/venv/lib/python3.13/site-packages/django/dispatch/dispatcher.py first seen with mtime 1743284255.714464
File /Users/furkanyilmaz/Desktop/tahminai/tahmin2/venv/lib/python3.13/site-packages/django/contrib/postgres/__init__.py first seen with mtime 1743284255.5523417
File /opt/homebrew/Cellar/python@3.13/3.13.2/Frameworks/Python.framework/Versions/3.13/lib/python3.13/email/header.py first seen with mtime 1738680669.0
File /opt/homebrew/Cellar/python@3.13/3.13.2/Frameworks/Python.framework/Versions/3.13/lib/python3.13/functools.py first seen with mtime 1738680669.0
File /opt/homebrew/Cellar/python@3.13/3.13.2/Frameworks/Python.framework/Versions/3.13/lib/python3.13/html/__init__.py first seen with mtime 1738680669.0
File /opt/homebrew/Cellar/python@3.13/3.13.2/Frameworks/Python.framework/Versions/3.13/lib/python3.13/warnings.py first seen with mtime 1738680669.0
File /Users/furkanyilmaz/Desktop/tahminai/tahmin2/venv/lib/python3.13/site-packages/django/contrib/auth/views.py first seen with mtime 1743284255.3571787
File /Users/furkanyilmaz/Desktop/tahminai/tahmin2/venv/lib/python3.13/site-packages/django/core/checks/templates.py first seen with mtime 1743284255.6890354
File /Users/furkanyilmaz/Desktop/tahminai/tahmin2/venv/lib/python3.13/site-packages/rest_framework/utils/json.py first seen with mtime 1743284381.2047138
File /Users/furkanyilmaz/Desktop/tahminai/tahmin2/venv/lib/python3.13/site-packages/django/db/backends/sqlite3/features.py first seen with mtime 1743284255.705333
File /opt/homebrew/Cellar/python@3.13/3.13.2/Frameworks/Python.framework/Versions/3.13/lib/python3.13/_weakrefset.py first seen with mtime 1738680669.0
File /Users/furkanyilmaz/Desktop/tahminai/tahmin2/betapp/__init__.py first seen with mtime 1743272236.8605633
File /opt/homebrew/Cellar/python@3.13/3.13.2/Frameworks/Python.framework/Versions/3.13/lib/python3.13/urllib/response.py first seen with mtime 1738680669.0
File /opt/homebrew/Cellar/python@3.13/3.13.2/Frameworks/Python.framework/Versions/3.13/lib/python3.13/getpass.py first seen with mtime 1738680669.0
File /Users/furkanyilmaz/Desktop/tahminai/tahmin2/matches/templates/newsletter-success.html first seen with mtime 1743272237.0319135
File /Users/furkanyilmaz/Desktop/tahminai/tahmin2/matches/templates/index.html first seen with mtime 1743272237.031742
File /Users/furkanyilmaz/Desktop/tahminai/tahmin2/matches/templates/tasks.py first seen with mtime 1743272237.0319624
File /Users/furkanyilmaz/Desktop/tahminai/tahmin2/matches/templates/matches.html first seen with mtime 1743272237.0318532
File /Users/furkanyilmaz/Desktop/tahminai/tahmin2/matches/templates/ads.txt first seen with mtime 1743272237.031515
File /Users/furkanyilmaz/Desktop/tahminai/tahmin2/matches/templates/details.html first seen with mtime 1743272237.0315948
File /Users/furkanyilmaz/Desktop/tahminai/tahmin2/matches/templates/google67322d1adb8aa749.html first seen with mtime 1743272237.031649
File /Users/furkanyilmaz/Desktop/tahminai/tahmin2/venv/lib/python3.13/site-packages/rest_framework/templates/rest_framework first seen with mtime 1743284381.2025132
File /Users/furkanyilmaz/Desktop/tahminai/tahmin2/venv/lib/python3.13/site-packages/rest_framework/templates/rest_framework/filters first seen with mtime 1743284381.1997523
File /Users/furkanyilmaz/Desktop/tahminai/tahmin2/venv/lib/python3.13/site-packages/rest_framework/templates/rest_framework/pagination first seen with mtime 1743284381.2024157
File /Users/furkanyilmaz/Desktop/tahminai/tahmin2/venv/lib/python3.13/site-packages/rest_framework/templates/rest_framework/admin.html first seen with mtime 1743284381.1961594
File /Users/furkanyilmaz/Desktop/tahminai/tahmin2/venv/lib/python3.13/site-packages/rest_framework/templates/rest_framework/base.html first seen with mtime 1743284381.1964288
File /Users/furkanyilmaz/Desktop/tahminai/tahmin2/venv/lib/python3.13/site-packages/rest_framework/templates/rest_framework/horizontal first seen with mtime 1743284381.2010133
File /Users/furkanyilmaz/Desktop/tahminai/tahmin2/venv/lib/python3.13/site-packages/rest_framework/templates/rest_framework/raw_data_form.html first seen with mtime 1743284381.1967685
File /Users/furkanyilmaz/Desktop/tahminai/tahmin2/venv/lib/python3.13/site-packages/rest_framework/templates/rest_framework/admin first seen with mtime 1743284381.1974614
File /Users/furkanyilmaz/Desktop/tahminai/tahmin2/venv/lib/python3.13/site-packages/rest_framework/templates/rest_framework/login.html first seen with mtime 1743284381.196535
File /Users/furkanyilmaz/Desktop/tahminai/tahmin2/venv/lib/python3.13/site-packages/rest_framework/templates/rest_framework/docs first seen with mtime 1743284381.1987448
File /Users/furkanyilmaz/Desktop/tahminai/tahmin2/venv/lib/python3.13/site-packages/rest_framework/templates/rest_framework/inline first seen with mtime 1743284381.2021887
File /Users/furkanyilmaz/Desktop/tahminai/tahmin2/venv/lib/python3.13/site-packages/rest_framework/templates/rest_framework/login_base.html first seen with mtime 1743284381.1966512
File /Users/furkanyilmaz/Desktop/tahminai/tahmin2/venv/lib/python3.13/site-packages/rest_framework/templates/rest_framework/schema.js first seen with mtime 1743284381.1968734
File /Users/furkanyilmaz/Desktop/tahminai/tahmin2/venv/lib/python3.13/site-packages/rest_framework/templates/rest_framework/api.html first seen with mtime 1743284381.196286
File /Users/furkanyilmaz/Desktop/tahminai/tahmin2/venv/lib/python3.13/site-packages/rest_framework/templates/rest_framework/vertical first seen with mtime 1743284381.2035499
File /Users/furkanyilmaz/Desktop/tahminai/tahmin2/venv/lib/python3.13/site-packages/rest_framework/templates/rest_framework/filters/base.html first seen with mtime 1743284381.199592
File /Users/furkanyilmaz/Desktop/tahminai/tahmin2/venv/lib/python3.13/site-packages/rest_framework/templates/rest_framework/filters/search.html first seen with mtime 1743284381.199802
File /Users/furkanyilmaz/Desktop/tahminai/tahmin2/venv/lib/python3.13/site-packages/rest_framework/templates/rest_framework/filters/ordering.html first seen with mtime 1743284381.1996984
File /Users/furkanyilmaz/Desktop/tahminai/tahmin2/venv/lib/python3.13/site-packages/rest_framework/templates/rest_framework/pagination/numbers.html first seen with mtime 1743284381.2023695
File /Users/furkanyilmaz/Desktop/tahminai/tahmin2/venv/lib/python3.13/site-packages/rest_framework/templates/rest_framework/pagination/previous_and_next.html first seen with mtime 1743284381.2024643
File /Users/furkanyilmaz/Desktop/tahminai/tahmin2/venv/lib/python3.13/site-packages/rest_framework/templates/rest_framework/horizontal/select.html first seen with mtime 1743284381.2008653
File /Users/furkanyilmaz/Desktop/tahminai/tahmin2/venv/lib/python3.13/site-packages/rest_framework/templates/rest_framework/horizontal/dict_field.html first seen with mtime 1743284381.200166
File /Users/furkanyilmaz/Desktop/tahminai/tahmin2/venv/lib/python3.13/site-packages/rest_framework/templates/rest_framework/horizontal/form.html first seen with mtime 1743284381.2003686
File /Users/furkanyilmaz/Desktop/tahminai/tahmin2/venv/lib/python3.13/site-packages/rest_framework/templates/rest_framework/horizontal/list_fieldset.html first seen with mtime 1743284381.2006698
File /Users/furkanyilmaz/Desktop/tahminai/tahmin2/venv/lib/python3.13/site-packages/rest_framework/templates/rest_framework/horizontal/textarea.html first seen with mtime 1743284381.201064
File /Users/furkanyilmaz/Desktop/tahminai/tahmin2/venv/lib/python3.13/site-packages/rest_framework/templates/rest_framework/horizontal/radio.html first seen with mtime 1743284381.2007709
File /Users/furkanyilmaz/Desktop/tahminai/tahmin2/venv/lib/python3.13/site-packages/rest_framework/templates/rest_framework/horizontal/checkbox_multiple.html first seen with mtime 1743284381.2000492
File /Users/furkanyilmaz/Desktop/tahminai/tahmin2/venv/lib/python3.13/site-packages/rest_framework/templates/rest_framework/horizontal/checkbox.html first seen with mtime 1743284381.1999493
File /Users/furkanyilmaz/Desktop/tahminai/tahmin2/venv/lib/python3.13/site-packages/rest_framework/templates/rest_framework/horizontal/fieldset.html first seen with mtime 1743284381.2002695
File /Users/furkanyilmaz/Desktop/tahminai/tahmin2/venv/lib/python3.13/site-packages/rest_framework/templates/rest_framework/horizontal/input.html first seen with mtime 1743284381.200469
File /Users/furkanyilmaz/Desktop/tahminai/tahmin2/venv/lib/python3.13/site-packages/rest_framework/templates/rest_framework/horizontal/select_multiple.html first seen with mtime 1743284381.2009616
File /Users/furkanyilmaz/Desktop/tahminai/tahmin2/venv/lib/python3.13/site-packages/rest_framework/templates/rest_framework/horizontal/list_field.html first seen with mtime 1743284381.2005646
File /Users/furkanyilmaz/Desktop/tahminai/tahmin2/venv/lib/python3.13/site-packages/rest_framework/templates/rest_framework/admin/dict_value.html first seen with mtime 1743284381.1971755
File /Users/furkanyilmaz/Desktop/tahminai/tahmin2/venv/lib/python3.13/site-packages/rest_framework/templates/rest_framework/admin/list.html first seen with mtime 1743284381.1972897
File /Users/furkanyilmaz/Desktop/tahminai/tahmin2/venv/lib/python3.13/site-packages/rest_framework/templates/rest_framework/admin/simple_list_value.html first seen with mtime 1743284381.1975212
File /Users/furkanyilmaz/Desktop/tahminai/tahmin2/venv/lib/python3.13/site-packages/rest_framework/templates/rest_framework/admin/detail.html first seen with mtime 1743284381.197056
File /Users/furkanyilmaz/Desktop/tahminai/tahmin2/venv/lib/python3.13/site-packages/rest_framework/templates/rest_framework/admin/list_value.html first seen with mtime 1743284381.1973999
File /Users/furkanyilmaz/Desktop/tahminai/tahmin2/venv/lib/python3.13/site-packages/rest_framework/templates/rest_framework/docs/link.html first seen with mtime 1743284381.1981735
File /Users/furkanyilmaz/Desktop/tahminai/tahmin2/venv/lib/python3.13/site-packages/rest_framework/templates/rest_framework/docs/index.html first seen with mtime 1743284381.197877
File /Users/furkanyilmaz/Desktop/tahminai/tahmin2/venv/lib/python3.13/site-packages/rest_framework/templates/rest_framework/docs/auth first seen with mtime 1743284381.1986308
File /Users/furkanyilmaz/Desktop/tahminai/tahmin2/venv/lib/python3.13/site-packages/rest_framework/templates/rest_framework/docs/document.html first seen with mtime 1743284381.1976743
File /Users/furkanyilmaz/Desktop/tahminai/tahmin2/venv/lib/python3.13/site-packages/rest_framework/templates/rest_framework/docs/langs first seen with mtime 1743284381.1993752
File /Users/furkanyilmaz/Desktop/tahminai/tahmin2/venv/lib/python3.13/site-packages/rest_framework/templates/rest_framework/docs/interact.html first seen with mtime 1743284381.1979744
File /Users/furkanyilmaz/Desktop/tahminai/tahmin2/venv/lib/python3.13/site-packages/rest_framework/templates/rest_framework/docs/sidebar.html first seen with mtime 1743284381.1982896
File /Users/furkanyilmaz/Desktop/tahminai/tahmin2/venv/lib/python3.13/site-packages/rest_framework/templates/rest_framework/docs/error.html first seen with mtime 1743284381.197776
File /Users/furkanyilmaz/Desktop/tahminai/tahmin2/venv/lib/python3.13/site-packages/rest_framework/templates/rest_framework/inline/select.html first seen with mtime 1743284381.2020538
File /Users/furkanyilmaz/Desktop/tahminai/tahmin2/venv/lib/python3.13/site-packages/rest_framework/templates/rest_framework/inline/dict_field.html first seen with mtime 1743284381.2013967
File /Users/furkanyilmaz/Desktop/tahminai/tahmin2/venv/lib/python3.13/site-packages/rest_framework/templates/rest_framework/inline/form.html first seen with mtime 1743284381.2015855
File /Users/furkanyilmaz/Desktop/tahminai/tahmin2/venv/lib/python3.13/site-packages/rest_framework/templates/rest_framework/inline/list_fieldset.html first seen with mtime 1743284381.201866
File /Users/furkanyilmaz/Desktop/tahminai/tahmin2/venv/lib/python3.13/site-packages/rest_framework/templates/rest_framework/inline/textarea.html first seen with mtime 1743284381.2022333
File /Users/furkanyilmaz/Desktop/tahminai/tahmin2/venv/lib/python3.13/site-packages/rest_framework/templates/rest_framework/inline/radio.html first seen with mtime 1743284381.2019603
File /Users/furkanyilmaz/Desktop/tahminai/tahmin2/venv/lib/python3.13/site-packages/rest_framework/templates/rest_framework/inline/checkbox_multiple.html first seen with mtime 1743284381.201302
File /Users/furkanyilmaz/Desktop/tahminai/tahmin2/venv/lib/python3.13/site-packages/rest_framework/templates/rest_framework/inline/checkbox.html first seen with mtime 1743284381.201207
File /Users/furkanyilmaz/Desktop/tahminai/tahmin2/venv/lib/python3.13/site-packages/rest_framework/templates/rest_framework/inline/fieldset.html first seen with mtime 1743284381.20149
File /Users/furkanyilmaz/Desktop/tahminai/tahmin2/venv/lib/python3.13/site-packages/rest_framework/templates/rest_framework/inline/input.html first seen with mtime 1743284381.201681
File /Users/furkanyilmaz/Desktop/tahminai/tahmin2/venv/lib/python3.13/site-packages/rest_framework/templates/rest_framework/inline/select_multiple.html first seen with mtime 1743284381.2021453
File /Users/furkanyilmaz/Desktop/tahminai/tahmin2/venv/lib/python3.13/site-packages/rest_framework/templates/rest_framework/inline/list_field.html first seen with mtime 1743284381.2017727
File /Users/furkanyilmaz/Desktop/tahminai/tahmin2/venv/lib/python3.13/site-packages/rest_framework/templates/rest_framework/vertical/select.html first seen with mtime 1743284381.2034209
File /Users/furkanyilmaz/Desktop/tahminai/tahmin2/venv/lib/python3.13/site-packages/rest_framework/templates/rest_framework/vertical/dict_field.html first seen with mtime 1743284381.2027965
File /Users/furkanyilmaz/Desktop/tahminai/tahmin2/venv/lib/python3.13/site-packages/rest_framework/templates/rest_framework/vertical/form.html first seen with mtime 1743284381.202975
File /Users/furkanyilmaz/Desktop/tahminai/tahmin2/venv/lib/python3.13/site-packages/rest_framework/templates/rest_framework/vertical/list_fieldset.html first seen with mtime 1743284381.203242
File /Users/furkanyilmaz/Desktop/tahminai/tahmin2/venv/lib/python3.13/site-packages/rest_framework/templates/rest_framework/vertical/textarea.html first seen with mtime 1743284381.203593
File /Users/furkanyilmaz/Desktop/tahminai/tahmin2/venv/lib/python3.13/site-packages/rest_framework/templates/rest_framework/vertical/radio.html first seen with mtime 1743284381.2033305
File /Users/furkanyilmaz/Desktop/tahminai/tahmin2/venv/lib/python3.13/site-packages/rest_framework/templates/rest_framework/vertical/checkbox_multiple.html first seen with mtime 1743284381.2027044
File /Users/furkanyilmaz/Desktop/tahminai/tahmin2/venv/lib/python3.13/site-packages/rest_framework/templates/rest_framework/vertical/checkbox.html first seen with mtime 1743284381.2026107
File /Users/furkanyilmaz/Desktop/tahminai/tahmin2/venv/lib/python3.13/site-packages/rest_framework/templates/rest_framework/vertical/fieldset.html first seen with mtime 1743284381.202882
File /Users/furkanyilmaz/Desktop/tahminai/tahmin2/venv/lib/python3.13/site-packages/rest_framework/templates/rest_framework/vertical/input.html first seen with mtime 1743284381.2030647
File /Users/furkanyilmaz/Desktop/tahminai/tahmin2/venv/lib/python3.13/site-packages/rest_framework/templates/rest_framework/vertical/select_multiple.html first seen with mtime 1743284381.203509
File /Users/furkanyilmaz/Desktop/tahminai/tahmin2/venv/lib/python3.13/site-packages/rest_framework/templates/rest_framework/vertical/list_field.html first seen with mtime 1743284381.2031553
File /Users/furkanyilmaz/Desktop/tahminai/tahmin2/venv/lib/python3.13/site-packages/rest_framework/templates/rest_framework/docs/auth/basic.html first seen with mtime 1743284381.198459
File /Users/furkanyilmaz/Desktop/tahminai/tahmin2/venv/lib/python3.13/site-packages/rest_framework/templates/rest_framework/docs/auth/token.html first seen with mtime 1743284381.1986837
File /Users/furkanyilmaz/Desktop/tahminai/tahmin2/venv/lib/python3.13/site-packages/rest_framework/templates/rest_framework/docs/auth/session.html first seen with mtime 1743284381.1985724
File /Users/furkanyilmaz/Desktop/tahminai/tahmin2/venv/lib/python3.13/site-packages/rest_framework/templates/rest_framework/docs/langs/python.html first seen with mtime 1743284381.1992075
File /Users/furkanyilmaz/Desktop/tahminai/tahmin2/venv/lib/python3.13/site-packages/rest_framework/templates/rest_framework/docs/langs/javascript.html first seen with mtime 1743284381.1989765
File /Users/furkanyilmaz/Desktop/tahminai/tahmin2/venv/lib/python3.13/site-packages/rest_framework/templates/rest_framework/docs/langs/shell.html first seen with mtime 1743284381.1994245
File /Users/furkanyilmaz/Desktop/tahminai/tahmin2/venv/lib/python3.13/site-packages/rest_framework/templates/rest_framework/docs/langs/shell-intro.html first seen with mtime 1743284381.1993184
File /Users/furkanyilmaz/Desktop/tahminai/tahmin2/venv/lib/python3.13/site-packages/rest_framework/templates/rest_framework/docs/langs/python-intro.html first seen with mtime 1743284381.1990945
File /Users/furkanyilmaz/Desktop/tahminai/tahmin2/venv/lib/python3.13/site-packages/rest_framework/templates/rest_framework/docs/langs/javascript-intro.html first seen with mtime 1743284381.198856
File /Users/furkanyilmaz/Desktop/tahminai/tahmin2/venv/lib/python3.13/site-packages/rest_framework/locale/tr_TR/LC_MESSAGES/django.mo first seen with mtime 1743284381.1814094
File /Users/furkanyilmaz/Desktop/tahminai/tahmin2/venv/lib/python3.13/site-packages/rest_framework/locale/tr/LC_MESSAGES/django.mo first seen with mtime 1743284381.1810422
File /Users/furkanyilmaz/Desktop/tahminai/tahmin2/venv/lib/python3.13/site-packages/rest_framework/locale/th/LC_MESSAGES/django.mo first seen with mtime 1743284381.180673
File /Users/furkanyilmaz/Desktop/tahminai/tahmin2/venv/lib/python3.13/site-packages/rest_framework/locale/el_GR/LC_MESSAGES/django.mo first seen with mtime 1743284381.1668863
File /Users/furkanyilmaz/Desktop/tahminai/tahmin2/venv/lib/python3.13/site-packages/rest_framework/locale/lt/LC_MESSAGES/django.mo first seen with mtime 1743284381.1743197
File /Users/furkanyilmaz/Desktop/tahminai/tahmin2/venv/lib/python3.13/site-packages/rest_framework/locale/fa/LC_MESSAGES/django.mo first seen with mtime 1743284381.16957
File /Users/furkanyilmaz/Desktop/tahminai/tahmin2/venv/lib/python3.13/site-packages/rest_framework/locale/en/LC_MESSAGES/django.mo first seen with mtime 1743284381.167335
File /Users/furkanyilmaz/Desktop/tahminai/tahmin2/venv/lib/python3.13/site-packages/rest_framework/locale/et/LC_MESSAGES/django.mo first seen with mtime 1743284381.1691787
File /Users/furkanyilmaz/Desktop/tahminai/tahmin2/venv/lib/python3.13/site-packages/rest_framework/locale/es/LC_MESSAGES/django.mo first seen with mtime 1743284381.1687407
File /Users/furkanyilmaz/Desktop/tahminai/tahmin2/venv/lib/python3.13/site-packages/rest_framework/locale/fr/LC_MESSAGES/django.mo first seen with mtime 1743284381.1707084
File /Users/furkanyilmaz/Desktop/tahminai/tahmin2/venv/lib/python3.13/site-packages/rest_framework/locale/id/LC_MESSAGES/django.mo first seen with mtime 1743284381.1727767
File /Users/furkanyilmaz/Desktop/tahminai/tahmin2/venv/lib/python3.13/site-packages/rest_framework/locale/fi/LC_MESSAGES/django.mo first seen with mtime 1743284381.1703384
File /Users/furkanyilmaz/Desktop/tahminai/tahmin2/venv/lib/python3.13/site-packages/rest_framework/locale/ru_RU/LC_MESSAGES/django.mo first seen with mtime 1743284381.1792076
File /Users/furkanyilmaz/Desktop/tahminai/tahmin2/venv/lib/python3.13/site-packages/rest_framework/locale/az/LC_MESSAGES/django.mo first seen with mtime 1743284381.1635735
File /Users/furkanyilmaz/Desktop/tahminai/tahmin2/venv/lib/python3.13/site-packages/rest_framework/locale/ca_ES/LC_MESSAGES/django.mo first seen with mtime 1743284381.1649332
File /Users/furkanyilmaz/Desktop/tahminai/tahmin2/venv/lib/python3.13/site-packages/rest_framework/locale/de/LC_MESSAGES/django.mo first seen with mtime 1743284381.1662364
File /Users/furkanyilmaz/Desktop/tahminai/tahmin2/venv/lib/python3.13/site-packages/rest_framework/locale/nb/LC_MESSAGES/django.mo first seen with mtime 1743284381.1754487
File /Users/furkanyilmaz/Desktop/tahminai/tahmin2/venv/lib/python3.13/site-packages/rest_framework/locale/bg/LC_MESSAGES/django.mo first seen with mtime 1743284381.164212
File /Users/furkanyilmaz/Desktop/tahminai/tahmin2/venv/lib/python3.13/site-packages/rest_framework/locale/nl/LC_MESSAGES/django.mo first seen with mtime 1743284381.176121
File /Users/furkanyilmaz/Desktop/tahminai/tahmin2/venv/lib/python3.13/site-packages/rest_framework/locale/hu/LC_MESSAGES/django.mo first seen with mtime 1743284381.172066
File /Users/furkanyilmaz/Desktop/tahminai/tahmin2/venv/lib/python3.13/site-packages/rest_framework/locale/gl/LC_MESSAGES/django.mo first seen with mtime 1743284381.171183
File /Users/furkanyilmaz/Desktop/tahminai/tahmin2/venv/lib/python3.13/site-packages/rest_framework/locale/ar/LC_MESSAGES/django.mo first seen with mtime 1743284381.1631227
File /Users/furkanyilmaz/Desktop/tahminai/tahmin2/venv/lib/python3.13/site-packages/rest_framework/locale/mk/LC_MESSAGES/django.mo first seen with mtime 1743284381.1750774
File /Users/furkanyilmaz/Desktop/tahminai/tahmin2/venv/lib/python3.13/site-packages/rest_framework/locale/en_AU/LC_MESSAGES/django.mo first seen with mtime 1743284381.1676245
File /Users/furkanyilmaz/Desktop/tahminai/tahmin2/venv/lib/python3.13/site-packages/rest_framework/locale/uk/LC_MESSAGES/django.mo first seen with mtime 1743284381.181709
File /Users/furkanyilmaz/Desktop/tahminai/tahmin2/venv/lib/python3.13/site-packages/rest_framework/locale/pt/LC_MESSAGES/django.mo first seen with mtime 1743284381.1773913
File /Users/furkanyilmaz/Desktop/tahminai/tahmin2/venv/lib/python3.13/site-packages/rest_framework/locale/zh_CN/LC_MESSAGES/django.mo first seen with mtime 1743284381.182318
File /Users/furkanyilmaz/Desktop/tahminai/tahmin2/venv/lib/python3.13/site-packages/rest_framework/locale/ro/LC_MESSAGES/django.mo first seen with mtime 1743284381.1784577
File /Users/furkanyilmaz/Desktop/tahminai/tahmin2/venv/lib/python3.13/site-packages/rest_framework/locale/fr_CA/LC_MESSAGES/django.mo first seen with mtime 1743284381.170945
File /Users/furkanyilmaz/Desktop/tahminai/tahmin2/venv/lib/python3.13/site-packages/rest_framework/locale/he_IL/LC_MESSAGES/django.mo first seen with mtime 1743284381.1716738
File /Users/furkanyilmaz/Desktop/tahminai/tahmin2/venv/lib/python3.13/site-packages/rest_framework/locale/zh_Hant/LC_MESSAGES/django.mo first seen with mtime 1743284381.183055
File /Users/furkanyilmaz/Desktop/tahminai/tahmin2/venv/lib/python3.13/site-packages/rest_framework/locale/ru/LC_MESSAGES/django.mo first seen with mtime 1743284381.1788003
File /Users/furkanyilmaz/Desktop/tahminai/tahmin2/venv/lib/python3.13/site-packages/rest_framework/locale/zh_Hans/LC_MESSAGES/django.mo first seen with mtime 1743284381.1826808
File /Users/furkanyilmaz/Desktop/tahminai/tahmin2/venv/lib/python3.13/site-packages/rest_framework/locale/ach/LC_MESSAGES/django.mo first seen with mtime 1743284381.1626754
File /Users/furkanyilmaz/Desktop/tahminai/tahmin2/venv/lib/python3.13/site-packages/rest_framework/locale/pt_PT/LC_MESSAGES/django.mo first seen with mtime 1743284381.1780026
File /Users/furkanyilmaz/Desktop/tahminai/tahmin2/venv/lib/python3.13/site-packages/rest_framework/locale/en_CA/LC_MESSAGES/django.mo first seen with mtime 1743284381.168043
File /Users/furkanyilmaz/Desktop/tahminai/tahmin2/venv/lib/python3.13/site-packages/rest_framework/locale/cs/LC_MESSAGES/django.mo first seen with mtime 1743284381.1653726
File /Users/furkanyilmaz/Desktop/tahminai/tahmin2/venv/lib/python3.13/site-packages/rest_framework/locale/zh_TW/LC_MESSAGES/django.mo first seen with mtime 1743284381.1833727
File /Users/furkanyilmaz/Desktop/tahminai/tahmin2/venv/lib/python3.13/site-packages/rest_framework/locale/ca/LC_MESSAGES/django.mo first seen with mtime 1743284381.1646502
File /Users/furkanyilmaz/Desktop/tahminai/tahmin2/venv/lib/python3.13/site-packages/rest_framework/locale/it/LC_MESSAGES/django.mo first seen with mtime 1743284381.173164
File /Users/furkanyilmaz/Desktop/tahminai/tahmin2/venv/lib/python3.13/site-packages/rest_framework/locale/lv/LC_MESSAGES/django.mo first seen with mtime 1743284381.1747012
File /Users/furkanyilmaz/Desktop/tahminai/tahmin2/venv/lib/python3.13/site-packages/rest_framework/locale/el/LC_MESSAGES/django.mo first seen with mtime 1743284381.1665976
File /Users/furkanyilmaz/Desktop/tahminai/tahmin2/venv/lib/python3.13/site-packages/rest_framework/locale/ja/LC_MESSAGES/django.mo first seen with mtime 1743284381.1735353
File /Users/furkanyilmaz/Desktop/tahminai/tahmin2/venv/lib/python3.13/site-packages/rest_framework/locale/ko_KR/LC_MESSAGES/django.mo first seen with mtime 1743284381.1739185
File /Users/furkanyilmaz/Desktop/tahminai/tahmin2/venv/lib/python3.13/site-packages/rest_framework/locale/pt_BR/LC_MESSAGES/django.mo first seen with mtime 1743284381.1777596
File /Users/furkanyilmaz/Desktop/tahminai/tahmin2/venv/lib/python3.13/site-packages/rest_framework/locale/no/LC_MESSAGES/django.mo first seen with mtime 1743284381.1766407
File /Users/furkanyilmaz/Desktop/tahminai/tahmin2/venv/lib/python3.13/site-packages/rest_framework/locale/gl_ES/LC_MESSAGES/django.mo first seen with mtime 1743284381.1714292
File /Users/furkanyilmaz/Desktop/tahminai/tahmin2/venv/lib/python3.13/site-packages/rest_framework/locale/da/LC_MESSAGES/django.mo first seen with mtime 1743284381.1658063
File /Users/furkanyilmaz/Desktop/tahminai/tahmin2/venv/lib/python3.13/site-packages/rest_framework/locale/be/LC_MESSAGES/django.mo first seen with mtime 1743284381.163872
File /Users/furkanyilmaz/Desktop/tahminai/tahmin2/venv/lib/python3.13/site-packages/rest_framework/locale/nn/LC_MESSAGES/django.mo first seen with mtime 1743284381.176388
File /Users/furkanyilmaz/Desktop/tahminai/tahmin2/venv/lib/python3.13/site-packages/rest_framework/locale/hy/LC_MESSAGES/django.mo first seen with mtime 1743284381.1723642
File /Users/furkanyilmaz/Desktop/tahminai/tahmin2/venv/lib/python3.13/site-packages/rest_framework/locale/ne_NP/LC_MESSAGES/django.mo first seen with mtime 1743284381.1757426
File /Users/furkanyilmaz/Desktop/tahminai/tahmin2/venv/lib/python3.13/site-packages/rest_framework/locale/en_US/LC_MESSAGES/django.mo first seen with mtime 1743284381.1683319
File /Users/furkanyilmaz/Desktop/tahminai/tahmin2/venv/lib/python3.13/site-packages/rest_framework/locale/sv/LC_MESSAGES/django.mo first seen with mtime 1743284381.1803212
File /Users/furkanyilmaz/Desktop/tahminai/tahmin2/venv/lib/python3.13/site-packages/rest_framework/locale/vi/LC_MESSAGES/django.mo first seen with mtime 1743284381.1819646
File /Users/furkanyilmaz/Desktop/tahminai/tahmin2/venv/lib/python3.13/site-packages/rest_framework/locale/pl/LC_MESSAGES/django.mo first seen with mtime 1743284381.1770093
File /Users/furkanyilmaz/Desktop/tahminai/tahmin2/venv/lib/python3.13/site-packages/rest_framework/locale/sk/LC_MESSAGES/django.mo first seen with mtime 1743284381.1795793
File /Users/furkanyilmaz/Desktop/tahminai/tahmin2/venv/lib/python3.13/site-packages/rest_framework/locale/sl/LC_MESSAGES/django.mo first seen with mtime 1743284381.1799388
File /Users/furkanyilmaz/Desktop/tahminai/tahmin2/venv/lib/python3.13/site-packages/rest_framework/locale/fa_IR/LC_MESSAGES/django.mo first seen with mtime 1743284381.1699674
File /Users/furkanyilmaz/Desktop/tahminai/tahmin2/matches/migrations/__init__.py first seen with mtime 1743272236.8972332
File /Users/furkanyilmaz/Desktop/tahminai/tahmin2/venv/lib/python3.13/site-packages/django/contrib/admin/migrations/0003_logentry_add_action_flag_choices.py first seen with mtime 1743284255.2809873
File /opt/homebrew/Cellar/python@3.13/3.13.2/Frameworks/Python.framework/Versions/3.13/lib/python3.13/__future__.py first seen with mtime 1738680669.0
File /Users/furkanyilmaz/Desktop/tahminai/tahmin2/matches/migrations/0002_matchresult_away_to_away_count_and_more.py first seen with mtime 1743272236.8966086
File /Users/furkanyilmaz/Desktop/tahminai/tahmin2/venv/lib/python3.13/site-packages/django/contrib/auth/migrations/0010_alter_group_name_max_length.py first seen with mtime 1743284255.4022558
File /Users/furkanyilmaz/Desktop/tahminai/tahmin2/venv/lib/python3.13/site-packages/django/db/migrations/loader.py first seen with mtime 1743284255.706339
File /Users/furkanyilmaz/Desktop/tahminai/tahmin2/venv/lib/python3.13/site-packages/django/db/models/sql/compiler.py first seen with mtime 1743284255.7134116
File /Users/furkanyilmaz/Desktop/tahminai/tahmin2/venv/lib/python3.13/site-packages/django/conf/urls/__init__.py first seen with mtime 1743284255.2095296
File /Users/furkanyilmaz/Desktop/tahminai/tahmin2/venv/lib/python3.13/site-packages/whitenoise/middleware.py first seen with mtime 1743289291.915923
File /Users/furkanyilmaz/Desktop/tahminai/tahmin2/venv/lib/python3.13/site-packages/django/contrib/staticfiles/storage.py first seen with mtime 1743284255.6844614
File /Users/furkanyilmaz/Desktop/tahminai/tahmin2/venv/lib/python3.13/site-packages/django/contrib/sessions/exceptions.py first seen with mtime 1743284255.6175728
File /Users/furkanyilmaz/Desktop/tahminai/tahmin2/venv/lib/python3.13/site-packages/django/contrib/sessions/backends/__init__.py first seen with mtime 1743284255.6179824
File /Users/furkanyilmaz/Desktop/tahminai/tahmin2/matches/migrations/0005_rename_common_name_globalteam_team_name.py first seen with mtime 1743272236.8968875
File /Users/furkanyilmaz/Desktop/tahminai/tahmin2/betapp/wsgi.py first seen with mtime 1743292506.784203
File /Users/furkanyilmaz/Desktop/tahminai/tahmin2/venv/lib/python3.13/site-packages/django/db/migrations/executor.py first seen with mtime 1743284255.706118
File /Users/furkanyilmaz/Desktop/tahminai/tahmin2/venv/lib/python3.13/site-packages/django/contrib/auth/migrations/__init__.py first seen with mtime 1743284255.402463
File /Users/furkanyilmaz/Desktop/tahminai/tahmin2/venv/lib/python3.13/site-packages/django/contrib/auth/migrations/0002_alter_permission_name_max_length.py first seen with mtime 1743284255.4015865
File /Users/furkanyilmaz/Desktop/tahminai/tahmin2/matches/migrations/0011_remove_matchresult_korner8_5ust.py first seen with mtime 1743293443.0459373
File /Users/furkanyilmaz/Desktop/tahminai/tahmin2/venv/lib/python3.13/site-packages/django/contrib/auth/migrations/0006_require_contenttypes_0002.py first seen with mtime 1743284255.4019141
File /Users/furkanyilmaz/Desktop/tahminai/tahmin2/matches/migrations/0001_initial.py first seen with mtime 1743272236.8964453
File /Users/furkanyilmaz/Desktop/tahminai/tahmin2/matches/migrations/0003_globalteam_transitionmatch_alter_matchresult_date.py first seen with mtime 1743272236.8967595
File /Users/furkanyilmaz/Desktop/tahminai/tahmin2/matches/migrations/0007_globalteam_matches_played.py first seen with mtime 1743272236.897017
File /opt/homebrew/Cellar/python@3.13/3.13.2/Frameworks/Python.framework/Versions/3.13/lib/python3.13/stringprep.py first seen with mtime 1738680669.0
File /Users/furkanyilmaz/Desktop/tahminai/tahmin2/venv/lib/python3.13/site-packages/django/contrib/auth/migrations/0003_alter_user_email_max_length.py first seen with mtime 1743284255.4016697
File /Users/furkanyilmaz/Desktop/tahminai/tahmin2/venv/lib/python3.13/site-packages/django/contrib/contenttypes/migrations/__init__.py first seen with mtime 1743284255.434827
File /Users/furkanyilmaz/Desktop/tahminai/tahmin2/venv/lib/python3.13/site-packages/django/contrib/auth/migrations/0001_initial.py first seen with mtime 1743284255.4015002
File /Users/furkanyilmaz/Desktop/tahminai/tahmin2/venv/lib/python3.13/site-packages/django/contrib/admin/migrations/0002_logentry_remove_auto_add.py first seen with mtime 1743284255.280883
File /Users/furkanyilmaz/Desktop/tahminai/tahmin2/venv/lib/python3.13/site-packages/django/contrib/admin/migrations/__init__.py first seen with mtime 1743284255.2810307
File /Users/furkanyilmaz/Desktop/tahminai/tahmin2/venv/lib/python3.13/site-packages/django/contrib/contenttypes/migrations/0001_initial.py first seen with mtime 1743284255.434684
File /Users/furkanyilmaz/Desktop/tahminai/tahmin2/matches/migrations/0009_matchresult_country_pastmatches_country.py first seen with mtime 1743272236.8971395
File /Users/furkanyilmaz/Desktop/tahminai/tahmin2/venv/lib/python3.13/site-packages/django/contrib/auth/migrations/0005_alter_user_last_login_null.py first seen with mtime 1743284255.401834
File /Users/furkanyilmaz/Desktop/tahminai/tahmin2/venv/lib/python3.13/site-packages/whitenoise/base.py first seen with mtime 1743289291.9153867
File /Users/furkanyilmaz/Desktop/tahminai/tahmin2/venv/lib/python3.13/site-packages/django/contrib/sessions/migrations/__init__.py first seen with mtime 1743284255.6535628
File /Users/furkanyilmaz/Desktop/tahminai/tahmin2/venv/lib/python3.13/site-packages/django/contrib/messages/middleware.py first seen with mtime 1743284255.551371
File /Users/furkanyilmaz/Desktop/tahminai/tahmin2/venv/lib/python3.13/site-packages/django/contrib/admin/migrations/0001_initial.py first seen with mtime 1743284255.2807603
File /Users/furkanyilmaz/Desktop/tahminai/tahmin2/venv/lib/python3.13/site-packages/django/contrib/contenttypes/migrations/0002_remove_content_type_name.py first seen with mtime 1743284255.4347832
File /Users/furkanyilmaz/Desktop/tahminai/tahmin2/venv/lib/python3.13/site-packages/django/contrib/sessions/backends/base.py first seen with mtime 1743284255.6181307
File /Users/furkanyilmaz/Desktop/tahminai/tahmin2/venv/lib/python3.13/site-packages/django/middleware/clickjacking.py first seen with mtime 1743284255.724703
File /Users/furkanyilmaz/Desktop/tahminai/tahmin2/venv/lib/python3.13/site-packages/whitenoise/string_utils.py first seen with mtime 1743289291.916291
File /Users/furkanyilmaz/Desktop/tahminai/tahmin2/venv/lib/python3.13/site-packages/django/db/migrations/graph.py first seen with mtime 1743284255.7062306
File /Users/furkanyilmaz/Desktop/tahminai/tahmin2/matches/migrations/0010_matchresult_korner8_5ust_alter_matchresult_league.py first seen with mtime 1743272236.8972044
File /Users/furkanyilmaz/Desktop/tahminai/tahmin2/venv/lib/python3.13/site-packages/django/contrib/sessions/migrations/0001_initial.py first seen with mtime 1743284255.6535037
File /Users/furkanyilmaz/Desktop/tahminai/tahmin2/venv/lib/python3.13/site-packages/django/contrib/auth/migrations/0008_alter_user_username_max_length.py first seen with mtime 1743284255.4020824
File /Users/furkanyilmaz/Desktop/tahminai/tahmin2/matches/migrations/0006_rename_away_team_name_pastmatches_away_team_and_more.py first seen with mtime 1743272236.8969476
File /Users/furkanyilmaz/Desktop/tahminai/tahmin2/venv/lib/python3.13/site-packages/whitenoise/responders.py first seen with mtime 1743289291.9160573
File /Users/furkanyilmaz/Desktop/tahminai/tahmin2/venv/lib/python3.13/site-packages/django/contrib/auth/migrations/0004_alter_user_username_opts.py first seen with mtime 1743284255.401753
File /Users/furkanyilmaz/Desktop/tahminai/tahmin2/venv/lib/python3.13/site-packages/django/middleware/common.py first seen with mtime 1743284255.7248826
File /Users/furkanyilmaz/Desktop/tahminai/tahmin2/matches/migrations/0004_rename_transitionmatch_pastmatches.py first seen with mtime 1743272236.8968225
File /Users/furkanyilmaz/Desktop/tahminai/tahmin2/venv/lib/python3.13/site-packages/django/contrib/auth/migrations/0007_alter_validators_add_error_messages.py first seen with mtime 1743284255.401999
File /Users/furkanyilmaz/Desktop/tahminai/tahmin2/venv/lib/python3.13/site-packages/django/contrib/sessions/backends/db.py first seen with mtime 1743284255.6186526
File /Users/furkanyilmaz/Desktop/tahminai/tahmin2/venv/lib/python3.13/site-packages/whitenoise/media_types.py first seen with mtime 1743289291.91576
File /Users/furkanyilmaz/Desktop/tahminai/tahmin2/venv/lib/python3.13/site-packages/django/contrib/auth/migrations/0009_alter_user_last_name_max_length.py first seen with mtime 1743284255.4021654
File /opt/homebrew/Cellar/python@3.13/3.13.2/Frameworks/Python.framework/Versions/3.13/lib/python3.13/encodings/idna.py first seen with mtime 1738680669.0
File /Users/furkanyilmaz/Desktop/tahminai/tahmin2/venv/lib/python3.13/site-packages/django/views/defaults.py first seen with mtime 1743284255.737009
File /Users/furkanyilmaz/Desktop/tahminai/tahmin2/matches/migrations/0008_matchresult_p_3plus.py first seen with mtime 1743272236.8970816
File /Users/furkanyilmaz/Desktop/tahminai/tahmin2/venv/lib/python3.13/site-packages/django/contrib/sessions/middleware.py first seen with mtime 1743284255.6176753
File /Users/furkanyilmaz/Desktop/tahminai/tahmin2/venv/lib/python3.13/site-packages/django/contrib/auth/migrations/0011_update_proxy_permissions.py first seen with mtime 1743284255.4023466
File /Users/furkanyilmaz/Desktop/tahminai/tahmin2/venv/lib/python3.13/site-packages/django/contrib/auth/migrations/0012_alter_user_first_name_max_length.py first seen with mtime 1743284255.4024262
File /Users/furkanyilmaz/Desktop/tahminai/tahmin2/venv/lib/python3.13/site-packages/django/db/migrations/recorder.py first seen with mtime 1743284255.7068057
"GET /matches?date=2025-03-30 HTTP/1.1" 200 38686
Not Found: /static/logos/greuther-f-rth.png
"GET /static/logos/greuther-f-rth.png HTTP/1.1" 404 179
Not Found: /static/logos/schalke-04.png
"GET /static/logos/fiorentina.png HTTP/1.1" 304 0
"GET /static/logos/inter-milan.png HTTP/1.1" 304 0
"GET /static/logos/monza.png HTTP/1.1" 304 0
"GET /static/logos/schalke-04.png HTTP/1.1" 404 179
"GET /static/logos/italy-serie-a.png HTTP/1.1" 304 0
"GET /static/logos/atalanta.png HTTP/1.1" 304 0
"GET /static/logos/cagliari.png HTTP/1.1" 304 0
"GET /static/logos/udinese.png HTTP/1.1" 304 0
"GET /static/logos/napoli.png HTTP/1.1" 304 0
"GET /static/logos/freiburg.png HTTP/1.1" 304 0
"GET /static/logos/ac-milan.png HTTP/1.1" 304 0
"GET /static/logos/germany-bundesliga.png HTTP/1.1" 304 0
"GET /static/logos/union-berlin.png HTTP/1.1" 304 0
"GET /static/logos/borussia-dortmund.png HTTP/1.1" 304 0
"GET /static/logos/mainz-05.png HTTP/1.1" 304 0
"GET /static/logos/angers-sco.png HTTP/1.1" 304 0
"GET /static/logos/france-ligue-1.png HTTP/1.1" 304 0
"GET /static/logos/rennes.png HTTP/1.1" 304 0
"GET /static/logos/auxerre.png HTTP/1.1" 304 0
"GET /static/logos/nantes.png HTTP/1.1" 304 0
"GET /static/logos/montpellier.png HTTP/1.1" 304 0
"GET /static/logos/le-havre.png HTTP/1.1" 304 0
"GET /static/logos/toulouse.png HTTP/1.1" 304 0
"GET /static/logos/brest.png HTTP/1.1" 304 0
"GET /static/logos/lille.png HTTP/1.1" 304 0
"GET /static/logos/netherlands-eredivisie.png HTTP/1.1" 304 0
"GET /static/logos/lens.png HTTP/1.1" 304 0
"GET /static/logos/heracles.png HTTP/1.1" 304 0
"GET /static/logos/twente.png HTTP/1.1" 304 0
"GET /static/logos/utrecht.png HTTP/1.1" 304 0
"GET /static/logos/heerenveen.png HTTP/1.1" 304 0
"GET /static/logos/germany-2-bundesliga.png HTTP/1.1" 304 0
"GET /static/logos/feyenoord.png HTTP/1.1" 304 0
"GET /static/logos/psv.png HTTP/1.1" 304 0
"GET /static/logos/go-ahead-eagles.png HTTP/1.1" 304 0
"GET /static/logos/ajax.png HTTP/1.1" 304 0
Not Found: /static/logos/preu-en-m-nster.png
Not Found: /static/logos/eintracht-braunschweig.png
"GET /static/logos/preu-en-m-nster.png HTTP/1.1" 404 179
"GET /static/logos/eintracht-braunschweig.png HTTP/1.1" 404 179
Not Found: /static/logos/jahn-regensburg.png
Not Found: /static/logos/n-rnberg.png
"GET /static/logos/jahn-regensburg.png HTTP/1.1" 404 179
"GET /static/logos/n-rnberg.png HTTP/1.1" 404 179
File /opt/homebrew/Cellar/python@3.13/3.13.2/Frameworks/Python.framework/Versions/3.13/lib/python3.13/_strptime.py first seen with mtime 1738680669.0
File /Users/furkanyilmaz/Desktop/tahminai/tahmin2/venv/lib/python3.13/site-packages/django/contrib/auth/context_processors.py first seen with mtime 1743284255.3553386
File /Users/furkanyilmaz/Desktop/tahminai/tahmin2/venv/lib/python3.13/site-packages/django/conf/locale/en/__init__.py first seen with mtime 1743284255.1677804
File /Users/furkanyilmaz/Desktop/tahminai/tahmin2/venv/lib/python3.13/site-packages/django/conf/locale/en/formats.py first seen with mtime 1743284255.167893
File /Users/furkanyilmaz/Desktop/tahminai/tahmin2/venv/lib/python3.13/site-packages/django/contrib/messages/context_processors.py first seen with mtime 1743284255.5512862
File /Users/furkanyilmaz/Desktop/tahminai/tahmin2/venv/lib/python3.13/site-packages/django/contrib/messages/storage/cookie.py first seen with mtime 1743284255.5520957
File /Users/furkanyilmaz/Desktop/tahminai/tahmin2/venv/lib/python3.13/site-packages/django/contrib/messages/storage/session.py first seen with mtime 1743284255.552261
File /Users/furkanyilmaz/Desktop/tahminai/tahmin2/venv/lib/python3.13/site-packages/django/contrib/messages/storage/fallback.py first seen with mtime 1743284255.5521786
File /Users/furkanyilmaz/Desktop/tahminai/tahmin2/venv/lib/python3.13/site-packages/django/template/context_processors.py first seen with mtime 1743284255.7259018
File /Users/furkanyilmaz/Desktop/tahminai/tahmin2/venv/lib/python3.13/site-packages/django/contrib/sessions/serializers.py first seen with mtime 1743284255.6178787
