timestamp,date_GMT,status,attendance,home_team_name,away_team_name,referee,Game Week,Pre-Match PPG (Home),Pre-Match PPG (Away),home_ppg,away_ppg,home_team_goal_count,away_team_goal_count,total_goal_count,total_goals_at_half_time,home_team_goal_count_half_time,away_team_goal_count_half_time,home_team_goal_timings,away_team_goal_timings,home_team_corner_count,away_team_corner_count,home_team_yellow_cards,home_team_red_cards,away_team_yellow_cards,away_team_red_cards,home_team_first_half_cards,home_team_second_half_cards,away_team_first_half_cards,away_team_second_half_cards,home_team_shots,away_team_shots,home_team_shots_on_target,away_team_shots_on_target,home_team_shots_off_target,away_team_shots_off_target,home_team_fouls,away_team_fouls,home_team_possession,away_team_possession,Home Team Pre-Match xG,Away Team Pre-Match xG,team_a_xg,team_b_xg,average_goals_per_match_pre_match,btts_percentage_pre_match,over_15_percentage_pre_match,over_25_percentage_pre_match,over_35_percentage_pre_match,over_45_percentage_pre_match,over_15_HT_FHG_percentage_pre_match,over_05_HT_FHG_percentage_pre_match,over_15_2HG_percentage_pre_match,over_05_2HG_percentage_pre_match,average_corners_per_match_pre_match,average_cards_per_match_pre_match,odds_ft_home_team_win,odds_ft_draw,odds_ft_away_team_win,odds_ft_over15,odds_ft_over25,odds_ft_over35,odds_ft_over45,odds_btts_yes,odds_btts_no,stadium_name
1722019500,Jul 26 2024 - 6:45pm,complete,N/A,Club Brugge,KV Mechelen,Erik Lambrechts,1,0.00,0.00,2.20,1.00,1,1,2,0,0,0,"51","65",7,2,1,0,2,0,0,1,0,2,30,6,9,3,9,2,14,8,58,42,0.00,0.00,2.35,0.78,0.00,0,0,0,0,0,0,0,0,0,0.00,0.00,1.40,4.30,7.50,1.18,1.64,2.45,4.33,1.80,1.95,Jan Breydelstadion (Brugge)
1722088800,Jul 27 2024 - 2:00pm,complete,N/A,FCV Dender EH,Union Saint-Gilloise,Wesli De Cremer,1,0.00,0.00,1.13,1.47,0,0,0,0,0,0,"","",4,6,4,0,2,0,0,4,1,1,6,13,0,5,4,5,14,7,31,69,0.00,0.00,0.45,1.58,0.00,0,0,0,0,0,0,0,0,0,0.00,0.00,6.50,4.75,1.46,1.16,1.53,2.25,4.20,1.70,2.05,DENDER Football Complex (Denderleeuw)
1722096900,Jul 27 2024 - 4:15pm,complete,N/A,Beerschot-Wilrijk,OH Leuven,Bert Put,1,0.00,0.00,1.07,0.60,0,0,0,0,0,0,"","",2,6,2,0,1,0,0,2,0,1,2,10,0,3,2,5,16,15,51,49,0.00,0.00,0.45,1.07,0.00,0,0,0,0,0,0,0,0,0,0.00,0.00,2.60,3.25,2.27,1.25,1.73,3.10,5.50,1.67,2.10,Olympisch Stadion (Antwerp (Anvers))
1722105900,Jul 27 2024 - 6:45pm,complete,N/A,RSC Anderlecht,Sint-Truiden,Jasper Vergoote,1,0.00,0.00,1.80,0.60,1,0,1,0,0,0,"90'2","",6,0,0,0,0,0,0,0,0,0,12,3,4,0,4,3,8,10,66,34,0.00,0.00,1.37,0.27,0.00,0,0,0,0,0,0,0,0,0,0.00,0.00,1.57,4.20,5.50,1.20,1.61,2.70,4.75,1.75,2.00,Lotto Park (Bruxelles (Brussel))
1722166200,Jul 28 2024 - 11:30am,complete,N/A,KRC Genk,Standard Liège,Lothar D'hondt,1,0.00,0.00,2.73,0.93,0,0,0,0,0,0,"","",10,1,0,0,4,0,0,0,2,2,22,5,4,2,10,3,12,14,76,24,0.00,0.00,1.58,0.59,0.00,0,0,0,0,0,0,0,0,0,0.00,0.00,1.40,4.30,7.50,1.18,1.60,2.20,4.33,1.67,2.10,Cegeka Arena (Genk)
1722175200,Jul 28 2024 - 2:00pm,complete,N/A,KV Kortrijk,KAA Gent,Nathan Verboomen,1,0.00,0.00,1.13,1.33,0,1,1,0,0,0,"","59",8,4,3,0,2,0,1,2,1,1,17,9,6,3,4,5,10,7,36,64,0.00,0.00,1.43,1.15,0.00,0,0,0,0,0,0,0,0,0,0.00,0.00,5.00,4.33,1.53,1.16,1.53,2.38,4.20,1.62,2.20,Guldensporenstadion (Kortrijk)
1722184200,Jul 28 2024 - 4:30pm,complete,N/A,Sporting Charleroi,Royal Antwerp FC,Lawrence Visser,1,0.00,0.00,1.47,1.27,0,1,1,1,0,1,"","10",5,6,5,0,2,0,1,4,0,2,13,13,6,5,6,6,15,7,50,50,0.00,0.00,1.65,1.29,0.00,0,0,0,0,0,0,0,0,0,0.00,0.00,3.35,3.50,2.00,1.22,1.65,2.85,5.00,1.62,2.20,Stade du Pays de Charleroi (Charleroi)
1722186900,Jul 28 2024 - 5:15pm,complete,N/A,KVC Westerlo,Cercle Brugge,Kevin Van Damme,1,0.00,0.00,1.47,0.73,3,0,3,1,1,0,"18,55,64","",6,7,0,0,1,0,0,0,0,1,11,13,7,5,2,4,9,12,48,52,0.00,0.00,1.27,1.51,0.00,0,0,0,0,0,0,0,0,0,0.00,0.00,2.95,3.60,2.15,1.17,1.55,2.35,4.20,1.50,2.50,Het Kuipje (Westerlo)
1722624300,Aug 02 2024 - 6:45pm,complete,N/A,Union Saint-Gilloise,Beerschot-Wilrijk,Nicolas Laforge,2,0.00,0.00,2.20,0.13,3,1,4,2,2,0,"2,42,83","48",4,6,2,0,2,0,1,1,1,1,11,7,5,3,3,1,12,10,54,46,0.00,0.00,1.53,0.78,0.00,0,0,0,0,0,0,0,0,0,0.00,0.00,1.25,5.50,11.00,1.22,1.71,2.90,5.00,2.25,1.60,Stade Joseph Mariën (Bruxelles (Brussels))
1722693600,Aug 03 2024 - 2:00pm,complete,N/A,KV Mechelen,KVC Westerlo,Bram Van Driessche,2,0.00,0.00,1.53,1.00,2,4,6,2,0,2,"65,88","18,36,79,90'5",8,4,4,0,4,0,1,3,0,4,13,22,5,10,4,6,14,13,56,44,0.00,0.00,0.96,1.80,0.00,0,0,0,0,0,0,0,0,0,0.00,0.00,1.85,3.80,3.60,1.12,1.58,2.00,3.60,1.44,2.63,AFAS Stadion (Mechelen (Malines))
1722701700,Aug 03 2024 - 4:15pm,complete,N/A,OH Leuven,KRC Genk,Wesli De Cremer,2,0.00,0.00,1.81,1.80,3,1,4,2,2,0,"22,36,85","62",2,10,2,0,2,0,1,1,2,0,12,19,6,8,3,7,12,16,36,64,0.00,0.00,1.23,2.14,0.00,0,0,0,0,0,0,0,0,0,0.00,0.00,3.30,3.40,2.05,1.18,1.43,2.00,4.32,1.50,2.45,King Power at Den Dreef Stadion (Heverlee)
1722710700,Aug 03 2024 - 6:45pm,complete,N/A,Sint-Truiden,Sporting Charleroi,Bert Put,2,0.00,0.00,1.47,1.00,1,4,5,4,0,4,"61","18,30,43,45'1",3,3,1,0,1,0,1,0,0,1,9,20,4,8,4,8,9,13,54,46,0.00,0.00,0.79,1.72,0.00,0,0,0,0,0,0,0,0,0,0.00,0.00,2.30,3.30,2.80,1.25,1.75,3.10,5.70,1.67,2.10,Daio Wasabi Stayen Stadium (Sint-Truiden (St.-Trond))
1722771000,Aug 04 2024 - 11:30am,complete,N/A,Royal Antwerp FC,RSC Anderlecht,Erik Lambrechts,2,0.00,0.00,1.80,1.60,1,2,3,2,1,1,"34","25,80",7,2,2,0,0,0,1,1,0,0,31,11,8,5,17,4,17,11,42,58,0.00,0.00,2.53,1.36,0.00,0,0,0,0,0,0,0,0,0,0.00,0.00,2.75,3.55,2.45,1.24,1.72,2.86,5.16,1.62,2.20,Bosuilstadion (Deurne)
1722780000,Aug 04 2024 - 2:00pm,complete,N/A,Cercle Brugge,KV Kortrijk,Wim Smet,2,0.00,0.00,1.40,0.60,1,2,3,2,1,1,"44","14,68",14,7,2,0,3,0,0,2,1,2,24,12,7,7,9,2,7,13,68,32,0.00,0.00,2.16,1.40,0.00,0,0,0,0,0,0,0,0,0,0.00,0.00,1.52,4.48,5.20,1.20,1.61,2.22,4.50,1.70,2.05,Jan Breydelstadion (Brugge)
1722789000,Aug 04 2024 - 4:30pm,complete,N/A,Standard Liège,Club Brugge,Lawrence Visser,2,0.00,0.00,1.67,1.73,1,0,1,0,0,0,"64","",3,10,0,0,2,0,0,0,0,2,11,17,3,7,5,4,10,8,33,67,0.00,0.00,0.94,1.64,0.00,0,0,0,0,0,0,0,0,0,0.00,0.00,4.84,4.21,1.59,1.20,1.61,2.55,4.50,1.70,2.05,Stade Maurice Dufrasne (Liège (Luik))
1722791700,Aug 04 2024 - 5:15pm,complete,N/A,KAA Gent,FCV Dender EH,Jan Boterberg,2,0.00,0.00,1.67,1.00,1,2,3,1,0,1,"47","23,86",6,3,0,0,3,0,0,0,0,3,16,18,4,6,6,8,8,13,65,35,0.00,0.00,1.52,1.47,0.00,0,0,0,0,0,0,0,0,0,0.00,0.00,1.33,5.21,7.54,1.20,1.60,2.75,4.75,2.10,1.68,Planet Group Arena (Gent)
1723229100,Aug 09 2024 - 6:45pm,complete,N/A,Standard Liège,KV Mechelen,Jan Boterberg,3,3.00,1.00,1.67,1.00,0,0,0,0,0,0,"","",6,3,1,0,1,0,0,1,0,1,18,10,5,3,8,4,7,9,40,60,0.94,0.78,1.39,0.88,1.50,50,50,0,0,0,0,0,50,100,5.00,2.00,2.15,3.46,3.19,1.20,1.65,2.58,4.67,1.50,2.35,Stade Maurice Dufrasne (Liège (Luik))
1723298400,Aug 10 2024 - 2:00pm,complete,N/A,FCV Dender EH,KV Kortrijk,N/A,3,1.00,3.00,1.13,0.60,4,1,5,3,2,1,"23,36,68,88","39",3,9,0,0,3,1,0,0,1,3,13,10,7,3,4,5,10,8,50,50,0.45,1.40,1.43,1.23,1.50,50,50,50,0,0,50,50,0,50,11.00,7.00,2.13,3.45,2.99,1.27,1.83,3.30,6.40,1.68,2.10,DENDER Football Complex (Denderleeuw)
1723306500,Aug 10 2024 - 4:15pm,complete,N/A,KVC Westerlo,Union Saint-Gilloise,Jasper Vergoote,3,3.00,1.00,1.47,1.47,4,3,7,4,3,1,"14,17,32,54","5,70,90'2",5,6,5,0,3,0,0,5,2,1,26,15,10,8,8,2,11,15,46,54,1.27,1.58,2.21,1.49,1.50,0,50,50,0,0,0,50,50,50,12.00,2.00,4.53,4.26,1.62,1.15,1.57,2.25,4.10,1.58,2.25,Het Kuipje (Westerlo)
1723315500,Aug 10 2024 - 6:45pm,complete,N/A,RSC Anderlecht,OH Leuven,Lawrence Visser,3,3.00,1.00,1.80,0.60,1,1,2,2,1,1,"36","44",9,4,3,0,2,0,2,1,0,2,20,11,3,5,10,4,10,14,60,40,1.37,1.07,1.47,1.22,0.50,0,0,0,0,0,0,0,0,50,12.00,1.00,1.52,4.22,5.58,1.33,1.98,3.60,7.00,1.90,1.87,Lotto Park (Bruxelles (Brussel))
1723375800,Aug 11 2024 - 11:30am,complete,N/A,KRC Genk,Club Brugge,Nicolas Laforge,3,1.00,0.00,2.73,1.73,3,2,5,1,0,1,"68,83,90'4","45,60",5,4,2,0,2,0,1,1,1,1,15,18,8,8,6,5,10,4,54,46,1.58,1.64,1.79,1.66,0.50,0,0,0,0,0,0,0,0,50,20.00,2.00,3.30,3.65,2.03,1.19,1.62,2.61,4.65,1.62,2.20,Cegeka Arena (Genk)
1723384800,Aug 11 2024 - 2:00pm,complete,N/A,Royal Antwerp FC,Sint-Truiden,Kevin Van Damme,3,0.00,0.00,1.80,0.60,6,1,7,2,2,0,"4,39,55,65,68,81","54",5,2,1,0,0,0,1,0,0,0,21,16,9,8,6,3,5,9,52,48,2.53,0.27,1.91,1.50,2.00,50,50,50,0,0,50,50,0,100,7.00,2.00,1.62,4.17,4.97,1.16,1.61,2.43,4.25,1.75,2.00,Bosuilstadion (Deurne)
1723393800,Aug 11 2024 - 4:30pm,complete,N/A,Sporting Charleroi,KAA Gent,Lothar D'hondt,3,0.00,3.00,1.47,1.33,1,0,1,0,0,0,"90","",4,3,3,0,1,0,1,2,1,0,18,8,6,0,10,4,14,6,41,59,1.65,1.15,1.79,0.57,1.00,0,0,0,0,0,0,50,0,50,9.00,7.00,3.28,3.77,2.04,1.22,1.59,2.60,4.75,1.53,2.38,Stade du Pays de Charleroi (Charleroi)
1723396500,Aug 11 2024 - 5:15pm,complete,N/A,Cercle Brugge,Beerschot-Wilrijk,Nathan Verboomen,3,0.00,0.00,1.40,0.13,4,1,5,4,3,1,"10,22,42,89","25",8,1,2,0,2,0,1,1,0,2,23,6,9,4,6,1,8,12,52,48,2.16,0.78,2.21,0.73,3.50,100,100,100,50,0,100,100,50,100,20.00,4.00,1.49,4.42,6.10,1.17,1.58,2.45,4.30,1.65,2.10,Jan Breydelstadion (Brugge)
1723833900,Aug 16 2024 - 6:45pm,complete,N/A,Union Saint-Gilloise,Sporting Charleroi,Nathan Verboomen,4,3.00,3.00,2.20,1.00,1,0,1,0,0,0,"90'3","",5,4,1,0,4,0,0,1,1,3,19,7,5,2,8,4,14,19,46,54,1.53,1.72,1.63,0.77,4.50,100,100,100,100,50,100,100,50,100,7.00,3.00,1.52,4.80,5.30,1.21,1.72,2.72,4.90,1.81,1.93,Stade Joseph Mariën (Bruxelles (Brussels))
1723903200,Aug 17 2024 - 2:00pm,complete,N/A,Beerschot-Wilrijk,KRC Genk,Wim Smet,4,1.00,0.00,1.07,1.80,3,4,7,4,1,3,"7,61,87","15,30,40,64",6,3,3,0,1,1,2,1,0,2,16,12,8,7,6,1,7,12,55,45,0.45,2.14,1.44,1.04,2.00,50,50,50,50,0,50,50,50,50,12.00,4.00,4.10,3.80,1.80,1.21,1.64,2.65,4.78,1.60,2.25,Olympisch Stadion (Antwerp (Anvers))
1723911300,Aug 17 2024 - 4:15pm,complete,N/A,Sint-Truiden,FCV Dender EH,N/A,4,0.00,3.00,1.47,1.00,3,3,6,3,2,1,"22,30,53","13,48,90'1",3,7,1,0,1,0,0,1,0,1,13,15,5,8,4,5,10,6,48,52,0.79,1.47,1.26,1.95,4.00,100,100,100,50,50,50,100,50,100,6.00,4.00,2.15,3.20,2.90,1.24,1.75,2.93,5.45,1.68,2.15,Daio Wasabi Stayen Stadium (Sint-Truiden (St.-Trond))
1723920300,Aug 17 2024 - 6:45pm,complete,N/A,KV Mechelen,RSC Anderlecht,Wesli De Cremer,4,0.00,3.00,1.53,1.60,1,3,4,3,1,2,"23","42,45'5,90",9,8,1,0,2,0,0,1,1,1,23,12,10,8,10,1,12,12,54,46,0.96,1.36,2.29,1.56,4.50,100,100,100,50,50,100,100,50,100,10.00,4.00,3.20,3.30,2.00,1.18,1.65,2.50,4.33,1.59,2.29,AFAS Stadion (Mechelen (Malines))
1723980600,Aug 18 2024 - 11:30am,complete,N/A,Club Brugge,Royal Antwerp FC,Lothar D'hondt,4,1.00,3.00,2.20,1.27,1,0,1,0,0,0,"81","",7,8,1,0,3,1,0,1,2,2,16,14,6,4,5,5,14,13,50,50,2.35,1.29,1.43,1.06,1.50,50,50,0,0,0,0,50,50,50,13.00,3.00,2.41,1.87,6.24,1.22,1.72,2.70,5.00,1.62,2.10,Jan Breydelstadion (Brugge)
1723989600,Aug 18 2024 - 2:00pm,complete,N/A,OH Leuven,Cercle Brugge,Bram Van Driessche,4,3.00,0.00,1.81,0.73,1,1,2,2,1,1,"37","16",6,4,3,1,2,0,1,3,0,2,13,12,7,6,4,1,11,13,52,48,1.23,1.51,1.43,1.29,3.50,50,100,100,50,0,50,100,100,100,9.00,3.00,2.82,3.25,2.40,1.28,1.86,3.10,6.00,1.67,2.10,King Power at Den Dreef Stadion (Heverlee)
1723998600,Aug 18 2024 - 4:30pm,complete,N/A,KV Kortrijk,Standard Liège,Bert Put,4,0.00,1.00,1.13,0.93,1,0,1,0,0,0,"67","",13,0,1,0,1,1,0,1,1,1,22,7,9,0,6,3,9,13,57,43,1.43,0.59,2.09,0.45,0.50,0,0,0,0,0,0,0,0,50,9.00,7.00,2.30,2.98,3.24,1.31,2.25,3.42,6.65,1.77,1.91,Guldensporenstadion (Kortrijk)
1724001300,Aug 18 2024 - 5:15pm,complete,N/A,KAA Gent,KVC Westerlo,Erik Lambrechts,4,0.00,3.00,1.67,1.00,4,1,5,4,3,1,"27,29,32,80","41",7,5,2,0,1,0,0,2,1,0,16,16,9,9,4,3,14,14,51,49,1.52,1.80,1.73,1.70,4.50,100,100,100,50,50,50,100,100,100,10.00,4.00,1.66,4.39,3.93,1.15,1.50,2.10,3.90,1.50,2.50,Planet Group Arena (Gent)
1724516100,Aug 24 2024 - 4:15pm,complete,N/A,KVC Westerlo,OH Leuven,Jan Boterberg,5,3.00,1.00,1.47,0.60,1,1,2,2,1,1,"14","19",7,6,3,0,2,0,0,3,1,1,16,14,4,7,6,6,12,14,56,44,1.74,1.14,1.36,1.52,3.00,50,75,50,25,25,50,75,50,50,10.50,4.00,2.13,3.60,3.00,1.17,1.62,2.48,4.45,1.52,2.45,Het Kuipje (Westerlo)
1724525100,Aug 24 2024 - 6:45pm,complete,N/A,Royal Antwerp FC,KV Mechelen,Nicolas Laforge,5,1.50,1.00,1.80,1.00,0,1,1,1,0,1,"","42",13,2,2,0,2,0,0,2,1,1,20,14,5,5,12,4,9,11,61,39,2.22,0.83,1.77,1.27,3.00,75,75,50,25,25,50,50,50,75,8.50,3.00,1.54,4.35,5.00,1.20,1.56,2.37,4.33,1.62,2.10,Bosuilstadion (Deurne)
1724585400,Aug 25 2024 - 11:30am,complete,N/A,FCV Dender EH,Club Brugge,Erik Lambrechts,5,2.00,0.00,1.13,1.73,1,2,3,3,1,2,"45'1","8,13",6,1,3,0,2,0,0,3,0,2,13,14,6,5,6,6,13,13,38,62,0.94,1.65,1.58,1.41,2.75,50,50,50,50,50,25,50,50,75,10.50,4.00,5.00,4.33,1.57,1.20,1.62,2.55,4.50,1.62,2.10,DENDER Football Complex (Denderleeuw)
1724594400,Aug 25 2024 - 2:00pm,complete,N/A,Sint-Truiden,Union Saint-Gilloise,Lawrence Visser,5,0.50,0.50,1.47,1.47,0,0,0,0,0,0,"","",3,8,2,1,3,0,1,2,0,3,6,14,0,3,2,8,11,14,51,49,1.03,1.53,0.40,1.30,4.50,75,75,75,75,75,75,75,50,75,9.00,3.50,4.20,3.80,1.61,1.24,1.67,2.81,5.15,1.80,1.90,Daio Wasabi Stayen Stadium (Sint-Truiden (St.-Trond))
1724603400,Aug 25 2024 - 4:30pm,complete,N/A,Standard Liège,Beerschot-Wilrijk,Jasper Vergoote,5,2.00,0.00,1.67,0.13,1,0,1,0,0,0,"72","",2,1,0,0,2,1,0,0,0,3,13,12,4,3,4,6,7,17,43,57,1.16,0.75,0.92,0.94,2.50,50,50,50,50,25,50,50,25,75,8.00,2.50,1.75,3.90,4.33,1.22,1.75,2.80,5.00,1.62,2.10,Stade Maurice Dufrasne (Liège (Luik))
1724606100,Aug 25 2024 - 5:15pm,complete,N/A,Sporting Charleroi,KV Kortrijk,Kevin Van Damme,5,1.50,1.50,1.47,0.60,1,0,1,1,1,0,"10","",4,2,1,0,3,0,0,1,0,3,13,6,4,2,5,4,8,11,67,33,1.72,1.31,1.23,0.74,2.50,50,50,50,25,25,50,75,25,75,12.50,7.50,1.77,3.80,4.40,1.27,1.85,3.18,5.95,1.80,1.95,Stade du Pays de Charleroi (Charleroi)
1725043500,Aug 30 2024 - 6:45pm,complete,N/A,KRC Genk,KVC Westerlo,Lothar D'hondt,6,2.00,1.50,2.73,1.00,1,0,1,0,0,0,"81","",0,1,1,0,5,0,0,1,0,5,16,10,6,0,8,4,4,16,63,37,1.69,1.75,1.71,0.55,4.00,75,75,75,75,75,50,75,50,75,12.00,3.50,1.73,4.00,4.20,1.10,1.44,2.12,3.28,1.44,2.55,Cegeka Arena (Genk)
1725112800,Aug 31 2024 - 2:00pm,complete,N/A,KV Mechelen,Sporting Charleroi,Bram Van Driessche,6,0.00,1.50,1.53,1.00,5,2,7,5,3,2,"11,39,45,57,79","33,40",0,7,1,0,3,0,0,1,3,0,12,26,8,7,3,7,9,11,42,58,1.62,1.25,1.27,1.53,4.00,75,75,75,75,50,75,75,25,100,12.00,5.00,2.65,3.50,2.50,1.25,1.88,2.98,5.60,1.67,2.10,AFAS Stadion (Mechelen (Malines))
1725120900,Aug 31 2024 - 4:15pm,complete,N/A,Beerschot-Wilrijk,FCV Dender EH,Wesli De Cremer,6,0.50,2.00,1.07,1.00,1,2,3,2,0,2,"71","2,12",4,5,4,0,1,0,0,4,0,1,16,17,5,5,4,4,17,22,66,34,0.95,1.71,0.92,0.93,4.00,75,75,75,50,50,50,75,75,75,9.00,4.50,2.80,3.25,2.40,1.25,1.86,3.04,5.65,1.67,2.10,Olympisch Stadion (Antwerp (Anvers))
1725129900,Aug 31 2024 - 6:45pm,complete,N/A,OH Leuven,Standard Liège,Kevin Van Damme,6,2.00,0.50,1.81,0.93,2,0,2,1,1,0,"32,63","",11,3,4,0,4,0,2,2,0,4,14,5,5,0,4,3,10,17,62,38,1.33,0.52,1.32,0.48,1.75,50,50,25,25,0,50,50,25,50,4.50,7.00,1.91,3.30,3.90,1.31,1.83,3.33,6.45,1.78,1.95,King Power at Den Dreef Stadion (Heverlee)
1725190200,Sep 01 2024 - 11:30am,complete,N/A,Club Brugge,Cercle Brugge,Jasper Vergoote,6,2.00,0.50,2.20,0.73,3,0,3,2,2,0,"39,45'3,55","",5,5,1,0,1,0,0,1,1,0,22,12,11,4,6,6,8,8,72,28,1.89,1.40,2.25,1.17,2.00,50,75,25,0,0,25,50,50,75,12.50,2.50,1.41,4.60,6.40,1.13,1.50,2.16,3.66,1.62,2.20,Jan Breydelstadion (Brugge)
1725199200,Sep 01 2024 - 2:00pm,complete,N/A,KAA Gent,Royal Antwerp FC,Nathan Verboomen,6,1.50,1.50,1.67,1.27,1,1,2,2,1,1,"16","30",1,5,4,0,3,0,2,2,0,3,17,16,9,11,7,3,18,10,48,52,1.63,1.18,1.91,1.92,2.50,50,50,50,25,25,25,75,25,75,13.50,4.00,2.43,3.45,2.63,1.20,1.71,2.60,4.50,1.57,2.25,Planet Group Arena (Gent)
1725208200,Sep 01 2024 - 4:30pm,complete,N/A,Union Saint-Gilloise,RSC Anderlecht,Nicolas Laforge,6,3.00,3.00,2.20,1.60,0,0,0,0,0,0,"","",8,4,3,0,4,0,2,1,3,1,23,11,7,6,9,2,10,13,47,53,1.58,1.46,1.94,1.20,3.00,75,75,75,50,0,75,75,25,100,9.50,2.50,1.91,3.80,3.50,1.19,1.60,1.02,4.65,1.57,2.25,Stade Joseph Mariën (Bruxelles (Brussels))
1725210900,Sep 01 2024 - 5:15pm,complete,N/A,KV Kortrijk,Sint-Truiden,Jan Boterberg,6,1.50,0.00,1.13,0.60,1,1,2,1,0,1,"51","10",8,6,1,0,1,0,1,0,1,0,16,9,5,4,7,4,8,12,53,47,1.76,0.89,1.77,1.01,2.50,25,25,25,25,25,25,25,25,100,11.50,2.00,2.05,3.60,3.30,1.22,1.75,3.00,6.50,1.70,2.05,Guldensporenstadion (Kortrijk)
1726253100,Sep 13 2024 - 6:45pm,complete,N/A,FCV Dender EH,Standard Liège,Wim Smet,7,1.33,0.33,1.13,0.93,0,2,2,1,0,1,"","9,65",8,0,2,0,2,0,1,1,0,2,16,7,4,5,5,0,7,16,68,32,1.15,0.51,1.39,0.81,1.84,34,50,34,17,17,34,50,17,50,5.66,6.00,2.10,3.30,3.55,1.33,2.05,3.50,6.85,1.80,1.90,DENDER Football Complex (Denderleeuw)
1726322400,Sep 14 2024 - 2:00pm,complete,N/A,Cercle Brugge,KRC Genk,Bert Put,7,1.50,1.50,1.40,1.80,2,3,5,4,2,2,"13,20","1,17,55",6,6,0,0,1,0,0,0,0,1,11,25,3,13,5,8,10,9,34,66,2.18,1.59,1.00,2.58,4.75,100,100,100,75,50,100,100,50,100,17.50,4.50,2.70,3.60,2.45,1.12,1.45,2.26,3.58,1.44,2.66,Jan Breydelstadion (Brugge)
1726330500,Sep 14 2024 - 4:15pm,complete,N/A,KV Kortrijk,Club Brugge,Lothar D'hondt,7,1.33,1.00,1.13,1.73,0,3,3,1,0,1,"","13,83,90'3",3,3,3,0,2,0,1,2,0,2,7,20,3,7,3,8,20,15,37,63,1.76,1.57,0.99,1.85,2.17,50,50,34,17,17,17,50,17,84,14.67,3.67,5.75,4.50,1.50,1.15,1.55,2.40,4.10,1.74,2.02,Guldensporenstadion (Kortrijk)
1726339500,Sep 14 2024 - 6:45pm,complete,N/A,RSC Anderlecht,KVC Westerlo,Nathan Verboomen,7,2.00,1.00,1.80,1.00,2,2,4,2,1,1,"9,84","38,60",3,4,4,0,5,0,0,4,1,4,26,18,9,9,8,7,11,16,67,33,1.42,1.35,2.21,1.86,2.75,59,59,34,34,34,59,59,17,75,10.83,4.83,1.65,3.75,4.20,1.18,1.55,2.38,4.20,1.53,2.30,Lotto Park (Bruxelles (Brussel))
1726399800,Sep 15 2024 - 11:30am,complete,N/A,Royal Antwerp FC,Union Saint-Gilloise,Lawrence Visser,7,1.00,0.67,1.80,1.47,2,0,2,0,0,0,"53,62","",3,6,2,0,2,1,0,2,1,2,13,11,5,7,6,3,13,16,58,42,2.07,1.46,1.30,1.56,3.00,50,50,50,33,33,50,67,33,50,15.00,4.34,2.27,3.45,2.75,1.26,1.72,2.97,5.55,1.65,2.20,Bosuilstadion (Deurne)
1726408800,Sep 15 2024 - 2:00pm,complete,N/A,Sint-Truiden,OH Leuven,N/A,7,0.67,1.00,1.47,0.60,2,1,3,1,1,0,"45'2,81","64",8,7,3,0,1,0,2,1,0,1,8,22,5,9,2,4,15,11,45,55,0.82,1.27,1.10,1.85,2.50,67,67,34,34,34,67,67,17,34,8.33,3.67,2.82,3.40,2.32,1.25,1.87,2.98,5.60,1.70,2.05,Daio Wasabi Stayen Stadium (Sint-Truiden (St.-Trond))
1726417800,Sep 15 2024 - 4:30pm,complete,N/A,Sporting Charleroi,Beerschot-Wilrijk,N/A,7,2.00,0.00,1.47,0.13,3,0,3,1,1,0,"16,48,58","",7,5,1,0,0,0,0,1,0,0,26,13,13,5,7,6,15,11,55,45,1.56,0.81,2.56,1.27,2.17,34,34,34,34,17,34,67,17,67,7.00,5.67,1.62,3.95,4.75,1.21,1.67,2.76,4.87,1.75,2.00,Stade du Pays de Charleroi (Charleroi)
1726420500,Sep 15 2024 - 5:15pm,complete,N/A,KAA Gent,KV Mechelen,Kevin Van Damme,7,1.33,1.67,1.67,1.00,2,0,2,2,2,0,"6,31","",7,4,2,0,3,1,0,2,3,1,23,13,8,8,11,3,10,11,49,51,1.72,0.98,2.11,1.46,2.17,67,67,34,17,17,34,67,33,50,7.00,3.67,1.69,3.95,4.25,1.13,1.53,2.30,3.75,1.57,2.25,Planet Group Arena (Gent)
1726596000,Sep 17 2024 - 6:00pm,complete,N/A,RSC Anderlecht,KRC Genk,Erik Lambrechts,5,1.67,2.00,1.80,1.80,0,2,2,1,0,1,"","37,86",4,4,1,0,2,0,0,1,0,2,19,20,5,10,6,6,11,19,55,45,1.68,1.92,1.58,1.95,3.83,84,84,67,67,34,84,84,50,84,12.33,4.33,2.19,3.75,3.10,1.24,1.55,2.76,4.97,1.53,2.30,Lotto Park (Bruxelles (Brussel))
1726857900,Sep 20 2024 - 6:45pm,complete,N/A,Standard Liège,Union Saint-Gilloise,Jan Boterberg,8,2.33,0.50,1.67,1.47,0,0,0,0,0,0,"","",1,8,1,0,1,0,0,1,0,1,10,20,4,8,3,7,10,12,35,65,1.08,1.48,0.92,1.94,1.46,13,25,13,13,13,13,13,25,59,10.17,3.08,4.50,3.55,1.82,1.29,2.08,3.30,7.00,1.87,1.90,Stade Maurice Dufrasne (Liège (Luik))
1726927200,Sep 21 2024 - 2:00pm,complete,N/A,Beerschot-Wilrijk,Sint-Truiden,Bram Van Driessche,8,0.33,0.33,1.07,0.60,0,3,3,1,0,1,"","9,85,88",4,7,0,0,1,0,0,0,1,0,15,20,0,11,9,7,4,13,50,50,0.94,0.93,0.85,2.28,3.33,67,67,50,33,33,50,67,33,84,6.67,3.33,2.45,3.30,2.75,1.22,1.75,3.20,6.50,1.70,2.05,Olympisch Stadion (Antwerp (Anvers))
1726935300,Sep 21 2024 - 4:15pm,complete,N/A,KVC Westerlo,Royal Antwerp FC,Erik Lambrechts,8,2.33,1.33,1.47,1.27,1,2,3,2,1,1,"45","41,90'5",10,8,4,0,1,0,2,2,0,1,19,11,7,6,7,3,10,14,42,58,1.61,1.42,1.78,1.29,2.67,50,67,34,17,17,50,84,34,50,12.33,5.67,3.00,3.50,2.15,1.16,1.57,2.43,4.25,1.53,2.40,Het Kuipje (Westerlo)
1726944300,Sep 21 2024 - 6:45pm,complete,N/A,RSC Anderlecht,Sporting Charleroi,Jasper Vergoote,8,1.25,1.00,1.80,1.00,0,0,0,0,0,0,"","",6,3,4,0,3,0,0,4,1,2,11,10,5,4,4,4,6,12,57,43,1.66,1.34,1.31,0.97,3.29,59,71,46,46,34,59,71,29,88,10.17,4.67,2.00,3.50,3.50,1.28,1.80,3.12,6.28,1.70,2.05,Lotto Park (Bruxelles (Brussel))
1727004600,Sep 22 2024 - 11:30am,complete,N/A,Club Brugge,KAA Gent,Nicolas Laforge,8,2.33,1.50,2.20,1.33,2,4,6,2,0,2,"48,70","40,44,47,64",11,2,3,0,5,0,1,2,1,4,29,7,10,4,12,3,5,11,69,31,2.01,0.86,2.63,0.91,1.50,17,34,17,0,0,17,17,17,100,9.83,2.50,1.51,4.60,5.75,1.11,1.60,2.25,4.50,1.62,2.20,Jan Breydelstadion (Brugge)
1727013600,Sep 22 2024 - 2:00pm,complete,N/A,KV Mechelen,Cercle Brugge,N/A,8,1.00,0.33,1.53,0.73,2,0,2,1,1,0,"32,86","",2,4,2,0,2,0,1,1,2,0,10,8,6,3,2,4,12,13,55,45,1.50,1.32,1.14,1.01,4.17,67,100,84,50,34,84,100,50,84,11.00,3.33,2.55,3.80,2.45,1.11,1.47,2.22,4.00,1.44,2.63,AFAS Stadion (Mechelen (Malines))
1727022600,Sep 22 2024 - 4:30pm,complete,N/A,KRC Genk,FCV Dender EH,Wesli De Cremer,8,2.33,2.33,2.73,1.00,4,0,4,1,1,0,"23,53,76,83","",8,3,0,0,2,0,0,0,0,2,29,6,14,3,4,2,12,7,63,37,1.69,1.45,2.58,0.77,3.00,67,67,67,33,33,34,67,50,84,10.00,2.67,1.50,4.50,6.10,1.13,1.59,2.38,4.50,1.62,2.25,Cegeka Arena (Genk)
1727025300,Sep 22 2024 - 5:15pm,complete,N/A,OH Leuven,KV Kortrijk,N/A,8,2.33,1.00,1.81,0.60,1,1,2,0,0,0,"62","57",10,3,3,0,4,0,2,1,2,2,17,10,3,3,10,6,17,11,63,37,1.33,1.12,1.44,1.10,2.84,67,84,50,33,17,67,100,33,67,12.33,7.00,1.79,3.85,4.30,1.27,1.80,3.44,6.40,1.95,1.80,King Power at Den Dreef Stadion (Heverlee)
1727376300,Sep 26 2024 - 6:45pm,complete,N/A,Cercle Brugge,KAA Gent,Jan Boterberg,5,1.00,2.00,1.40,1.33,2,1,3,0,0,0,"77,90'4","90'8",6,5,2,0,3,0,1,1,3,0,15,7,6,3,4,2,12,16,46,54,1.79,0.88,1.55,0.71,3.50,67,67,67,50,50,67,67,17,100,12.33,4.00,2.50,3.50,2.30,1.10,1.45,2.25,3.42,1.40,2.65,Jan Breydelstadion (Brugge)
1727462700,Sep 27 2024 - 6:45pm,complete,N/A,Sporting Charleroi,Club Brugge,Nathan Verboomen,9,2.25,1.50,1.47,1.73,1,1,2,0,0,0,"48","90'1",4,6,3,0,1,1,2,1,0,2,15,19,6,5,4,6,10,5,49,51,1.81,1.64,1.61,1.55,2.25,25,50,50,13,13,13,75,38,63,9.50,4.50,4.23,3.87,1.81,1.25,1.73,2.95,5.50,1.67,2.05,Stade du Pays de Charleroi (Charleroi)
1727532000,Sep 28 2024 - 2:00pm,complete,N/A,KRC Genk,KV Mechelen,Jasper Vergoote,9,2.50,1.25,2.73,1.00,2,1,3,0,0,0,"76,90'7","60",6,6,2,0,3,0,0,2,2,1,12,19,6,7,4,4,7,10,54,46,1.91,1.10,1.64,1.70,1.88,25,50,25,25,13,13,50,38,50,8.50,3.00,1.52,4.77,5.25,1.07,1.36,1.87,2.99,1.47,2.63,Cegeka Arena (Genk)
1727540100,Sep 28 2024 - 4:15pm,complete,N/A,Standard Liège,KVC Westerlo,Bram Van Driessche,N/A,2.00,1.00,1.67,1.00,1,2,3,1,0,1,"63","6,64",11,2,1,0,6,0,0,1,1,5,17,10,4,5,8,3,9,16,63,37,1.04,1.48,1.55,1.13,2.25,38,38,38,38,25,38,38,25,75,6.50,4.25,2.79,3.55,2.38,1.25,1.72,2.90,5.25,1.65,2.10,N/A
1727549100,Sep 28 2024 - 6:45pm,complete,N/A,FCV Dender EH,RSC Anderlecht,Kevin Van Damme,9,1.00,2.33,1.13,1.60,1,1,2,1,0,1,"52","28",5,6,3,0,2,0,0,3,0,2,17,13,5,6,4,4,11,12,40,60,1.21,1.37,1.29,1.68,2.42,59,71,59,29,13,59,71,13,59,9.92,4.25,2.85,3.50,2.23,1.22,1.76,2.75,5.00,1.55,2.25,DENDER Football Complex (Denderleeuw)
1727609400,Sep 29 2024 - 11:30am,complete,N/A,Royal Antwerp FC,Beerschot-Wilrijk,Lothar D'hondt,9,1.50,0.00,1.80,0.13,4,0,4,1,1,0,"28,58,61,62","",10,2,1,0,2,0,0,1,1,1,18,5,7,2,7,2,11,13,64,36,1.88,0.93,1.87,0.56,3.25,50,75,63,38,25,50,75,50,88,10.25,3.75,1.28,5.00,8.00,1.13,1.53,2.20,3.60,1.95,1.80,Bosuilstadion (Deurne)
1727618400,Sep 29 2024 - 2:00pm,complete,N/A,Union Saint-Gilloise,KV Kortrijk,Bert Put,9,2.33,1.00,2.20,0.60,3,0,3,1,1,0,"17,51,76","",6,3,2,0,3,0,1,1,2,1,18,5,6,3,7,2,10,10,52,48,1.70,1.12,1.58,0.87,2.21,54,54,42,29,13,42,54,42,71,10.92,5.50,1.36,4.40,6.50,1.22,1.61,2.85,5.38,2.00,1.75,Stade Joseph Mariën (Bruxelles (Brussels))
1727627400,Sep 29 2024 - 4:30pm,complete,N/A,KAA Gent,OH Leuven,Lawrence Visser,9,1.75,0.75,1.67,0.60,3,0,3,2,2,0,"9,13,78","",4,7,1,0,2,0,1,0,1,1,11,13,6,4,4,7,9,10,44,56,1.82,1.42,1.33,1.27,2.38,75,88,38,13,13,63,88,25,38,11.00,3.50,1.67,3.85,4.50,1.10,1.53,2.25,3.42,1.53,2.50,Planet Group Arena (Gent)
1727630100,Sep 29 2024 - 5:15pm,complete,N/A,Cercle Brugge,Sint-Truiden,Wim Smet,9,1.50,1.00,1.40,0.60,1,1,2,1,1,0,"34","89",9,7,1,0,3,0,0,1,0,3,14,10,3,2,5,5,4,11,40,60,1.73,1.26,1.11,0.97,3.63,75,88,75,38,38,50,75,38,100,12.25,2.00,1.68,3.75,4.50,1.19,1.77,2.73,4.85,1.73,2.03,Jan Breydelstadion (Brugge)
1728067500,Oct 04 2024 - 6:45pm,complete,N/A,KVC Westerlo,Beerschot-Wilrijk,Kevin Van Damme,10,1.75,0.00,1.47,0.13,2,2,4,1,0,1,"61,84","24,81",13,4,1,0,3,0,0,1,1,2,26,8,10,4,9,3,10,11,68,32,1.66,0.85,2.82,0.86,3.58,58,90,78,43,23,58,90,55,88,10.00,5.00,1.49,4.20,5.20,1.15,1.50,2.25,3.85,1.60,2.30,Het Kuipje (Westerlo)
1728136800,Oct 05 2024 - 2:00pm,complete,N/A,KV Mechelen,OH Leuven,Wesli De Cremer,10,1.50,0.60,1.53,0.60,5,0,5,2,2,0,"14,18,58,77,90'3","",4,6,1,0,2,1,1,0,1,2,16,9,7,4,7,3,9,13,66,34,1.41,1.39,1.75,0.97,3.38,68,90,58,38,25,68,90,35,70,10.75,3.60,2.30,3.60,2.80,1.17,1.71,2.58,4.55,1.59,2.27,AFAS Stadion (Mechelen (Malines))
1728144900,Oct 05 2024 - 4:15pm,complete,N/A,KV Kortrijk,KRC Genk,N/A,10,1.00,2.25,1.13,1.80,2,1,3,3,2,1,"16,18","6",3,10,3,0,1,0,1,2,1,0,10,19,5,8,5,6,8,11,25,75,1.57,1.93,1.24,2.02,3.13,50,75,50,38,25,38,75,38,100,13.75,4.00,5.00,4.33,1.55,1.14,1.60,2.31,3.94,1.62,2.10,N/A
1728153900,Oct 05 2024 - 6:45pm,complete,N/A,FCV Dender EH,Sporting Charleroi,N/A,10,1.00,1.00,1.13,1.00,1,0,1,1,1,0,"13","",0,7,2,0,2,0,1,1,2,0,8,22,3,10,2,7,8,10,31,69,1.23,1.25,0.71,2.49,2.83,55,65,45,35,35,45,65,23,68,9.45,5.15,3.00,3.50,2.25,1.25,1.80,2.85,5.25,1.64,2.20,DENDER Football Complex (Denderleeuw)
1728214200,Oct 06 2024 - 11:30am,complete,N/A,RSC Anderlecht,Standard Liège,Lothar D'hondt,10,1.20,1.00,1.80,0.93,3,0,3,2,2,0,"9,30,90'2","",4,7,2,0,1,0,0,2,0,1,11,20,8,6,2,8,9,11,55,45,1.59,0.58,1.51,1.75,1.53,20,55,10,10,0,20,55,10,68,6.60,5.65,1.53,4.00,5.50,1.28,1.80,3.10,5.75,1.95,1.80,Lotto Park (Bruxelles (Brussel))
1728223200,Oct 06 2024 - 2:00pm,complete,N/A,Royal Antwerp FC,Cercle Brugge,Nicolas Laforge,N/A,1.80,0.25,1.80,0.73,3,0,3,2,2,0,"19,23,83","",4,7,1,0,3,0,1,0,1,2,15,17,6,7,6,5,11,10,54,46,1.88,1.25,1.38,1.69,2.95,33,90,55,20,10,45,90,43,78,12.60,3.10,1.70,4.00,4.33,1.14,1.57,2.40,4.50,1.62,2.20,N/A
1728232200,Oct 06 2024 - 4:30pm,complete,N/A,Club Brugge,Union Saint-Gilloise,Erik Lambrechts,10,1.75,0.60,2.20,1.47,1,1,2,0,0,0,"82","52",5,1,1,0,6,0,0,1,2,4,15,10,6,4,3,3,5,21,69,31,2.17,1.58,1.49,1.04,2.40,35,58,35,23,23,35,35,45,70,14.30,3.90,1.81,3.70,3.90,1.20,1.73,2.88,5.50,1.67,2.10,Jan Breydelstadion (Brugge)
1728234900,Oct 06 2024 - 5:15pm,complete,N/A,Sint-Truiden,KAA Gent,Jasper Vergoote,10,1.25,1.50,1.47,1.33,1,1,2,1,0,1,"68","24",10,5,1,0,3,0,0,1,0,3,31,15,13,4,7,6,7,10,51,49,0.89,0.84,2.61,1.18,3.13,63,63,63,38,38,38,50,50,88,7.75,5.00,3.35,3.75,1.93,1.17,1.66,2.60,5.20,1.62,2.20,Daio Wasabi Stayen Stadium (Sint-Truiden (St.-Trond))
1729277100,Oct 18 2024 - 6:45pm,complete,N/A,Beerschot-Wilrijk,RSC Anderlecht,N/A,11,0.25,2.00,1.07,1.60,2,1,3,1,1,0,"30,70","50",4,9,4,0,0,0,0,4,0,0,5,15,0,7,5,8,14,2,33,67,0.92,1.45,0.47,2.07,2.75,63,75,63,25,13,50,75,25,75,9.00,4.25,4.50,4.00,1.60,0.00,1.53,2.31,0.00,1.70,2.05,Olympisch Stadion (Antwerp (Anvers))
1729346400,Oct 19 2024 - 2:00pm,complete,N/A,KVC Westerlo,Club Brugge,Nicolas Laforge,11,1.60,1.40,1.47,1.73,1,2,3,3,1,2,"41","4,24",3,2,4,1,1,0,0,5,1,0,14,16,7,9,5,5,15,11,38,62,1.89,1.62,1.52,1.79,3.30,70,90,70,30,20,40,80,60,80,13.00,4.80,4.08,3.96,1.65,1.14,1.50,2.10,3.67,1.50,2.50,Het Kuipje (Westerlo)
1729354500,Oct 19 2024 - 4:15pm,complete,N/A,Cercle Brugge,FCV Dender EH,Bert Put,11,1.40,1.75,1.40,1.00,0,0,0,0,0,0,"","",5,3,2,0,3,1,0,2,2,2,14,5,7,0,7,2,17,13,55,45,1.61,1.28,1.81,0.43,3.80,88,100,90,45,33,55,90,48,100,13.10,3.15,1.90,3.35,3.62,1.22,1.70,2.79,4.93,1.67,2.10,Jan Breydelstadion (Brugge)
1729363500,Oct 19 2024 - 6:45pm,complete,N/A,Union Saint-Gilloise,KAA Gent,Nathan Verboomen,11,2.50,1.40,2.20,1.33,0,0,0,0,0,0,"","",5,3,2,0,4,0,0,2,2,2,21,12,6,5,9,2,11,16,46,54,1.67,0.91,1.84,1.08,2.30,43,55,45,23,10,23,45,45,88,9.55,4.80,1.72,3.95,4.54,1.21,1.71,2.75,4.87,1.75,2.00,Stade Joseph Mariën (Bruxelles (Brussels))
1729423800,Oct 20 2024 - 11:30am,complete,N/A,KRC Genk,Sint-Truiden,Lawrence Visser,11,2.60,1.00,2.73,0.60,3,2,5,4,3,1,"18,31,45","34,58",9,1,1,0,3,2,0,1,1,4,14,5,5,4,9,1,8,11,70,30,1.86,1.20,0.00,0.00,2.80,50,70,50,30,20,10,60,50,90,10.20,2.00,1.38,5.15,7.30,1.18,1.48,2.23,4.28,1.67,2.10,Cegeka Arena (Genk)
1729432800,Oct 20 2024 - 2:00pm,complete,N/A,OH Leuven,Royal Antwerp FC,Wim Smet,11,2.00,1.75,1.81,1.27,1,1,2,1,0,1,"66","34",10,5,0,0,0,0,0,0,0,0,8,7,3,2,5,5,13,14,49,51,1.36,1.39,1.08,0.87,2.13,63,75,25,13,0,50,75,25,63,14.00,6.00,3.06,3.52,2.26,1.26,1.87,3.14,5.87,1.67,2.10,King Power at Den Dreef Stadion (Heverlee)
1729441800,Oct 20 2024 - 4:30pm,complete,N/A,Standard Liège,Sporting Charleroi,N/A,N/A,1.60,0.80,1.67,1.00,2,1,3,2,2,0,"40,45'5","90'5",5,5,2,0,2,0,1,1,0,2,8,7,7,3,1,4,11,11,43,57,1.14,1.50,1.27,0.99,1.90,30,30,30,20,20,20,40,20,60,9.40,3.20,3.00,3.10,2.15,1.38,2.10,3.92,7.77,1.91,1.91,N/A
1729444500,Oct 20 2024 - 5:15pm,complete,N/A,KV Mechelen,KV Kortrijk,N/A,11,1.80,0.80,1.53,0.60,3,0,3,1,1,0,"45'4,48,55","",5,4,5,0,1,0,2,3,1,0,15,12,8,2,4,8,11,9,61,39,1.48,1.07,1.70,1.15,3.80,60,90,70,50,40,60,90,60,90,9.40,5.20,1.65,3.70,4.20,1.21,1.61,2.69,4.87,1.67,2.10,AFAS Stadion (Mechelen (Malines))
1729881900,Oct 25 2024 - 6:45pm,complete,N/A,KV Kortrijk,Beerschot-Wilrijk,Lawrence Visser,N/A,1.40,0.17,1.13,0.13,1,0,1,0,0,0,"62","",1,1,1,0,4,0,0,1,1,3,9,10,6,5,3,5,8,3,45,55,1.50,0.86,1.49,1.49,2.75,45,72,62,34,9,27,72,44,90,10.17,4.37,1.78,3.48,3.55,1.25,1.70,2.95,5.50,1.65,2.05,N/A
1729951200,Oct 26 2024 - 2:00pm,complete,N/A,Sporting Charleroi,OH Leuven,Kevin Van Damme,N/A,2.00,0.50,1.47,0.60,0,2,2,2,0,2,"","32,45'2",9,5,0,0,3,0,0,0,1,2,20,8,5,5,7,0,11,20,65,35,1.77,1.32,1.63,0.91,2.05,35,62,35,9,9,34,72,37,55,10.80,4.60,2.30,3.40,3.00,0.00,1.75,0.00,0.00,1.75,2.00,N/A
1729959300,Oct 26 2024 - 4:15pm,complete,N/A,FCV Dender EH,KV Mechelen,Lothar D'hondt,12,1.33,1.00,1.13,1.00,2,5,7,0,0,0,"82,90'6","53,60,90'1,90'4,90'7",5,4,0,0,0,0,0,0,0,0,9,23,5,10,3,7,11,12,49,51,1.14,1.22,1.28,2.09,1.89,45,64,27,9,9,27,62,29,45,7.73,4.73,2.60,3.60,2.55,1.22,1.65,2.70,5.00,1.53,2.30,DENDER Football Complex (Denderleeuw)
1729968300,Oct 26 2024 - 6:45pm,complete,N/A,Sint-Truiden,KVC Westerlo,Wesli De Cremer,12,1.20,1.40,1.47,1.00,2,0,2,1,1,0,"21,86","",8,6,2,0,3,0,0,2,1,2,21,21,7,7,11,8,11,12,43,57,1.23,1.41,1.84,1.82,3.50,80,80,70,50,40,50,80,50,90,8.60,6.20,2.80,3.54,2.35,1.15,1.61,2.39,4.15,1.53,2.40,Daio Wasabi Stayen Stadium (Sint-Truiden (St.-Trond))
1730032200,Oct 27 2024 - 12:30pm,complete,N/A,Club Brugge,RSC Anderlecht,Jasper Vergoote,12,1.60,1.60,2.20,1.60,2,1,3,1,1,0,"8,76","88",8,2,0,0,3,0,0,0,1,2,21,8,10,3,9,4,9,13,54,46,2.03,1.57,2.28,0.90,2.60,70,80,50,20,10,40,60,40,90,12.80,3.00,1.56,4.04,5.34,1.18,1.54,2.30,4.25,1.62,2.20,N/A
1730041200,Oct 27 2024 - 3:00pm,complete,N/A,Royal Antwerp FC,Standard Liège,Nathan Verboomen,12,2.00,0.80,1.80,0.93,3,0,3,1,1,0,"45,63,90'8","",2,4,2,0,2,0,1,1,0,2,16,13,6,4,8,5,16,11,47,53,1.79,0.82,1.56,1.30,2.47,17,72,44,17,9,35,72,25,82,9.20,4.30,1.47,4.32,6.09,1.24,1.70,2.94,5.38,1.80,1.95,Bosuilstadion (Deurne)
1730050200,Oct 27 2024 - 5:30pm,complete,N/A,KAA Gent,KRC Genk,Nicolas Laforge,12,2.00,1.80,1.67,1.80,0,2,2,0,0,0,"","46,58",1,6,2,0,2,0,1,1,0,2,7,18,0,4,5,7,13,15,41,59,1.72,1.94,0.70,1.39,3.60,70,100,70,40,30,80,100,30,70,11.60,3.60,3.21,3.59,2.17,1.16,1.52,2.36,4.08,1.50,2.50,Planet Group Arena (Gent)
1730052900,Oct 27 2024 - 6:15pm,complete,N/A,Union Saint-Gilloise,Cercle Brugge,Bram Van Driessche,12,2.20,0.20,2.20,0.73,1,3,4,1,1,0,"8","52,55,90'8",8,9,2,0,3,0,0,2,0,3,19,8,6,5,6,1,9,12,61,39,1.70,1.34,1.75,1.01,2.10,20,70,50,10,0,40,70,30,70,11.00,3.80,1.51,5.76,3.63,1.22,1.72,2.85,5.38,1.95,1.80,Stade Joseph Mariën (Bruxelles (Brussels))
1730490300,Nov 01 2024 - 7:45pm,complete,N/A,KVC Westerlo,FCV Dender EH,Erik Lambrechts,13,1.33,1.60,1.47,1.00,2,0,2,1,1,0,"36,72","",4,5,1,0,2,0,0,1,0,2,16,18,9,2,2,11,5,12,47,53,1.83,1.11,1.66,1.25,3.44,72,90,82,37,19,54,90,55,74,11.53,5.20,1.75,3.60,3.60,1.19,1.57,2.62,4.65,1.60,2.30,Het Kuipje (Westerlo)
1730559600,Nov 02 2024 - 3:00pm,complete,N/A,Standard Liège,Sint-Truiden,Kevin Van Damme,13,1.83,0.83,1.67,0.60,2,1,3,2,2,0,"33,45","70",3,4,1,0,4,0,0,1,1,3,12,19,5,7,4,7,6,13,43,57,1.16,1.20,1.28,1.86,2.33,50,58,42,17,17,25,58,25,84,8.50,2.66,2.14,3.25,3.28,1.35,1.95,3.70,7.00,1.77,1.91,Stade Maurice Dufrasne (Liège (Luik))
1730567700,Nov 02 2024 - 5:15pm,complete,N/A,OH Leuven,Club Brugge,N/A,N/A,1.80,1.67,1.81,1.73,0,1,1,0,0,0,"","58",8,5,2,0,2,0,2,0,1,1,16,15,5,8,8,2,7,16,49,51,1.30,1.65,1.50,1.53,2.62,74,92,44,19,9,37,74,45,74,12.13,4.80,3.65,3.72,1.86,1.24,1.66,3.00,5.38,1.70,2.15,N/A
1730576700,Nov 02 2024 - 7:45pm,complete,N/A,KV Mechelen,Union Saint-Gilloise,Bert Put,13,2.00,0.67,1.53,1.47,1,1,2,1,0,1,"90'4","20",8,6,3,0,5,0,1,2,2,3,13,9,5,3,5,4,10,17,67,33,1.52,1.49,1.45,1.01,3.17,42,75,50,42,34,42,59,59,75,10.50,5.33,3.95,3.87,1.75,1.31,1.85,3.46,6.39,1.75,2.00,AFAS Stadion (Mechelen (Malines))
1730637000,Nov 03 2024 - 12:30pm,complete,N/A,KRC Genk,Royal Antwerp FC,Lothar D'hondt,13,2.67,1.60,2.73,1.27,2,0,2,1,1,0,"45'1,54","",3,5,2,0,2,0,1,1,0,2,17,8,8,0,5,6,12,16,60,40,1.86,1.29,1.78,0.60,2.40,55,64,44,25,17,29,65,25,72,12.73,3.00,1.90,4.00,3.60,1.18,1.54,2.20,4.45,1.53,2.38,N/A
1730646000,Nov 03 2024 - 3:00pm,complete,N/A,Cercle Brugge,Sporting Charleroi,Jasper Vergoote,13,1.33,0.67,1.40,1.00,2,0,2,0,0,0,"67,72","",9,4,3,0,3,0,1,2,1,2,19,9,8,2,5,4,9,11,45,55,1.64,1.41,1.69,0.86,2.92,67,67,59,33,33,50,67,17,75,12.83,4.00,2.37,3.50,2.85,1.26,1.71,3.04,5.87,1.67,2.10,Jan Breydelstadion (Brugge)
1730655000,Nov 03 2024 - 5:30pm,complete,N/A,RSC Anderlecht,KV Kortrijk,Wim Smet,N/A,1.50,0.67,1.80,0.60,4,0,4,1,1,0,"37,50,57,77","",9,2,0,0,0,0,0,0,0,0,23,3,7,2,8,1,8,11,70,30,1.57,1.08,2.01,0.58,2.42,42,75,50,17,9,42,75,42,75,10.00,5.33,1.43,4.79,7.15,1.21,1.68,2.72,4.87,1.91,1.91,N/A
1730657700,Nov 03 2024 - 6:15pm,complete,N/A,Beerschot-Wilrijk,KAA Gent,Wesli De Cremer,N/A,0.80,1.33,1.07,1.33,0,0,0,0,0,0,"","",4,3,3,0,2,0,1,2,1,1,10,10,5,6,4,2,15,10,37,63,0.83,0.93,1.13,1.35,2.69,55,65,57,19,19,29,57,47,82,7.67,5.60,4.23,3.91,1.80,1.21,1.74,2.76,4.87,1.67,2.10,N/A
1731095100,Nov 08 2024 - 7:45pm,complete,N/A,Sint-Truiden,KV Mechelen,Nicolas Laforge,14,1.50,1.33,1.47,1.00,2,1,3,1,1,0,"2,54","74",10,2,2,0,2,0,0,2,1,1,17,8,6,3,7,1,6,6,39,61,1.33,1.36,1.56,0.80,2.75,59,75,42,25,25,25,58,42,67,9.33,4.00,3.39,6.99,1.49,1.22,1.70,2.70,4.75,1.50,2.35,Daio Wasabi Stayen Stadium (Sint-Truiden (St.-Trond))
1731164400,Nov 09 2024 - 3:00pm,complete,N/A,KV Kortrijk,Royal Antwerp FC,Jan Boterberg,14,1.67,1.33,1.13,1.27,1,2,3,1,0,1,"56","8,50",7,4,3,0,2,0,0,3,0,2,15,14,6,8,3,4,10,13,36,64,1.50,1.17,1.30,1.55,1.83,42,59,25,0,0,25,67,9,75,12.17,4.00,3.90,3.80,1.85,1.22,1.69,2.90,5.25,1.67,2.10,Guldensporenstadion (Kortrijk)
1731172500,Nov 09 2024 - 5:15pm,complete,N/A,FCV Dender EH,OH Leuven,Nathan Verboomen,14,1.14,0.86,1.13,0.60,1,1,2,2,1,1,"43","22",6,5,6,0,2,0,2,4,2,0,12,20,4,3,5,8,12,8,43,57,1.16,1.26,1.20,1.25,2.65,50,79,43,22,22,50,79,29,50,10.29,4.14,2.75,3.10,2.55,1.38,2.11,3.80,7.50,1.80,1.85,DENDER Football Complex (Denderleeuw)
1731181500,Nov 09 2024 - 7:45pm,complete,N/A,Sporting Charleroi,KVC Westerlo,Bert Put,14,1.67,1.17,1.47,1.00,1,0,1,0,0,0,"67","",6,3,2,0,0,0,1,1,0,0,23,11,8,6,10,3,14,4,48,52,1.75,1.48,2.09,1.35,2.59,42,67,42,25,17,34,75,42,75,9.17,6.17,1.95,3.79,3.71,1.22,1.66,2.80,4.75,1.55,2.25,Stade du Pays de Charleroi (Charleroi)
1731241800,Nov 10 2024 - 12:30pm,complete,N/A,Cercle Brugge,RSC Anderlecht,Wesli De Cremer,14,1.57,1.33,1.40,1.60,0,5,5,1,0,1,"","18,62,72,75,90",5,3,1,1,3,0,0,2,1,2,13,14,4,6,7,4,10,15,41,59,1.65,1.46,1.28,1.26,2.68,77,85,62,23,15,38,70,31,85,13.31,3.54,2.97,2.37,2.87,1.20,1.59,2.55,4.33,1.53,2.38,Jan Breydelstadion (Brugge)
1731250800,Nov 10 2024 - 3:00pm,complete,N/A,KAA Gent,Standard Liège,Lawrence Visser,N/A,1.67,0.67,1.67,0.93,5,0,5,2,2,0,"5,41,51,59,89","",10,3,0,0,1,0,0,0,1,0,23,7,13,6,7,0,11,8,53,47,1.55,0.90,2.48,0.96,2.33,25,84,42,9,9,42,75,25,75,6.83,4.50,1.91,3.50,3.80,1.30,2.00,3.40,6.50,1.80,1.95,N/A
1731259800,Nov 10 2024 - 5:30pm,complete,N/A,Union Saint-Gilloise,KRC Genk,Erik Lambrechts,14,1.83,2.00,2.20,1.80,4,0,4,2,2,0,"4,45'1,51,64","",2,5,2,0,4,0,0,2,0,4,19,14,8,5,4,6,15,11,30,70,1.71,1.85,1.65,1.33,2.92,50,75,59,42,17,42,67,50,75,12.50,3.83,2.55,3.35,2.74,1.25,1.80,2.90,5.50,1.67,2.10,Stade Joseph Mariën (Bruxelles (Brussels))
1731262500,Nov 10 2024 - 6:15pm,complete,N/A,Beerschot-Wilrijk,Club Brugge,Bram Van Driessche,14,0.83,1.86,1.07,1.73,2,2,4,2,0,2,"53,55","3,14",5,8,1,0,3,0,1,0,3,0,7,20,6,9,1,8,13,7,39,61,0.88,1.63,1.17,2.11,2.62,54,69,62,16,16,31,62,47,69,8.43,4.67,8.84,6.00,1.29,1.12,1.39,2.12,3.50,1.80,1.95,Olympisch Stadion (Antwerp (Anvers))
1732304700,Nov 22 2024 - 7:45pm,complete,N/A,Royal Antwerp FC,FCV Dender EH,Kevin Van Damme,15,2.14,1.33,1.80,1.00,1,1,2,1,0,1,"80","3",9,2,3,0,3,0,2,1,0,3,16,4,7,3,9,1,7,8,65,35,1.76,1.13,0.00,0.00,3.15,40,85,69,31,16,38,85,54,85,10.62,3.74,1.45,4.70,6.25,1.20,1.64,2.60,4.75,1.70,2.00,Bosuilstadion (Deurne)
1732374000,Nov 23 2024 - 3:00pm,complete,N/A,Club Brugge,Sint-Truiden,Jasper Vergoote,N/A,1.83,0.71,2.20,0.60,7,0,7,3,3,0,"12,22,42,48,51,57,77","",5,4,0,0,1,1,0,0,1,1,11,6,6,2,5,4,9,9,64,36,2.07,1.31,0.00,0.00,3.06,69,85,54,23,23,38,68,48,100,11.03,3.31,1.29,6.96,5.19,0.00,1.50,2.05,0.00,1.75,2.00,N/A
1732382100,Nov 23 2024 - 5:15pm,complete,N/A,Standard Liège,Cercle Brugge,N/A,15,2.00,0.67,1.67,0.73,1,0,1,0,0,0,"57","",5,5,0,0,2,0,0,0,2,0,9,12,5,5,4,7,11,10,44,56,1.18,1.28,1.18,1.60,2.20,38,72,55,9,0,40,72,24,77,10.43,2.86,2.00,5.21,2.40,1.31,2.01,3.46,6.83,1.75,2.05,Stade Maurice Dufrasne (Liège (Luik))
1732391100,Nov 23 2024 - 7:45pm,complete,N/A,KRC Genk,Sporting Charleroi,Bram Van Driessche,15,2.71,0.57,2.73,1.00,3,0,3,0,0,0,"77,83,90","",5,2,1,0,3,0,0,1,0,3,17,15,6,6,11,9,7,10,59,41,1.85,1.33,1.84,1.70,2.79,43,64,50,36,29,29,57,36,79,10.57,3.71,1.51,4.35,5.30,1.21,1.68,2.72,4.87,1.75,2.05,Cegeka Arena (Genk)
1732451400,Nov 24 2024 - 12:30pm,complete,N/A,KV Mechelen,Beerschot-Wilrijk,Lawrence Visser,15,1.86,0.14,1.53,0.13,3,0,3,1,1,0,"41,71,90'2","",5,5,4,0,1,0,3,1,1,0,17,17,11,4,2,7,8,13,44,56,1.51,0.95,1.82,1.36,3.64,50,86,71,57,29,43,86,57,100,8.00,4.86,1.41,4.90,5.90,0.00,1.42,1.98,0.00,1.62,2.20,AFAS Stadion (Mechelen (Malines))
1732460400,Nov 24 2024 - 3:00pm,complete,N/A,OH Leuven,Union Saint-Gilloise,Jan Boterberg,15,1.50,0.71,1.81,1.47,1,1,2,2,1,1,"41","11",6,5,2,0,3,1,1,1,1,3,8,12,0,4,8,8,9,11,48,52,1.33,1.42,0.85,1.34,2.02,55,70,16,16,7,24,48,38,70,13.69,5.96,3.60,3.35,1.99,0.00,2.01,0.00,0.00,1.95,1.80,King Power at Den Dreef Stadion (Heverlee)
1732469400,Nov 24 2024 - 5:30pm,complete,N/A,RSC Anderlecht,KAA Gent,Lothar D'hondt,15,1.71,1.29,1.80,1.33,6,0,6,3,3,0,"23,38,45'1,77,85,88","",3,5,0,0,3,2,0,0,3,2,19,7,12,5,5,1,7,17,64,36,1.64,0.99,2.25,0.93,2.08,36,57,36,22,7,29,50,29,71,9.43,4.86,1.91,3.28,3.32,1.23,1.70,2.85,5.41,1.62,2.20,Lotto Park (Bruxelles (Brussel))
1732472100,Nov 24 2024 - 6:15pm,complete,N/A,KVC Westerlo,KV Kortrijk,Wim Smet,15,1.57,0.57,1.47,0.60,4,0,4,0,0,0,"49,70,74,90","",8,6,2,0,0,0,2,0,0,0,18,8,7,2,11,6,12,8,52,48,1.80,1.01,1.92,1.00,3.22,57,93,71,29,14,43,93,57,79,11.15,5.28,1.63,3.82,4.44,1.19,1.60,2.32,4.80,1.62,2.20,Het Kuipje (Westerlo)
1732909500,Nov 29 2024 - 7:45pm,complete,N/A,KV Kortrijk,KV Mechelen,Nathan Verboomen,16,1.43,1.14,1.13,1.00,3,1,4,2,2,0,"25,45'3,90","90'6",5,3,2,0,2,0,0,2,0,2,13,10,6,4,2,4,14,11,32,68,1.47,1.28,1.20,1.30,2.29,50,64,43,7,7,14,50,43,72,9.43,4.14,3.00,3.70,2.24,1.19,1.65,2.75,5.40,1.57,2.25,Guldensporenstadion (Kortrijk)
1732986900,Nov 30 2024 - 5:15pm,complete,N/A,Club Brugge,FCV Dender EH,Bert Put,16,2.00,1.29,2.20,1.00,4,1,5,3,2,1,"24,33,89,90'1","16",6,0,0,0,0,0,0,0,0,0,19,5,9,3,4,2,9,3,64,36,2.07,1.13,2.05,0.84,3.15,57,86,57,29,22,36,72,57,93,10.86,3.29,1.26,5.40,7.90,1.12,1.44,2.10,3.52,1.83,1.96,Jan Breydelstadion (Brugge)
1732995900,Nov 30 2024 - 7:45pm,complete,N/A,Sporting Charleroi,Standard Liège,Jasper Vergoote,16,1.86,0.57,1.47,0.93,1,1,2,1,0,1,"90'4","36",8,1,1,0,2,0,1,0,0,2,18,10,3,6,8,1,7,10,71,29,1.80,0.91,1.47,1.08,1.93,7,57,29,7,7,22,64,29,72,8.14,4.57,1.91,3.04,3.61,1.39,2.10,4.08,8.27,2.00,1.78,Stade du Pays de Charleroi (Charleroi)
1733056200,Dec 01 2024 - 12:30pm,complete,N/A,Sint-Truiden,KRC Genk,Erik Lambrechts,16,1.71,1.71,1.47,1.80,2,2,4,1,0,1,"66,77","26,90'3",5,7,2,0,1,0,1,1,1,0,16,23,7,3,6,9,9,7,41,59,1.37,1.78,1.64,1.29,3.43,64,93,64,43,29,50,86,50,86,12.72,4.14,4.03,4.09,1.73,1.14,1.55,2.24,3.66,1.60,2.30,Daio Wasabi Stayen Stadium (Sint-Truiden (St.-Trond))
1733065200,Dec 01 2024 - 3:00pm,complete,N/A,Beerschot-Wilrijk,Cercle Brugge,Kevin Van Damme,16,0.86,0.57,1.07,0.73,3,2,5,2,0,2,"54,81,88","36,45'3",10,5,3,0,2,1,1,2,1,2,22,12,9,5,9,6,8,6,58,42,0.92,1.33,2.09,1.39,2.72,43,79,64,22,7,43,79,43,79,10.00,4.43,3.63,3.76,1.89,1.25,1.65,2.75,5.00,1.62,2.20,Olympisch Stadion (Antwerp (Anvers))
1733065200,Dec 01 2024 - 3:00pm,complete,N/A,OH Leuven,RSC Anderlecht,Bram Van Driessche,16,1.43,1.57,1.81,1.60,0,0,0,0,0,0,"","",2,7,2,0,1,0,1,1,0,1,18,12,3,6,7,3,19,14,44,56,1.26,1.43,1.16,1.43,2.50,71,86,43,22,7,36,79,36,79,12.43,4.57,2.83,3.30,2.45,1.30,1.88,3.20,6.25,1.70,2.05,King Power at Den Dreef Stadion (Heverlee)
1733074200,Dec 01 2024 - 5:30pm,complete,N/A,Union Saint-Gilloise,Royal Antwerp FC,Nicolas Laforge,16,2.00,1.57,2.20,1.27,2,1,3,2,1,1,"45'5,69","1",5,4,4,1,5,0,3,2,0,5,20,15,7,5,5,6,21,12,39,61,1.70,1.23,1.55,1.50,2.15,43,64,43,22,0,29,72,36,71,11.29,4.00,1.91,3.16,3.47,1.28,1.98,3.32,6.28,1.80,1.95,Stade Joseph Mariën (Bruxelles (Brussels))
1733076900,Dec 01 2024 - 6:15pm,complete,N/A,KVC Westerlo,KAA Gent,Nathan Verboomen,16,1.75,1.13,1.47,1.33,2,2,4,2,1,1,"15,86","42,47",7,4,4,0,3,0,0,4,0,3,23,18,9,7,8,5,6,9,51,49,1.82,0.99,2.13,1.60,2.94,51,75,57,32,19,38,63,44,75,10.75,5.88,2.29,3.50,2.64,1.16,1.50,2.20,3.92,1.50,2.50,Het Kuipje (Westerlo)
1733583600,Dec 07 2024 - 3:00pm,complete,N/A,KRC Genk,KV Kortrijk,N/A,17,2.75,0.50,2.73,0.60,3,2,5,2,1,1,"41,47,68","4,90'1",1,8,4,0,3,0,2,2,1,2,13,17,7,5,3,8,12,11,72,28,1.84,1.01,1.39,1.55,3.01,38,82,69,38,19,19,63,63,88,10.25,3.38,1.30,5.00,8.00,1.14,1.52,2.23,3.67,1.80,1.98,Cegeka Arena (Genk)
1733591700,Dec 07 2024 - 5:15pm,complete,N/A,Standard Liège,OH Leuven,Lawrence Visser,17,2.13,0.88,1.67,0.60,1,1,2,1,1,0,"45","90'4",3,1,3,0,3,0,1,2,1,2,16,10,5,2,8,7,15,10,37,63,1.18,1.26,1.61,0.98,1.94,44,63,38,7,7,50,63,19,57,10.25,2.88,2.74,2.97,2.72,1.42,2.35,4.20,8.50,1.85,1.83,Stade Maurice Dufrasne (Liège (Luik))
1733591700,Dec 07 2024 - 5:15pm,complete,N/A,KV Mechelen,Club Brugge,Bram Van Driessche,17,2.00,1.75,1.53,1.73,1,2,3,1,0,1,"90'5","45'2,90'11",8,5,1,0,0,0,0,1,0,0,22,11,6,3,6,5,11,8,54,46,1.55,1.69,1.59,0.99,3.38,57,88,69,38,26,44,82,57,88,10.01,4.76,3.94,3.98,1.77,1.16,1.61,2.25,3.92,1.52,2.50,AFAS Stadion (Mechelen (Malines))
1733600700,Dec 07 2024 - 7:45pm,complete,N/A,KAA Gent,Sint-Truiden,Nathan Verboomen,17,1.86,0.63,1.67,0.60,2,0,2,1,1,0,"17,90'1","",5,10,5,0,3,0,2,3,2,1,15,15,4,4,7,8,12,7,44,56,1.68,1.31,1.31,1.53,3.45,53,94,60,34,34,61,87,41,86,9.02,3.82,1.78,3.88,3.98,1.22,1.63,2.70,5.00,1.60,2.15,Planet Group Arena (Gent)
1733661000,Dec 08 2024 - 12:30pm,complete,N/A,Royal Antwerp FC,Sporting Charleroi,Jan Boterberg,17,2.00,0.50,1.80,1.00,1,3,4,1,0,1,"90'1","2,49,54",7,5,2,0,2,0,1,1,1,1,25,19,9,8,10,6,8,6,57,43,1.76,1.38,2.15,1.82,2.94,38,76,57,25,19,38,69,44,82,11.01,4.38,1.92,3.80,3.55,1.25,1.76,3.10,5.75,1.67,2.05,Bosuilstadion (Deurne)
1733670000,Dec 08 2024 - 3:00pm,complete,N/A,Cercle Brugge,Union Saint-Gilloise,Lothar D'hondt,17,1.38,0.75,1.40,1.47,0,0,0,0,0,0,"","",3,6,3,1,2,0,2,2,0,2,15,12,8,5,3,6,10,18,41,59,1.60,1.41,1.77,1.39,2.51,57,76,38,26,26,32,51,38,69,13.50,5.38,4.00,3.40,1.85,1.25,1.86,3.10,5.75,1.70,2.00,Jan Breydelstadion (Brugge)
1733679000,Dec 08 2024 - 5:30pm,complete,N/A,RSC Anderlecht,Beerschot-Wilrijk,Erik Lambrechts,17,1.88,0.13,1.80,0.13,2,1,3,2,1,1,"45'7,90'3","7",7,2,1,0,7,0,0,1,3,4,21,11,7,6,7,2,6,17,68,32,1.71,1.00,2.08,1.13,2.94,32,75,63,44,13,38,75,51,88,8.63,4.00,1.25,5.80,10.00,1.14,1.45,2.22,3.90,1.80,1.85,Lotto Park (Bruxelles (Brussel))
1733681700,Dec 08 2024 - 6:15pm,complete,N/A,FCV Dender EH,KVC Westerlo,N/A,17,1.13,1.00,1.13,1.00,1,0,1,1,1,0,"39","",3,5,1,0,2,0,0,1,0,2,6,16,2,4,2,5,11,7,43,57,1.17,1.46,0.69,1.43,2.95,60,73,48,34,27,41,73,34,75,8.20,5.93,2.90,3.70,2.20,1.20,1.65,2.50,4.33,1.48,2.40,DENDER Football Complex (Denderleeuw)
1734119100,Dec 13 2024 - 7:45pm,complete,N/A,KV Mechelen,Royal Antwerp FC,Wim Smet,N/A,1.78,1.38,1.53,1.27,1,1,2,1,0,1,"79","45",4,5,1,0,2,0,0,1,0,2,11,9,7,4,2,2,8,16,51,49,1.55,1.26,1.45,1.01,3.01,60,88,58,22,17,41,94,40,88,11.07,4.82,2.62,3.40,2.60,1.22,1.65,2.85,4.93,1.58,2.35,AFAS Stadion (Mechelen (Malines))
1734188400,Dec 14 2024 - 3:00pm,complete,N/A,Beerschot-Wilrijk,Standard Liège,Nathan Verboomen,18,1.13,0.63,1.07,0.93,0,0,0,0,0,0,"","",10,7,0,0,2,0,0,0,1,1,19,15,9,3,8,8,4,6,66,34,1.07,0.93,2.13,1.23,2.69,38,75,57,26,19,38,75,44,82,7.26,4.88,3.10,3.30,2.25,1.32,1.88,3.52,6.83,1.80,1.95,Olympisch Stadion (Antwerp (Anvers))
1734196500,Dec 14 2024 - 5:15pm,complete,N/A,OH Leuven,Sporting Charleroi,Nicolas Laforge,18,1.38,0.78,1.81,1.00,1,0,1,0,0,0,"60","",3,5,2,0,2,2,0,2,1,3,10,11,3,4,1,4,10,9,49,51,1.25,1.43,0.71,1.18,2.39,54,71,35,23,11,36,60,35,71,11.32,5.06,2.20,3.25,3.05,1.36,2.12,3.80,7.50,1.77,1.90,King Power at Den Dreef Stadion (Heverlee)
1734205500,Dec 14 2024 - 7:45pm,complete,N/A,KV Kortrijk,FCV Dender EH,Lawrence Visser,18,1.63,1.13,1.13,1.00,0,3,3,3,0,3,"","15,17,45'1",5,2,1,0,3,0,1,0,1,2,15,8,2,5,9,1,2,10,62,38,1.44,1.09,1.35,0.97,2.69,57,76,57,26,13,32,76,44,88,9.50,4.13,2.10,3.25,3.20,1.34,1.93,3.67,7.29,1.80,1.95,Guldensporenstadion (Kortrijk)
1734265800,Dec 15 2024 - 12:30pm,complete,N/A,Club Brugge,KRC Genk,Jasper Vergoote,18,2.13,1.63,2.20,1.80,2,0,2,0,0,0,"77,86","",8,2,3,0,1,0,0,3,1,0,20,6,6,2,12,3,8,6,47,53,2.07,1.72,1.91,0.73,3.76,63,94,69,51,32,57,76,69,94,13.13,2.88,1.62,3.70,4.10,1.18,1.57,2.33,4.25,1.62,2.20,Jan Breydelstadion (Brugge)
1734274800,Dec 15 2024 - 3:00pm,complete,N/A,Union Saint-Gilloise,KVC Westerlo,Kevin Van Damme,18,2.13,0.88,2.20,1.00,3,1,4,2,2,0,"40,45,52","54",15,6,2,0,4,0,1,1,3,1,30,11,14,5,8,2,10,6,53,47,1.68,1.46,2.80,1.08,2.63,44,63,57,38,13,38,69,44,82,9.13,5.63,1.39,4.20,5.80,1.18,1.55,2.40,4.45,1.75,2.00,Stade Joseph Mariën (Bruxelles (Brussels))
1734283800,Dec 15 2024 - 5:30pm,complete,N/A,Sint-Truiden,RSC Anderlecht,Lothar D'hondt,N/A,1.63,1.50,1.47,1.60,0,2,2,1,0,1,"","27,62",9,1,1,0,1,1,0,1,0,2,26,11,7,6,11,4,16,10,49,51,1.40,1.43,2.05,1.31,2.82,69,82,63,32,19,25,82,44,82,11.38,3.88,3.30,3.30,2.00,1.21,1.57,2.75,4.87,1.62,2.20,N/A
1734286500,Dec 15 2024 - 6:15pm,complete,N/A,KAA Gent,Cercle Brugge,Jan Boterberg,18,2.00,0.50,1.67,0.73,1,1,2,1,1,0,"24","71",9,6,1,0,0,0,0,1,0,0,16,19,6,7,3,9,13,7,56,44,1.64,1.33,1.35,1.83,2.94,38,94,57,25,19,57,88,38,82,10.88,4.25,1.79,3.50,3.60,1.19,1.58,2.56,4.45,1.57,2.25,Planet Group Arena (Gent)
1734723900,Dec 20 2024 - 7:45pm,complete,N/A,KVC Westerlo,KV Mechelen,N/A,19,1.67,1.00,1.47,1.00,1,1,2,1,0,1,"75","35",10,17,2,0,1,0,1,1,1,0,20,11,7,4,8,5,5,8,49,51,1.85,1.29,1.87,1.21,3.16,65,88,64,35,12,41,70,60,71,10.25,4.78,2.10,3.90,3.10,1.17,1.50,2.05,3.85,1.42,2.60,Het Kuipje (Westerlo)
1734793200,Dec 21 2024 - 3:00pm,complete,N/A,Sporting Charleroi,Sint-Truiden,Kevin Van Damme,19,1.75,0.56,1.47,0.60,2,1,3,1,1,0,"37,53","90",12,5,1,0,1,0,0,1,0,1,20,15,8,5,4,5,5,9,49,51,1.75,1.34,1.76,1.26,2.60,41,70,35,17,17,29,76,29,82,10.44,4.33,2.49,6.05,1.84,1.26,1.78,3.04,5.87,1.70,2.05,Stade du Pays de Charleroi (Charleroi)
1734801300,Dec 21 2024 - 5:15pm,complete,N/A,FCV Dender EH,Royal Antwerp FC,Bert Put,19,1.33,1.33,1.13,1.27,1,3,4,1,0,1,"56","6,60,72",5,3,0,0,1,0,0,0,1,0,5,13,2,5,2,2,8,8,45,55,1.11,1.23,0.65,1.10,2.34,62,73,33,11,11,33,84,17,61,10.00,4.66,3.64,3.65,1.94,1.28,1.92,3.20,6.00,1.70,2.00,DENDER Football Complex (Denderleeuw)
1734810300,Dec 21 2024 - 7:45pm,complete,N/A,Beerschot-Wilrijk,KV Kortrijk,Nicolas Laforge,19,1.11,0.44,1.07,0.60,2,2,4,0,0,0,"55,62","49,83",6,6,3,0,2,0,1,2,1,1,22,14,8,4,7,3,9,10,56,44,1.18,1.07,1.91,1.09,3.06,50,78,73,39,22,39,73,67,78,10.33,4.55,2.68,4.74,1.91,1.30,1.96,3.10,6.25,1.62,2.10,Olympisch Stadion (Antwerp (Anvers))
1734870600,Dec 22 2024 - 12:30pm,complete,N/A,KRC Genk,RSC Anderlecht,Jan Boterberg,19,2.78,1.67,2.73,1.60,2,0,2,1,1,0,"29,72","",10,5,1,0,1,0,1,0,0,1,20,8,7,3,8,3,6,8,52,48,1.79,1.42,1.80,0.90,2.78,50,78,62,33,22,22,67,45,84,9.89,3.44,2.12,3.56,3.14,1.21,1.61,2.66,4.87,1.57,2.25,Cegeka Arena (Genk)
1734879600,Dec 22 2024 - 3:00pm,complete,N/A,Standard Liège,KAA Gent,Jasper Vergoote,19,2.00,1.11,1.67,1.33,0,1,1,0,0,0,"","82",4,8,3,0,3,0,2,1,0,3,11,22,2,10,5,7,11,11,40,60,1.23,1.05,0.77,2.22,2.06,44,50,39,17,11,28,44,28,78,8.11,4.22,2.78,3.28,2.47,1.32,1.98,3.52,6.83,1.80,1.95,Stade Maurice Dufrasne (Liège (Luik))
1734888600,Dec 22 2024 - 5:30pm,complete,N/A,Union Saint-Gilloise,Club Brugge,Lawrence Visser,19,2.22,1.89,2.20,1.73,2,2,4,1,1,0,"45'3,59","66,78",5,6,2,0,2,0,0,2,0,2,12,15,5,7,3,4,10,10,42,58,1.81,1.62,1.17,1.47,2.67,56,73,67,33,6,39,67,56,78,11.33,4.22,2.66,3.34,2.54,1.31,1.87,3.35,6.39,1.75,2.00,Stade Joseph Mariën (Bruxelles (Brussels))
1734891300,Dec 22 2024 - 6:15pm,complete,N/A,Cercle Brugge,OH Leuven,N/A,19,1.33,0.89,1.40,0.60,1,0,1,0,0,0,"90'10","",5,3,2,0,2,0,1,1,1,1,11,12,5,4,5,3,12,17,48,52,1.62,1.23,1.27,1.05,2.56,56,84,45,22,22,50,73,28,61,12.44,4.44,2.20,3.31,3.20,1.31,1.91,3.35,6.39,1.75,2.00,Jan Breydelstadion (Brugge)
1735216200,Dec 26 2024 - 12:30pm,complete,N/A,Royal Antwerp FC,KRC Genk,Lothar D'hondt,20,1.78,1.44,1.80,1.80,2,2,4,3,2,1,"9,32","12,51",5,9,2,0,1,0,0,2,0,1,10,30,4,12,3,11,13,9,45,55,1.81,1.61,0.94,2.76,3.45,50,95,67,45,17,45,84,62,89,12.56,3.67,2.55,3.50,2.60,1.20,1.69,2.55,4.50,1.48,2.40,Bosuilstadion (Deurne)
1735225200,Dec 26 2024 - 3:00pm,complete,N/A,Club Brugge,KVC Westerlo,Nathan Verboomen,20,2.22,0.78,2.20,1.00,4,3,7,3,2,1,"5,16,64,90'4","45'2,56,71",1,8,0,0,2,0,0,0,0,2,15,19,10,10,2,6,6,11,62,38,2.05,1.41,1.94,2.09,3.22,56,78,56,39,28,44,67,61,95,10.89,4.44,1.22,6.00,10.00,1.12,1.36,1.95,3.25,1.65,2.05,Jan Breydelstadion (Brugge)
1735225200,Dec 26 2024 - 3:00pm,complete,N/A,KV Kortrijk,Sporting Charleroi,Jasper Vergoote,20,1.44,0.70,1.13,1.00,0,1,1,1,0,1,"","4",8,10,1,0,2,0,1,0,0,2,14,20,3,8,5,8,9,6,50,50,1.43,1.40,0.93,1.83,2.52,42,64,53,21,10,32,59,37,79,10.39,4.80,3.30,3.30,2.10,1.31,1.85,3.35,6.28,1.75,2.10,Guldensporenstadion (Kortrijk)
1735234200,Dec 26 2024 - 5:30pm,complete,N/A,KV Mechelen,Standard Liège,Jan Boterberg,20,1.70,0.67,1.53,0.93,0,0,0,0,0,0,"","",3,1,3,0,2,0,2,1,1,1,18,11,6,2,9,2,9,9,62,38,1.54,0.96,1.74,0.62,2.85,36,84,52,26,21,31,84,41,89,8.19,4.63,1.80,3.50,4.10,1.30,1.85,3.25,6.25,1.73,1.95,AFAS Stadion (Mechelen (Malines))
1735242300,Dec 26 2024 - 7:45pm,complete,N/A,KAA Gent,Union Saint-Gilloise,Nicolas Laforge,20,1.89,0.78,1.67,1.47,1,3,4,1,0,1,"61","30,51,54",2,4,0,0,1,0,0,0,0,1,6,16,4,8,1,5,8,12,55,45,1.60,1.41,0.92,1.73,2.28,44,78,28,17,17,39,61,33,61,11.34,5.22,3.30,3.60,2.00,1.25,1.75,3.00,5.75,1.65,2.05,Planet Group Arena (Gent)
1735320600,Dec 27 2024 - 5:30pm,complete,N/A,OH Leuven,Beerschot-Wilrijk,Bert Put,20,1.56,0.11,1.81,0.13,2,0,2,0,0,0,"76,86","",8,2,2,0,1,0,1,1,0,1,25,12,11,7,6,2,13,8,56,44,1.19,1.01,2.22,1.30,2.45,50,73,45,28,6,33,67,39,84,9.44,5.22,1.60,3.97,5.06,1.28,1.95,3.20,6.25,1.83,1.85,King Power at Den Dreef Stadion (Heverlee)
1735328700,Dec 27 2024 - 7:45pm,complete,N/A,RSC Anderlecht,FCV Dender EH,Wim Smet,20,2.00,1.33,1.80,1.00,2,3,5,3,2,1,"21,30","9,77,88",2,4,0,0,2,0,0,0,0,2,14,17,6,6,4,6,14,17,55,45,1.75,1.08,1.35,1.47,2.95,45,84,62,33,17,50,84,39,78,9.00,3.78,1.71,7.38,2.55,1.21,1.57,2.65,4.87,1.92,1.87,Lotto Park (Bruxelles (Brussel))
1735328700,Dec 27 2024 - 7:45pm,complete,N/A,Sint-Truiden,Cercle Brugge,Bram Van Driessche,20,1.44,0.56,1.47,0.73,1,1,2,1,0,1,"72","17",7,2,2,0,2,0,1,1,0,2,28,8,8,4,8,3,7,13,73,27,1.47,1.39,2.11,0.93,2.89,56,89,56,28,17,33,89,39,89,12.34,3.89,2.48,3.45,2.62,1.25,1.77,2.80,5.25,1.55,2.25,Daio Wasabi Stayen Stadium (Sint-Truiden (St.-Trond))
1736538300,Jan 10 2025 - 7:45pm,complete,N/A,Standard Liège,KV Kortrijk,Kevin Van Damme,21,1.80,0.50,1.67,0.60,1,0,1,0,0,0,"50","",3,6,2,0,3,0,0,2,0,3,15,20,7,8,5,8,10,4,39,61,1.18,1.07,1.46,1.96,2.45,45,65,55,25,10,25,55,45,85,9.30,3.50,1.95,3.48,3.94,1.32,2.01,3.67,7.29,1.82,1.87,Stade Maurice Dufrasne (Liège (Luik))
1736607600,Jan 11 2025 - 3:00pm,complete,N/A,KVC Westerlo,Sint-Truiden,Lawrence Visser,21,1.60,0.50,1.47,0.60,1,2,3,2,1,1,"45'3","6,65",10,1,2,1,3,0,0,3,1,2,26,10,7,4,10,4,4,4,56,44,1.85,1.33,2.34,1.03,3.45,65,95,65,35,20,45,90,45,90,11.90,4.90,2.00,3.75,3.40,1.17,1.49,2.15,3.85,1.46,2.55,Het Kuipje (Westerlo)
1736615700,Jan 11 2025 - 5:15pm,complete,N/A,KRC Genk,OH Leuven,Bert Put,21,2.80,0.80,2.73,0.60,2,0,2,0,0,0,"48,84","",2,6,1,1,5,0,1,1,2,3,13,17,6,4,4,7,13,21,41,59,1.79,1.21,1.29,1.43,2.60,45,80,45,25,20,40,70,35,70,10.70,3.60,1.51,4.45,5.95,1.25,1.68,2.80,5.00,1.77,1.93,Cegeka Arena (Genk)
1736624700,Jan 11 2025 - 7:45pm,complete,N/A,Sporting Charleroi,Union Saint-Gilloise,Lothar D'hondt,21,1.89,1.00,1.47,1.47,1,2,3,1,1,0,"13","59,62",1,8,4,0,3,0,1,3,2,1,9,8,5,5,2,3,12,13,48,52,1.75,1.44,1.15,1.30,1.84,42,58,21,10,5,16,54,37,59,12.16,4.99,3.26,3.61,2.08,1.28,1.94,3.20,6.25,1.68,2.00,Stade du Pays de Charleroi (Charleroi)
1736685000,Jan 12 2025 - 12:30pm,complete,N/A,Beerschot-Wilrijk,Royal Antwerp FC,Jan Boterberg,21,1.10,1.50,1.07,1.27,1,1,2,1,1,0,"1","59",5,6,3,0,3,0,1,2,2,1,17,13,8,3,6,8,12,11,36,64,1.26,1.22,1.71,1.33,2.60,65,75,55,25,10,35,75,40,75,10.80,4.50,3.90,3.85,1.75,1.21,1.65,2.75,4.87,1.65,2.10,Olympisch Stadion (Antwerp (Anvers))
1736694000,Jan 12 2025 - 3:00pm,complete,N/A,FCV Dender EH,KAA Gent,Nicolas Laforge,21,1.20,1.30,1.13,1.33,0,0,0,0,0,0,"","",5,1,3,0,2,0,3,0,1,1,12,9,4,2,5,5,9,9,52,48,1.07,1.17,1.20,0.96,2.55,50,60,40,30,20,30,60,35,65,8.70,5.30,3.30,3.40,2.05,1.25,1.70,3.00,5.75,1.66,2.05,DENDER Football Complex (Denderleeuw)
1736703000,Jan 12 2025 - 5:30pm,complete,N/A,RSC Anderlecht,Club Brugge,Jasper Vergoote,21,1.80,1.80,1.80,1.73,0,3,3,2,0,2,"","10,41,79",8,5,1,0,0,0,0,1,0,0,16,14,6,6,7,7,8,5,45,55,1.71,1.60,1.51,1.57,2.95,55,80,65,35,15,45,75,50,80,10.30,3.40,3.50,3.30,2.05,1.22,1.79,2.30,5.00,1.57,2.25,Lotto Park (Bruxelles (Brussel))
1736705700,Jan 12 2025 - 6:15pm,complete,N/A,Cercle Brugge,KV Mechelen,Wim Smet,21,1.50,1.00,1.40,1.00,1,0,1,1,1,0,"34","",7,4,0,0,1,0,0,0,0,1,24,11,8,6,12,5,15,11,35,65,1.59,1.28,2.25,1.45,2.64,59,74,47,26,21,26,53,43,74,11.78,4.09,2.15,3.40,3.00,1.25,1.65,2.90,5.50,1.62,2.15,Jan Breydelstadion (Brugge)
1737143100,Jan 17 2025 - 7:45pm,complete,N/A,KAA Gent,Sporting Charleroi,Bert Put,22,1.70,0.91,1.67,1.00,1,1,2,1,0,1,"72","12",6,7,1,0,1,0,1,0,0,1,12,12,4,5,5,7,12,6,61,39,1.54,1.44,1.30,1.41,2.78,43,78,48,29,19,39,73,38,77,10.20,4.43,2.05,3.60,3.30,1.25,1.75,2.80,5.25,1.63,2.10,Planet Group Arena (Gent)
1737212400,Jan 18 2025 - 3:00pm,complete,N/A,FCV Dender EH,Cercle Brugge,Erik Lambrechts,22,1.18,0.60,1.13,0.73,0,1,1,1,0,1,"","28",3,5,2,1,1,0,1,2,0,1,10,19,2,6,7,10,12,10,41,59,1.08,1.34,1.12,1.82,2.58,53,77,43,24,14,34,82,29,68,9.95,4.18,2.68,3.21,2.39,1.31,1.90,3.46,6.83,1.75,2.00,DENDER Football Complex (Denderleeuw)
1737220500,Jan 18 2025 - 5:15pm,complete,N/A,KV Mechelen,KRC Genk,Kevin Van Damme,22,1.64,1.40,1.53,1.80,1,2,3,3,1,2,"8","15,25",2,0,2,0,1,0,2,0,0,1,6,16,3,11,3,4,12,6,48,52,1.56,1.72,1.02,2.19,3.53,58,96,67,48,24,48,86,58,91,11.29,4.16,2.85,3.55,2.30,1.22,1.58,2.79,4.93,1.57,2.25,AFAS Stadion (Mechelen (Malines))
1737229500,Jan 18 2025 - 7:45pm,complete,N/A,Club Brugge,Beerschot-Wilrijk,Wim Smet,22,2.30,0.10,2.20,0.13,4,2,6,2,2,0,"19,22,77,90'5","80,90'2",5,3,0,0,0,0,0,0,0,0,17,17,10,4,7,10,9,13,59,41,2.04,1.04,2.20,1.46,3.40,50,85,65,40,25,40,65,70,100,9.20,3.60,1.15,8.75,15.00,1.08,1.30,1.89,2.85,1.95,1.80,Jan Breydelstadion (Brugge)
1737289800,Jan 19 2025 - 12:30pm,complete,N/A,KV Kortrijk,RSC Anderlecht,Lothar D'hondt,22,1.30,1.50,1.13,1.60,0,2,2,0,0,0,"","62,90'3",7,7,2,1,2,0,0,3,0,2,14,16,4,4,7,9,9,11,36,64,1.38,1.37,1.25,1.57,2.30,45,70,50,15,5,25,75,30,75,10.80,3.80,3.94,3.75,1.87,1.24,1.78,3.00,5.38,1.70,2.05,Guldensporenstadion (Kortrijk)
1737298800,Jan 19 2025 - 3:00pm,complete,N/A,Union Saint-Gilloise,OH Leuven,Nathan Verboomen,22,2.10,0.73,2.20,0.60,1,0,1,1,1,0,"15","",6,2,1,0,4,1,0,1,1,4,19,7,10,3,8,3,11,12,49,51,1.74,1.23,2.25,0.96,2.44,48,76,49,30,5,48,72,44,68,11.39,4.75,1.53,3.80,6.00,1.28,1.99,3.20,6.25,1.98,1.72,Stade Joseph Mariën (Bruxelles (Brussels))
1737307800,Jan 19 2025 - 5:30pm,complete,N/A,Sint-Truiden,Standard Liège,Nicolas Laforge,22,1.40,0.70,1.47,0.93,1,2,3,2,1,1,"2","42,62",8,3,1,0,3,0,1,0,1,2,22,12,3,5,15,6,11,9,56,44,1.54,0.93,1.88,1.41,2.35,40,75,40,20,15,20,75,30,80,9.30,4.20,1.91,3.25,4.00,1.31,2.00,3.52,6.83,1.80,1.95,Daio Wasabi Stayen Stadium (Sint-Truiden (St.-Trond))
1737310500,Jan 19 2025 - 6:15pm,complete,N/A,Royal Antwerp FC,KVC Westerlo,Bram Van Driessche,22,1.70,0.70,1.80,1.00,3,2,5,3,1,2,"15,57,90'7","23,36",7,3,3,0,5,0,0,3,0,5,16,24,8,11,6,9,5,8,63,37,1.71,1.48,1.82,2.34,3.35,55,80,65,45,20,45,85,50,90,10.90,5.00,1.73,4.00,4.00,1.16,1.53,2.20,4.08,1.53,2.38,Bosuilstadion (Deurne)
1737747900,Jan 24 2025 - 7:45pm,complete,N/A,Sint-Truiden,Royal Antwerp FC,Jasper Vergoote,23,1.27,1.45,1.47,1.27,1,1,2,2,1,1,"18","10",3,9,2,0,4,1,0,2,1,4,21,18,5,2,14,14,11,8,42,58,1.57,1.23,1.97,1.50,2.59,73,87,46,18,9,27,91,27,87,12.09,4.09,2.80,3.50,2.34,1.28,1.80,3.19,6.28,1.67,2.10,Daio Wasabi Stayen Stadium (Sint-Truiden (St.-Trond))
1737817200,Jan 25 2025 - 3:00pm,complete,N/A,KVC Westerlo,KRC Genk,Jan Boterberg,23,1.45,1.55,1.47,1.80,1,2,3,2,0,2,"87","18,30",7,0,1,0,3,0,0,1,0,3,15,7,6,3,8,4,8,4,46,54,1.90,1.77,1.78,0.83,3.50,69,100,73,46,14,60,87,50,82,13.19,4.55,3.20,3.60,2.05,1.16,1.53,2.20,3.92,1.50,2.50,Het Kuipje (Westerlo)
1737825300,Jan 25 2025 - 5:15pm,complete,N/A,Sporting Charleroi,Cercle Brugge,N/A,23,1.70,0.82,1.47,0.73,1,1,2,2,1,1,"12","35",2,4,2,1,1,0,1,2,0,1,10,14,5,7,4,6,7,8,50,50,1.69,1.39,1.20,1.79,2.23,43,71,38,9,5,23,81,34,76,11.36,4.01,2.00,3.50,3.30,1.30,1.85,3.40,6.50,1.75,1.93,Stade du Pays de Charleroi (Charleroi)
1737834300,Jan 25 2025 - 7:45pm,complete,N/A,Club Brugge,KV Kortrijk,N/A,23,2.36,0.45,2.20,0.60,1,1,2,2,1,1,"42","24",6,0,2,0,3,0,0,2,0,3,26,11,8,3,12,6,10,10,69,31,2.05,1.15,2.41,0.94,3.59,55,87,69,45,32,41,64,78,96,11.27,3.27,1.18,6.50,11.00,1.12,1.45,2.16,3.67,2.05,1.66,Jan Breydelstadion (Brugge)
1737894600,Jan 26 2025 - 12:30pm,complete,N/A,Standard Liège,FCV Dender EH,Nathan Verboomen,23,1.91,1.50,1.67,1.00,1,0,1,1,1,0,"3","",3,11,1,0,3,0,0,1,2,1,12,19,7,5,4,10,8,15,35,65,1.21,1.12,1.35,1.91,2.38,48,63,49,20,15,34,63,30,81,7.58,3.37,2.14,3.45,3.25,1.36,2.07,3.67,7.77,1.91,1.91,Stade Maurice Dufrasne (Liège (Luik))
1737903600,Jan 26 2025 - 3:00pm,complete,N/A,Beerschot-Wilrijk,Union Saint-Gilloise,Lawrence Visser,23,1.09,1.18,1.07,1.47,0,4,4,3,0,3,"","16,18,36,65",7,6,0,1,1,0,1,0,1,0,7,11,5,6,2,5,4,14,33,67,1.30,1.43,1.05,1.57,2.41,60,69,46,27,14,27,55,50,64,11.27,5.45,6.40,4.60,1.45,1.25,1.73,2.80,5.25,1.83,1.85,Olympisch Stadion (Antwerp (Anvers))
1737912600,Jan 26 2025 - 5:30pm,complete,N/A,RSC Anderlecht,KV Mechelen,Bram Van Driessche,23,1.64,0.90,1.80,1.00,4,1,5,2,2,0,"24,41,67,82","49",2,5,0,0,2,0,0,0,1,1,13,16,7,7,5,6,6,9,48,52,1.69,1.29,1.48,1.69,2.75,48,76,52,28,14,42,71,43,71,10.25,3.25,1.87,3.66,3.88,1.24,1.77,3.00,5.38,1.70,2.05,Lotto Park (Bruxelles (Brussel))
1737915300,Jan 26 2025 - 6:15pm,complete,N/A,OH Leuven,KAA Gent,Erik Lambrechts,23,1.70,1.27,1.81,1.33,0,0,0,0,0,0,"","",1,7,2,0,0,0,1,1,0,0,28,31,3,6,18,19,11,10,36,64,1.29,1.15,1.79,2.52,1.99,43,58,23,19,9,29,43,33,72,10.51,5.49,5.74,1.28,6.48,1.31,1.98,3.52,6.83,1.75,2.00,King Power at Den Dreef Stadion (Heverlee)
1738352700,Jan 31 2025 - 7:45pm,complete,N/A,OH Leuven,KV Mechelen,Jasper Vergoote,24,1.64,0.82,1.81,1.00,1,0,1,1,1,0,"6","",1,6,3,1,4,0,3,1,2,2,6,30,2,6,3,22,8,12,29,71,1.34,1.33,0.66,3.06,2.19,55,69,27,18,9,27,55,41,64,10.82,4.18,2.23,3.50,3.14,1.28,1.91,3.26,6.28,1.70,2.05,King Power at Den Dreef Stadion (Heverlee)
1738422000,Feb 01 2025 - 3:00pm,complete,N/A,Sporting Charleroi,FCV Dender EH,Nicolas Laforge,24,1.64,1.36,1.47,1.00,5,0,5,3,3,0,"8,17,44,71,82","",1,3,1,0,1,2,0,1,3,0,20,4,11,3,8,1,10,6,60,40,1.65,1.20,2.47,0.67,2.50,50,73,46,18,14,32,82,41,69,9.73,4.36,1.62,3.60,5.80,1.30,1.91,3.40,6.50,1.90,1.78,Stade du Pays de Charleroi (Charleroi)
1738430100,Feb 01 2025 - 5:15pm,complete,N/A,Cercle Brugge,Standard Liège,Wim Smet,24,1.64,0.91,1.40,0.93,1,1,2,0,0,0,"64","90'8",4,6,1,0,2,0,1,0,0,2,18,17,4,4,11,9,10,14,53,47,1.65,0.97,1.59,1.55,2.18,32,64,41,18,18,27,60,23,73,9.73,4.36,1.79,3.59,4.30,1.30,1.91,3.40,6.50,1.83,1.85,Jan Breydelstadion (Brugge)
1738439100,Feb 01 2025 - 7:45pm,complete,N/A,KRC Genk,Beerschot-Wilrijk,Lothar D'hondt,24,2.82,0.09,2.73,0.13,1,0,1,1,1,0,"30","",7,2,1,0,2,1,0,1,0,3,19,9,6,0,9,7,9,11,64,36,1.74,1.08,1.88,0.64,3.09,41,82,64,41,23,27,64,60,96,8.27,3.91,1.29,5.80,8.30,1.15,1.39,1.95,3.50,1.75,1.95,Cegeka Arena (Genk)
1738499400,Feb 02 2025 - 12:30pm,complete,N/A,Royal Antwerp FC,Club Brugge,Erik Lambrechts,24,1.82,1.91,1.80,1.73,2,1,3,1,0,1,"86,90","23",3,6,2,0,2,0,0,2,0,2,11,24,4,11,4,9,8,10,46,54,1.72,1.60,1.03,2.42,3.18,60,87,73,36,14,41,82,55,87,11.55,3.64,4.10,3.82,1.77,1.22,1.65,2.85,5.31,1.70,2.05,Bosuilstadion (Deurne)
1738508400,Feb 02 2025 - 3:00pm,complete,N/A,Union Saint-Gilloise,Sint-Truiden,Jan Boterberg,24,2.18,0.73,2.20,0.60,2,1,3,0,0,0,"60,90'6","76",6,6,3,0,5,0,2,1,0,5,17,10,3,4,12,5,8,12,61,39,1.79,1.30,1.58,1.16,3.00,55,78,64,36,14,41,82,46,87,10.54,4.45,1.43,4.20,7.40,1.19,1.70,2.88,4.45,1.80,1.95,Stade Joseph Mariën (Bruxelles (Brussels))
1738517400,Feb 02 2025 - 5:30pm,complete,N/A,KAA Gent,RSC Anderlecht,Nathan Verboomen,24,1.64,1.64,1.67,1.60,1,0,1,1,1,0,"6","",9,6,3,1,3,1,2,2,3,1,14,15,8,4,5,8,14,4,46,54,1.52,1.39,1.78,1.40,2.64,50,91,45,23,14,32,82,36,82,10.18,3.55,2.45,3.45,2.70,1.26,1.82,3.04,5.87,1.67,2.10,Planet Group Arena (Gent)
1738520100,Feb 02 2025 - 6:15pm,complete,N/A,KV Kortrijk,KVC Westerlo,Lawrence Visser,24,1.18,0.64,1.13,1.00,1,2,3,1,1,0,"27","67,89",5,6,3,1,5,1,1,3,4,2,10,17,4,8,6,7,11,10,45,55,1.37,1.56,1.06,1.87,2.87,50,69,55,32,18,41,73,46,82,10.45,5.36,3.13,3.41,2.19,1.24,1.73,2.94,5.38,1.62,2.20,Guldensporenstadion (Kortrijk)
1738957500,Feb 07 2025 - 7:45pm,complete,N/A,KV Mechelen,KAA Gent,Lawrence Visser,25,1.50,1.25,1.53,1.33,3,3,6,2,1,1,"14,46,54","28,84,90'4",9,2,0,0,1,0,0,0,1,0,17,18,8,7,9,9,10,6,39,61,1.52,1.27,1.99,1.76,2.67,46,67,50,29,21,34,63,42,75,9.00,5.16,2.37,3.35,2.86,1.25,1.79,3.00,5.75,1.62,2.20,AFAS Stadion (Mechelen (Malines))
1739026800,Feb 08 2025 - 3:00pm,complete,N/A,Club Brugge,OH Leuven,Bram Van Driessche,25,2.25,0.67,2.20,0.60,1,0,1,1,1,0,"31","",8,1,0,0,2,1,0,0,2,1,22,11,5,3,11,4,0,1,70,30,2.09,1.21,2.05,0.87,2.96,55,84,42,25,25,54,71,50,71,11.00,3.75,1.32,5.20,8.30,1.16,1.57,2.48,4.45,1.93,1.77,Jan Breydelstadion (Brugge)
1739034900,Feb 08 2025 - 5:15pm,complete,N/A,FCV Dender EH,Sint-Truiden,Lothar D'hondt,25,1.08,0.67,1.13,0.60,2,1,3,1,1,0,"39,53","52",3,5,1,0,3,0,0,1,1,2,17,10,5,2,7,4,14,13,45,55,1.08,1.29,1.36,0.87,2.88,59,75,50,25,21,34,79,34,71,8.84,4.83,2.57,3.21,2.71,1.30,1.89,3.10,6.00,1.66,2.05,DENDER Football Complex (Denderleeuw)
1739043900,Feb 08 2025 - 7:45pm,complete,N/A,KRC Genk,Cercle Brugge,Kevin Van Damme,25,2.83,0.83,2.73,0.73,2,1,3,3,2,1,"18,40","10",2,3,0,0,2,1,0,0,0,3,20,14,7,5,10,7,2,12,62,38,1.75,1.42,1.92,1.53,2.63,42,79,46,25,17,30,75,38,79,10.75,3.33,1.62,4.10,4.80,1.19,1.60,2.55,4.65,1.66,2.05,Cegeka Arena (Genk)
1739104200,Feb 09 2025 - 12:30pm,complete,N/A,RSC Anderlecht,Royal Antwerp FC,Jan Boterberg,25,1.75,1.42,1.80,1.27,2,0,2,0,0,0,"58,64","",10,2,1,0,4,0,1,0,3,1,19,9,5,4,9,5,9,14,55,45,1.68,1.25,1.51,1.06,2.71,59,83,50,25,13,50,88,30,79,10.92,3.91,2.10,3.47,3.27,1.26,1.80,3.04,5.78,1.75,2.00,Lotto Park (Bruxelles (Brussel))
1739113200,Feb 09 2025 - 3:00pm,complete,N/A,KV Kortrijk,Union Saint-Gilloise,Jasper Vergoote,25,1.08,1.33,1.13,1.47,1,2,3,1,0,1,"90'1","34,66",7,5,2,0,2,0,1,1,2,0,12,16,3,7,8,8,11,9,45,55,1.34,1.44,1.25,1.72,2.21,46,67,42,17,4,25,59,42,67,11.91,5.09,4.80,4.10,1.62,1.24,1.83,3.04,5.78,1.95,1.80,Guldensporenstadion (Kortrijk)
1739122200,Feb 09 2025 - 5:30pm,complete,N/A,KVC Westerlo,Standard Liège,Bert Put,25,1.33,0.92,1.47,0.93,4,2,6,3,2,1,"17,31,46,89","10,90'3",5,4,2,0,1,0,2,0,1,0,28,14,10,3,11,10,5,16,60,40,1.89,1.02,2.49,1.37,2.63,50,84,54,21,8,42,75,34,79,10.50,5.00,1.70,3.96,4.40,1.19,1.65,2.65,4.65,1.70,2.05,Het Kuipje (Westerlo)
1739124900,Feb 09 2025 - 6:15pm,complete,N/A,Beerschot-Wilrijk,Sporting Charleroi,N/A,25,1.00,0.92,1.07,1.00,1,1,2,1,1,0,"32","60",4,5,2,0,1,0,0,2,0,1,16,11,4,2,8,6,12,13,46,54,1.28,1.44,1.37,0.96,2.71,50,67,55,34,17,34,63,42,75,10.75,4.91,4.10,3.61,1.82,1.28,1.87,3.32,6.28,1.80,1.95,Olympisch Stadion (Antwerp (Anvers))
1739562300,Feb 14 2025 - 7:45pm,complete,N/A,Standard Liège,KRC Genk,Jan Boterberg,26,2.00,1.67,1.67,1.80,1,2,3,1,0,1,"90'9","35,78",6,4,1,0,2,1,0,1,0,3,14,22,4,5,7,12,9,11,40,60,1.22,1.69,1.21,1.80,2.50,50,67,50,25,9,42,63,29,79,9.25,3.08,4.90,3.62,1.69,1.26,1.87,3.14,5.87,1.80,1.95,Stade Maurice Dufrasne (Liège (Luik))
1739631600,Feb 15 2025 - 3:00pm,complete,N/A,OH Leuven,FCV Dender EH,Wim Smet,26,1.75,1.25,1.81,1.00,3,2,5,3,1,2,"30,89,90'2","9,39",2,8,2,0,2,0,0,2,0,2,18,27,5,7,9,14,11,14,55,45,1.28,1.15,1.64,2.23,2.42,46,71,38,25,17,38,71,38,67,9.67,4.92,1.85,3.50,4.10,1.36,2.00,3.67,7.77,1.85,1.82,King Power at Den Dreef Stadion (Heverlee)
1739639700,Feb 15 2025 - 5:15pm,complete,N/A,Royal Antwerp FC,KV Kortrijk,Bram Van Driessche,26,1.92,0.50,1.80,0.60,2,1,3,2,2,0,"22,42","53",4,5,0,0,1,0,0,0,0,1,20,14,10,3,8,9,16,9,58,42,1.66,1.13,2.10,1.36,3.25,54,88,71,42,17,38,80,63,88,10.92,4.34,1.67,4.00,4.50,1.22,1.70,2.80,5.25,1.71,2.00,Bosuilstadion (Deurne)
1739648700,Feb 15 2025 - 7:45pm,complete,N/A,Sint-Truiden,Club Brugge,N/A,26,1.25,1.75,1.47,1.73,2,2,4,2,2,0,"10,20","72,90'1",3,14,2,0,2,0,0,2,1,1,7,25,4,7,2,11,3,10,33,67,1.60,1.67,0.79,2.21,2.88,71,88,63,25,13,33,84,46,83,11.50,3.58,5.30,4.33,1.54,1.18,1.57,2.50,4.45,1.66,2.05,Daio Wasabi Stayen Stadium (Sint-Truiden (St.-Trond))
1739709000,Feb 16 2025 - 12:30pm,complete,N/A,KAA Gent,Beerschot-Wilrijk,Kevin Van Damme,26,1.75,0.08,1.67,0.13,3,2,5,2,1,1,"10,67,90","6,55",8,6,0,0,3,1,0,0,1,3,28,18,4,6,18,8,14,10,52,48,1.54,1.04,2.08,1.63,2.92,46,84,55,34,17,38,84,46,84,8.41,4.33,1.45,4.40,6.50,1.20,1.55,2.80,4.75,1.91,1.91,Planet Group Arena (Gent)
1739718000,Feb 16 2025 - 3:00pm,complete,N/A,Union Saint-Gilloise,KV Mechelen,Nicolas Laforge,26,2.25,0.75,2.20,1.00,0,1,1,1,0,1,"","42",9,5,4,0,1,0,0,4,1,0,20,12,9,5,11,7,13,9,54,46,1.77,1.47,2.36,1.53,2.58,54,67,55,34,9,29,67,54,67,11.08,4.25,1.60,4.10,5.10,1.21,1.67,2.66,4.87,1.75,2.00,Stade Joseph Mariën (Bruxelles (Brussels))
1739727000,Feb 16 2025 - 5:30pm,complete,N/A,Sporting Charleroi,RSC Anderlecht,Bert Put,26,1.75,1.50,1.47,1.60,0,1,1,0,0,0,"","62",3,6,1,0,3,0,1,0,2,1,16,7,6,2,9,4,14,11,52,48,1.72,1.39,1.65,0.94,2.21,42,71,38,13,8,21,75,38,71,10.25,4.16,2.68,3.32,2.53,1.31,1.83,3.46,6.83,1.75,2.00,Stade du Pays de Charleroi (Charleroi)
1739729700,Feb 16 2025 - 6:15pm,complete,N/A,Cercle Brugge,KVC Westerlo,Nathan Verboomen,26,1.58,0.83,1.40,1.00,1,1,2,1,0,1,"72","27",8,1,1,0,2,0,0,1,2,0,27,9,10,6,12,3,13,14,56,44,1.64,1.58,2.69,1.18,2.96,59,71,55,38,29,38,67,46,84,11.17,5.50,2.23,3.40,3.05,1.21,1.67,2.95,4.87,1.57,2.25,Jan Breydelstadion (Brugge)
1740167100,Feb 21 2025 - 7:45pm,complete,N/A,KV Mechelen,Sint-Truiden,Erik Lambrechts,27,1.46,0.62,1.53,0.60,1,1,2,1,1,0,"26","90'1",4,0,2,0,2,0,0,2,2,0,7,12,2,4,4,6,13,7,48,52,1.55,1.25,0.85,1.24,3.46,66,92,69,31,27,42,89,50,93,9.61,4.69,1.91,3.72,3.61,1.22,1.61,2.60,4.75,1.57,2.25,AFAS Stadion (Mechelen (Malines))
1740236400,Feb 22 2025 - 3:00pm,complete,N/A,FCV Dender EH,Beerschot-Wilrijk,Bert Put,27,1.23,0.08,1.13,0.13,0,0,0,0,0,0,"","",1,9,3,1,1,0,3,1,0,1,10,17,3,3,7,14,6,14,38,62,1.10,1.09,1.18,1.87,2.81,50,70,54,35,19,31,77,47,69,7.39,4.92,1.83,3.65,4.00,1.31,1.79,3.52,6.83,1.88,1.92,DENDER Football Complex (Denderleeuw)
1740244500,Feb 22 2025 - 5:15pm,complete,N/A,KVC Westerlo,Sporting Charleroi,Wim Smet,27,1.46,0.92,1.47,1.00,1,3,4,1,1,0,"31","56,62,90'3",2,9,1,0,1,0,0,1,0,1,12,17,5,5,4,9,7,8,40,60,1.93,1.40,1.19,1.93,3.00,62,81,58,31,15,43,77,39,81,12.46,5.08,2.32,3.53,2.81,1.18,1.67,2.42,4.25,1.57,2.25,Het Kuipje (Westerlo)
1740253500,Feb 22 2025 - 7:45pm,complete,N/A,Royal Antwerp FC,OH Leuven,Nicolas Laforge,27,2.00,0.62,1.80,0.60,2,2,4,0,0,0,"47,58","56,90'6",7,4,3,0,3,0,1,2,2,1,23,11,10,7,12,3,17,12,57,43,1.70,1.18,2.50,1.36,2.69,50,81,50,23,12,46,85,39,69,10.62,4.62,1.93,3.53,3.75,1.26,1.82,3.14,5.87,1.72,1.98,Bosuilstadion (Deurne)
1740313800,Feb 23 2025 - 12:30pm,complete,N/A,Club Brugge,Standard Liège,Lawrence Visser,27,2.31,0.85,2.20,0.93,1,2,3,0,0,0,"51","67,85",7,8,2,1,4,0,2,1,1,3,16,16,7,4,7,9,12,13,60,40,2.08,1.05,1.84,1.41,2.93,47,77,46,27,27,43,66,50,81,9.39,3.15,1.28,5.70,8.90,1.16,1.64,2.30,4.25,1.93,1.75,Jan Breydelstadion (Brugge)
1740322800,Feb 23 2025 - 3:00pm,complete,N/A,KRC Genk,KAA Gent,Jasper Vergoote,27,2.85,1.23,2.73,1.33,0,0,0,0,0,0,"","",7,5,2,0,2,0,1,1,2,0,20,15,3,4,16,8,10,13,57,43,1.77,1.30,1.87,1.36,2.54,38,62,46,31,23,27,50,42,73,9.23,4.07,1.63,3.84,5.10,1.20,1.57,2.55,4.33,1.62,2.15,Cegeka Arena (Genk)
1740331800,Feb 23 2025 - 5:30pm,complete,N/A,RSC Anderlecht,Union Saint-Gilloise,Bram Van Driessche,27,1.85,1.46,1.80,1.47,0,2,2,1,0,1,"","33,70",7,2,3,0,2,0,0,3,1,1,14,7,6,5,6,1,10,14,59,41,1.66,1.46,1.50,1.05,2.66,46,77,50,31,16,43,66,46,74,11.39,4.16,2.49,3.62,2.55,1.28,1.79,3.32,6.28,1.70,2.05,Lotto Park (Bruxelles (Brussel))
1740334500,Feb 23 2025 - 6:15pm,complete,N/A,KV Kortrijk,Cercle Brugge,Lothar D'hondt,27,1.00,0.77,1.13,0.73,1,1,2,1,1,0,"13","89",5,3,4,0,2,0,1,3,1,1,15,7,6,4,7,2,22,15,47,53,1.34,1.43,1.70,1.09,2.43,50,77,50,12,4,35,81,35,73,11.23,4.15,3.11,3.23,2.28,1.32,1.98,3.52,6.83,1.80,1.95,Guldensporenstadion (Kortrijk)
1740771900,Feb 28 2025 - 7:45pm,complete,N/A,Sporting Charleroi,KRC Genk,Nicolas Laforge,28,1.62,1.77,1.47,1.80,1,1,2,0,0,0,"89","71",3,4,3,0,1,0,1,2,1,0,13,13,7,4,6,8,11,11,41,59,1.71,1.70,1.61,1.34,2.81,54,81,54,27,12,43,77,46,77,10.16,3.92,2.63,3.45,2.51,1.21,1.80,2.88,5.45,1.62,2.15,Stade du Pays de Charleroi (Charleroi)
1740841200,Mar 01 2025 - 3:00pm,complete,N/A,Cercle Brugge,Royal Antwerp FC,Bert Put,28,1.54,1.31,1.40,1.27,0,0,0,0,0,0,"","",2,5,1,1,2,0,0,2,0,2,23,11,11,5,11,4,12,13,49,51,1.72,1.24,2.68,1.22,2.31,62,77,35,16,12,27,70,27,77,12.23,4.54,2.35,3.39,2.86,1.33,1.89,3.45,6.50,1.73,1.95,Jan Breydelstadion (Brugge)
1740841200,Mar 01 2025 - 3:00pm,complete,N/A,KAA Gent,Club Brugge,Jan Boterberg,28,1.85,1.69,1.67,1.73,1,1,2,1,0,1,"90'2","29",6,7,2,0,1,0,2,0,1,0,-1,-1,-1,-1,-1,-1,-1,-1,-1,-1,1.58,1.71,0.00,0.00,2.96,62,89,62,31,16,42,85,50,81,11.54,3.46,3.56,3.65,1.94,1.22,1.82,2.80,5.25,1.62,2.20,Planet Group Arena (Gent)
1740849300,Mar 01 2025 - 5:15pm,complete,N/A,Sint-Truiden,KV Kortrijk,Lawrence Visser,28,1.23,0.46,1.47,0.60,4,2,6,3,2,1,"11,20,75,81","45,70",3,4,1,0,1,0,1,0,1,0,10,18,5,8,5,8,5,10,45,55,1.54,1.15,1.20,2.09,3.00,66,89,62,35,15,38,81,50,85,10.84,4.16,1.77,3.80,4.10,1.25,1.80,3.00,5.50,1.73,1.95,Daio Wasabi Stayen Stadium (Sint-Truiden (St.-Trond))
1740858300,Mar 01 2025 - 7:45pm,complete,N/A,Union Saint-Gilloise,FCV Dender EH,N/A,28,2.08,1.15,2.20,1.00,4,1,5,2,2,0,"28,32,53,86","75",2,5,1,0,2,0,0,1,0,2,25,5,14,3,7,2,12,10,57,43,1.82,1.24,2.74,0.77,2.92,50,74,66,42,19,43,81,54,73,10.77,4.76,1.33,5.20,8.10,1.20,1.66,2.30,5.00,1.95,1.73,Stade Joseph Mariën (Bruxelles (Brussels))
1740927600,Mar 02 2025 - 3:00pm,complete,N/A,Beerschot-Wilrijk,KV Mechelen,Lothar D'hondt,28,1.00,0.92,1.07,1.00,1,0,1,1,1,0,"44","",4,9,2,1,5,0,2,1,0,5,15,18,5,8,9,9,9,20,46,54,1.28,1.48,1.51,2.05,2.66,58,70,50,31,15,31,69,46,66,10.31,4.23,3.09,3.39,2.21,1.24,1.80,3.00,5.38,1.67,2.10,Olympisch Stadion (Antwerp (Anvers))
1740936600,Mar 02 2025 - 5:30pm,complete,N/A,Standard Liège,RSC Anderlecht,Jasper Vergoote,28,1.85,1.62,1.67,1.60,0,2,2,0,0,0,"","63,88",3,4,0,0,3,0,0,0,0,3,13,12,5,4,7,5,11,16,46,54,1.22,1.35,1.50,1.15,1.85,38,54,35,8,4,15,58,23,77,9.31,3.38,3.95,3.47,1.89,1.34,1.91,3.67,7.29,1.95,1.80,Stade Maurice Dufrasne (Liège (Luik))
1740939300,Mar 02 2025 - 6:15pm,complete,N/A,OH Leuven,KVC Westerlo,Bram Van Driessche,28,1.85,0.85,1.81,1.00,0,0,0,0,0,0,"","",2,9,2,0,1,0,1,1,0,1,10,23,2,4,6,15,17,10,48,52,1.31,1.55,0.94,1.90,2.62,58,70,39,31,20,39,70,43,77,9.53,5.92,2.46,3.53,2.63,1.19,1.61,2.59,4.65,1.53,2.38,King Power at Den Dreef Stadion (Heverlee)
1741376700,Mar 07 2025 - 7:45pm,complete,N/A,Sint-Truiden,Beerschot-Wilrijk,Nicolas Laforge,29,1.36,0.14,1.47,0.13,2,0,2,1,1,0,"17,90'6","",4,8,2,0,2,1,0,2,1,2,18,13,7,4,8,8,8,11,40,60,1.52,1.14,1.80,1.56,3.07,61,82,61,40,21,40,82,50,86,9.43,4.36,1.62,4.20,4.70,1.20,1.61,2.65,4.50,1.65,2.05,Daio Wasabi Stayen Stadium (Sint-Truiden (St.-Trond))
1741446000,Mar 08 2025 - 3:00pm,complete,N/A,KV Kortrijk,OH Leuven,Jasper Vergoote,29,1.00,0.64,1.13,0.60,2,0,2,1,1,0,"44,63","",5,4,1,0,4,1,1,0,2,3,26,11,7,4,16,6,16,21,56,44,1.36,1.19,2.45,1.15,2.22,47,71,40,11,4,32,71,36,65,10.57,5.15,2.71,3.23,2.55,1.30,1.89,3.30,6.25,1.75,1.93,Guldensporenstadion (Kortrijk)
1741454100,Mar 08 2025 - 5:15pm,complete,N/A,Sporting Charleroi,KV Mechelen,Lawrence Visser,29,1.57,0.86,1.47,1.00,0,1,1,1,0,1,"","1",6,3,1,0,2,0,0,1,0,2,14,10,3,6,9,4,7,10,67,33,1.70,1.52,1.29,1.23,2.22,47,61,33,14,11,21,68,43,61,10.07,4.21,2.20,3.36,3.14,1.30,1.79,3.10,6.00,1.66,2.05,Stade du Pays de Charleroi (Charleroi)
1741463100,Mar 08 2025 - 7:45pm,complete,N/A,FCV Dender EH,KRC Genk,Wim Smet,29,1.21,1.71,1.13,1.80,0,1,1,0,0,0,"","90'10",2,6,1,0,0,0,0,1,0,0,20,24,5,6,11,11,11,11,39,61,1.11,1.67,1.70,1.94,2.82,61,79,54,32,14,39,75,43,65,9.07,4.22,4.10,3.87,1.76,1.22,1.85,2.70,4.75,1.62,2.15,DENDER Football Complex (Denderleeuw)
1741523400,Mar 09 2025 - 12:30pm,complete,N/A,Cercle Brugge,Club Brugge,Bram Van Driessche,29,1.50,1.64,1.40,1.73,1,3,4,3,0,3,"57","26,34,36",9,4,2,0,3,0,0,2,2,1,22,18,5,5,14,11,9,10,42,58,1.79,1.71,2.03,1.53,2.57,61,75,54,25,14,29,65,43,79,12.27,3.64,4.20,3.55,1.82,1.30,1.92,3.35,6.50,1.80,1.95,Jan Breydelstadion (Brugge)
1741532400,Mar 09 2025 - 3:00pm,complete,N/A,KVC Westerlo,RSC Anderlecht,Jan Boterberg,29,1.36,1.71,1.47,1.60,2,0,2,2,2,0,"2,22","",7,9,1,0,0,0,0,1,0,0,11,18,5,3,5,15,10,11,37,63,1.88,1.34,1.11,1.92,2.86,58,86,58,29,11,36,79,43,83,11.93,4.71,2.97,3.57,2.21,1.20,1.65,2.50,4.33,1.57,2.25,Het Kuipje (Westerlo)
1741541400,Mar 09 2025 - 5:30pm,complete,N/A,Royal Antwerp FC,KAA Gent,Erik Lambrechts,29,1.93,1.21,1.80,1.33,0,1,1,0,0,0,"","83",8,4,1,0,0,0,0,1,0,0,14,16,7,6,6,7,10,14,43,57,1.76,1.31,1.58,1.69,2.79,50,68,58,36,18,36,61,47,79,10.21,4.50,2.27,3.36,3.01,1.25,1.70,2.90,5.50,1.62,2.20,Bosuilstadion (Deurne)
1741544100,Mar 09 2025 - 6:15pm,complete,N/A,Union Saint-Gilloise,Standard Liège,Lothar D'hondt,29,2.14,1.00,2.20,0.93,3,0,3,1,1,0,"20,55,82","",1,4,2,0,2,1,1,1,0,3,13,9,4,4,6,4,14,19,62,38,1.88,1.07,1.16,1.12,2.47,43,68,54,29,11,33,64,47,75,9.57,4.65,1.33,5.20,8.00,1.20,1.70,2.60,4.75,2.00,1.75,Stade Joseph Mariën (Bruxelles (Brussels))
1742067900,Mar 15 2025 - 7:45pm,complete,N/A,KRC Genk,Union Saint-Gilloise,Jasper Vergoote,30,2.71,1.57,2.73,1.47,2,1,3,0,0,0,"69,83","89",4,5,1,0,0,0,0,1,0,0,25,13,8,3,10,6,11,13,55,45,1.77,1.43,2.20,1.15,2.39,43,71,43,25,14,21,57,43,68,10.86,4.22,2.63,3.23,2.63,1.25,1.85,2.90,5.50,1.62,2.20,Cegeka Arena (Genk)
1742128200,Mar 16 2025 - 12:30pm,complete,N/A,Standard Liège,Royal Antwerp FC,Bram Van Driessche,30,1.71,1.29,1.67,1.27,0,0,0,0,0,0,"","",5,3,1,0,4,0,0,1,2,2,8,5,5,2,3,3,10,22,55,45,1.24,1.24,1.34,0.66,1.82,50,61,29,4,0,22,61,21,75,9.50,3.78,2.90,3.10,2.40,1.35,1.85,3.50,7.00,1.91,1.91,Stade Maurice Dufrasne (Liège (Luik))
1742146200,Mar 16 2025 - 5:30pm,complete,N/A,Club Brugge,Sporting Charleroi,Wim Smet,30,2.14,1.07,2.20,1.00,4,2,6,2,1,1,"3,49,63,80","34,77",2,3,0,0,1,0,0,0,0,1,24,8,10,4,10,3,8,10,57,43,2.06,1.44,2.36,1.04,3.07,57,75,50,33,25,36,64,54,83,11.79,3.43,1.55,3.98,5.80,1.28,1.87,3.25,6.25,2.00,1.75,Jan Breydelstadion (Brugge)
1742146200,Mar 16 2025 - 5:30pm,complete,N/A,RSC Anderlecht,Cercle Brugge,Lothar D'hondt,30,1.71,0.79,1.80,0.73,3,0,3,1,1,0,"6,87,90'6","",7,7,2,0,5,0,1,1,3,2,17,14,7,5,5,7,9,19,60,40,1.65,1.40,1.59,1.51,2.75,47,86,50,25,14,50,86,32,79,10.64,3.43,1.83,3.47,4.30,1.33,1.94,3.45,7.00,1.80,1.95,Lotto Park (Bruxelles (Brussel))
1742146200,Mar 16 2025 - 5:30pm,complete,N/A,KAA Gent,KV Kortrijk,Kevin Van Damme,30,1.79,0.43,1.67,0.60,1,2,3,1,0,1,"90'3","45'5,70",4,3,1,0,4,1,0,1,0,5,6,10,3,4,3,4,8,11,56,44,1.58,1.22,1.01,1.19,3.08,57,90,57,36,21,43,82,50,83,10.41,3.92,1.68,3.81,4.75,1.28,1.82,3.10,5.75,1.80,1.95,Planet Group Arena (Gent)
1742146200,Mar 16 2025 - 5:30pm,complete,N/A,Beerschot-Wilrijk,KVC Westerlo,Erik Lambrechts,30,1.14,0.86,1.07,1.00,1,2,3,1,0,1,"71","45'7,86",6,4,2,0,3,0,0,2,1,2,10,16,2,5,6,7,5,17,60,40,1.30,1.58,1.15,1.41,2.93,61,71,57,40,22,40,75,47,79,9.86,5.72,3.38,3.75,1.97,1.20,1.59,2.25,4.75,1.57,2.25,Olympisch Stadion (Antwerp (Anvers))
1742146200,Mar 16 2025 - 5:30pm,complete,N/A,OH Leuven,Sint-Truiden,Jan Boterberg,30,1.79,0.64,1.81,0.60,3,2,5,2,1,1,"13,66,83","44,74",5,2,3,0,5,1,2,1,3,3,12,4,5,3,6,1,16,13,54,46,1.28,1.25,1.53,0.79,2.50,57,75,39,18,14,33,68,36,79,9.28,4.93,2.35,2.98,3.23,1.30,1.89,3.35,6.50,1.67,2.10,King Power at Den Dreef Stadion (Heverlee)
1742146200,Mar 16 2025 - 5:30pm,complete,N/A,KV Mechelen,FCV Dender EH,Bert Put,30,1.43,1.07,1.53,1.00,2,1,3,0,0,0,"54,65","73",5,5,1,0,1,0,1,0,0,1,18,23,8,6,9,11,7,6,60,40,1.50,1.20,2.04,1.83,3.47,61,90,68,43,36,50,93,54,83,9.43,4.50,1.72,3.84,4.40,1.25,1.77,3.10,5.75,1.75,2.00,AFAS Stadion (Mechelen (Malines))
1743191100,Mar 28 2025 - 7:45pm,complete,N/A,OH Leuven,Sporting Charleroi,Bert Put,1,1.87,1.00,1.81,1.00,0,0,0,0,0,0,"","",4,8,3,1,2,0,1,3,1,1,11,31,2,7,8,19,10,11,35,65,1.30,1.41,0.96,2.80,2.37,50,64,34,27,17,30,60,37,70,10.40,4.74,2.99,2.85,2.60,1.42,2.15,4.20,8.50,1.95,1.80,King Power at Den Dreef Stadion (Heverlee)
1743260400,Mar 29 2025 - 3:00pm,incomplete,-1,Beerschot-Wilrijk,Sint-Truiden,N/A,1,1.07,0.60,1.07,0.60,0,0,0,0,0,0,"","",-1,-1,-1,-1,-1,-1,-1,-1,-1,-1,-1,-1,-1,-1,-1,-1,-1,-1,-1,-1,1.29,1.21,0.00,0.00,3.07,67,83,64,30,20,37,80,47,87,9.40,5.13,3.14,3.45,2.16,1.25,1.75,2.95,5.50,1.67,2.10,Olympisch Stadion (Antwerp (Anvers))
1743268500,Mar 29 2025 - 5:15pm,incomplete,-1,Standard Liège,KV Mechelen,N/A,1,1.67,1.00,1.67,1.00,0,0,0,0,0,0,"","",-1,-1,-1,-1,-1,-1,-1,-1,-1,-1,-1,-1,-1,-1,-1,-1,-1,-1,-1,-1,1.24,1.50,0.00,0.00,1.87,40,47,30,10,7,17,57,30,60,9.20,3.26,2.73,3.16,2.58,1.34,1.85,3.66,7.00,1.80,1.95,Stade Maurice Dufrasne (Liège (Luik))
1743277500,Mar 29 2025 - 7:45pm,incomplete,-1,Union Saint-Gilloise,Royal Antwerp FC,N/A,1,2.20,1.27,2.20,1.27,0,0,0,0,0,0,"","",-1,-1,-1,-1,-1,-1,-1,-1,-1,-1,-1,-1,-1,-1,-1,-1,-1,-1,-1,-1,1.84,1.20,0.00,0.00,2.30,54,70,47,24,4,30,73,40,70,11.00,5.00,1.56,4.10,5.40,1.24,1.67,2.85,5.29,1.80,1.95,Stade Joseph Mariën (Bruxelles (Brussels))
1743334200,Mar 30 2025 - 11:30am,incomplete,-1,Club Brugge,RSC Anderlecht,N/A,1,2.20,1.60,2.20,1.60,0,0,0,0,0,0,"","",-1,-1,-1,-1,-1,-1,-1,-1,-1,-1,-1,-1,-1,-1,-1,-1,-1,-1,-1,-1,2.09,1.38,0.00,0.00,2.93,50,80,47,27,24,37,67,53,80,11.34,3.07,1.64,3.55,5.60,1.25,1.82,2.97,5.75,1.80,1.95,Jan Breydelstadion (Brugge)
1743343200,Mar 30 2025 - 2:00pm,incomplete,-1,KV Kortrijk,Cercle Brugge,N/A,1,1.13,0.73,1.13,0.73,0,0,0,0,0,0,"","",-1,-1,-1,-1,-1,-1,-1,-1,-1,-1,-1,-1,-1,-1,-1,-1,-1,-1,-1,-1,1.43,1.41,0.00,0.00,2.40,50,80,47,10,4,30,83,34,77,11.07,4.40,2.80,3.06,2.59,1.42,1.91,4.20,8.00,1.80,1.95,Guldensporenstadion (Kortrijk)
1743352200,Mar 30 2025 - 4:30pm,incomplete,-1,KRC Genk,KAA Gent,N/A,1,2.73,1.33,2.73,1.33,0,0,0,0,0,0,"","",-1,-1,-1,-1,-1,-1,-1,-1,-1,-1,-1,-1,-1,-1,-1,-1,-1,-1,-1,-1,1.81,1.33,0.00,0.00,2.34,37,57,43,27,20,24,43,40,70,9.34,3.87,1.60,3.85,5.40,1.20,1.60,2.63,4.33,1.62,2.20,Cegeka Arena (Genk)
1743354900,Mar 30 2025 - 5:15pm,incomplete,-1,FCV Dender EH,KVC Westerlo,N/A,1,1.13,1.00,1.13,1.00,0,0,0,0,0,0,"","",-1,-1,-1,-1,-1,-1,-1,-1,-1,-1,-1,-1,-1,-1,-1,-1,-1,-1,-1,-1,1.15,1.57,0.00,0.00,2.63,57,63,47,30,20,30,74,40,67,8.40,5.54,2.62,3.59,2.44,1.22,1.65,2.60,4.75,1.57,2.25,DENDER Football Complex (Denderleeuw)
1743792300,Apr 04 2025 - 6:45pm,incomplete,-1,KV Mechelen,FCV Dender EH,N/A,2,1.53,1.00,1.53,1.00,0,0,0,0,0,0,"","",-1,-1,-1,-1,-1,-1,-1,-1,-1,-1,-1,-1,-1,-1,-1,-1,-1,-1,-1,-1,1.54,1.25,0.00,0.00,3.44,64,90,70,40,34,47,87,57,84,9.47,4.34,0.00,0.00,0.00,0.00,0.00,0.00,0.00,0.00,0.00,AFAS Stadion (Mechelen (Malines))
1743861600,Apr 05 2025 - 2:00pm,incomplete,-1,Cercle Brugge,Beerschot-Wilrijk,N/A,2,1.40,0.13,1.40,0.13,0,0,0,0,0,0,"","",-1,-1,-1,-1,-1,-1,-1,-1,-1,-1,-1,-1,-1,-1,-1,-1,-1,-1,-1,-1,1.81,1.17,0.00,0.00,2.63,47,70,50,34,20,30,63,40,80,10.47,4.60,0.00,0.00,0.00,0.00,0.00,0.00,0.00,0.00,0.00,Jan Breydelstadion (Brugge)
1743869700,Apr 05 2025 - 4:15pm,incomplete,-1,KVC Westerlo,OH Leuven,N/A,2,1.47,0.60,1.47,0.60,0,0,0,0,0,0,"","",-1,-1,-1,-1,-1,-1,-1,-1,-1,-1,-1,-1,-1,-1,-1,-1,-1,-1,-1,-1,1.83,1.19,0.00,0.00,2.80,57,87,50,27,10,50,83,37,67,11.40,5.47,0.00,0.00,0.00,0.00,0.00,0.00,0.00,0.00,0.00,Het Kuipje (Westerlo)
1743878700,Apr 05 2025 - 6:45pm,incomplete,-1,KAA Gent,Union Saint-Gilloise,N/A,2,1.67,1.47,1.67,1.47,0,0,0,0,0,0,"","",-1,-1,-1,-1,-1,-1,-1,-1,-1,-1,-1,-1,-1,-1,-1,-1,-1,-1,-1,-1,1.54,1.41,0.00,0.00,2.57,57,83,44,24,14,30,73,44,74,11.11,4.27,0.00,0.00,0.00,0.00,0.00,0.00,0.00,0.00,0.00,Planet Group Arena (Gent)
1743939000,Apr 06 2025 - 11:30am,incomplete,-1,Royal Antwerp FC,Club Brugge,N/A,2,1.80,1.73,1.80,1.73,0,0,0,0,0,0,"","",-1,-1,-1,-1,-1,-1,-1,-1,-1,-1,-1,-1,-1,-1,-1,-1,-1,-1,-1,-1,1.75,1.70,0.00,0.00,3.14,67,87,73,37,10,40,80,53,90,11.91,3.60,0.00,0.00,0.00,0.00,0.00,0.00,0.00,0.00,0.00,Bosuilstadion (Deurne)
1743948000,Apr 06 2025 - 2:00pm,incomplete,-1,Sint-Truiden,KV Kortrijk,N/A,2,1.47,0.60,1.47,0.60,0,0,0,0,0,0,"","",-1,-1,-1,-1,-1,-1,-1,-1,-1,-1,-1,-1,-1,-1,-1,-1,-1,-1,-1,-1,1.53,1.22,0.00,0.00,3.17,67,90,63,37,20,40,83,54,87,10.33,4.27,0.00,0.00,0.00,0.00,0.00,0.00,0.00,0.00,0.00,Daio Wasabi Stayen Stadium (Sint-Truiden (St.-Trond))
1743957000,Apr 06 2025 - 4:30pm,incomplete,-1,RSC Anderlecht,KRC Genk,N/A,2,1.80,1.80,1.80,1.80,0,0,0,0,0,0,"","",-1,-1,-1,-1,-1,-1,-1,-1,-1,-1,-1,-1,-1,-1,-1,-1,-1,-1,-1,-1,1.65,1.69,0.00,0.00,3.14,50,90,64,37,17,53,77,50,87,10.87,3.20,0.00,0.00,0.00,0.00,0.00,0.00,0.00,0.00,0.00,Lotto Park (Bruxelles (Brussel))
1743959700,Apr 06 2025 - 5:15pm,incomplete,-1,Sporting Charleroi,Standard Liège,N/A,2,1.47,0.93,1.47,0.93,0,0,0,0,0,0,"","",-1,-1,-1,-1,-1,-1,-1,-1,-1,-1,-1,-1,-1,-1,-1,-1,-1,-1,-1,-1,1.68,1.08,0.00,0.00,2.17,37,67,37,10,10,24,64,40,74,8.47,4.40,0.00,0.00,0.00,0.00,0.00,0.00,0.00,0.00,0.00,Stade du Pays de Charleroi (Charleroi)
1744397100,Apr 11 2025 - 6:45pm,incomplete,-1,KVC Westerlo,Sporting Charleroi,N/A,3,1.47,1.00,1.47,1.00,0,0,0,0,0,0,"","",-1,-1,-1,-1,-1,-1,-1,-1,-1,-1,-1,-1,-1,-1,-1,-1,-1,-1,-1,-1,1.83,1.50,0.00,0.00,3.05,62,82,59,36,16,43,78,43,78,12.37,4.65,0.00,0.00,0.00,0.00,0.00,0.00,0.00,0.00,0.00,Het Kuipje (Westerlo)
1744466400,Apr 12 2025 - 2:00pm,incomplete,-1,KV Kortrijk,Beerschot-Wilrijk,N/A,3,1.13,0.13,1.13,0.13,0,0,0,0,0,0,"","",-1,-1,-1,-1,-1,-1,-1,-1,-1,-1,-1,-1,-1,-1,-1,-1,-1,-1,-1,-1,1.43,1.17,0.00,0.00,2.60,44,73,54,24,10,27,73,47,84,9.80,4.87,0.00,0.00,0.00,0.00,0.00,0.00,0.00,0.00,0.00,Guldensporenstadion (Kortrijk)
1744474500,Apr 12 2025 - 4:15pm,incomplete,-1,Sint-Truiden,Cercle Brugge,N/A,3,1.47,0.73,1.47,0.73,0,0,0,0,0,0,"","",-1,-1,-1,-1,-1,-1,-1,-1,-1,-1,-1,-1,-1,-1,-1,-1,-1,-1,-1,-1,1.53,1.41,0.00,0.00,2.80,63,90,50,23,14,40,93,34,80,10.87,4.00,0.00,0.00,0.00,0.00,0.00,0.00,0.00,0.00,0.00,Daio Wasabi Stayen Stadium (Sint-Truiden (St.-Trond))
1744483500,Apr 12 2025 - 6:45pm,incomplete,-1,Union Saint-Gilloise,RSC Anderlecht,N/A,3,2.20,1.60,2.20,1.60,0,0,0,0,0,0,"","",-1,-1,-1,-1,-1,-1,-1,-1,-1,-1,-1,-1,-1,-1,-1,-1,-1,-1,-1,-1,1.84,1.38,0.00,0.00,2.40,40,70,50,27,7,27,70,47,73,11.07,4.34,0.00,0.00,0.00,0.00,0.00,0.00,0.00,0.00,0.00,Stade Joseph Mariën (Bruxelles (Brussels))
1744543800,Apr 13 2025 - 11:30am,incomplete,-1,Royal Antwerp FC,KAA Gent,N/A,3,1.80,1.33,1.80,1.33,0,0,0,0,0,0,"","",-1,-1,-1,-1,-1,-1,-1,-1,-1,-1,-1,-1,-1,-1,-1,-1,-1,-1,-1,-1,1.75,1.33,0.00,0.00,2.67,47,64,53,34,17,34,57,43,80,10.34,4.27,0.00,0.00,0.00,0.00,0.00,0.00,0.00,0.00,0.00,Bosuilstadion (Deurne)
1744552800,Apr 13 2025 - 2:00pm,incomplete,-1,KV Mechelen,OH Leuven,N/A,3,1.53,0.60,1.53,0.60,0,0,0,0,0,0,"","",-1,-1,-1,-1,-1,-1,-1,-1,-1,-1,-1,-1,-1,-1,-1,-1,-1,-1,-1,-1,1.54,1.19,0.00,0.00,2.77,54,83,47,23,17,40,80,40,70,9.54,5.14,0.00,0.00,0.00,0.00,0.00,0.00,0.00,0.00,0.00,AFAS Stadion (Mechelen (Malines))
1744561800,Apr 13 2025 - 4:30pm,incomplete,-1,Club Brugge,KRC Genk,N/A,3,2.20,1.80,2.20,1.80,0,0,0,0,0,0,"","",-1,-1,-1,-1,-1,-1,-1,-1,-1,-1,-1,-1,-1,-1,-1,-1,-1,-1,-1,-1,2.09,1.69,0.00,0.00,3.50,67,90,64,40,27,53,70,63,87,11.14,2.73,0.00,0.00,0.00,0.00,0.00,0.00,0.00,0.00,0.00,Jan Breydelstadion (Brugge)
1744564500,Apr 13 2025 - 5:15pm,incomplete,-1,FCV Dender EH,Standard Liège,N/A,3,1.13,0.93,1.13,0.93,0,0,0,0,0,0,"","",-1,-1,-1,-1,-1,-1,-1,-1,-1,-1,-1,-1,-1,-1,-1,-1,-1,-1,-1,-1,1.15,1.08,0.00,0.00,2.23,40,63,40,17,13,24,64,34,64,7.40,4.67,0.00,0.00,0.00,0.00,0.00,0.00,0.00,0.00,0.00,DENDER Football Complex (Denderleeuw)
1745071200,Apr 19 2025 - 2:00pm,incomplete,-1,OH Leuven,FCV Dender EH,N/A,4,1.81,1.00,1.81,1.00,0,0,0,0,0,0,"","",-1,-1,-1,-1,-1,-1,-1,-1,-1,-1,-1,-1,-1,-1,-1,-1,-1,-1,-1,-1,1.28,1.25,0.00,0.00,2.64,52,72,46,33,27,42,69,46,68,9.46,4.83,0.00,0.00,0.00,0.00,0.00,0.00,0.00,0.00,0.00,King Power at Den Dreef Stadion (Heverlee)
1745079300,Apr 19 2025 - 4:15pm,incomplete,-1,Sporting Charleroi,KV Mechelen,N/A,4,1.47,1.00,1.47,1.00,0,0,0,0,0,0,"","",-1,-1,-1,-1,-1,-1,-1,-1,-1,-1,-1,-1,-1,-1,-1,-1,-1,-1,-1,-1,1.68,1.50,0.00,0.00,2.14,44,57,30,14,10,20,70,40,57,10.00,4.13,0.00,0.00,0.00,0.00,0.00,0.00,0.00,0.00,0.00,Stade du Pays de Charleroi (Charleroi)
1745088300,Apr 19 2025 - 6:45pm,incomplete,-1,Standard Liège,KVC Westerlo,N/A,4,1.67,1.00,1.67,1.00,0,0,0,0,0,0,"","",-1,-1,-1,-1,-1,-1,-1,-1,-1,-1,-1,-1,-1,-1,-1,-1,-1,-1,-1,-1,1.24,1.57,0.00,0.00,2.30,50,57,44,20,14,27,60,37,80,8.67,4.40,0.00,0.00,0.00,0.00,0.00,0.00,0.00,0.00,0.00,Stade Maurice Dufrasne (Liège (Luik))
1745148600,Apr 20 2025 - 11:30am,incomplete,-1,RSC Anderlecht,Royal Antwerp FC,N/A,4,1.80,1.27,1.80,1.27,0,0,0,0,0,0,"","",-1,-1,-1,-1,-1,-1,-1,-1,-1,-1,-1,-1,-1,-1,-1,-1,-1,-1,-1,-1,1.65,1.20,0.00,0.00,2.47,47,80,44,20,10,40,77,34,77,11.00,4.20,0.00,0.00,0.00,0.00,0.00,0.00,0.00,0.00,0.00,Lotto Park (Bruxelles (Brussel))
1745157600,Apr 20 2025 - 2:00pm,incomplete,-1,KRC Genk,Union Saint-Gilloise,N/A,4,2.73,1.47,2.73,1.47,0,0,0,0,0,0,"","",-1,-1,-1,-1,-1,-1,-1,-1,-1,-1,-1,-1,-1,-1,-1,-1,-1,-1,-1,-1,1.81,1.41,0.00,0.00,2.44,47,73,47,24,14,20,53,47,70,10.74,4.00,0.00,0.00,0.00,0.00,0.00,0.00,0.00,0.00,0.00,Cegeka Arena (Genk)
1745166600,Apr 20 2025 - 4:30pm,incomplete,-1,KAA Gent,Club Brugge,N/A,4,1.67,1.73,1.67,1.73,0,0,0,0,0,0,"","",-1,-1,-1,-1,-1,-1,-1,-1,-1,-1,-1,-1,-1,-1,-1,-1,-1,-1,-1,-1,1.54,1.70,0.00,0.00,2.94,67,90,60,30,14,40,87,47,84,11.28,3.47,0.00,0.00,0.00,0.00,0.00,0.00,0.00,0.00,0.00,Planet Group Arena (Gent)
1745346600,Apr 22 2025 - 6:30pm,incomplete,-1,Standard Liège,OH Leuven,N/A,5,1.67,0.60,1.67,0.60,0,0,0,0,0,0,"","",-1,-1,-1,-1,-1,-1,-1,-1,-1,-1,-1,-1,-1,-1,-1,-1,-1,-1,-1,-1,1.24,1.19,0.00,0.00,1.80,37,57,27,7,4,27,57,24,63,8.67,4.20,0.00,0.00,0.00,0.00,0.00,0.00,0.00,0.00,0.00,Stade Maurice Dufrasne (Liège (Luik))
1745346600,Apr 22 2025 - 6:30pm,incomplete,-1,KV Mechelen,KVC Westerlo,N/A,5,1.53,1.00,1.53,1.00,0,0,0,0,0,0,"","",-1,-1,-1,-1,-1,-1,-1,-1,-1,-1,-1,-1,-1,-1,-1,-1,-1,-1,-1,-1,1.54,1.57,0.00,0.00,3.27,67,83,64,37,27,40,84,53,87,9.54,5.34,0.00,0.00,0.00,0.00,0.00,0.00,0.00,0.00,0.00,AFAS Stadion (Mechelen (Malines))
1745346600,Apr 22 2025 - 6:30pm,incomplete,-1,FCV Dender EH,Sporting Charleroi,N/A,5,1.13,1.00,1.13,1.00,0,0,0,0,0,0,"","",-1,-1,-1,-1,-1,-1,-1,-1,-1,-1,-1,-1,-1,-1,-1,-1,-1,-1,-1,-1,1.15,1.50,0.00,0.00,2.38,49,58,39,26,16,23,65,33,61,9.37,4.52,0.00,0.00,0.00,0.00,0.00,0.00,0.00,0.00,0.00,DENDER Football Complex (Denderleeuw)
1745433000,Apr 23 2025 - 6:30pm,incomplete,-1,Royal Antwerp FC,KRC Genk,N/A,5,1.80,1.80,1.80,1.80,0,0,0,0,0,0,"","",-1,-1,-1,-1,-1,-1,-1,-1,-1,-1,-1,-1,-1,-1,-1,-1,-1,-1,-1,-1,1.75,1.69,0.00,0.00,3.27,64,90,70,40,13,47,77,53,90,11.34,3.53,0.00,0.00,0.00,0.00,0.00,0.00,0.00,0.00,0.00,Bosuilstadion (Deurne)
1745433000,Apr 23 2025 - 6:30pm,incomplete,-1,RSC Anderlecht,KAA Gent,N/A,5,1.80,1.33,1.80,1.33,0,0,0,0,0,0,"","",-1,-1,-1,-1,-1,-1,-1,-1,-1,-1,-1,-1,-1,-1,-1,-1,-1,-1,-1,-1,1.65,1.33,0.00,0.00,2.54,33,64,47,30,20,40,57,40,77,9.87,3.94,0.00,0.00,0.00,0.00,0.00,0.00,0.00,0.00,0.00,Lotto Park (Bruxelles (Brussel))
1745519400,Apr 24 2025 - 6:30pm,incomplete,-1,Club Brugge,Union Saint-Gilloise,N/A,5,2.20,1.47,2.20,1.47,0,0,0,0,0,0,"","",-1,-1,-1,-1,-1,-1,-1,-1,-1,-1,-1,-1,-1,-1,-1,-1,-1,-1,-1,-1,2.09,1.41,0.00,0.00,3.00,60,80,50,30,24,37,60,60,77,11.54,3.60,0.00,0.00,0.00,0.00,0.00,0.00,0.00,0.00,0.00,Jan Breydelstadion (Brugge)
1745606700,Apr 25 2025 - 6:45pm,incomplete,-1,Beerschot-Wilrijk,KV Kortrijk,N/A,4,1.07,0.60,1.07,0.60,0,0,0,0,0,0,"","",-1,-1,-1,-1,-1,-1,-1,-1,-1,-1,-1,-1,-1,-1,-1,-1,-1,-1,-1,-1,1.29,1.22,0.00,0.00,3.00,60,80,67,37,17,37,73,57,80,9.93,4.87,0.00,0.00,0.00,0.00,0.00,0.00,0.00,0.00,0.00,Olympisch Stadion (Antwerp (Anvers))
1745676000,Apr 26 2025 - 2:00pm,incomplete,-1,OH Leuven,Standard Liège,N/A,6,1.81,0.93,1.81,0.93,0,0,0,0,0,0,"","",-1,-1,-1,-1,-1,-1,-1,-1,-1,-1,-1,-1,-1,-1,-1,-1,-1,-1,-1,-1,1.28,1.08,0.00,0.00,2.07,39,65,33,16,13,29,55,36,68,8.53,4.96,0.00,0.00,0.00,0.00,0.00,0.00,0.00,0.00,0.00,King Power at Den Dreef Stadion (Heverlee)
1745684100,Apr 26 2025 - 4:15pm,incomplete,-1,KVC Westerlo,KV Mechelen,N/A,6,1.47,1.00,1.47,1.00,0,0,0,0,0,0,"","",-1,-1,-1,-1,-1,-1,-1,-1,-1,-1,-1,-1,-1,-1,-1,-1,-1,-1,-1,-1,1.83,1.50,0.00,0.00,2.87,60,77,53,30,13,40,83,44,64,11.93,4.53,0.00,0.00,0.00,0.00,0.00,0.00,0.00,0.00,0.00,Het Kuipje (Westerlo)
1745693100,Apr 26 2025 - 6:45pm,incomplete,-1,Sporting Charleroi,FCV Dender EH,N/A,6,1.47,1.00,1.47,1.00,0,0,0,0,0,0,"","",-1,-1,-1,-1,-1,-1,-1,-1,-1,-1,-1,-1,-1,-1,-1,-1,-1,-1,-1,-1,1.68,1.25,0.00,0.00,2.74,50,74,50,27,24,37,77,50,74,9.40,4.27,0.00,0.00,0.00,0.00,0.00,0.00,0.00,0.00,0.00,Stade du Pays de Charleroi (Charleroi)
1745693100,Apr 26 2025 - 6:45pm,incomplete,-1,Cercle Brugge,Sint-Truiden,N/A,4,1.40,0.60,1.40,0.60,0,0,0,0,0,0,"","",-1,-1,-1,-1,-1,-1,-1,-1,-1,-1,-1,-1,-1,-1,-1,-1,-1,-1,-1,-1,1.81,1.21,0.00,0.00,2.87,63,80,54,27,24,34,70,37,87,10.67,4.66,0.00,0.00,0.00,0.00,0.00,0.00,0.00,0.00,0.00,Jan Breydelstadion (Brugge)
1745753400,Apr 27 2025 - 11:30am,incomplete,-1,KAA Gent,RSC Anderlecht,N/A,6,1.67,1.60,1.67,1.60,0,0,0,0,0,0,"","",-1,-1,-1,-1,-1,-1,-1,-1,-1,-1,-1,-1,-1,-1,-1,-1,-1,-1,-1,-1,1.54,1.38,0.00,0.00,2.50,47,83,40,20,14,30,80,37,77,10.91,3.74,0.00,0.00,0.00,0.00,0.00,0.00,0.00,0.00,0.00,Planet Group Arena (Gent)
1745762400,Apr 27 2025 - 2:00pm,incomplete,-1,KRC Genk,Royal Antwerp FC,N/A,6,2.73,1.27,2.73,1.27,0,0,0,0,0,0,"","",-1,-1,-1,-1,-1,-1,-1,-1,-1,-1,-1,-1,-1,-1,-1,-1,-1,-1,-1,-1,1.81,1.20,0.00,0.00,2.27,50,73,40,17,10,24,63,34,70,10.47,4.13,0.00,0.00,0.00,0.00,0.00,0.00,0.00,0.00,0.00,Cegeka Arena (Genk)
1745771400,Apr 27 2025 - 4:30pm,incomplete,-1,Union Saint-Gilloise,Club Brugge,N/A,6,2.20,1.73,2.20,1.73,0,0,0,0,0,0,"","",-1,-1,-1,-1,-1,-1,-1,-1,-1,-1,-1,-1,-1,-1,-1,-1,-1,-1,-1,-1,1.84,1.70,0.00,0.00,2.84,60,77,70,37,7,37,77,57,80,11.44,4.07,0.00,0.00,0.00,0.00,0.00,0.00,0.00,0.00,0.00,Stade Joseph Mariën (Bruxelles (Brussels))
1746099000,May 01 2025 - 11:30am,incomplete,-1,Royal Antwerp FC,RSC Anderlecht,N/A,7,1.80,1.60,1.80,1.60,0,0,0,0,0,0,"","",-1,-1,-1,-1,-1,-1,-1,-1,-1,-1,-1,-1,-1,-1,-1,-1,-1,-1,-1,-1,1.75,1.38,0.00,0.00,2.70,47,80,53,27,10,30,74,43,83,11.54,3.87,0.00,0.00,0.00,0.00,0.00,0.00,0.00,0.00,0.00,Bosuilstadion (Deurne)
1746108000,May 01 2025 - 2:00pm,incomplete,-1,Club Brugge,KAA Gent,N/A,7,2.20,1.33,2.20,1.33,0,0,0,0,0,0,"","",-1,-1,-1,-1,-1,-1,-1,-1,-1,-1,-1,-1,-1,-1,-1,-1,-1,-1,-1,-1,2.09,1.33,0.00,0.00,2.90,50,64,47,34,30,40,50,53,77,10.14,3.47,0.00,0.00,0.00,0.00,0.00,0.00,0.00,0.00,0.00,Jan Breydelstadion (Brugge)
1746211500,May 02 2025 - 6:45pm,incomplete,-1,KVC Westerlo,FCV Dender EH,N/A,7,1.47,1.00,1.47,1.00,0,0,0,0,0,0,"","",-1,-1,-1,-1,-1,-1,-1,-1,-1,-1,-1,-1,-1,-1,-1,-1,-1,-1,-1,-1,1.83,1.25,0.00,0.00,3.47,67,94,73,44,27,57,90,54,80,11.33,4.67,0.00,0.00,0.00,0.00,0.00,0.00,0.00,0.00,0.00,Het Kuipje (Westerlo)
1746280800,May 03 2025 - 2:00pm,incomplete,-1,Cercle Brugge,KV Kortrijk,N/A,5,1.40,0.60,1.40,0.60,0,0,0,0,0,0,"","",-1,-1,-1,-1,-1,-1,-1,-1,-1,-1,-1,-1,-1,-1,-1,-1,-1,-1,-1,-1,1.81,1.22,0.00,0.00,2.80,57,77,57,34,20,34,63,47,80,11.20,4.40,0.00,0.00,0.00,0.00,0.00,0.00,0.00,0.00,0.00,Jan Breydelstadion (Brugge)
1746288900,May 03 2025 - 4:15pm,incomplete,-1,OH Leuven,KV Mechelen,N/A,7,1.81,1.00,1.81,1.00,0,0,0,0,0,0,"","",-1,-1,-1,-1,-1,-1,-1,-1,-1,-1,-1,-1,-1,-1,-1,-1,-1,-1,-1,-1,1.28,1.50,0.00,0.00,2.04,46,55,26,20,13,26,62,36,52,10.06,4.69,0.00,0.00,0.00,0.00,0.00,0.00,0.00,0.00,0.00,King Power at Den Dreef Stadion (Heverlee)
1746297900,May 03 2025 - 6:45pm,incomplete,-1,Union Saint-Gilloise,KRC Genk,N/A,7,2.20,1.80,2.20,1.80,0,0,0,0,0,0,"","",-1,-1,-1,-1,-1,-1,-1,-1,-1,-1,-1,-1,-1,-1,-1,-1,-1,-1,-1,-1,1.84,1.69,0.00,0.00,2.97,57,80,67,40,10,43,73,57,80,10.87,4.00,0.00,0.00,0.00,0.00,0.00,0.00,0.00,0.00,0.00,Stade Joseph Mariën (Bruxelles (Brussels))
1746358200,May 04 2025 - 11:30am,incomplete,-1,Standard Liège,Sporting Charleroi,N/A,7,1.67,1.00,1.67,1.00,0,0,0,0,0,0,"","",-1,-1,-1,-1,-1,-1,-1,-1,-1,-1,-1,-1,-1,-1,-1,-1,-1,-1,-1,-1,1.24,1.50,0.00,0.00,2.05,42,52,36,16,10,19,52,29,74,9.64,3.38,0.00,0.00,0.00,0.00,0.00,0.00,0.00,0.00,0.00,Stade Maurice Dufrasne (Liège (Luik))
1746367200,May 04 2025 - 2:00pm,incomplete,-1,Sint-Truiden,Beerschot-Wilrijk,N/A,5,1.47,0.13,1.47,0.13,0,0,0,0,0,0,"","",-1,-1,-1,-1,-1,-1,-1,-1,-1,-1,-1,-1,-1,-1,-1,-1,-1,-1,-1,-1,1.53,1.17,0.00,0.00,3.00,57,83,57,37,20,37,83,47,87,9.60,4.47,0.00,0.00,0.00,0.00,0.00,0.00,0.00,0.00,0.00,Daio Wasabi Stayen Stadium (Sint-Truiden (St.-Trond))
1746816300,May 09 2025 - 6:45pm,incomplete,-1,Sporting Charleroi,KVC Westerlo,N/A,8,1.47,1.00,1.47,1.00,0,0,0,0,0,0,"","",-1,-1,-1,-1,-1,-1,-1,-1,-1,-1,-1,-1,-1,-1,-1,-1,-1,-1,-1,-1,1.68,1.57,0.00,0.00,2.57,54,67,44,24,17,30,74,47,77,9.47,5.27,0.00,0.00,0.00,0.00,0.00,0.00,0.00,0.00,0.00,Stade du Pays de Charleroi (Charleroi)
1746885600,May 10 2025 - 2:00pm,incomplete,-1,Beerschot-Wilrijk,Cercle Brugge,N/A,6,1.07,0.73,1.07,0.73,0,0,0,0,0,0,"","",-1,-1,-1,-1,-1,-1,-1,-1,-1,-1,-1,-1,-1,-1,-1,-1,-1,-1,-1,-1,1.29,1.41,0.00,0.00,2.63,57,80,54,23,10,37,83,37,73,10.47,4.60,0.00,0.00,0.00,0.00,0.00,0.00,0.00,0.00,0.00,Olympisch Stadion (Antwerp (Anvers))
1746885600,May 10 2025 - 2:00pm,incomplete,-1,KV Kortrijk,Sint-Truiden,N/A,6,1.13,0.60,1.13,0.60,0,0,0,0,0,0,"","",-1,-1,-1,-1,-1,-1,-1,-1,-1,-1,-1,-1,-1,-1,-1,-1,-1,-1,-1,-1,1.43,1.21,0.00,0.00,2.84,60,83,57,17,14,30,80,44,90,10.00,4.93,0.00,0.00,0.00,0.00,0.00,0.00,0.00,0.00,0.00,Guldensporenstadion (Kortrijk)
1746893700,May 10 2025 - 4:15pm,incomplete,-1,KV Mechelen,Standard Liège,N/A,8,1.53,0.93,1.53,0.93,0,0,0,0,0,0,"","",-1,-1,-1,-1,-1,-1,-1,-1,-1,-1,-1,-1,-1,-1,-1,-1,-1,-1,-1,-1,1.54,1.08,0.00,0.00,2.87,50,83,57,23,20,34,74,47,84,8.54,4.47,0.00,0.00,0.00,0.00,0.00,0.00,0.00,0.00,0.00,AFAS Stadion (Mechelen (Malines))
1746902700,May 10 2025 - 6:45pm,incomplete,-1,RSC Anderlecht,Union Saint-Gilloise,N/A,8,1.80,1.47,1.80,1.47,0,0,0,0,0,0,"","",-1,-1,-1,-1,-1,-1,-1,-1,-1,-1,-1,-1,-1,-1,-1,-1,-1,-1,-1,-1,1.65,1.41,0.00,0.00,2.64,43,80,50,27,14,37,67,47,77,11.27,4.07,0.00,0.00,0.00,0.00,0.00,0.00,0.00,0.00,0.00,Lotto Park (Bruxelles (Brussel))
1746963000,May 11 2025 - 11:30am,incomplete,-1,KAA Gent,Royal Antwerp FC,N/A,8,1.67,1.27,1.67,1.27,0,0,0,0,0,0,"","",-1,-1,-1,-1,-1,-1,-1,-1,-1,-1,-1,-1,-1,-1,-1,-1,-1,-1,-1,-1,1.54,1.20,0.00,0.00,2.40,60,83,37,17,10,34,83,30,74,10.84,4.40,0.00,0.00,0.00,0.00,0.00,0.00,0.00,0.00,0.00,Planet Group Arena (Gent)
1746981000,May 11 2025 - 4:30pm,incomplete,-1,KRC Genk,Club Brugge,N/A,8,2.73,1.73,2.73,1.73,0,0,0,0,0,0,"","",-1,-1,-1,-1,-1,-1,-1,-1,-1,-1,-1,-1,-1,-1,-1,-1,-1,-1,-1,-1,1.81,1.70,0.00,0.00,2.80,57,80,63,30,14,30,67,50,80,10.91,3.20,0.00,0.00,0.00,0.00,0.00,0.00,0.00,0.00,0.00,Cegeka Arena (Genk)
1746983700,May 11 2025 - 5:15pm,incomplete,-1,FCV Dender EH,OH Leuven,N/A,8,1.13,0.60,1.13,0.60,0,0,0,0,0,0,"","",-1,-1,-1,-1,-1,-1,-1,-1,-1,-1,-1,-1,-1,-1,-1,-1,-1,-1,-1,-1,1.15,1.19,0.00,0.00,2.13,44,63,30,17,10,30,70,27,50,8.40,5.34,0.00,0.00,0.00,0.00,0.00,0.00,0.00,0.00,0.00,DENDER Football Complex (Denderleeuw)
1747421100,May 16 2025 - 6:45pm,incomplete,-1,OH Leuven,KVC Westerlo,N/A,9,1.81,1.00,1.81,1.00,0,0,0,0,0,0,"","",-1,-1,-1,-1,-1,-1,-1,-1,-1,-1,-1,-1,-1,-1,-1,-1,-1,-1,-1,-1,1.28,1.57,0.00,0.00,2.47,56,65,40,30,20,36,65,42,72,9.53,5.83,0.00,0.00,0.00,0.00,0.00,0.00,0.00,0.00,0.00,King Power at Den Dreef Stadion (Heverlee)
1747498500,May 17 2025 - 4:15pm,incomplete,-1,Standard Liège,FCV Dender EH,N/A,9,1.67,1.00,1.67,1.00,0,0,0,0,0,0,"","",-1,-1,-1,-1,-1,-1,-1,-1,-1,-1,-1,-1,-1,-1,-1,-1,-1,-1,-1,-1,1.24,1.25,0.00,0.00,2.47,47,64,50,24,20,33,64,40,77,8.60,3.40,0.00,0.00,0.00,0.00,0.00,0.00,0.00,0.00,0.00,Stade Maurice Dufrasne (Liège (Luik))
1747507500,May 17 2025 - 6:45pm,incomplete,-1,Royal Antwerp FC,Union Saint-Gilloise,N/A,9,1.80,1.47,1.80,1.47,0,0,0,0,0,0,"","",-1,-1,-1,-1,-1,-1,-1,-1,-1,-1,-1,-1,-1,-1,-1,-1,-1,-1,-1,-1,1.75,1.41,0.00,0.00,2.77,57,80,57,30,10,30,67,50,80,11.74,4.40,0.00,0.00,0.00,0.00,0.00,0.00,0.00,0.00,0.00,Bosuilstadion (Deurne)
1747567800,May 18 2025 - 11:30am,incomplete,-1,RSC Anderlecht,Club Brugge,N/A,9,1.80,1.73,1.80,1.73,0,0,0,0,0,0,"","",-1,-1,-1,-1,-1,-1,-1,-1,-1,-1,-1,-1,-1,-1,-1,-1,-1,-1,-1,-1,1.65,1.70,0.00,0.00,3.00,53,87,67,33,14,47,80,50,87,11.44,3.27,0.00,0.00,0.00,0.00,0.00,0.00,0.00,0.00,0.00,Lotto Park (Bruxelles (Brussel))
1747576800,May 18 2025 - 2:00pm,incomplete,-1,KV Mechelen,Sporting Charleroi,N/A,9,1.53,1.00,1.53,1.00,0,0,0,0,0,0,"","",-1,-1,-1,-1,-1,-1,-1,-1,-1,-1,-1,-1,-1,-1,-1,-1,-1,-1,-1,-1,1.54,1.50,0.00,0.00,3.02,59,78,56,32,23,33,75,46,81,10.51,4.32,0.00,0.00,0.00,0.00,0.00,0.00,0.00,0.00,0.00,AFAS Stadion (Mechelen (Malines))
1747585800,May 18 2025 - 4:30pm,incomplete,-1,KAA Gent,KRC Genk,N/A,9,1.67,1.80,1.67,1.80,0,0,0,0,0,0,"","",-1,-1,-1,-1,-1,-1,-1,-1,-1,-1,-1,-1,-1,-1,-1,-1,-1,-1,-1,-1,1.54,1.69,0.00,0.00,3.07,64,93,57,34,17,47,83,47,84,10.71,3.40,0.00,0.00,0.00,0.00,0.00,0.00,0.00,0.00,0.00,Planet Group Arena (Gent)
1748109600,May 24 2025 - 6:00pm,incomplete,-1,Sporting Charleroi,OH Leuven,N/A,10,1.47,0.60,1.47,0.60,0,0,0,0,0,0,"","",-1,-1,-1,-1,-1,-1,-1,-1,-1,-1,-1,-1,-1,-1,-1,-1,-1,-1,-1,-1,1.68,1.19,0.00,0.00,2.07,40,67,27,10,7,30,70,34,60,9.47,5.07,0.00,0.00,0.00,0.00,0.00,0.00,0.00,0.00,0.00,Stade du Pays de Charleroi (Charleroi)
1748109600,May 24 2025 - 6:00pm,incomplete,-1,KVC Westerlo,Standard Liège,N/A,10,1.47,0.93,1.47,0.93,0,0,0,0,0,0,"","",-1,-1,-1,-1,-1,-1,-1,-1,-1,-1,-1,-1,-1,-1,-1,-1,-1,-1,-1,-1,1.83,1.08,0.00,0.00,2.90,53,87,60,27,13,44,77,44,80,10.40,4.80,0.00,0.00,0.00,0.00,0.00,0.00,0.00,0.00,0.00,Het Kuipje (Westerlo)
1748109600,May 24 2025 - 6:00pm,incomplete,-1,FCV Dender EH,KV Mechelen,N/A,10,1.13,1.00,1.13,1.00,0,0,0,0,0,0,"","",-1,-1,-1,-1,-1,-1,-1,-1,-1,-1,-1,-1,-1,-1,-1,-1,-1,-1,-1,-1,1.15,1.50,0.00,0.00,2.20,47,53,33,20,13,20,70,34,47,8.93,4.40,0.00,0.00,0.00,0.00,0.00,0.00,0.00,0.00,0.00,DENDER Football Complex (Denderleeuw)
1748190600,May 25 2025 - 4:30pm,incomplete,-1,Club Brugge,Royal Antwerp FC,N/A,10,2.20,1.27,2.20,1.27,0,0,0,0,0,0,"","",-1,-1,-1,-1,-1,-1,-1,-1,-1,-1,-1,-1,-1,-1,-1,-1,-1,-1,-1,-1,2.09,1.20,0.00,0.00,2.83,64,80,44,24,20,40,70,47,77,11.27,3.73,0.00,0.00,0.00,0.00,0.00,0.00,0.00,0.00,0.00,Jan Breydelstadion (Brugge)
1748190600,May 25 2025 - 4:30pm,incomplete,-1,Union Saint-Gilloise,KAA Gent,N/A,10,2.20,1.33,2.20,1.33,0,0,0,0,0,0,"","",-1,-1,-1,-1,-1,-1,-1,-1,-1,-1,-1,-1,-1,-1,-1,-1,-1,-1,-1,-1,1.84,1.33,0.00,0.00,2.37,40,54,50,34,14,30,53,47,70,9.87,4.74,0.00,0.00,0.00,0.00,0.00,0.00,0.00,0.00,0.00,Stade Joseph Mariën (Bruxelles (Brussels))
1748190600,May 25 2025 - 4:30pm,incomplete,-1,KRC Genk,RSC Anderlecht,N/A,10,2.73,1.60,2.73,1.60,0,0,0,0,0,0,"","",-1,-1,-1,-1,-1,-1,-1,-1,-1,-1,-1,-1,-1,-1,-1,-1,-1,-1,-1,-1,1.81,1.38,0.00,0.00,2.37,37,73,43,20,14,20,60,40,73,10.54,3.47,0.00,0.00,0.00,0.00,0.00,0.00,0.00,0.00,0.00,Cegeka Arena (Genk)
