timestamp,date_GMT,status,attendance,home_team_name,away_team_name,referee,Game Week,Pre-Match PPG (Home),Pre-Match PPG (Away),home_ppg,away_ppg,home_team_goal_count,away_team_goal_count,total_goal_count,total_goals_at_half_time,home_team_goal_count_half_time,away_team_goal_count_half_time,home_team_goal_timings,away_team_goal_timings,home_team_corner_count,away_team_corner_count,home_team_yellow_cards,home_team_red_cards,away_team_yellow_cards,away_team_red_cards,home_team_first_half_cards,home_team_second_half_cards,away_team_first_half_cards,away_team_second_half_cards,home_team_shots,away_team_shots,home_team_shots_on_target,away_team_shots_on_target,home_team_shots_off_target,away_team_shots_off_target,home_team_fouls,away_team_fouls,home_team_possession,away_team_possession,Home Team Pre-Match xG,Away Team Pre-Match xG,team_a_xg,team_b_xg,average_goals_per_match_pre_match,btts_percentage_pre_match,over_15_percentage_pre_match,over_25_percentage_pre_match,over_35_percentage_pre_match,over_45_percentage_pre_match,over_15_HT_FHG_percentage_pre_match,over_05_HT_FHG_percentage_pre_match,over_15_2HG_percentage_pre_match,over_05_2HG_percentage_pre_match,average_corners_per_match_pre_match,average_cards_per_match_pre_match,odds_ft_home_team_win,odds_ft_draw,odds_ft_away_team_win,odds_ft_over15,odds_ft_over25,odds_ft_over35,odds_ft_over45,odds_btts_yes,odds_btts_no,stadium_name
1720634400,Jul 10 2024 - 6:00pm,complete,N/A,Velež,Inter Club d'Escaldes,N/A,N/A,0.00,0.00,0.50,1.00,1,1,2,1,0,1,"65","34",3,3,1,0,1,0,0,1,0,1,16,9,5,2,10,7,12,15,51,49,0.00,0.00,1.57,0.95,0.00,0,0,0,0,0,0,0,0,0,0.00,0.00,1.40,4.00,6.50,1.23,1.80,2.88,5.30,2.00,1.73,Stadion Grbavica
1720638000,Jul 10 2024 - 7:00pm,complete,N/A,Auda,B36,Damian Kos,N/A,0.00,0.00,2.50,0.00,2,0,2,1,1,0,"12,85","",7,4,0,0,1,0,0,0,1,0,19,5,6,3,9,1,6,6,64,36,0.00,0.00,1.79,0.70,0.00,0,0,0,0,0,0,0,0,0,0.00,0.00,1.83,3.80,3.50,1.26,1.95,3.14,5.90,1.83,1.83,Ķekavas stadions
1720710000,Jul 11 2024 - 3:00pm,complete,N/A,Aktobe,Sarajevo,Ivo Manuel Torres da Rocha Fernandes,N/A,0.00,0.00,1.50,1.00,0,1,1,0,0,0,"","90",4,4,2,0,6,0,0,2,2,4,16,13,7,3,7,6,16,26,63,37,0.00,0.00,1.92,1.14,0.00,0,0,0,0,0,0,0,0,0,0.00,0.00,1.67,3.50,4.75,1.36,2.08,3.75,7.40,2.00,1.73,N/A
1720710000,Jul 11 2024 - 3:00pm,complete,N/A,Liepāja,Víkingur,Tom Owen,N/A,0.00,0.00,0.50,1.00,1,1,2,1,0,1,"55","21",5,7,3,0,1,0,1,2,0,1,12,12,2,4,8,7,10,11,48,52,0.00,0.00,1.28,1.40,0.00,0,0,0,0,0,0,0,0,0,0.00,0.00,2.70,3.40,2.20,1.28,1.80,3.30,6.00,1.73,2.00,Stadions Daugava
1720710000,Jul 11 2024 - 3:00pm,complete,N/A,FA Šiauliai,Tallinna FC Levadia,N/A,N/A,0.00,0.00,0.50,1.00,0,2,2,2,0,2,"","7,23",3,10,2,0,2,0,0,2,1,1,7,19,0,3,6,8,10,9,40,60,0.00,0.00,0.75,1.72,0.00,0,0,0,0,0,0,0,0,0,0.00,0.00,3.50,3.00,2.10,1.33,2.50,3.60,6.50,2.10,1.67,Šiaulių m. savivaldybes stadionas
1720710000,Jul 11 2024 - 3:00pm,complete,N/A,Malisheva,Budućnost,N/A,N/A,0.00,0.00,1.50,1.00,1,0,1,0,0,0,"67","",4,2,3,0,3,0,1,2,0,3,5,6,3,2,2,3,8,13,55,45,0.00,0.00,1.32,1.03,0.00,0,0,0,0,0,0,0,0,0,0.00,0.00,2.25,3.10,2.88,1.36,2.20,4.00,7.20,1.91,1.80,N/A
1720713600,Jul 11 2024 - 4:00pm,complete,N/A,Bravo,Connah's Quay,Sivert Amland,N/A,0.00,0.00,1.50,1.50,0,1,1,0,0,0,"","83",8,6,4,0,2,0,1,3,0,2,13,7,4,3,7,3,20,16,49,51,0.00,0.00,1.57,1.07,0.00,0,0,0,0,0,0,0,0,0,0.00,0.00,1.13,8.00,13.00,1.11,1.40,2.38,3.42,2.50,1.50,Štadion ŽŠD
1720713600,Jul 11 2024 - 4:00pm,complete,N/A,Magpies,Derry City,N/A,N/A,0.00,0.00,0.75,1.50,2,0,2,0,0,0,"49,82","",4,2,2,0,1,0,1,1,1,0,14,9,5,4,7,4,17,9,45,55,0.00,0.00,1.49,1.12,0.00,0,0,0,0,0,0,0,0,0,0.00,0.00,8.50,4.75,1.33,1.22,1.80,2.85,4.80,2.20,1.62,N/A
1720713600,Jul 11 2024 - 4:00pm,complete,N/A,Artsakh,Shkendija,Viktor Shimusik,N/A,0.00,0.00,1.43,0.00,2,0,2,0,0,0,"81,90","",6,2,1,0,0,0,1,0,0,0,12,4,5,3,6,1,12,10,60,40,0.00,0.00,1.59,0.81,0.00,0,0,0,0,0,0,0,0,0,0.00,0.00,2.00,3.30,3.20,1.36,2.05,3.75,6.95,1.83,1.83,Kasakhi Marzik
1720715400,Jul 11 2024 - 4:30pm,complete,N/A,Tallinna Kalev,Banants,Dmitriy Kubryak,N/A,0.00,0.00,0.00,1.50,1,2,3,2,1,1,"11","28,77",1,4,2,0,2,0,0,2,1,1,7,10,2,3,4,6,18,14,33,67,0.00,0.00,0.97,1.45,0.00,0,0,0,0,0,0,0,0,0,0.00,0.00,4.50,4.50,1.50,1.30,1.75,3.25,3.25,1.91,1.80,Kalevi Keskstaadioni kunstmuru
1720715400,Jul 11 2024 - 4:30pm,complete,N/A,Atlètic Club d'Escaldes,F91 Dudelange,N/A,N/A,0.00,0.00,0.00,1.50,0,1,1,1,0,1,"","17",4,0,2,0,5,0,0,2,1,4,26,5,4,4,16,1,15,22,72,28,0.00,0.00,2.22,0.85,0.00,0,0,0,0,0,0,0,0,0,0.00,0.00,3.40,3.30,2.00,1.33,1.95,3.60,6.60,1.73,2.00,Estadi Nacional
1720717200,Jul 11 2024 - 5:00pm,complete,N/A,UNA Strassen,KuPS,Helgi Mikael Jónasson,N/A,0.00,0.00,0.50,1.00,0,0,0,0,0,0,"","",2,5,2,0,2,1,1,1,0,3,12,15,8,7,3,7,13,10,32,68,0.00,0.00,1.54,2.20,0.00,0,0,0,0,0,0,0,0,0,0.00,0.00,6.25,3.60,1.45,1.23,1.70,2.88,2.88,1.83,1.83,Complexe Sportif Jean Wirtz
1720717200,Jul 11 2024 - 5:00pm,complete,N/A,Floriana,Tre Penne,N/A,N/A,0.00,0.00,1.00,0.50,3,1,4,0,0,0,"55,57,63","50",11,2,2,0,2,0,2,0,2,0,17,7,7,3,4,2,10,11,64,36,0.00,0.00,1.45,0.65,0.00,0,0,0,0,0,0,0,0,0,0.00,0.00,1.08,8.50,26.00,1.15,1.44,2.10,3.75,3.00,1.36,Gozo Stadium
1720717200,Jul 11 2024 - 5:00pm,complete,N/A,Torpedo BelAZ,Milsami,N/A,N/A,0.00,0.00,0.50,1.25,2,4,6,3,1,2,"33,89","20,30,50,80",5,1,1,0,2,0,0,1,1,1,13,12,5,7,8,4,12,15,51,49,0.00,0.00,1.42,1.41,0.00,0,0,0,0,0,0,0,0,0,0.00,0.00,1.55,3.75,4.75,1.38,2.10,4.00,7.60,2.25,1.57,Stadyen Tarpeda
1720717200,Jul 11 2024 - 5:00pm,complete,N/A,Torpedo Kutaisi,Tirana,Zaven Hovhannisyan,N/A,0.00,0.00,1.00,0.50,1,1,2,1,1,0,"20","87",4,6,2,0,1,0,1,1,1,0,12,16,5,9,7,7,6,9,60,40,0.00,0.00,1.59,2.08,0.00,0,0,0,0,0,0,0,0,0,0.00,0.00,1.42,3.80,6.50,1.30,1.95,3.34,6.45,2.20,1.62,Ramaz Shengelias Sakhelobis Stadioni
1720717200,Jul 11 2024 - 5:00pm,complete,N/A,VPS,Žalgiris,Jóhan Hendrik Ellefsen,N/A,0.00,0.00,0.00,2.25,1,2,3,1,0,1,"59","25,90'4",6,8,4,1,0,0,0,5,0,0,10,21,4,8,3,10,10,10,14,86,0.00,0.00,1.08,2.24,0.00,0,0,0,0,0,0,0,0,0,0.00,0.00,2.70,3.40,2.20,1.28,1.80,3.30,5.45,1.67,2.10,Kaarlen kenttä
1720719000,Jul 11 2024 - 5:30pm,complete,N/A,Caernarfon Town,Crusaders,Robert Harvey,N/A,0.00,0.00,0.75,1.50,2,0,2,2,2,0,"4,37","",2,4,3,0,5,0,0,3,3,2,7,7,4,0,3,7,16,11,52,48,0.00,0.00,1.02,0.88,0.00,0,0,0,0,0,0,0,0,0,0.00,0.00,3.60,3.70,1.75,1.25,1.67,3.00,5.25,1.67,2.10,The Oval
1720720800,Jul 11 2024 - 6:00pm,complete,N/A,Bala Town,Paide,N/A,N/A,0.00,0.00,0.50,1.33,1,2,3,0,0,0,"90'5","64,90'2",3,4,1,0,3,0,0,1,1,2,12,8,6,5,4,3,7,11,39,61,0.00,0.00,1.44,1.40,0.00,0,0,0,0,0,0,0,0,0,0.00,0.00,3.40,3.25,1.95,1.25,1.95,3.00,5.35,1.80,1.91,Maes Tegid
1720720800,Jul 11 2024 - 6:00pm,complete,N/A,Partizani Tirana,Marsaxlokk,N/A,N/A,0.00,0.00,1.25,0.50,1,1,2,2,1,1,"2","15",3,3,1,0,3,0,0,1,0,3,9,6,2,4,6,2,18,13,61,39,0.00,0.00,1.41,1.11,0.00,0,0,0,0,0,0,0,0,0,0.00,0.00,1.30,4.33,8.50,1.20,1.67,2.65,4.70,2.00,1.73,Qendra stërvitore Skënder Halili
1720722600,Jul 11 2024 - 6:30pm,complete,N/A,Tikveš,Breidablik,Jérémy Muller,N/A,0.00,0.00,1.50,0.75,3,2,5,2,0,2,"74,80,83","13,31",7,4,6,0,1,0,1,5,1,0,12,9,4,3,6,4,16,21,51,49,0.00,0.00,1.38,1.04,0.00,0,0,0,0,0,0,0,0,0,0.00,0.00,3.30,3.10,2.05,1.31,2.25,3.40,6.35,2.00,1.73,N/A
1720723500,Jul 11 2024 - 6:45pm,complete,N/A,La Fiorita,Isloch,Jasmin Šabotić,N/A,0.00,0.00,0.75,1.50,0,1,1,1,0,1,"","34",2,2,2,0,1,0,1,1,0,1,4,10,0,3,4,7,14,25,49,51,0.00,0.00,0.79,1.28,0.00,0,0,0,0,0,0,0,0,0,0.00,0.00,7.00,4.50,1.33,1.25,1.80,3.10,5.45,2.20,1.62,N/A
1720723500,Jul 11 2024 - 6:45pm,complete,N/A,Shelbourne,St Joseph's,N/A,N/A,0.00,0.00,1.25,0.50,2,1,3,2,1,1,"1,58","40",2,2,0,0,1,0,0,0,1,0,14,5,5,2,3,3,6,12,61,39,0.00,0.00,1.26,0.71,0.00,0,0,0,0,0,0,0,0,0,0.00,0.00,1.27,5.00,7.50,1.17,1.67,2.60,4.70,2.20,1.62,Tolka Park
1720723500,Jul 11 2024 - 6:45pm,complete,N/A,Mornar,Dinamo Tbilisi,Georgi Ginchev,N/A,0.00,0.00,1.33,0.50,2,1,3,2,2,0,"20,23","90'4",1,3,1,1,5,0,1,1,1,4,4,14,4,4,0,9,15,20,34,66,0.00,0.00,0.80,1.71,0.00,0,0,0,0,0,0,0,0,0,0.00,0.00,3.60,3.30,1.85,1.38,2.20,4.00,7.60,2.00,1.73,N/A
1720724400,Jul 11 2024 - 7:00pm,complete,N/A,Stjarnan,Linfield,Iwan Griffith,N/A,0.00,0.00,1.50,1.50,2,0,2,1,1,0,"22,60","",5,11,1,0,1,0,1,0,1,0,14,11,5,6,7,4,16,9,52,48,0.00,0.00,1.57,1.42,0.00,0,0,0,0,0,0,0,0,0,0.00,0.00,1.91,3.60,3.20,1.25,1.60,3.10,5.50,1.57,2.25,Samsung völlurinn
1720724400,Jul 11 2024 - 7:00pm,complete,N/A,Valur,Vllaznia Shkodër,Tim Marshall,N/A,0.00,0.00,1.25,0.50,2,2,4,2,1,1,"12,90'9","23,85",13,3,1,0,5,1,0,1,2,4,11,7,5,4,6,3,11,17,61,39,0.00,0.00,1.71,1.08,0.00,0,0,0,0,0,0,0,0,0,0.00,0.00,1.44,4.20,5.75,1.15,1.62,2.45,4.60,1.83,1.83,N/A
1721235600,Jul 17 2024 - 5:00pm,complete,N/A,B36,Auda,Oliver Reitala,N/A,0.00,3.00,0.00,2.50,0,1,1,0,0,0,"","62",6,1,2,0,2,0,0,2,1,1,9,15,2,3,6,11,10,16,56,44,0.70,1.79,1.21,1.74,2.00,0,100,0,0,0,0,100,0,100,11.00,1.00,2.38,3.70,2.55,1.17,1.70,2.51,4.50,1.57,2.25,Gundadalur
1721241900,Jul 17 2024 - 6:45pm,complete,N/A,Crusaders,Caernarfon Town,N/A,N/A,0.00,3.00,1.50,0.75,3,1,4,1,0,1,"47,49,72","24",3,4,4,0,0,0,0,4,0,0,24,11,9,3,14,8,16,15,44,56,0.88,1.02,2.53,1.27,2.00,0,100,0,0,0,100,100,0,0,6.00,8.00,1.50,4.33,5.25,1.19,1.57,2.60,4.70,1.67,2.10,Seaview
1721314800,Jul 18 2024 - 3:00pm,complete,N/A,KuPS,UNA Strassen,Ian McNabb,N/A,1.00,1.00,1.00,0.50,5,0,5,2,2,0,"18,20,48,75,90'1","",2,2,0,0,1,0,0,0,0,1,13,18,7,5,6,8,10,16,52,48,2.20,1.54,1.61,1.36,0.00,0,0,0,0,0,0,0,0,0,7.00,5.00,1.27,5.00,8.50,1.16,1.73,2.45,4.30,2.25,1.57,Savon Sanomat Areena
1721314800,Jul 18 2024 - 3:00pm,complete,N/A,Banants,Tallinna Kalev,Pavle Ilić,N/A,3.00,0.00,1.50,0.00,2,0,2,1,1,0,"12,49","",7,3,2,0,2,0,1,1,1,1,9,4,3,0,3,4,11,12,62,38,1.45,0.97,1.13,0.68,3.00,100,100,100,0,0,100,100,0,100,5.00,4.00,1.14,8.50,12.00,1.16,1.44,2.40,4.20,2.50,1.50,N/A
1721318400,Jul 18 2024 - 4:00pm,complete,N/A,Inter Club d'Escaldes,Velež,Alan Kijas,N/A,1.00,1.00,1.00,0.50,5,1,6,2,2,0,"44,45'2,57,84,90'2","53",3,5,3,0,3,0,1,2,2,1,12,10,6,4,5,4,11,15,49,51,0.95,1.57,1.52,1.25,2.00,100,100,0,0,0,0,100,0,100,6.00,2.00,2.88,3.20,2.35,1.33,2.20,3.64,7.10,1.83,1.83,Camp de Futbol d'Aixovall
1721318400,Jul 18 2024 - 4:00pm,complete,N/A,Milsami,Torpedo BelAZ,Bence Csonka,N/A,3.00,0.00,1.25,0.50,0,0,0,0,0,0,"","",6,4,2,0,3,0,1,1,1,2,23,8,5,3,13,5,13,13,54,46,1.41,1.42,2.12,1.14,6.00,100,100,100,100,100,100,100,100,100,6.00,3.00,3.00,3.60,2.05,1.31,1.85,3.48,6.70,1.73,2.00,Complexul Sportiv Raional
1721318400,Jul 18 2024 - 4:00pm,complete,N/A,Tallinna FC Levadia,FA Šiauliai,Łukasz Kuźma,N/A,3.00,0.00,1.00,0.50,0,0,0,0,0,0,"","",4,1,0,0,2,0,0,0,0,2,25,10,6,2,12,6,12,11,52,48,1.72,0.75,2.16,0.97,2.00,0,100,0,0,0,100,100,0,0,13.00,4.00,1.40,4.50,6.25,1.14,1.70,2.39,3.88,2.00,1.73,A. Le Coq Arena
1721318400,Jul 18 2024 - 4:00pm,complete,N/A,St Joseph's,Shelbourne,N/A,N/A,0.00,3.00,0.50,1.25,1,1,2,2,1,1,"25","34",2,3,5,2,4,1,2,5,1,4,14,9,7,4,5,4,14,10,61,39,0.71,1.26,2.01,1.46,3.00,100,100,100,0,0,100,100,0,100,4.00,1.00,3.10,3.60,2.00,1.16,2.05,2.40,4.20,1.91,1.80,N/A
1721318400,Jul 18 2024 - 4:00pm,complete,N/A,Žalgiris,VPS,Bahattin Şimşek,N/A,3.00,0.00,2.25,0.00,1,0,1,1,1,0,"45'4","",7,5,0,0,2,0,0,0,0,2,17,10,3,3,10,4,10,9,2,98,2.24,1.08,1.63,1.11,3.00,100,100,100,0,0,0,100,100,100,14.00,5.00,1.44,4.75,5.25,1.19,1.50,2.64,4.80,1.73,2.00,Vilniaus LFF stadionas
1721320200,Jul 18 2024 - 4:30pm,complete,N/A,Paide,Bala Town,N/A,N/A,3.00,0.00,1.33,0.50,1,1,2,1,0,1,"120","12",15,7,3,0,5,1,2,1,1,5,19,14,6,4,11,9,19,30,68,32,1.40,1.44,2.47,1.64,3.00,100,100,100,0,0,0,0,100,100,7.00,4.00,1.45,4.50,5.25,1.15,1.62,2.34,4.05,1.83,1.83,N/A
1721322000,Jul 18 2024 - 5:00pm,complete,N/A,F91 Dudelange,Atlètic Club d'Escaldes,Kadir Sağlam,N/A,3.00,0.00,1.50,0.00,2,0,2,0,0,0,"60,79","",2,6,2,0,2,0,1,1,1,1,14,7,3,3,10,3,17,16,42,58,0.85,2.22,1.44,1.06,1.00,0,0,0,0,0,0,100,0,0,4.00,7.00,1.70,4.20,3.60,1.19,1.70,2.64,4.75,1.73,2.00,Stade Jos Nosbaum
1721322000,Jul 18 2024 - 5:00pm,complete,N/A,Marsaxlokk,Partizani Tirana,N/A,N/A,1.00,1.00,0.50,1.25,1,2,3,0,0,0,"46","48,90'3",3,9,4,0,5,0,1,3,1,4,7,14,3,4,4,6,10,13,35,65,1.11,1.41,1.08,1.75,2.00,100,100,0,0,0,100,100,0,0,6.00,4.00,3.75,3.40,1.90,1.22,2.30,2.84,5.25,2.10,1.67,MFA Centenary Stadium
1721322000,Jul 18 2024 - 5:00pm,complete,N/A,Dinamo Tbilisi,Mornar,N/A,N/A,0.00,3.00,0.50,1.33,1,1,2,0,0,0,"","",5,8,2,1,4,0,2,1,1,3,10,13,2,2,6,11,12,15,52,48,1.71,0.80,1.17,1.36,3.00,100,100,100,0,0,100,100,0,100,4.00,8.00,1.20,7.00,8.00,1.17,1.57,2.51,4.45,2.25,1.57,Boris Paichadze Dinamo Arena
1721323800,Jul 18 2024 - 5:30pm,complete,N/A,Connah's Quay,Bravo,N/A,N/A,3.00,0.00,1.50,1.50,0,2,2,0,0,0,"","88,115",1,15,5,0,3,0,1,4,0,3,4,19,0,7,3,9,14,19,48,52,1.07,1.57,0.63,2.18,1.00,0,0,0,0,0,0,0,0,100,14.00,6.00,4.50,4.10,1.57,1.17,1.65,2.51,4.50,1.73,2.00,Deeside College Stadium
1721323800,Jul 18 2024 - 5:30pm,complete,N/A,Isloch,La Fiorita,Jovan Kachevski,N/A,3.00,0.00,1.50,0.75,0,1,1,0,0,0,"","87",6,1,1,0,4,0,1,0,0,4,18,20,7,2,9,9,26,16,54,46,1.28,0.79,2.11,1.32,1.00,0,0,0,0,0,0,100,0,0,4.00,3.00,1.25,5.75,7.00,1.13,1.90,2.31,3.74,2.75,1.40,N/A
1721325600,Jul 18 2024 - 6:00pm,complete,N/A,Víkingur,Liepāja,Joakim Östling,N/A,1.00,1.00,1.00,0.50,2,0,2,2,2,0,"30,43","",3,8,3,0,5,1,0,3,1,5,8,6,3,0,4,6,4,4,42,58,1.40,1.28,1.40,1.23,2.00,100,100,0,0,0,0,100,0,100,12.00,4.00,1.38,4.20,7.00,1.21,1.65,2.71,4.95,1.83,1.83,Sarpugerði
1721325600,Jul 18 2024 - 6:00pm,complete,N/A,Tirana,Torpedo Kutaisi,N/A,N/A,1.00,1.00,0.50,1.00,0,1,1,1,0,1,"","3",4,2,1,0,2,0,1,0,0,2,14,7,6,3,8,3,6,5,48,52,2.08,1.59,1.96,1.11,2.00,100,100,0,0,0,0,100,0,100,10.00,3.00,2.63,3.30,2.40,1.22,2.08,2.84,5.25,1.91,1.80,Stadiumi Selman Stërmasi
1721325600,Jul 18 2024 - 6:00pm,complete,N/A,Shkendija,Artsakh,N/A,N/A,0.00,3.00,0.00,1.43,1,2,3,1,0,1,"53","20,90'1",9,1,6,0,2,0,1,5,1,1,21,11,8,6,9,4,16,16,58,42,0.81,1.59,2.17,1.40,2.00,0,100,0,0,0,0,0,100,100,8.00,1.00,2.05,3.50,3.00,1.29,2.05,3.34,6.35,1.83,1.83,N/A
1721327400,Jul 18 2024 - 6:30pm,complete,N/A,Vllaznia Shkodër,Valur,Simone Sozza,N/A,1.00,1.00,0.50,1.25,0,4,4,3,0,3,"","13,16,36,68",4,3,2,0,2,0,1,1,0,2,11,15,5,11,6,4,5,4,59,41,1.08,1.71,1.55,1.98,4.00,100,100,100,100,0,100,100,100,100,16.00,7.00,2.50,3.50,2.40,1.26,1.70,3.08,5.80,1.62,2.20,N/A
1721328300,Jul 18 2024 - 6:45pm,complete,N/A,Linfield,Stjarnan,Granit Maqedonci,N/A,0.00,3.00,1.50,1.50,3,2,5,1,1,0,"7,70,76","57,88",12,2,1,1,1,0,1,1,0,1,13,12,3,5,8,4,15,21,57,43,1.42,1.57,1.81,1.29,2.00,0,100,0,0,0,0,100,0,100,16.00,2.00,1.85,3.90,3.30,1.22,1.65,2.75,4.75,1.62,2.20,Windsor Park
1721328300,Jul 18 2024 - 6:45pm,complete,N/A,Tre Penne,Floriana,Rustam Omarov,N/A,0.00,3.00,0.50,1.00,1,1,2,0,0,0,"60","90'5",3,6,4,0,4,0,1,3,1,3,7,20,4,6,0,11,15,15,45,55,0.65,1.45,0.90,2.07,4.00,100,100,100,100,0,0,0,100,100,13.00,4.00,7.50,6.00,1.30,1.14,1.57,2.16,3.90,2.00,1.73,Stadio Olimpico di Serravalle
1721328300,Jul 18 2024 - 6:45pm,complete,N/A,Derry City,Magpies,N/A,N/A,0.00,3.00,1.50,0.75,2,1,3,1,1,0,"38,57","111",12,6,6,1,6,0,3,4,1,5,20,13,9,3,10,9,11,20,59,41,1.12,1.49,2.72,1.41,2.00,0,100,0,0,0,0,0,100,100,6.00,3.00,1.18,5.75,11.00,1.13,1.67,2.33,3.65,2.50,1.50,N/A
1721329200,Jul 18 2024 - 7:00pm,complete,N/A,Sarajevo,Aktobe,Zorbay Küçük,N/A,3.00,0.00,1.00,1.50,2,3,5,1,0,1,"57,96","41,75,93",9,4,5,1,5,0,0,6,2,3,27,20,9,5,14,9,31,22,59,41,1.14,1.92,2.45,1.48,1.00,0,0,0,0,0,0,0,0,100,8.00,8.00,2.88,3.25,2.30,1.36,2.08,3.75,7.10,1.83,1.83,Olimpijski Stadion Asim Ferhatović Hase
1721329200,Jul 18 2024 - 7:00pm,complete,N/A,Budućnost,Malisheva,N/A,N/A,0.00,3.00,1.00,1.50,3,0,3,1,1,0,"32,56,88","",6,5,2,0,7,0,1,1,1,6,13,7,6,2,5,4,19,13,52,48,1.03,1.32,1.45,0.90,1.00,0,0,0,0,0,0,0,0,100,6.00,6.00,1.80,3.10,4.50,1.36,2.50,4.00,7.60,2.25,1.57,Stadion Pod Goricom
1721330100,Jul 18 2024 - 7:15pm,complete,N/A,Breidablik,Tikveš,Peiman Simani,N/A,0.00,3.00,0.75,1.50,3,1,4,2,1,1,"44,53,85","9",5,1,2,0,2,0,0,2,1,1,10,3,7,2,3,1,17,15,66,34,1.04,1.38,1.98,0.71,5.00,100,100,100,100,100,100,100,100,100,11.00,7.00,1.33,5.00,8.00,1.20,1.44,2.65,4.45,1.67,2.10,Kópavogsvöllur
1721750400,Jul 23 2024 - 4:00pm,complete,N/A,Ballkani,Hamrun Spartans,Walter Altmann,N/A,0.00,0.00,1.75,0.50,0,0,0,0,0,0,"","",6,3,1,0,3,0,0,1,2,1,15,4,5,0,9,3,5,15,28,72,0.00,0.00,2.25,0.52,0.00,0,0,0,0,0,0,0,0,0,0.00,0.00,1.67,3.50,4.75,1.36,2.35,3.88,7.60,2.38,1.53,N/A
1721754000,Jul 23 2024 - 5:00pm,complete,N/A,Differdange 03,Ordabasy,Mohammad Usman Aslam,N/A,0.00,0.00,1.50,0.75,1,0,1,1,1,0,"37","",2,1,1,0,5,0,1,0,1,4,11,9,4,0,5,7,9,22,43,57,0.00,0.00,1.21,1.05,0.00,0,0,0,0,0,0,0,0,0,0.00,0.00,2.45,3.10,2.70,1.37,2.25,3.98,7.80,1.91,1.80,Stade Parc des Sports
1721761200,Jul 23 2024 - 7:00pm,complete,N/A,Virtus,Tallinna FC Flora,Dragomir Draganov,N/A,0.00,0.00,0.50,1.25,0,0,0,0,0,0,"","",3,13,3,0,3,0,1,2,1,2,9,21,2,4,5,15,8,17,34,66,0.00,0.00,0.93,2.29,0.00,0,0,0,0,0,0,0,0,0,0.00,0.00,5.50,5.50,1.38,1.15,1.57,2.44,4.05,1.83,1.83,N/A
1721833200,Jul 24 2024 - 3:00pm,complete,N/A,Struga,Pyunik,N/A,N/A,0.00,0.00,1.50,2.00,2,1,3,2,1,1,"8,73","23",5,5,3,0,1,1,1,2,1,1,12,6,3,2,9,1,13,12,63,37,0.00,0.00,1.74,0.77,0.00,0,0,0,0,0,0,0,0,0,0.00,0.00,2.20,3.20,3.00,1.33,2.08,3.56,6.95,1.83,1.83,Stadion Biljanini Izvori
1721836800,Jul 24 2024 - 4:00pm,complete,N/A,Riga,Śląsk Wrocław,Chiristian-Petru Ciochirca,N/A,0.00,0.00,1.50,1.50,1,0,1,1,1,0,"7","",9,5,2,0,3,0,0,2,2,1,13,13,6,3,4,7,10,14,23,77,0.00,0.00,1.43,1.14,0.00,0,0,0,0,0,0,0,0,0,0.00,0.00,2.70,3.40,2.30,1.35,2.15,3.74,7.30,1.91,1.80,N/A
1721840400,Jul 24 2024 - 5:00pm,complete,N/A,Dinamo Batumi,Dečić,N/A,N/A,0.00,0.00,0.50,1.75,0,2,2,0,0,0,"","62,66",9,0,2,0,4,0,0,2,2,2,21,7,7,3,14,3,16,13,75,25,0.00,0.00,2.57,0.89,0.00,0,0,0,0,0,0,0,0,0,0.00,0.00,1.33,5.25,6.50,1.32,1.85,3.60,6.50,2.50,1.50,Chele Arena
1721844000,Jul 24 2024 - 6:00pm,complete,N/A,AEK Athens,Inter Club d'Escaldes,Lothar D'hondt,N/A,0.00,2.00,2.25,1.00,4,3,7,3,3,0,"6,20,31,53","65,78,83",7,2,3,0,2,0,0,3,1,1,25,8,12,6,12,2,5,11,66,34,0.00,1.23,2.75,1.11,2.00,50,50,25,25,25,25,50,25,50,3.00,2.00,1.05,13.00,41.00,1.05,1.22,1.50,2.00,3.00,1.36,N/A
1721846700,Jul 24 2024 - 6:45pm,complete,N/A,Cliftonville,Auda,Helgi Mikael Jónasson,N/A,0.00,3.00,0.00,2.50,1,2,3,2,1,1,"39","32,76",3,3,1,0,1,0,0,1,0,1,11,12,5,5,5,6,9,9,51,49,0.00,1.77,1.17,1.25,0.75,0,25,0,0,0,0,25,0,50,4.00,1.00,2.90,3.50,2.15,1.25,2.00,3.10,5.50,1.83,1.83,Solitude
1721919600,Jul 25 2024 - 3:00pm,complete,N/A,KuPS,Tromsø,Iwan Griffith,N/A,2.00,0.00,1.00,1.75,0,1,1,0,0,0,"","54",3,3,1,0,0,0,0,1,0,0,15,13,7,4,7,6,9,15,33,67,1.91,0.00,1.64,1.11,1.25,0,25,25,25,25,25,25,25,25,3.50,1.50,2.80,3.40,2.20,1.22,2.05,2.84,5.25,1.83,1.83,Savon Sanomat Areena
1721923200,Jul 25 2024 - 4:00pm,complete,N/A,Sumqayıt,Videoton,N/A,N/A,0.00,0.00,0.50,1.00,1,2,3,2,1,1,"20","39,52",2,4,5,1,3,0,4,2,1,2,9,23,4,8,3,10,9,12,50,50,0.00,0.00,1.08,2.32,0.00,0,0,0,0,0,0,0,0,0,0.00,0.00,2.88,3.10,2.30,1.36,2.10,3.75,7.00,1.83,1.83,N/A
1721923200,Jul 25 2024 - 4:00pm,complete,N/A,Ilves,Austria Wien,Alejandro Muñíz Ruiz,N/A,0.00,0.00,1.00,1.50,2,1,3,0,0,0,"51,88","90",1,11,2,0,4,0,0,2,2,2,12,18,6,5,5,6,15,13,36,64,0.00,0.00,1.35,1.57,0.00,0,0,0,0,0,0,0,0,0,0.00,0.00,3.20,3.50,2.05,1.23,1.65,2.75,5.05,1.53,2.38,Tammelan Stadion
1721923200,Jul 25 2024 - 4:00pm,complete,N/A,Mladá Boleslav,TransINVEST Vilnius,N/A,N/A,0.00,0.00,1.67,0.00,2,0,2,2,2,0,"27,38","",12,0,0,0,2,0,0,0,1,1,27,5,8,3,13,2,13,10,59,41,0.00,0.00,2.40,0.73,0.00,0,0,0,0,0,0,0,0,0,0.00,0.00,1.13,8.50,15.00,1.20,1.50,2.50,4.33,2.75,1.40,Adidas Aréna
1721923200,Jul 25 2024 - 4:00pm,complete,N/A,Artsakh,Sliema Wanderers,N/A,N/A,3.00,0.00,1.43,0.50,7,0,7,3,3,0,"19,28,31,56,71,72,90","",2,2,0,0,0,0,0,0,0,0,13,4,9,0,3,3,5,5,60,40,1.50,0.00,1.94,0.54,1.25,25,50,25,0,0,0,25,50,50,3.50,1.50,1.65,3.60,4.50,1.33,2.05,3.50,7.00,2.00,1.73,N/A
1721923200,Jul 25 2024 - 4:00pm,complete,N/A,Saburtalo,Partizani Tirana,Andrei Florin Chivulete,N/A,0.00,2.00,1.00,1.25,2,0,2,1,1,0,"31,57","",-1,-1,3,0,5,1,2,1,4,2,11,8,7,3,4,4,11,18,49,51,0.00,1.58,1.47,1.12,1.25,50,50,25,0,0,25,25,25,25,6.00,3.00,2.45,3.30,2.60,1.38,2.10,4.00,8.30,1.83,1.83,Mikheil Meskhis sakhelobis Stadioni
1721923200,Jul 25 2024 - 4:00pm,complete,N/A,Milsami,Astana,Nikola Popov,N/A,2.00,0.00,1.25,1.50,1,1,2,0,0,0,"90","57",6,3,1,0,3,0,0,1,0,3,5,4,2,2,0,0,18,5,51,49,1.77,0.00,0.82,0.58,1.50,25,25,25,25,25,25,25,25,25,3.50,2.00,3.20,3.30,2.10,1.29,2.10,3.20,6.10,1.91,1.80,Complexul Sportiv Raional
1721923200,Jul 25 2024 - 4:00pm,complete,N/A,Magpies,København,Cláudio Filipe Ruivo Pereira,N/A,1.50,0.00,0.75,1.50,0,3,3,1,0,1,"","30,62,65",1,10,1,0,1,0,0,1,1,0,4,25,0,9,3,10,8,7,24,76,1.45,0.00,0.30,2.44,1.25,25,50,25,0,0,0,25,50,50,5.00,4.00,41.00,13.00,1.04,1.09,1.29,1.83,2.84,3.40,1.30,N/A
1721923200,Jul 25 2024 - 4:00pm,complete,N/A,Žalgiris,Paphos,Kristoffer Hagenes,N/A,3.00,0.00,2.25,1.63,2,1,3,2,2,0,"17,26","62",6,9,4,0,3,0,0,4,0,3,7,19,5,6,1,10,11,8,49,51,1.94,0.00,1.19,2.07,1.00,25,25,25,0,0,0,50,25,25,7.50,0.00,2.60,3.10,2.45,1.31,2.10,3.42,6.60,1.83,1.83,Vilniaus LFF stadionas
1721925000,Jul 25 2024 - 4:30pm,complete,N/A,Go Ahead Eagles,Brann,Denys Shurman,N/A,0.00,0.00,0.50,1.83,0,0,0,0,0,0,"","",5,3,1,1,1,0,0,2,0,1,13,11,3,4,7,6,4,9,50,50,0.00,0.00,1.35,1.34,0.00,0,0,0,0,0,0,0,0,0,0.00,0.00,2.35,3.60,2.45,1.20,1.50,2.65,4.60,1.44,2.63,De Adelaarshorst
1721925000,Jul 25 2024 - 4:30pm,complete,N/A,Omonia Nicosia,Torpedo Kutaisi,N/A,N/A,0.00,2.00,1.64,1.00,3,1,4,1,1,0,"41,78,84","75",12,2,4,0,6,0,1,3,3,3,19,5,6,4,8,0,10,13,60,40,0.00,1.35,1.83,0.72,0.75,25,25,0,0,0,0,50,0,25,3.00,2.00,1.57,3.80,4.50,1.34,1.95,3.57,6.95,2.00,1.73,Makareio Stadio
1721925000,Jul 25 2024 - 4:30pm,complete,N/A,Zira,DAC,Ivo Manuel Torres da Rocha Fernandes,N/A,0.00,0.00,1.83,0.00,4,0,4,2,2,0,"29,31,51,53","",5,5,0,0,2,0,0,0,2,0,13,8,5,2,6,4,3,7,52,48,0.00,0.00,1.39,1.06,0.00,0,0,0,0,0,0,0,0,0,0.00,0.00,2.45,3.20,2.75,1.36,2.50,4.00,8.00,2.10,1.67,Zirə qəsəbə stadionu
1721925900,Jul 25 2024 - 4:45pm,complete,N/A,Zimbru,FC Avan Academy,Fran Jović,N/A,0.00,0.00,0.00,1.75,0,3,3,1,0,1,"","23,74,89",2,4,3,0,2,0,3,0,1,1,10,14,4,6,5,7,16,19,48,52,0.00,0.00,1.07,1.61,0.00,0,0,0,0,0,0,0,0,0,0.00,0.00,2.75,3.25,2.30,1.30,2.00,3.40,6.35,1.73,2.00,Stadionul Zimbru
1721926800,Jul 25 2024 - 5:00pm,complete,N/A,Olimpija,Polessya,Javier Alberola Rojas,N/A,0.00,0.00,1.93,0.00,2,0,2,0,0,0,"56,90'2","",6,6,2,0,4,0,2,0,2,2,17,13,6,3,5,4,9,20,44,56,0.00,0.00,1.62,1.10,0.00,0,0,0,0,0,0,0,0,0,0.00,0.00,1.75,3.60,4.00,1.30,2.00,3.50,6.40,1.91,1.80,Stadion Stožice
1721926800,Jul 25 2024 - 5:00pm,complete,N/A,Dnipro-1,Puskás,N/A,N/A,0.00,0.00,0.00,2.00,0,3,3,0,0,0,"","",-1,-1,-1,-1,-1,-1,-1,-1,-1,-1,-1,-1,-1,-1,-1,-1,-1,-1,-1,-1,0.00,0.00,0.00,0.00,0.00,0,0,0,0,0,0,0,0,0,0.00,0.00,0.00,0.00,0.00,0.00,0.00,0.00,0.00,0.00,0.00,Dnipro Arena
1721926800,Jul 25 2024 - 5:00pm,complete,15089,Djurgården,Progrès Niederkorn,Alessandro Dudic,N/A,0.00,0.00,1.88,1.50,3,0,3,2,2,0,"21,27,61","",2,3,4,0,6,0,1,3,3,3,8,9,5,3,2,6,22,15,29,71,0.00,0.00,1.09,0.99,0.00,0,0,0,0,0,0,0,0,0,0.00,0.00,1.18,7.00,9.00,1.16,1.50,2.36,4.00,2.25,1.57,Tele2 Arena
1721926800,Jul 25 2024 - 5:00pm,complete,N/A,Hapoel Be'er Sheva,Cherno More,Daniyar Sakhi,N/A,0.00,0.00,1.25,0.50,0,0,0,0,0,0,"","",3,6,0,0,3,0,0,0,1,2,18,15,3,3,8,9,17,16,56,44,0.00,0.00,1.45,1.54,0.00,0,0,0,0,0,0,0,0,0,0.00,0.00,2.50,3.00,2.75,1.42,2.35,4.33,8.20,2.10,1.67,Yaakov Turner Toto Stadium
1721926800,Jul 25 2024 - 5:00pm,complete,1176,F91 Dudelange,Häcken,N/A,N/A,3.00,0.00,1.50,1.67,2,6,8,6,2,4,"32,44","6,21,35,45'2,60,89",11,6,5,0,2,0,2,3,2,0,15,15,9,9,6,5,16,15,43,57,1.15,0.00,2.03,2.00,0.75,0,25,0,0,0,0,25,25,25,1.00,3.50,6.25,4.50,1.40,1.15,1.53,2.30,4.00,1.73,2.00,Stade Jos Nosbaum
1721926800,Jul 25 2024 - 5:00pm,complete,N/A,Baník Ostrava,Banants,N/A,N/A,0.00,3.00,2.25,1.50,5,1,6,3,3,0,"15,22,26,62,82","90'4",5,2,1,0,2,1,0,1,1,2,29,5,10,5,15,0,21,8,65,35,0.00,1.29,3.06,1.03,1.25,25,50,25,0,0,25,50,0,50,5.50,2.00,1.30,5.75,7.50,1.20,1.65,2.75,4.60,2.10,1.67,Městský stadion - Vítkovice Aréna
1721926800,Jul 25 2024 - 5:00pm,complete,N/A,Zürich,Shelbourne,N/A,N/A,0.00,2.00,1.00,1.25,3,0,3,2,2,0,"1,29,58","",9,1,0,0,1,0,0,0,0,1,27,2,9,2,13,0,13,6,66,34,0.00,1.36,2.85,0.46,1.25,50,50,25,0,0,50,50,0,25,2.50,3.00,1.22,6.00,9.50,1.21,1.95,2.25,4.68,3.00,1.36,Stadion Letzigrund
1721926800,Jul 25 2024 - 5:00pm,complete,N/A,Floriana,Vitória Guimarães,N/A,N/A,2.00,0.00,1.00,2.36,0,1,1,0,0,0,"","78",1,16,2,0,2,0,1,1,1,1,6,22,2,6,4,8,8,13,34,66,1.76,0.00,0.73,2.09,1.50,50,50,25,25,0,0,0,50,50,8.50,3.00,11.00,6.00,1.20,1.12,1.53,2.10,3.60,2.10,1.67,Gozo Stadium
1721926800,Jul 25 2024 - 5:00pm,complete,N/A,Brøndby,Llapi,David Dickinson,N/A,0.00,0.00,1.25,0.50,6,0,6,4,4,0,"16,20,24,40,88,90","",7,2,2,0,3,0,0,2,2,1,23,4,8,0,10,2,15,13,70,30,0.00,0.00,2.18,0.26,0.00,0,0,0,0,0,0,0,0,0,0.00,0.00,1.10,10.00,15.00,1.10,1.40,2.29,3.20,2.63,1.44,Brøndby Stadion
1721927700,Jul 25 2024 - 5:15pm,complete,N/A,Maccabi Haifa,Sabah,Nathan Verboomen,N/A,0.00,0.00,1.50,0.75,0,3,3,0,0,0,"","61,78,88",9,6,4,0,1,0,2,2,0,1,8,18,5,8,3,7,14,8,60,40,0.00,0.00,1.41,1.77,0.00,0,0,0,0,0,0,0,0,0,0.00,0.00,1.38,4.20,8.00,1.28,1.80,3.25,5.75,2.10,1.67,Sammy Ofer Stadium
1721928600,Jul 25 2024 - 5:30pm,complete,N/A,CFR Cluj,Neman Grodno,Miloš Gigović,N/A,0.00,0.00,2.17,0.50,0,0,0,0,0,0,"","",6,3,2,0,2,0,0,2,1,1,15,7,3,2,9,3,12,11,58,42,0.00,0.00,1.46,0.81,0.00,0,0,0,0,0,0,0,0,0,0.00,0.00,1.29,4.75,9.50,1.23,1.70,2.80,2.80,2.20,1.62,Stadionul Dr. Constantin Rădulescu
1721928600,Jul 25 2024 - 5:30pm,complete,N/A,CSKA 1948 Sofia,Budućnost,Irakli Kvirikashvili,N/A,0.00,1.50,1.75,1.00,1,0,1,1,1,0,"44","",2,4,1,0,2,0,1,0,2,0,14,5,6,0,4,5,10,12,46,54,0.00,1.24,1.57,0.85,1.00,0,25,25,0,0,0,25,25,50,4.00,2.50,1.60,3.50,5.50,1.28,1.95,3.10,5.90,2.00,1.73,Stadion Vitosha
1721929500,Jul 25 2024 - 5:45pm,complete,N/A,İstanbul Başakşehir,La Fiorita,N/A,N/A,0.00,1.50,1.83,0.75,6,1,7,4,4,0,"5,13,29,43,49,71","58",2,0,1,0,2,0,0,1,0,2,26,4,12,3,12,1,10,10,75,25,0.00,1.06,2.89,0.56,0.50,0,0,0,0,0,0,25,0,25,1.50,3.00,1.07,9.00,23.00,1.01,1.33,1.40,1.47,2.75,1.40,Başakşehir Fatih Terim Stadyumu
1721930400,Jul 25 2024 - 6:00pm,complete,N/A,Osijek,Tallinna FC Levadia,N/A,N/A,0.00,2.00,2.00,1.00,5,1,6,5,4,1,"9,18,27,34,68","7",6,2,1,0,1,0,1,0,1,0,17,18,8,8,8,5,15,11,42,58,0.00,1.94,2.03,1.93,0.50,0,25,0,0,0,25,25,0,0,7.00,1.00,1.30,5.25,7.50,1.17,1.60,2.30,4.20,2.00,1.73,N/A
1721930400,Jul 25 2024 - 6:00pm,complete,N/A,KAA Gent,Víkingur,Vilhjálmur Alvar Thórarinsson,N/A,0.00,2.00,2.00,1.00,4,1,5,2,1,1,"25,59,68,88","13",12,2,2,0,3,0,1,1,2,1,41,5,12,3,20,2,9,11,76,24,0.00,1.40,3.65,0.64,1.00,25,50,0,0,0,25,50,0,25,5.00,2.00,1.08,9.50,21.00,1.11,1.30,1.91,3.00,2.25,1.57,GHELAMCO-arena
1721930400,Jul 25 2024 - 6:00pm,complete,5000,Radnički Kragujevac,Mornar,Ioannis Papadopoulos,N/A,0.00,2.00,1.50,1.33,1,0,1,0,0,0,"71","",4,4,3,0,3,0,1,2,1,2,19,8,8,4,9,4,8,11,57,43,0.00,1.08,2.15,1.09,1.25,50,50,25,0,0,25,25,0,25,4.50,3.50,1.36,4.50,7.00,1.25,1.85,3.10,5.65,2.20,1.62,Stadion Čika Dača
1721930400,Jul 25 2024 - 6:00pm,complete,N/A,St. Gallen,Tobol,Robert Harvey,N/A,0.00,0.00,1.33,0.00,4,1,5,3,2,1,"35,39,77,90'7","28",10,2,1,0,5,0,0,1,2,3,20,12,14,4,2,5,12,15,58,42,0.00,0.00,2.52,1.21,0.00,0,0,0,0,0,0,0,0,0,0.00,0.00,1.33,5.00,7.00,1.20,1.57,2.65,4.40,1.91,1.80,Stadion Espenmoos
1721930400,Jul 25 2024 - 6:00pm,complete,N/A,Paksi SE,AEK Larnaca,Dennis Higler,N/A,0.00,0.00,1.83,0.00,3,0,3,1,1,0,"17,61,74","",4,4,3,0,3,0,2,1,1,2,9,5,4,0,3,3,22,14,66,34,0.00,0.00,1.04,0.62,0.00,0,0,0,0,0,0,0,0,0,0.00,0.00,2.63,3.25,2.45,1.28,1.90,2.80,2.80,1.73,2.00,Stadionul Ion Oblemenco
1721931300,Jul 25 2024 - 6:15pm,complete,N/A,Maribor,CS U Craiova,Mads-Kristoffer Kristoffersen,N/A,0.00,0.00,1.00,1.50,2,0,2,0,0,0,"57,88","",3,6,1,0,1,1,0,1,2,0,22,6,8,0,13,6,10,13,50,50,0.00,0.00,2.50,0.75,0.00,0,0,0,0,0,0,0,0,0,0.00,0.00,2.30,3.40,2.80,1.30,1.95,3.35,6.20,1.73,2.00,Ljudski vrt
1721933100,Jul 25 2024 - 6:45pm,complete,N/A,St Patrick's Athl.,Vaduz,Tom Owen,N/A,0.00,0.00,1.83,0.50,3,1,4,2,2,0,"6,17,77","65",7,8,0,0,4,0,0,0,2,2,12,14,6,4,5,8,5,23,54,46,0.00,0.00,1.75,1.62,0.00,0,0,0,0,0,0,0,0,0,0.00,0.00,2.40,3.30,2.63,1.30,1.95,3.40,6.20,1.73,2.00,N/A
1721933100,Jul 25 2024 - 6:45pm,complete,N/A,Legia Warszawa,Caernarfon Town,Juri Frischer,N/A,0.00,1.50,2.13,0.75,6,0,6,2,2,0,"22,44,48,53,71,90'3","",6,3,0,0,2,0,0,0,1,1,17,8,9,0,7,7,12,5,63,37,0.00,1.14,2.24,0.65,1.50,25,50,25,25,0,25,50,25,25,3.00,1.50,1.04,15.00,34.00,1.06,1.14,1.60,2.30,2.63,1.44,Stadion Miejski Legii Warszawa im. Marszałka Józefa Piłsudskiego
1721933100,Jul 25 2024 - 6:45pm,complete,N/A,Valur,St. Mirren,Damian Kos,N/A,2.00,0.00,1.25,1.25,0,0,0,0,0,0,"","",8,3,1,1,3,0,0,2,0,3,14,17,9,6,4,9,8,13,57,43,1.85,0.00,2.03,1.99,2.00,25,50,50,50,0,50,50,25,50,8.00,1.50,2.10,3.70,2.80,1.23,1.62,2.80,2.80,1.57,2.25,N/A
1721933100,Jul 25 2024 - 6:45pm,complete,N/A,Víkingur Reykjavík,Egnatia Rrogozhinë,Jóhan Hendrik Ellefsen,N/A,0.00,0.00,1.57,1.50,0,1,1,1,0,1,"","33",7,3,1,0,5,0,0,1,2,3,14,6,2,3,10,3,9,6,59,41,0.00,0.00,1.63,1.03,0.00,0,0,0,0,0,0,0,0,0,0.00,0.00,1.67,3.80,4.20,1.28,1.75,3.25,6.20,1.80,1.91,Víkingsvöllur
1721934000,Jul 25 2024 - 7:00pm,complete,N/A,Hajduk Split,HB,Matthew De Gabriele,N/A,0.00,0.00,1.25,0.50,2,0,2,2,2,0,"19,30","",14,0,0,0,0,0,0,0,0,0,21,3,5,0,9,3,9,16,68,32,0.00,0.00,1.92,0.38,0.00,0,0,0,0,0,0,0,0,0,0.00,0.00,1.10,8.50,21.00,1.10,1.36,1.87,3.00,2.50,1.50,Stadion Poljud
1721934000,Jul 25 2024 - 7:00pm,complete,N/A,Zrinjski,Bravo,Léonce Lionel Tschudi,N/A,0.00,1.50,1.00,1.50,0,1,1,1,0,1,"","16",7,1,0,0,3,0,0,0,0,3,14,6,0,2,12,3,12,11,71,29,0.00,1.88,1.43,0.73,0.75,0,25,0,0,0,0,0,25,50,11.50,3.50,1.48,3.75,6.50,1.34,2.00,3.20,3.20,2.20,1.62,Stadion Bijeli Brijeg
1721934000,Jul 25 2024 - 7:00pm,complete,N/A,Sarajevo,Spartak Trnava,Bram Van Driessche,N/A,1.50,0.00,1.00,1.75,0,0,0,0,0,0,"","",7,0,3,0,1,0,2,1,1,0,17,8,4,0,8,6,8,13,56,44,1.80,0.00,1.30,0.56,1.50,25,25,25,25,25,0,25,25,50,6.50,6.00,2.35,3.20,2.88,1.37,2.20,2.22,2.22,1.91,1.80,Olimpijski Stadion Asim Ferhatović Hase
1721934000,Jul 25 2024 - 7:00pm,complete,N/A,Stjarnan,Paide,Jérémy Muller,N/A,1.50,2.00,1.50,1.33,2,1,3,1,1,0,"24,73","54",12,2,2,0,3,0,0,2,2,1,17,5,7,4,7,1,16,16,58,42,1.43,1.94,1.86,0.87,3.00,75,100,50,25,25,0,75,50,100,13.00,4.00,1.65,4.00,4.10,1.22,1.65,2.75,4.70,1.73,2.00,Samsung völlurinn
1721934900,Jul 25 2024 - 7:15pm,complete,N/A,Breidablik,Drita,N/A,N/A,1.50,0.00,0.75,1.50,1,2,3,2,0,2,"71","3,23",9,3,4,0,4,1,1,3,0,5,19,8,9,5,9,3,11,10,72,28,1.51,0.00,2.48,1.10,2.25,50,50,50,50,25,50,50,50,50,4.50,1.50,1.57,4.00,4.75,1.36,2.00,4.00,7.20,2.10,1.67,Kópavogsvöllur
1722351600,Jul 30 2024 - 3:00pm,complete,N/A,Drita,Breidablik,N/A,N/A,3.00,1.00,1.50,0.75,1,0,1,0,0,0,"67","",4,9,4,0,1,0,1,3,0,1,15,10,6,4,5,5,10,13,50,50,1.10,1.83,1.86,1.71,3.50,100,100,100,34,17,100,100,34,100,9.00,7.33,2.55,3.40,2.45,1.31,1.90,3.40,3.45,1.73,2.00,N/A
1722355200,Jul 30 2024 - 4:00pm,complete,N/A,Tallinna FC Flora,Virtus,Snir Levi,N/A,1.00,1.00,1.25,0.50,5,2,7,1,1,0,"4,77,92,97,120","68,88",3,3,1,1,6,0,1,1,1,5,24,14,9,8,10,4,13,18,61,39,2.29,0.93,2.88,1.83,0.00,0,0,0,0,0,0,0,0,0,16.00,6.00,1.13,7.00,21.00,1.14,1.57,2.35,4.50,3.00,1.36,N/A
1722355200,Jul 30 2024 - 4:00pm,complete,N/A,Pyunik,Struga,Sigurd Smehus Kringstad,N/A,0.00,3.00,2.00,1.50,3,1,4,3,2,1,"16,45,90'6","45'4",7,4,4,0,3,0,3,1,1,2,19,10,11,4,7,5,14,18,78,22,0.77,1.74,2.61,1.18,3.00,100,100,100,0,0,100,100,0,100,10.00,6.00,1.95,3.25,3.80,1.38,2.00,3.92,7.90,1.83,1.83,Armenia Football Academy grass
1722362400,Jul 30 2024 - 6:00pm,complete,N/A,Hamrun Spartans,Ballkani,N/A,N/A,1.00,1.00,0.50,1.75,0,2,2,0,0,0,"","64,76",4,5,3,0,0,0,1,2,0,0,5,16,2,8,1,4,17,11,4,96,0.52,2.25,0.51,1.55,0.00,0,0,0,0,0,0,0,0,0,9.00,4.00,2.90,3.10,2.35,1.47,2.50,4.62,9.40,2.20,1.62,N/A
1722366000,Jul 30 2024 - 7:00pm,complete,N/A,Dečić,Dinamo Batumi,Jason Barcelo,N/A,3.00,0.00,1.75,0.50,0,0,0,0,0,0,"","",4,5,1,0,0,0,1,0,0,0,7,20,0,6,5,12,6,7,31,69,0.89,2.57,0.63,2.29,2.00,0,100,0,0,0,0,0,100,100,9.00,6.00,4.75,3.40,1.70,1.27,2.05,3.18,6.00,1.91,1.80,Stadion Tuško Polje
1722438000,Jul 31 2024 - 3:00pm,complete,N/A,Auda,Cliftonville,N/A,N/A,3.00,0.00,2.50,0.00,2,0,2,0,0,0,"51,61","",5,6,1,0,2,0,0,1,1,1,22,8,6,2,10,5,8,8,59,41,1.60,1.17,1.92,0.93,2.50,67,84,67,0,0,67,84,0,100,6.67,2.00,1.40,4.10,7.00,1.29,1.85,3.25,6.50,2.10,1.67,Ķekavas stadions
1722445200,Jul 31 2024 - 5:00pm,complete,N/A,Videoton,Sumqayıt,Kristoffer Karlsson,N/A,3.00,0.00,1.00,0.50,0,0,0,0,0,0,"","",10,5,2,0,2,0,0,2,1,1,20,10,4,2,8,5,14,11,34,66,2.32,1.08,1.47,0.92,3.00,100,100,100,0,0,100,100,0,100,6.00,9.00,1.50,3.80,6.00,1.25,1.85,3.04,5.65,2.00,1.73,N/A
1722445200,Jul 31 2024 - 5:00pm,complete,N/A,Häcken,F91 Dudelange,N/A,N/A,3.00,2.00,1.67,1.50,6,1,7,4,3,1,"16,27,45,48,53,57","4",7,5,1,0,1,1,1,0,2,0,18,7,7,2,6,2,17,9,66,34,2.00,1.44,2.30,0.73,5.84,67,84,67,67,67,67,84,84,84,10.33,6.00,1.14,8.00,11.00,1.12,1.25,2.06,3.40,1.83,1.83,Bravida Arena
1722450600,Jul 31 2024 - 6:30pm,complete,N/A,Austria Wien,Ilves,Ian McNabb,N/A,0.00,3.00,1.50,1.00,4,3,7,3,2,1,"22,27,68,97","30,90,112",2,6,3,0,4,0,0,3,0,4,12,16,7,9,2,4,15,9,39,61,1.57,1.35,1.74,2.08,3.00,100,100,100,0,0,0,0,100,100,12.00,6.00,1.30,5.50,7.00,1.17,1.40,2.45,4.00,1.73,2.00,Austria-Akademie
1722450600,Jul 31 2024 - 6:30pm,complete,9120,Spartak Trnava,Sarajevo,Sandi Putros,N/A,1.00,1.33,1.75,1.00,3,0,3,2,2,0,"15,42,90'4","",2,7,2,0,2,0,1,1,0,2,11,11,3,2,7,7,15,9,43,57,0.56,1.63,1.24,1.15,1.00,17,17,17,17,17,0,17,17,34,6.67,6.00,2.10,3.10,3.40,1.40,2.20,4.05,8.15,1.91,1.80,N/A
1722451500,Jul 31 2024 - 6:45pm,complete,N/A,Mornar,Radnički Kragujevac,Gal Laibuvitz,N/A,1.33,3.00,1.33,1.50,2,1,3,1,1,0,"45,83","90'8",4,7,6,1,3,0,1,6,0,3,10,20,4,8,6,10,15,26,49,51,1.08,2.15,1.59,2.36,1.50,34,34,17,0,0,17,17,0,84,8.33,6.33,4.10,3.70,1.73,1.30,2.00,3.40,6.10,1.91,1.80,N/A
1722520800,Aug 01 2024 - 2:00pm,complete,N/A,Astana,Milsami,Ruddy Buquet,N/A,1.00,1.67,1.50,1.25,1,0,1,0,0,0,"49","",4,6,1,0,3,1,1,0,2,2,18,9,2,0,3,7,4,12,56,44,0.58,1.45,1.01,0.85,2.34,84,84,17,17,17,17,17,84,84,7.33,4.67,1.36,4.75,6.00,1.18,1.73,2.70,4.70,2.10,1.67,N/A
1722524400,Aug 01 2024 - 3:00pm,complete,N/A,FC Avan Academy,Zimbru,Aristotelis Diamantopoulos,N/A,3.00,0.00,1.75,0.00,3,1,4,1,1,0,"28,68,88","62",2,8,2,0,2,0,1,1,0,2,8,5,2,0,4,4,11,5,44,56,1.61,1.07,0.94,0.66,3.00,0,100,100,0,0,0,100,100,100,6.00,5.00,1.36,4.10,8.00,1.22,1.67,2.90,5.30,1.91,1.80,Armenia Football Academy grass
1722524400,Aug 01 2024 - 3:00pm,complete,N/A,Bravo,Zrinjski,Joonas Jaanovits,N/A,2.00,0.00,1.50,1.00,1,3,4,2,1,1,"21","16,66,80",1,8,3,0,1,0,1,2,1,0,7,6,3,2,2,2,16,7,41,59,1.49,1.43,1.04,1.00,1.17,0,17,0,0,0,0,67,17,34,15.00,3.33,3.30,3.00,2.15,1.33,2.50,3.65,7.10,2.10,1.67,Štadion ŽŠD
1722524400,Aug 01 2024 - 3:00pm,complete,N/A,Banants,Baník Ostrava,Bolat Saryev,N/A,2.00,3.00,1.50,2.25,0,2,2,1,0,1,"","22,51",0,12,1,0,1,0,1,0,0,1,2,7,2,3,0,3,12,9,39,61,1.20,3.06,0.75,1.27,4.84,84,100,84,67,67,84,100,67,100,9.33,3.67,4.50,4.33,1.55,1.19,1.67,2.64,4.80,1.80,1.91,N/A
1722524400,Aug 01 2024 - 3:00pm,complete,N/A,Llapi,Brøndby,Oliver Reitala,N/A,0.00,3.00,0.50,1.25,2,2,4,1,1,0,"42,66","53,61",6,8,3,0,0,0,1,2,0,0,15,17,6,7,5,4,15,13,41,59,0.26,2.18,1.71,1.94,6.00,0,100,100,100,100,100,100,100,100,9.00,5.00,5.75,4.00,1.50,1.08,1.65,1.79,3.00,1.86,2.12,N/A
1722524400,Aug 01 2024 - 3:00pm,complete,N/A,Ordabasy,Differdange 03,N/A,N/A,0.00,3.00,0.75,1.50,4,3,7,2,1,1,"24,55,82,117","2,59,120",15,3,3,0,6,1,1,2,1,6,32,12,11,5,19,7,17,9,63,37,1.05,1.21,3.52,1.39,1.00,0,0,0,0,0,0,100,0,0,3.00,6.00,1.60,3.90,4.75,1.32,2.25,3.70,7.00,2.25,1.57,N/A
1722528000,Aug 01 2024 - 4:00pm,complete,N/A,Sabah,Maccabi Haifa,Petár Kralovic,N/A,3.00,0.00,0.75,1.50,3,6,9,1,0,1,"47,71,103","17,67,70,73,90,112",5,19,3,0,2,0,0,3,0,2,17,50,7,23,9,22,16,4,34,66,1.77,1.41,1.94,5.62,3.00,0,100,100,0,0,0,0,100,100,15.00,5.00,3.40,3.60,1.91,1.19,1.62,2.64,4.75,1.57,2.25,N/A
1722528000,Aug 01 2024 - 4:00pm,complete,N/A,Polessya,Olimpija,Miloš Milanović,N/A,0.00,3.00,0.00,1.93,1,2,3,2,1,1,"1","11,90'3",6,2,2,0,1,0,0,2,0,1,10,8,3,4,7,2,17,7,59,41,1.10,1.62,1.79,1.34,2.00,0,100,0,0,0,0,0,100,100,12.00,6.00,2.30,3.25,3.00,1.25,2.15,3.00,5.30,1.91,1.80,N/A
1722528000,Aug 01 2024 - 4:00pm,complete,N/A,TransINVEST Vilnius,Mladá Boleslav,N/A,N/A,0.00,3.00,0.00,1.67,0,1,1,0,0,0,"","78",0,8,5,0,2,0,2,3,1,1,11,20,5,9,5,7,15,18,44,56,0.73,2.40,1.45,2.20,2.00,0,100,0,0,0,100,100,0,0,12.00,2.00,5.00,4.50,1.50,1.16,1.67,2.50,4.30,1.83,1.83,Vilniaus LFF stadionas
1722528000,Aug 01 2024 - 4:00pm,complete,N/A,Tallinna FC Levadia,Osijek,N/A,N/A,1.33,3.00,1.00,2.00,0,1,1,0,0,0,"","63",8,2,2,0,1,0,2,0,0,1,15,12,3,6,6,5,18,13,50,50,1.93,2.03,1.41,1.55,4.34,67,84,67,67,67,84,84,0,67,11.33,2.00,2.63,3.90,2.20,1.22,1.75,2.85,4.80,1.73,2.00,A. Le Coq Arena
1722528000,Aug 01 2024 - 4:00pm,complete,40,Paphos,Žalgiris,Stefan Ebner,N/A,0.00,3.00,1.63,2.25,3,0,3,1,1,0,"21,101,118","",10,2,0,0,2,1,0,0,1,2,35,12,13,4,21,8,30,13,58,42,2.07,1.69,3.92,1.36,2.67,84,84,84,0,0,67,100,17,84,16.00,4.33,1.27,5.50,7.50,1.25,1.57,3.10,5.60,2.00,1.73,Stadio Stelios Kyriakides
1722528000,Aug 01 2024 - 4:00pm,complete,N/A,Tobol,St. Gallen,Joni Hyytiä,N/A,0.00,3.00,0.00,1.33,0,1,1,0,0,0,"","73",2,3,2,2,2,0,0,4,0,2,9,15,2,6,5,6,11,13,38,62,1.21,2.52,0.00,0.00,5.00,100,100,100,100,100,100,100,100,100,12.00,6.00,2.90,3.40,2.10,1.30,1.70,3.30,5.75,1.62,2.20,N/A
1722528000,Aug 01 2024 - 4:00pm,complete,N/A,AEK Larnaca,Paksi SE,Luca Cibelli,N/A,0.00,3.00,0.00,1.83,0,2,2,2,0,2,"","19,42",11,2,2,0,1,0,2,0,1,0,13,7,3,3,8,3,10,15,2,98,0.62,1.04,1.63,0.94,3.00,0,100,100,0,0,0,100,100,100,8.00,6.00,1.73,3.50,4.33,1.25,1.80,3.10,5.50,1.80,1.91,AEK Arena - George Karapatakis
1722529800,Aug 01 2024 - 4:30pm,complete,N/A,Inter Club d'Escaldes,AEK Athens,Ondřej Berka,N/A,1.33,3.00,1.00,2.25,0,4,4,1,0,1,"","29,74,83,86",5,3,1,0,3,0,1,0,1,2,11,10,5,5,5,4,10,8,44,56,1.19,2.75,1.84,1.60,6.00,100,100,84,84,84,84,100,84,100,9.67,5.00,8.50,8.00,1.22,1.05,1.36,1.78,2.54,1.83,1.83,Camp de Futbol d'Aixovall
1722529800,Aug 01 2024 - 4:30pm,complete,N/A,Paide,Stjarnan,N/A,N/A,1.33,2.00,1.33,1.50,4,0,4,1,1,0,"29,46,57,85","",3,8,2,0,2,0,0,2,0,2,14,11,5,0,4,9,16,10,47,53,1.58,1.57,1.40,1.13,3.00,84,100,67,17,17,0,84,67,100,13.33,4.33,2.25,3.70,2.70,1.28,1.70,3.30,5.75,1.62,2.20,Paide linnastaadion
1722531600,Aug 01 2024 - 5:00pm,complete,N/A,Brann,Go Ahead Eagles,Edgars Maļcevs,N/A,1.00,1.00,1.83,0.50,2,1,3,2,1,1,"42,62","2",8,3,1,0,4,0,0,1,0,4,13,7,5,7,5,0,15,15,53,47,1.34,1.35,1.26,1.27,0.00,0,0,0,0,0,0,0,0,0,8.00,4.00,1.57,4.20,4.50,1.22,1.53,2.80,4.75,1.62,2.20,Brann Stadion
1722531600,Aug 01 2024 - 5:00pm,complete,N/A,Progrès Niederkorn,Djurgården,Goga Kikacheishvili,N/A,0.00,3.00,1.50,1.88,1,0,1,1,1,0,"3","",6,2,4,0,2,1,2,2,2,1,11,4,3,2,6,1,14,12,50,50,0.99,1.09,1.17,0.66,3.00,0,100,100,0,0,100,100,0,100,5.00,10.00,5.00,4.33,1.53,1.22,1.73,2.80,4.60,1.83,1.83,Stade Jos Haupert
1722531600,Aug 01 2024 - 5:00pm,complete,N/A,Caernarfon Town,Legia Warszawa,Ívar Orri Kristjánsson,N/A,1.00,3.00,0.75,2.13,0,5,5,0,0,0,"","46,48,54,72,83",4,6,4,1,1,0,2,3,1,0,5,13,0,8,3,4,19,12,51,49,0.98,2.24,0.49,1.73,5.00,17,100,84,84,67,84,100,84,84,9.00,1.67,12.00,7.00,1.14,1.07,1.30,1.76,2.65,1.83,1.83,The Oval
1722531600,Aug 01 2024 - 5:00pm,complete,N/A,Torpedo Kutaisi,Omonia Nicosia,Ishmael Barbara,N/A,1.33,3.00,1.00,1.64,1,2,3,1,0,1,"47","25,81",3,8,2,0,3,0,0,2,1,2,10,14,4,8,6,6,16,22,50,50,1.14,1.83,1.40,1.93,3.17,84,84,67,67,0,0,100,67,84,14.67,7.33,2.75,3.70,2.25,1.22,1.73,2.80,4.75,1.62,2.20,Ramaz Shengelias Sakhelobis Stadioni
1722531600,Aug 01 2024 - 5:00pm,complete,N/A,Tromsø,KuPS,Jasper Vergoote,N/A,3.00,1.33,1.75,1.00,1,0,1,1,1,0,"29","",7,7,1,0,2,0,0,1,0,2,4,1,2,0,0,0,1,1,50,50,1.11,1.82,0.30,0.02,1.50,0,17,17,17,17,17,17,17,84,6.33,1.33,1.67,3.80,4.33,1.21,1.85,2.75,5.05,1.91,1.80,N/A
1722531600,Aug 01 2024 - 5:00pm,complete,N/A,Sliema Wanderers,Artsakh,N/A,N/A,0.00,3.00,0.50,1.43,0,0,0,0,0,0,"","",5,5,2,0,0,0,2,0,0,0,8,8,3,3,2,3,13,11,43,57,0.54,1.65,0.76,0.85,5.50,17,100,84,67,67,67,84,100,100,5.00,1.00,4.20,4.10,1.57,1.15,1.67,2.39,4.00,1.78,2.20,N/A
1722531600,Aug 01 2024 - 5:00pm,complete,16595,København,Magpies,Dumitru Muntean,N/A,3.00,1.00,1.50,0.75,5,1,6,2,1,1,"40,54,61,80,84","17",8,0,1,0,2,0,0,1,1,1,32,6,10,2,17,4,6,8,71,29,2.44,1.07,2.88,0.66,2.84,17,100,84,0,0,0,84,100,100,13.67,4.00,1.04,17.00,41.00,1.05,1.17,1.65,2.25,2.63,1.44,Parken
1722531600,Aug 01 2024 - 5:00pm,complete,N/A,CS U Craiova,Maribor,Jasmin Šabotić,N/A,0.00,3.00,1.50,1.00,3,2,5,0,0,0,"52,72,90'5","68,82",12,5,3,0,2,0,1,2,1,1,22,12,10,7,11,5,14,14,20,80,0.75,2.50,2.61,1.57,2.00,0,100,0,0,0,0,0,100,100,9.00,4.00,1.80,3.80,3.60,1.28,1.73,3.20,5.85,1.73,2.00,N/A
1722533400,Aug 01 2024 - 5:30pm,complete,1405,Vaduz,St Patrick's Athl.,Ashot Ghaltakchyan,N/A,0.00,3.00,0.50,1.83,2,2,4,2,1,1,"22,76","28,81",7,2,2,0,4,0,1,1,0,4,11,7,3,3,5,3,20,8,58,42,1.62,1.75,1.54,1.02,4.00,100,100,100,100,0,100,100,100,100,15.00,4.00,1.73,4.00,3.80,1.22,1.65,2.80,4.85,1.67,2.10,Rheinpark Stadion
1722533400,Aug 01 2024 - 5:30pm,complete,N/A,Cherno More,Hapoel Be'er Sheva,N/A,N/A,1.00,1.00,0.50,1.25,1,2,3,2,1,1,"33","25,64",5,3,1,0,6,0,1,0,2,4,11,11,3,4,7,5,19,13,47,53,1.54,1.45,1.40,1.28,0.00,0,0,0,0,0,0,0,0,0,9.00,3.00,2.70,2.90,2.45,1.36,2.35,3.75,7.60,2.00,1.73,Stadion Ticha
1722535200,Aug 01 2024 - 6:00pm,complete,N/A,Neman Grodno,CFR Cluj,N/A,N/A,1.00,1.00,0.50,2.17,0,5,5,2,0,2,"","17,40,57,59,90'3",2,3,4,0,3,0,2,2,1,2,9,12,0,5,8,2,12,13,55,45,0.81,1.46,1.06,1.27,0.00,0,0,0,0,0,0,0,0,0,9.00,4.00,4.00,3.30,1.85,1.33,2.35,3.75,6.75,2.20,1.62,Stadyen Nyoman
1722535200,Aug 01 2024 - 6:00pm,complete,N/A,Víkingur,KAA Gent,N/A,N/A,1.33,3.00,1.00,2.00,0,3,3,0,0,0,"","64,69,77",2,5,1,0,1,0,0,1,0,1,6,23,2,7,4,13,3,11,47,53,1.15,3.65,0.72,2.58,4.00,84,100,67,67,67,84,100,67,84,16.00,4.33,6.25,5.25,1.33,1.17,1.50,2.20,3.75,1.80,1.91,Sarpugerði
1722535200,Aug 01 2024 - 6:00pm,complete,N/A,Partizani Tirana,Saburtalo,Jamie Robinson,N/A,1.33,3.00,1.25,1.00,0,0,0,0,0,0,"","",11,1,4,0,3,0,3,1,0,3,28,10,4,3,17,7,18,15,61,39,1.42,1.47,2.22,1.10,2.17,34,100,17,0,0,17,84,17,84,6.00,7.00,1.73,3.75,4.00,1.36,2.10,3.75,6.85,2.10,1.67,Qendra stërvitore Skënder Halili
1722535200,Aug 01 2024 - 6:00pm,complete,N/A,Egnatia Rrogozhinë,Víkingur Reykjavík,Fábio José Costa Veríssimo,N/A,3.00,0.00,1.50,1.57,0,2,2,1,0,1,"","28,48",5,1,2,0,3,0,0,2,1,2,7,10,3,4,4,6,13,7,51,49,1.03,1.63,1.12,1.29,1.00,0,0,0,0,0,0,100,0,0,10.00,6.00,2.63,3.30,2.40,1.36,2.15,3.75,7.20,1.91,1.80,Elbasan Arena
1722537000,Aug 01 2024 - 6:30pm,complete,20723,Śląsk Wrocław,Riga,Genc Nuza,N/A,0.00,3.00,1.50,1.50,3,1,4,2,1,1,"6,49,52","33",2,5,6,0,1,1,2,4,1,1,15,9,4,2,8,5,11,20,50,50,1.14,1.43,1.48,1.07,1.00,0,0,0,0,0,0,100,0,0,14.00,5.00,1.65,3.60,4.75,1.22,1.85,2.80,4.95,1.80,1.91,N/A
1722537000,Aug 01 2024 - 6:30pm,complete,3754,DAC,Zira,Jovan Kachevski,N/A,0.00,3.00,0.00,1.83,1,2,3,2,1,1,"40","25,57",5,6,3,1,0,0,0,4,0,0,14,12,5,3,9,7,21,7,36,64,1.06,1.39,1.58,1.21,4.00,0,100,100,100,0,100,100,100,100,10.00,2.00,1.83,3.50,3.75,1.25,2.00,3.10,5.55,1.91,1.80,MOL Aréna
1722537900,Aug 01 2024 - 6:45pm,complete,N/A,St. Mirren,Valur,Mikkel Redder,N/A,1.00,1.67,1.25,1.25,4,1,5,1,1,0,"16,52,65,88","75",12,2,0,0,1,0,0,0,0,1,14,8,7,3,7,4,10,9,49,51,1.99,1.91,2.04,1.13,1.34,17,34,34,34,0,34,34,17,34,11.00,4.67,1.83,3.60,3.70,1.22,1.53,2.80,4.75,1.53,2.38,N/A
1722537900,Aug 01 2024 - 6:45pm,complete,N/A,La Fiorita,İstanbul Başakşehir,Granit Maqedonci,N/A,1.00,3.00,0.75,1.83,0,4,4,3,0,3,"","13,31,35,90'1",3,11,1,0,1,0,1,0,0,1,6,24,0,5,4,13,6,10,28,72,0.89,2.89,0.55,2.16,5.00,67,67,67,67,67,67,84,67,84,3.00,3.67,23.00,17.00,1.04,1.02,1.17,1.30,1.82,3.40,1.38,N/A
1722537900,Aug 01 2024 - 6:45pm,complete,N/A,Shelbourne,Zürich,Robertas Valikonis,N/A,1.33,3.00,1.25,1.00,0,0,0,0,0,0,"","",3,3,2,0,2,0,1,1,1,1,9,20,0,7,7,7,8,14,34,66,1.06,2.85,1.04,2.09,2.84,34,100,84,0,0,100,100,0,84,11.00,2.33,5.75,3.90,1.50,1.20,1.75,2.65,4.60,1.83,1.83,Tolka Park
1722538800,Aug 01 2024 - 7:00pm,complete,N/A,Puskás,Dnipro-1,N/A,N/A,3.00,0.00,2.00,0.00,3,0,3,0,0,0,"","",-1,-1,-1,-1,-1,-1,-1,-1,-1,-1,-1,-1,-1,-1,-1,-1,-1,-1,-1,-1,0.00,0.00,0.00,0.00,3.00,0,100,100,0,0,0,0,0,0,0.00,-2.00,0.00,0.00,0.00,0.00,0.00,0.00,0.00,0.00,0.00,Puskás Akadémia Pancho Aréna
1722538800,Aug 01 2024 - 7:00pm,complete,N/A,HB,Hajduk Split,Tim Marshall,N/A,0.00,3.00,0.50,1.25,0,0,0,0,0,0,"","",6,1,2,0,2,0,0,2,1,1,13,9,3,5,8,3,9,12,60,40,0.38,1.92,1.68,1.37,2.00,0,100,0,0,0,100,100,0,0,14.00,0.00,6.00,4.10,1.48,1.14,1.60,2.06,3.75,1.73,2.00,Gundadalur
1722538800,Aug 01 2024 - 7:00pm,complete,N/A,Budućnost,CSKA 1948 Sofia,Michal Ocenas,N/A,1.00,3.00,1.00,1.75,1,1,2,0,0,0,"65","102",5,9,5,0,4,0,2,3,1,3,8,8,4,5,3,2,13,18,57,43,1.11,1.57,1.60,1.39,1.34,0,17,17,0,0,0,84,17,34,6.00,3.33,2.20,3.40,3.00,1.36,2.10,3.75,6.80,1.83,1.83,Stadion Pod Goricom
1722539700,Aug 01 2024 - 7:15pm,complete,N/A,Vitória Guimarães,Floriana,N/A,N/A,3.00,1.33,2.36,1.00,4,0,4,4,4,0,"8,11,37,43","",13,0,0,0,0,0,0,0,0,0,28,0,12,0,11,0,15,6,73,27,2.09,1.42,3.07,0.15,1.67,34,34,17,17,0,0,0,34,100,22.00,4.67,1.08,10.00,29.00,1.15,1.50,2.33,3.40,3.50,1.29,Estádio Dom Afonso Henriques
1722960000,Aug 06 2024 - 4:00pm,complete,N/A,Artsakh,AEK Athens,N/A,N/A,2.50,3.00,1.43,2.25,3,1,4,2,1,1,"34,67,90'8","22",3,8,5,0,2,0,1,4,0,2,9,8,7,2,2,5,14,18,43,57,1.45,2.17,1.43,0.98,4.25,38,88,75,63,38,38,75,88,88,8.50,3.75,7.00,4.50,1.38,1.33,1.57,3.75,6.60,1.83,1.83,Kasakhi Marzik
1723050000,Aug 07 2024 - 5:00pm,complete,N/A,Paksi SE,Mornar,Dmitriy Dmitryev,N/A,3.00,1.75,1.83,1.33,3,0,3,0,0,0,"59,90'9,90'10","",1,5,0,0,4,2,0,0,1,5,13,9,6,5,5,3,20,10,62,38,0.99,1.21,1.69,1.11,2.38,38,88,50,0,0,38,75,38,63,7.25,6.25,1.25,5.00,11.00,1.36,1.95,3.75,7.00,2.63,1.44,Stadionul Ion Oblemenco
1723050000,Aug 07 2024 - 5:00pm,complete,N/A,Häcken,Paide,Daniyar Sakhi,N/A,3.00,1.75,1.67,1.33,6,1,7,4,3,1,"5,6,35,64,89,90'1","32",3,1,1,0,1,0,0,1,0,1,20,7,12,3,8,4,13,11,58,42,2.15,1.54,2.84,0.98,5.25,88,100,88,63,50,50,88,88,100,12.50,4.25,1.06,11.00,26.00,1.17,1.22,2.40,4.00,2.25,1.57,Bravida Arena
1723050000,Aug 07 2024 - 5:00pm,complete,16513,København,Baník Ostrava,Nathan Verboomen,N/A,3.00,3.00,1.50,2.25,1,0,1,0,0,0,"90'1","",4,0,0,0,2,0,0,0,0,2,20,11,3,7,10,2,6,11,68,32,2.66,2.16,1.53,1.28,4.25,50,100,75,50,50,50,100,75,100,17.50,2.00,1.30,5.50,7.00,1.20,1.44,2.62,4.40,1.80,1.91,Parken
1723055400,Aug 07 2024 - 6:30pm,complete,N/A,St. Gallen,Śląsk Wrocław,N/A,N/A,3.00,1.50,1.33,1.50,2,0,2,2,2,0,"5,41","",3,7,0,0,0,0,0,0,0,0,14,24,7,9,7,7,11,5,54,46,2.52,1.31,1.81,2.12,2.75,50,50,50,50,25,50,75,50,75,10.00,6.00,1.62,3.80,5.50,1.22,1.70,2.90,4.90,1.73,2.00,Kybunpark
1723129200,Aug 08 2024 - 3:00pm,complete,N/A,Auda,Drita,Dario Bel,N/A,3.00,3.00,2.50,1.50,1,0,1,1,1,0,"8","",6,2,3,0,1,0,1,2,1,0,16,5,6,0,8,4,12,14,46,54,1.68,1.48,1.66,0.52,2.00,38,63,38,0,0,38,50,13,100,7.50,5.50,2.20,3.00,3.25,1.35,2.35,3.95,8.00,2.00,1.73,Ķekavas stadions
1723129200,Aug 08 2024 - 3:00pm,complete,N/A,FC Avan Academy,Puskás,Kristoffer Hagenes,N/A,3.00,3.00,1.75,2.00,0,1,1,0,0,0,"","89",7,3,3,0,3,0,2,1,1,2,15,11,6,5,8,5,11,20,55,45,1.27,0.00,1.90,1.42,3.25,25,100,100,25,0,0,50,50,50,3.00,1.00,3.00,3.25,2.25,1.30,2.20,3.50,7.00,2.00,1.73,Vazgen Sargsyan anvan Hanrapetakan Marzadasht
1723129200,Aug 08 2024 - 3:00pm,complete,N/A,Ordabasy,Pyunik,Ondřej Berka,N/A,1.50,1.50,0.75,2.00,0,1,1,0,0,0,"","56",3,6,0,0,5,0,0,0,1,4,13,7,7,3,4,3,8,10,54,46,2.28,1.69,1.79,1.00,3.75,75,75,75,50,25,75,100,25,75,14.00,7.50,1.95,3.30,3.70,1.36,2.30,3.75,7.00,2.10,1.67,N/A
1723132800,Aug 08 2024 - 4:00pm,complete,N/A,HJK,Dečić,Sandi Putros,N/A,0.00,2.00,1.10,1.75,1,0,1,0,0,0,"49","",4,7,4,0,4,0,0,4,1,3,22,15,4,4,10,8,14,8,57,43,0.00,0.76,2.17,1.62,0.50,0,25,0,0,0,0,0,25,25,2.00,2.50,1.44,4.00,6.50,1.20,1.80,2.75,4.70,1.91,1.80,N/A
1723132800,Aug 08 2024 - 4:00pm,complete,N/A,Mladá Boleslav,Hapoel Be'er Sheva,Joni Hyytiä,N/A,3.00,2.00,1.67,1.25,1,1,2,1,1,0,"39","50",5,8,2,0,3,0,2,0,1,2,17,25,10,8,7,9,16,13,50,50,2.30,1.37,2.19,2.01,1.50,25,50,25,0,0,50,50,0,50,13.00,4.00,1.83,3.50,3.80,1.30,1.85,3.50,6.25,1.80,1.91,Adidas Aréna
1723132800,Aug 08 2024 - 4:00pm,complete,N/A,Ilves,Djurgården,Edgars Maļcevs,N/A,1.50,1.50,1.00,1.88,1,1,2,0,0,0,"66","58",1,1,2,0,1,0,1,1,0,1,17,10,9,3,7,5,8,12,56,44,1.72,0.87,2.26,1.22,3.50,50,75,75,25,25,50,75,50,75,5.50,7.00,3.60,3.30,1.95,1.18,1.75,2.45,4.20,1.62,2.20,N/A
1723132800,Aug 08 2024 - 4:00pm,complete,N/A,Saburtalo,İstanbul Başakşehir,David Dickinson,N/A,2.00,3.00,1.00,1.83,0,1,1,0,0,0,"","87",-1,-1,2,0,3,0,1,1,3,0,20,35,7,14,12,19,11,10,44,56,1.28,2.52,2.35,4.07,3.25,25,75,50,50,25,50,75,25,75,7.50,4.00,7.50,4.50,1.36,1.16,1.62,2.49,4.20,1.83,1.83,Mikheil Meskhis Sakhelobis Stadionis Satadarigo Moedani
1723134600,Aug 08 2024 - 4:30pm,complete,N/A,Ružomberok,Hajduk Split,César Soto Grado,N/A,0.00,2.00,1.75,1.25,0,0,0,0,0,0,"","",2,10,0,0,1,0,0,0,0,1,9,14,4,5,4,6,9,7,50,50,0.00,1.64,1.10,1.38,0.50,0,25,0,0,0,25,25,0,0,7.50,1.00,3.60,3.70,1.83,1.28,2.10,3.30,6.05,2.00,1.73,Futbalový štadión MFK Ružomberok
1723134600,Aug 08 2024 - 4:30pm,complete,N/A,Silkeborg,KAA Gent,Chiristian-Petru Ciochirca,N/A,0.00,3.00,0.50,2.00,2,2,4,0,0,0,"49,90'5","61,90'3",2,2,0,0,3,0,0,0,0,3,16,15,5,3,11,9,11,13,50,50,0.00,3.11,1.79,1.79,2.00,25,50,50,25,25,25,25,50,50,8.50,1.50,2.88,3.50,2.25,1.25,1.80,3.00,5.35,1.67,2.10,JYSK park
1723136400,Aug 08 2024 - 5:00pm,complete,19502,Brøndby,Legia Warszawa,Martin Dohál,N/A,2.00,3.00,1.25,2.13,2,3,5,3,2,1,"19,36","24,70,87",1,1,1,0,0,0,0,1,0,0,14,10,6,6,3,2,15,7,64,36,2.06,1.99,1.39,1.17,5.25,25,100,100,100,75,50,75,100,100,13.50,1.50,1.80,3.60,3.75,1.25,1.85,3.10,5.80,1.80,1.91,Brøndby Stadion
1723136400,Aug 08 2024 - 5:00pm,complete,N/A,Omonia Nicosia,Videoton,Léonce Lionel Tschudi,N/A,3.00,2.00,1.64,1.00,1,0,1,0,0,0,"60","",8,1,1,0,3,0,0,1,1,2,28,9,8,4,13,4,9,9,59,41,1.88,1.90,2.58,1.16,2.50,75,75,75,25,0,25,75,50,75,17.00,6.00,1.67,3.70,4.50,1.33,2.05,3.75,7.00,2.00,1.73,Neo GSP
1723136400,Aug 08 2024 - 5:00pm,complete,9367,Zürich,Vitória Guimarães,Marian Alexandru Barbu,N/A,2.00,3.00,1.00,2.36,0,3,3,0,0,0,"","54,88,90'3",4,12,2,0,3,0,1,1,0,3,10,22,2,7,7,7,14,10,37,63,2.47,2.58,0.96,1.91,2.00,0,50,50,25,0,50,50,0,50,20.50,2.00,2.45,2.90,2.90,1.33,2.50,3.60,7.50,2.10,1.67,Stadion Letzigrund
1723136400,Aug 08 2024 - 5:00pm,complete,N/A,Olimpija,Sheriff,Vasilis Fotias,N/A,3.00,0.00,1.93,0.00,3,0,3,1,1,0,"45'4,66,84","",5,0,1,0,1,0,1,0,1,0,15,6,8,3,6,2,8,12,64,36,1.48,0.00,2.09,0.82,1.25,25,50,25,0,0,25,25,25,50,4.00,1.50,1.75,3.50,4.00,1.38,2.10,4.00,7.80,2.00,1.73,Stadion Stožice
1723138200,Aug 08 2024 - 5:30pm,complete,N/A,CSKA 1948 Sofia,Paphos,Denys Shurman,N/A,2.00,1.50,1.75,1.63,2,1,3,2,1,1,"29,51","10",2,9,1,0,0,0,0,1,0,0,8,11,4,4,4,6,7,6,40,60,1.48,3.00,1.27,1.47,2.25,50,75,50,0,0,25,75,50,75,15.00,4.00,3.20,3.60,2.00,1.34,2.08,3.57,6.95,1.91,1.80,Stadion Vitosha
1723140000,Aug 08 2024 - 6:00pm,complete,N/A,Ballkani,Larne,Jakob A. Sundberg,N/A,2.00,0.00,1.75,0.90,0,1,1,0,0,0,"","89",2,2,4,0,3,0,1,3,1,2,16,7,3,5,10,2,8,5,67,33,1.90,0.00,2.06,1.29,0.50,0,25,0,0,0,0,0,25,25,5.50,0.50,1.50,4.00,5.50,1.18,1.73,2.60,4.60,1.83,1.83,N/A
1723140000,Aug 08 2024 - 6:00pm,complete,N/A,Kilmarnock,Tromsø,N/A,N/A,0.00,3.00,1.25,1.75,2,2,4,1,1,0,"6,90'3","50,64",4,1,1,0,1,0,1,0,0,1,11,6,5,5,6,1,5,12,87,13,0.00,0.71,1.66,1.13,0.50,0,0,0,0,0,0,25,0,25,5.00,0.50,2.45,3.10,2.70,1.27,1.95,3.05,3.05,1.73,2.00,Rugby Park
1723140000,Aug 08 2024 - 6:00pm,complete,N/A,Corvinul Hunedoara,Astana,Ishmael Barbara,N/A,0.00,2.00,0.00,1.50,1,2,3,1,1,0,"37","62,80",4,8,1,0,2,0,1,0,1,1,15,14,6,5,7,6,7,10,45,55,0.00,0.80,1.57,1.47,0.75,25,25,0,0,0,0,0,25,50,3.50,2.00,2.20,3.30,2.90,1.36,2.10,4.00,7.30,1.91,1.80,N/A
1723140000,Aug 08 2024 - 6:00pm,complete,N/A,Maccabi Petah Tikva,CFR Cluj,N/A,N/A,0.00,2.00,0.00,2.17,0,1,1,1,0,1,"","9",5,6,4,1,1,0,1,4,0,1,9,16,2,3,5,12,10,9,63,37,0.00,1.37,0.98,1.53,1.25,0,25,25,25,25,25,25,25,25,4.50,2.50,5.25,3.60,1.60,1.28,1.90,3.30,5.75,1.91,1.80,HaMoshava Stadium
1723140000,Aug 08 2024 - 6:00pm,complete,N/A,Osijek,Zira,Aristotelis Diamantopoulos,N/A,3.00,3.00,2.00,1.83,1,1,2,1,1,0,"38","90'6",2,3,4,0,2,0,1,3,1,1,8,11,2,0,6,8,15,14,49,51,1.79,1.30,1.23,0.86,3.50,50,75,75,50,25,75,75,25,100,9.50,1.00,1.53,4.00,5.25,1.36,2.00,3.35,3.35,2.10,1.67,N/A
1723140000,Aug 08 2024 - 6:00pm,complete,N/A,Botev Plovdiv,Zrinjski,Fábio José Costa Veríssimo,N/A,0.00,1.50,1.50,1.00,2,1,3,1,1,0,"35,79","77",4,7,1,0,4,0,0,1,1,3,15,10,7,6,8,4,12,5,55,45,0.00,1.21,1.86,1.58,1.25,25,25,25,25,0,25,50,25,25,7.50,0.50,2.15,3.40,3.00,1.38,2.05,3.90,3.90,1.83,1.83,N/A
1723140900,Aug 08 2024 - 6:15pm,complete,N/A,Víkingur Reykjavík,Tallinna FC Flora,Ashot Ghaltakchyan,N/A,1.50,2.00,1.57,1.25,1,1,2,2,1,1,"40","21",7,4,4,0,4,0,1,3,0,4,13,6,5,3,8,3,8,5,64,36,1.46,2.58,2.25,1.06,2.50,25,50,25,25,25,0,75,25,50,12.00,4.50,1.27,5.25,9.00,1.14,1.40,2.40,3.74,1.80,1.91,Víkingsvöllur
1723140900,Aug 08 2024 - 6:15pm,complete,N/A,Maribor,Vojvodina,Daniel Stefanski,N/A,1.50,0.00,1.00,1.50,2,1,3,0,0,0,"59,90'7","77",2,1,1,0,3,1,0,1,2,2,13,12,8,4,5,8,15,15,50,50,2.03,0.00,1.82,1.47,1.75,25,50,25,25,25,0,0,50,50,4.00,1.50,1.85,3.40,3.90,1.38,1.95,3.75,5.00,1.80,1.91,Ljudski vrt
1723141800,Aug 08 2024 - 6:30pm,complete,13010,Spartak Trnava,Wisła Kraków,N/A,N/A,2.00,0.00,1.75,1.50,3,1,4,1,0,1,"47,60,68","26",3,5,1,0,0,0,1,0,0,0,19,11,7,6,9,4,15,19,56,44,0.90,0.00,1.93,1.38,0.75,0,25,25,0,0,25,25,0,25,1.00,1.50,1.50,4.20,5.25,1.25,1.73,3.00,5.20,1.83,1.83,Štadión Antona Malatinského
1723142700,Aug 08 2024 - 6:45pm,complete,N/A,St Patrick's Athl.,Sabah,Vilhjálmur Alvar Thórarinsson,N/A,2.00,1.50,1.83,0.75,1,0,1,1,1,0,"35","",13,2,1,0,2,1,0,1,1,2,19,8,6,3,11,2,14,15,59,41,1.38,1.86,2.14,0.83,5.00,75,100,100,75,25,50,75,100,100,10.00,4.00,3.50,3.60,1.95,1.34,1.95,3.70,3.85,1.83,1.83,N/A
1723142700,Aug 08 2024 - 6:45pm,complete,N/A,St. Mirren,Brann,Matthew De Gabriele,N/A,2.00,2.00,1.25,1.83,1,1,2,0,0,0,"90","75",3,4,6,0,0,0,2,4,0,0,4,14,2,8,1,5,12,5,87,13,2.01,1.30,0.61,1.86,2.00,50,50,50,25,25,25,50,25,50,13.00,2.50,3.30,3.70,1.95,1.25,1.80,2.95,5.30,1.73,2.00,N/A
1723566600,Aug 13 2024 - 4:30pm,complete,N/A,Paide,Häcken,Volen Chinkov,N/A,1.40,3.00,1.33,1.67,1,1,2,2,1,1,"33","7",1,5,4,0,2,0,2,2,0,2,9,10,4,3,4,6,17,15,46,54,1.42,2.38,1.24,1.34,5.57,90,100,90,70,60,60,90,90,100,10.33,3.73,7.50,8.00,1.20,1.12,1.30,2.24,3.56,1.80,1.91,Paide linnastaadion
1723574700,Aug 13 2024 - 6:45pm,complete,N/A,Mornar,Paksi SE,Jasper Vergoote,N/A,1.40,3.00,1.33,1.83,2,2,4,2,1,1,"18,60","14,86",7,4,1,0,2,0,0,1,1,1,17,7,4,2,9,4,8,14,61,39,1.19,1.22,1.74,1.12,2.54,30,90,64,0,0,27,54,54,74,6.73,6.13,3.40,3.80,1.90,1.26,1.90,3.08,5.80,1.83,1.83,N/A
1723644000,Aug 14 2024 - 2:00pm,complete,6725,Astana,Corvinul Hunedoara,Atilla Karaoğlan,N/A,2.33,0.00,1.50,0.00,6,1,7,1,1,0,"13,57,68,73,76,84","78",0,3,2,0,3,0,0,2,1,2,12,7,7,2,3,4,10,19,52,48,1.02,1.57,1.49,1.02,2.50,84,84,67,0,0,0,67,84,100,9.00,3.00,1.57,4.00,4.75,1.29,1.90,3.20,5.50,2.00,1.73,Astana Arena
1723651200,Aug 14 2024 - 4:00pm,complete,N/A,Videoton,Omonia Nicosia,Jakob Kehlet,N/A,1.33,3.00,1.00,1.64,0,2,2,1,0,1,"","28,90'5",7,12,1,0,1,0,0,1,1,0,16,17,3,11,7,4,11,5,45,55,1.65,2.11,1.42,2.24,2.00,50,50,50,17,0,17,50,34,84,14.33,5.34,2.75,3.50,2.25,1.25,1.95,2.95,5.65,1.73,2.00,N/A
1723737600,Aug 15 2024 - 4:00pm,complete,N/A,Sabah,St Patrick's Athl.,Marcel Bîrsan,N/A,1.00,2.33,0.75,1.83,0,1,1,0,0,0,"","48",5,6,0,1,0,0,1,0,0,0,15,9,4,3,9,6,8,8,53,47,1.52,1.64,1.72,1.19,3.67,50,67,67,50,17,34,84,67,67,11.66,4.00,1.48,4.20,6.50,1.22,1.70,2.80,5.60,1.83,1.83,N/A
1723737600,Aug 15 2024 - 4:00pm,complete,N/A,Legia Warszawa,Brøndby,Chrysovalantis Theouli,N/A,3.00,1.33,2.13,1.25,1,1,2,2,1,1,"45'3","38",1,8,3,0,3,0,1,2,1,2,6,20,2,8,2,6,9,19,33,67,1.71,1.84,0.62,2.07,5.17,50,100,100,100,84,67,84,100,100,9.66,1.33,2.55,3.40,2.63,1.22,1.85,2.80,5.15,1.73,2.00,Stadion Miejski Legii Warszawa im. Marszałka Józefa Piłsudskiego
1723737600,Aug 15 2024 - 4:00pm,complete,N/A,Tallinna FC Flora,Víkingur Reykjavík,Michal Ocenas,N/A,1.67,1.33,1.25,1.57,1,2,3,2,0,2,"52","6,36",5,4,0,0,1,0,0,0,1,0,11,13,4,5,5,3,6,4,60,40,2.07,1.72,1.25,1.18,2.34,50,67,17,17,17,33,84,17,33,11.67,5.67,4.50,3.90,1.70,1.22,1.60,2.62,4.75,1.57,2.25,N/A
1723737600,Aug 15 2024 - 4:00pm,complete,N/A,Pyunik,Ordabasy,Miguel Bertolo Nogueira,N/A,2.00,1.00,2.00,0.75,1,0,1,0,0,0,"66","",4,2,1,0,4,0,1,0,0,4,8,7,4,0,3,5,8,13,44,56,1.46,2.12,1.08,0.80,2.84,50,50,50,33,17,50,67,17,84,12.33,6.67,2.25,3.50,3.00,1.28,2.00,3.28,6.30,1.80,1.91,Vazgen Sargsyan anvan Hanrapetakan Marzadasht
1723739400,Aug 15 2024 - 4:30pm,complete,N/A,Zira,Osijek,Julian Weinberger,N/A,2.33,2.33,1.83,2.00,2,2,4,1,0,1,"54,90","37,81",7,4,2,0,7,0,1,1,2,5,22,10,12,5,2,3,19,24,56,44,1.15,1.60,2.69,1.48,3.00,67,84,50,33,17,50,84,17,100,8.00,2.67,2.45,3.00,3.10,1.28,2.25,3.28,6.25,1.83,1.83,Zirə qəsəbə stadionu
1723741200,Aug 15 2024 - 5:00pm,complete,N/A,Hapoel Be'er Sheva,Mladá Boleslav,Joonas Jaanovits,N/A,1.67,2.33,1.25,1.67,2,4,6,2,2,0,"11,42","49,59,82,90",6,11,7,3,2,0,2,8,0,2,16,27,5,13,9,11,14,9,50,50,1.58,2.26,1.57,3.00,1.67,50,67,17,0,0,33,67,0,67,13.00,4.33,2.05,3.40,3.50,1.27,1.85,3.10,5.90,1.73,2.00,Yaakov Turner Toto Stadium
1723741200,Aug 15 2024 - 5:00pm,complete,16200,Djurgården,Ilves,N/A,N/A,1.33,1.33,1.88,1.00,3,1,4,3,2,1,"14,43,52","30",10,5,3,0,2,0,0,3,0,2,21,9,11,7,7,1,19,11,59,41,0.99,1.90,2.28,1.27,3.00,67,84,50,17,17,33,50,67,84,4.34,5.67,1.53,4.33,5.50,1.19,1.62,2.60,4.70,1.73,2.00,Tele2 Arena
1723741200,Aug 15 2024 - 5:00pm,complete,N/A,Baník Ostrava,København,Stuart Attwell,N/A,2.00,3.00,2.25,1.50,1,0,1,1,1,0,"42","",7,7,3,0,5,0,1,2,1,4,21,12,5,2,8,5,11,16,47,53,1.87,2.28,1.74,1.01,3.17,33,67,50,33,33,33,67,50,100,13.00,2.00,3.60,3.80,1.95,1.18,1.62,2.57,4.60,1.57,2.25,Městský stadion - Vítkovice Aréna
1723741200,Aug 15 2024 - 5:00pm,complete,N/A,Tromsø,Kilmarnock,Andrei Florin Chivulete,N/A,2.33,1.00,1.75,1.25,0,1,1,1,0,1,"","11",9,3,2,0,6,0,0,2,0,6,14,7,5,2,9,3,7,11,65,35,0.85,1.66,2.06,0.86,3.00,67,67,67,67,0,0,84,67,84,7.67,1.67,1.70,3.70,4.75,1.24,1.85,2.93,5.50,1.83,1.83,N/A
1723741200,Aug 15 2024 - 5:00pm,complete,N/A,Brann,St. Mirren,Radoslav Gidzhenov,N/A,1.67,1.67,1.83,1.25,3,1,4,1,1,0,"6,85,88","74",5,7,2,0,4,0,0,2,0,4,14,10,4,4,4,4,9,14,63,37,1.49,1.55,1.25,1.17,2.00,67,67,33,17,17,17,33,50,67,11.00,3.67,1.29,5.25,10.00,1.17,1.44,2.60,4.45,1.83,1.83,Brann Stadion
1723741200,Aug 15 2024 - 5:00pm,complete,N/A,Paphos,CSKA 1948 Sofia,Lothar D'hondt,N/A,1.00,2.33,1.63,1.75,4,0,4,0,0,0,"90'7,94,100,118","",11,2,3,0,8,1,0,3,5,4,39,7,16,0,22,6,17,16,67,33,2.49,1.41,4.31,0.61,2.50,67,84,67,0,0,50,84,33,84,13.66,3.00,1.30,5.50,8.50,1.22,1.70,2.80,4.70,2.10,1.67,Stadio Stelios Kyriakides
1723741200,Aug 15 2024 - 5:00pm,complete,N/A,CFR Cluj,Maccabi Petah Tikva,Tamás Bognár,N/A,2.33,0.00,2.17,0.00,1,0,1,0,0,0,"50","",3,2,1,0,2,0,1,0,1,1,21,9,10,4,8,5,16,15,40,60,1.42,0.98,2.23,1.14,1.50,0,17,17,17,17,17,84,17,17,10.00,7.00,1.29,5.25,10.00,1.18,1.67,2.57,4.60,2.20,1.62,Stadionul Dr. Constantin Rădulescu
1723741200,Aug 15 2024 - 5:00pm,complete,N/A,Sheriff,Olimpija,Maurizio Mariani,N/A,0.00,3.00,0.00,1.93,0,1,1,0,0,0,"","88",2,5,3,0,0,0,1,2,0,0,6,7,3,2,2,2,16,8,46,54,0.82,1.69,0.78,0.57,2.84,17,100,84,0,0,17,84,84,100,4.33,2.33,3.20,3.25,2.25,1.25,2.25,2.98,5.60,1.91,1.80,N/A
1723743000,Aug 15 2024 - 5:30pm,complete,N/A,AEK Athens,Artsakh,Robert Schröder,N/A,2.00,2.60,2.25,1.43,1,0,1,0,0,0,"90'2","",12,4,6,0,7,0,3,3,1,6,24,8,6,3,11,5,15,22,66,34,1.78,1.44,2.28,1.07,4.10,54,90,80,70,27,54,80,90,90,9.40,4.27,1.14,8.00,13.00,1.12,1.36,2.28,3.64,2.10,1.67,N/A
1723743900,Aug 15 2024 - 5:45pm,complete,N/A,İstanbul Başakşehir,Saburtalo,Paweł Raczkowski,N/A,3.00,1.33,1.83,1.00,2,0,2,0,0,0,"50,62","",3,4,0,0,6,0,0,0,3,3,19,9,11,3,7,4,10,14,63,37,3.04,1.64,2.45,0.93,2.50,17,50,34,34,17,34,50,17,84,7.50,4.34,1.20,7.00,11.00,1.11,1.36,1.90,3.00,1.91,1.80,Başakşehir Fatih Terim Stadyumu
1723744800,Aug 15 2024 - 6:00pm,complete,N/A,Drita,Auda,Kristoffer Karlsson,N/A,2.00,3.00,1.50,2.50,3,1,4,0,0,0,"75,102,115","91",7,5,5,0,6,0,1,4,0,6,19,14,12,6,7,6,27,21,56,44,1.16,1.67,2.84,1.78,1.74,27,47,27,0,0,27,64,10,74,7.40,4.73,1.95,3.50,3.70,1.36,2.20,3.74,7.50,2.00,1.73,N/A
1723744800,Aug 15 2024 - 6:00pm,complete,N/A,Vojvodina,Maribor,Gustavo Fernandes Correia,N/A,0.00,2.00,1.50,1.00,1,0,1,1,1,0,"26","",13,5,3,0,6,0,1,2,2,4,27,16,9,4,13,8,18,21,44,56,1.47,1.96,2.82,1.61,3.17,84,100,84,17,17,0,0,100,100,4.33,6.33,2.30,3.80,2.70,1.21,1.67,2.56,2.56,1.62,2.20,Stadion Karađorđe
1723744800,Aug 15 2024 - 6:00pm,complete,8000,Zrinjski,Botev Plovdiv,Robert Hennessy,N/A,1.00,3.00,1.00,1.50,2,0,2,1,1,0,"39,83","",4,4,1,0,5,1,0,1,3,3,14,9,4,6,10,2,14,11,63,37,1.33,1.86,1.91,1.28,2.84,84,84,84,17,0,17,100,84,84,11.33,2.67,1.85,3.75,3.90,1.25,1.70,2.92,2.92,1.67,2.10,Stadion Bijeli Brijeg
1723746600,Aug 15 2024 - 6:30pm,complete,N/A,Wisła Kraków,Spartak Trnava,Don Robertson,N/A,0.00,2.33,1.50,1.75,3,1,4,1,1,0,"42,60,98","107",12,2,2,0,5,0,2,0,2,3,21,10,8,4,9,5,11,17,59,41,1.38,1.24,2.48,1.23,3.17,67,84,84,67,0,17,84,67,84,6.67,1.33,2.35,3.60,2.75,1.22,1.80,2.84,5.25,1.67,2.10,Stadion Miejski im. Henryka Reymana
1723746600,Aug 15 2024 - 6:30pm,complete,N/A,KAA Gent,Silkeborg,José Luis Munuera Montero,N/A,2.33,1.00,2.00,0.50,3,2,5,2,1,1,"38,90'3,118","33,51",7,0,2,0,4,0,0,2,0,4,32,13,12,5,16,7,11,15,20,80,2.67,1.79,3.38,1.47,4.00,84,100,100,84,17,17,17,100,100,8.33,2.00,1.65,4.00,4.75,1.17,1.62,2.51,4.45,1.67,2.10,GHELAMCO-arena
1723746600,Aug 15 2024 - 6:30pm,complete,N/A,Śląsk Wrocław,St. Gallen,Duje Strukan,N/A,1.00,3.00,1.50,1.33,3,2,5,4,3,1,"41,43,45'3","21,90'18",2,7,6,3,4,0,2,7,3,1,10,14,4,5,5,9,13,15,34,66,1.58,2.16,1.33,1.88,2.50,33,67,33,33,17,67,84,33,50,10.00,4.00,2.50,3.60,2.60,1.22,1.75,2.84,5.25,1.67,2.10,N/A
1723748400,Aug 15 2024 - 7:00pm,complete,N/A,Larne,Ballkani,Robertas Valikonis,N/A,3.00,1.33,0.90,1.75,0,1,1,1,0,1,"","45",5,4,7,1,4,1,0,8,2,3,14,14,7,6,7,4,12,14,44,56,1.29,1.95,2.00,1.67,1.00,0,17,0,0,0,0,0,17,84,6.33,4.67,3.20,3.20,2.30,1.37,2.35,3.70,3.70,2.00,1.73,Inver Park
1723748400,Aug 15 2024 - 7:00pm,complete,N/A,Dečić,HJK,Adam Ladebäck,N/A,1.33,3.00,1.75,1.10,2,1,3,2,1,1,"26,90'4","43",6,8,6,0,4,0,1,5,0,4,16,21,8,4,8,11,23,13,54,46,1.05,2.17,2.19,1.87,1.00,0,17,0,0,0,0,0,17,84,7.67,7.00,2.80,3.60,2.30,1.28,1.95,2.90,2.90,1.73,2.00,Stadion Tuško Polje
1723748400,Aug 15 2024 - 7:00pm,complete,N/A,Puskás,FC Avan Academy,Genc Nuza,N/A,3.00,2.00,2.00,1.75,3,3,6,3,1,2,"8,47,90'4","40,44,85",2,5,3,0,3,1,0,3,2,2,9,16,6,6,3,5,22,11,45,55,1.42,1.48,1.45,1.72,2.50,17,67,67,17,0,0,34,34,67,7.33,2.66,1.67,3.75,5.00,1.32,2.00,3.30,3.30,2.00,1.73,Puskás Akadémia Pancho Aréna
1723748400,Aug 15 2024 - 7:00pm,complete,N/A,Hajduk Split,Ružomberok,Luca Pairetto,N/A,1.67,1.00,1.25,1.75,0,1,1,1,0,1,"","7",8,3,3,1,4,0,1,3,0,4,21,3,4,3,12,0,19,17,69,31,1.55,1.10,2.01,0.76,0.34,0,17,0,0,0,17,17,0,0,10.33,1.00,1.36,4.33,10.00,1.29,1.85,3.10,3.10,2.25,1.57,Stadion Poljud
1723749300,Aug 15 2024 - 7:15pm,complete,N/A,Vitória Guimarães,Zürich,N/A,N/A,3.00,1.33,2.36,1.00,2,0,2,0,0,0,"58,70","",3,2,2,0,2,0,1,1,1,1,16,11,6,2,8,6,11,14,54,46,2.35,1.96,1.63,0.96,2.34,0,67,67,17,0,33,33,33,67,19.00,3.00,1.62,3.90,5.00,1.28,1.95,3.30,6.05,1.91,1.80,Estádio Dom Afonso Henriques
1724169600,Aug 20 2024 - 4:00pm,complete,N/A,Artsakh,Ružomberok,Joey Kooij,N/A,2.17,2.00,1.43,1.75,3,0,3,1,1,0,"4,79,90'3","",6,3,0,0,1,0,0,0,0,1,19,3,10,0,7,3,8,11,65,35,1.38,0.93,2.47,0.60,1.67,17,34,25,17,9,17,50,34,42,6.00,4.50,1.83,3.30,4.00,1.30,2.20,3.90,7.50,2.10,1.67,N/A
1724258700,Aug 21 2024 - 4:45pm,complete,N/A,Vitória Guimarães,Zrinjski,Vasilis Fotias,N/A,3.00,1.50,2.36,1.00,3,0,3,0,0,0,"46,51,88","",6,8,3,0,2,0,3,0,1,1,13,5,9,3,3,2,8,13,62,38,2.17,1.48,1.81,0.81,2.50,25,75,50,25,0,25,63,50,75,17.50,3.25,1.27,5.00,12.00,1.20,1.62,2.90,5.25,2.20,1.62,Estádio Dom Afonso Henriques
1724342400,Aug 22 2024 - 4:00pm,complete,N/A,Mladá Boleslav,Paksi SE,Goga Kikacheishvili,N/A,2.50,2.50,1.67,1.83,2,2,4,0,0,0,"65,90'7","80,85",5,5,0,0,3,1,0,0,2,2,16,9,3,5,8,3,5,10,67,33,2.45,1.20,1.48,1.03,2.88,38,88,50,25,13,50,75,50,75,11.75,3.00,1.62,3.60,5.00,1.20,1.70,2.90,5.25,1.73,2.00,Adidas Aréna
1724342400,Aug 22 2024 - 4:00pm,complete,N/A,Legia Warszawa,Drita,Chris Kavanagh,N/A,2.50,2.25,2.13,1.50,2,0,2,0,0,0,"56,83","",7,1,3,0,2,1,2,1,2,1,25,4,11,0,11,2,12,6,67,33,1.44,1.58,3.07,0.28,3.38,50,75,63,50,38,50,63,50,75,7.50,4.75,1.14,6.50,21.00,1.18,1.57,2.54,4.50,2.63,1.44,Stadion Miejski Legii Warszawa im. Marszałka Józefa Piłsudskiego
1724342400,Aug 22 2024 - 4:00pm,complete,N/A,Pyunik,Celje,Luka Bilbija,N/A,2.25,0.00,2.00,1.29,1,0,1,0,0,0,"59","",2,4,2,0,2,0,1,1,1,1,9,3,4,0,4,2,9,11,23,77,1.37,0.00,1.23,0.39,1.13,25,25,25,13,0,25,25,0,50,5.50,3.25,2.40,3.20,2.80,1.31,2.15,3.48,6.70,1.91,1.80,Vazgen Sargsyan anvan Hanrapetakan Marzadasht
1724344200,Aug 22 2024 - 4:30pm,complete,N/A,Panevėžys,The New Saints,Eldorjan Hamiti,N/A,0.00,0.00,0.50,0.88,0,3,3,0,0,0,"","52,64,90'1",4,5,5,0,5,0,2,3,1,4,11,14,0,6,8,8,16,22,48,52,0.00,0.00,0.97,1.89,0.00,0,0,0,0,0,0,0,0,0,0.00,0.00,2.30,3.30,2.75,1.29,2.05,3.34,6.40,1.83,1.83,Vilniaus LFF stadionas
1724346000,Aug 22 2024 - 5:00pm,complete,N/A,Häcken,Heidenheim,Viktor Kopievskiy,N/A,2.50,0.00,1.67,1.90,1,2,3,2,1,1,"36","31,65",5,1,1,0,3,0,1,0,1,2,19,6,7,4,7,1,10,13,66,34,2.12,0.00,1.65,0.78,3.00,50,50,38,38,38,50,50,38,38,5.25,1.50,2.88,3.60,2.35,1.20,1.53,2.40,4.20,1.44,2.63,Bravida Arena
1724346000,Aug 22 2024 - 5:00pm,complete,N/A,Omonia Nicosia,Zira,Juri Frischer,N/A,3.00,2.00,1.64,1.83,6,0,6,3,3,0,"13,34,45'1,54,60,70","",5,3,0,0,4,0,0,0,3,1,14,4,7,0,5,4,11,15,59,41,2.14,1.54,1.71,0.53,2.88,63,88,63,38,0,25,88,50,100,15.25,3.25,1.55,4.00,5.00,1.30,2.00,3.80,7.50,2.10,1.67,Neo GSP
1724346000,Aug 22 2024 - 5:00pm,complete,14777,Brann,Astana,David Smajc,N/A,2.00,2.50,1.83,1.50,2,0,2,1,1,0,"12,69","",5,4,2,0,2,0,0,2,1,1,19,4,4,3,12,1,14,10,77,23,1.43,1.14,1.77,0.68,2.75,75,75,50,25,13,13,50,63,88,8.75,3.00,1.27,5.00,11.00,1.15,1.62,2.40,4.60,2.10,1.67,Brann Stadion
1724346000,Aug 22 2024 - 5:00pm,complete,16513,København,Kilmarnock,Fabio Maresca,N/A,2.25,2.00,1.50,1.25,2,0,2,0,0,0,"77,90'6","",12,4,3,0,3,0,1,2,0,3,24,6,5,3,10,0,9,11,78,22,1.97,1.26,1.88,0.56,2.63,38,50,50,38,13,13,88,50,63,10.75,5.25,1.27,6.25,7.00,1.14,1.60,2.30,4.30,2.20,1.62,Parken
1724346000,Aug 22 2024 - 5:00pm,complete,N/A,Djurgården,Maribor,Jasper Vergoote,N/A,1.75,1.50,1.88,1.00,1,0,1,0,0,0,"69","",9,1,0,0,3,1,0,0,3,1,12,5,4,2,5,2,6,12,57,43,1.31,1.88,1.49,0.61,2.63,50,75,50,25,13,25,50,50,75,7.50,5.50,1.73,3.70,4.00,1.22,1.85,3.05,5.60,1.80,1.91,Tele2 Arena
1724347800,Aug 22 2024 - 5:30pm,complete,N/A,CFR Cluj,Paphos,Novak Simović,N/A,2.50,1.50,2.17,1.63,1,0,1,1,1,0,"17","",1,4,5,1,4,0,2,4,1,3,5,13,3,4,1,8,14,8,35,65,1.62,2.94,0.74,1.63,2.50,25,63,63,25,13,38,63,38,75,14.25,3.25,1.90,3.25,3.90,1.28,2.15,3.55,6.75,2.00,1.73,Stadionul Dr. Constantin Rădulescu
1724349600,Aug 22 2024 - 6:00pm,complete,N/A,Víkingur Reykjavík,UE Santa Coloma,N/A,N/A,1.75,0.00,1.57,0.50,5,0,5,1,1,0,"29,53,66,75,90'6","",14,0,0,0,1,1,0,0,1,1,14,3,11,0,3,3,11,9,67,33,1.59,0.00,2.41,0.55,1.00,25,38,13,0,0,25,50,0,25,4.75,2.25,1.22,5.00,10.00,1.22,1.75,3.10,6.50,2.30,1.57,Víkingsvöllur
1724349600,Aug 22 2024 - 6:00pm,complete,6487,Rijeka,Olimpija,César Soto Grado,N/A,0.00,3.00,0.50,1.93,1,1,2,1,1,0,"33","76",5,1,2,0,3,0,0,2,1,2,10,10,4,2,5,7,13,13,79,21,0.00,1.41,1.40,1.07,1.13,13,38,25,0,0,13,25,25,50,4.50,1.00,1.85,3.30,3.80,1.30,2.08,3.35,6.50,1.91,1.80,Stadion HNK Rijeka
1724349600,Aug 22 2024 - 6:00pm,complete,N/A,Fiorentina,Puskás,Willy Delajod,N/A,0.00,2.50,1.69,2.00,3,3,6,3,1,2,"45'3,67,75","9,12,89",15,2,3,0,1,0,1,2,0,1,22,9,8,6,9,2,12,25,59,41,0.00,1.44,2.01,1.08,1.63,13,38,38,13,13,13,13,13,25,2.50,1.00,1.18,7.00,10.00,1.16,1.50,2.54,4.30,2.25,1.57,Stadio Artemio Franchi
1724349600,Aug 22 2024 - 6:00pm,complete,N/A,Hirnyk,Real Betis,Arda Kardeşler,N/A,0.00,0.00,0.00,2.00,0,2,2,1,0,1,"","13,62",2,5,1,0,1,0,1,0,1,0,7,19,2,10,4,4,14,16,42,58,0.00,0.00,0.73,2.05,0.00,0,0,0,0,0,0,0,0,0,0.00,0.00,10.00,4.75,1.30,1.16,1.62,2.55,4.60,2.00,1.73,Dnipro Arena
1724350500,Aug 22 2024 - 6:15pm,complete,0,Partizan,KAA Gent,N/A,N/A,0.00,2.50,0.00,2.00,0,1,1,1,0,1,"","16",6,4,3,0,4,0,1,2,1,3,11,4,2,2,6,2,7,17,56,44,0.00,2.85,1.15,0.84,2.13,38,50,50,38,25,25,25,50,50,6.50,2.00,3.25,3.75,1.95,1.20,1.65,2.90,5.25,1.62,2.20,Stadion Partizana
1724351400,Aug 22 2024 - 6:30pm,complete,N/A,Wisła Kraków,Cercle Brugge,Philip Farrugia,N/A,1.50,0.00,1.50,1.70,1,6,7,3,0,3,"84","8,11,37,47,55,83",7,6,2,0,2,0,2,0,1,1,13,20,6,13,6,5,9,15,50,50,1.93,0.00,1.70,2.47,2.00,50,50,50,50,0,0,50,50,50,8.50,1.00,4.20,4.50,1.65,1.20,1.75,3.00,5.30,1.83,1.83,Stadion Miejski im. Henryka Reymana
1724352300,Aug 22 2024 - 6:45pm,complete,N/A,St Patrick's Athl.,İstanbul Başakşehir,Mohammad Al Emara,N/A,2.50,3.00,1.83,1.83,0,0,0,0,0,0,"","",5,4,1,0,1,0,0,1,0,1,12,5,2,2,7,2,14,15,43,57,1.53,2.89,1.18,0.98,3.00,38,63,50,50,13,50,63,50,88,12.33,2.50,7.50,4.20,1.36,1.20,1.73,2.67,4.80,2.00,1.73,N/A
1724352300,Aug 22 2024 - 6:45pm,complete,N/A,KÍ,HJK,Lawrence Visser,N/A,0.00,1.50,0.50,1.10,2,2,4,1,0,1,"55,63","14,90'2",4,4,4,1,3,0,3,2,1,2,16,10,10,6,6,4,9,9,59,41,0.00,2.02,2.61,1.53,1.00,25,25,25,0,0,25,25,0,50,6.00,4.00,2.50,3.10,2.63,1.30,2.00,3.40,6.50,1.80,1.91,N/A
1724353200,Aug 22 2024 - 7:00pm,complete,N/A,St. Gallen,Trabzonspor,Miguel Bertolo Nogueira,N/A,2.25,0.00,1.33,1.00,0,0,0,0,0,0,"","",7,7,3,0,2,0,0,3,1,1,13,16,7,7,4,8,14,12,52,48,2.07,0.00,1.46,1.76,1.63,25,38,25,25,25,38,38,13,38,5.75,1.75,1.95,3.50,3.30,1.22,1.73,2.70,5.00,1.67,2.10,Kybunpark
1724353200,Aug 22 2024 - 7:00pm,complete,37232,Lens,Panathinaikos,Gergő Bogár,N/A,0.00,0.00,1.50,1.58,2,1,3,2,2,0,"4,34","53",2,3,3,1,3,0,2,2,1,2,10,13,7,4,3,5,14,16,35,65,0.00,0.00,1.33,1.26,0.00,0,0,0,0,0,0,0,0,0,0.00,0.00,1.42,4.75,7.00,1.36,1.80,4.00,8.00,2.00,1.73,Stade Bollaert-Delelis
1724353200,Aug 22 2024 - 7:00pm,complete,N/A,Chelsea,Servette,Jérémie Pignard,N/A,0.00,0.00,2.54,1.50,2,0,2,0,0,0,"50,76","",4,8,1,0,1,0,0,1,0,1,15,23,8,7,2,7,6,7,59,41,0.00,0.00,1.56,1.71,0.00,0,0,0,0,0,0,0,0,0,0.00,0.00,1.14,7.50,13.00,1.09,1.30,1.93,2.95,1.91,1.80,N/A
1724353200,Aug 22 2024 - 7:00pm,complete,N/A,Lincoln Red Imps,Larne,Ishmael Barbara,N/A,0.00,1.50,1.50,0.90,2,1,3,3,2,1,"23,42","16",0,4,4,0,2,0,2,2,1,1,7,6,6,3,1,3,18,23,50,50,0.00,1.64,1.04,1.03,0.50,0,0,0,0,0,0,25,0,25,3.50,6.00,2.55,3.00,2.70,1.32,2.38,3.56,6.85,2.10,1.67,N/A
1724860800,Aug 28 2024 - 4:00pm,complete,N/A,İstanbul Başakşehir,St Patrick's Athl.,Balazs Berke,N/A,2.60,2.20,1.83,1.83,2,0,2,0,0,0,"64,82","",5,2,2,0,1,1,1,1,0,2,26,10,8,4,14,4,8,6,88,12,2.51,1.46,2.37,1.07,2.40,30,50,40,40,10,40,50,40,70,11.60,2.40,1.17,7.00,10.00,1.20,1.62,2.55,4.50,2.75,1.40,Başakşehir Fatih Terim Stadyumu
1724860800,Aug 28 2024 - 4:00pm,complete,N/A,KAA Gent,Partizan,Filip Glova,N/A,2.60,0.00,2.00,0.00,1,0,1,0,0,0,"88","",4,5,1,0,2,0,1,0,2,0,22,20,5,5,15,10,13,10,50,50,2.45,1.15,2.20,1.75,2.30,30,40,40,30,20,20,80,40,40,12.00,5.40,1.50,4.33,5.00,1.20,1.67,2.62,4.75,1.80,1.91,GHELAMCO-arena
1724940000,Aug 29 2024 - 2:00pm,complete,N/A,Astana,Brann,Aleksandar Stavrev,N/A,2.00,2.20,1.50,1.83,3,0,3,0,0,0,"60,81,90'1","",3,8,2,0,3,0,1,1,0,3,24,14,9,5,11,6,12,14,47,53,1.05,1.50,2.46,1.57,2.60,60,80,40,20,10,10,60,50,90,8.80,3.20,3.50,3.75,1.83,1.22,1.85,2.79,5.15,1.80,1.91,Astana Arena
1724947200,Aug 29 2024 - 4:00pm,complete,N/A,Zira,Omonia Nicosia,Vitālijs Spasjoņņikovs,N/A,1.60,3.00,1.83,1.64,1,0,1,0,0,0,"79","",4,3,1,0,1,0,0,1,1,0,10,4,4,2,5,2,13,19,61,39,1.34,2.06,1.43,0.78,3.50,50,90,70,50,20,40,90,60,100,13.80,3.40,2.75,3.60,2.20,1.23,1.85,2.88,5.30,1.73,2.00,Zirə qəsəbə stadionu
1724947200,Aug 29 2024 - 4:00pm,complete,N/A,HJK,KÍ,David Fuksman,N/A,1.33,1.00,1.10,0.50,2,1,3,0,0,0,"90,90'3","57",8,4,1,0,2,1,0,1,0,3,14,5,5,3,8,2,6,11,57,43,1.85,2.61,1.68,0.93,3.34,84,84,84,67,0,17,84,67,100,9.33,8.67,1.80,3.40,4.33,1.25,1.90,3.04,5.65,1.80,1.91,N/A
1724949000,Aug 29 2024 - 4:30pm,complete,N/A,Ružomberok,Artsakh,John Beaton,N/A,1.33,2.29,1.75,1.43,3,1,4,2,2,0,"10,45'2,71","88",11,7,2,0,5,1,1,1,1,5,20,21,7,8,10,9,18,13,58,42,0.82,1.54,2.11,2.09,2.10,15,52,45,15,7,15,62,52,60,6.53,3.81,2.40,3.60,2.50,1.31,1.90,3.42,6.65,1.80,1.91,Futbalový štadión MFK Ružomberok
1724950800,Aug 29 2024 - 5:00pm,complete,N/A,Paksi SE,Mladá Boleslav,Lawrence Visser,N/A,2.20,2.20,1.83,1.67,0,3,3,0,0,0,"","48,55,90'2",6,2,1,0,3,0,0,1,0,3,18,18,9,10,5,2,13,14,50,50,1.16,2.25,2.05,1.83,3.10,50,90,60,40,10,40,60,60,80,11.40,3.20,2.63,3.40,2.55,1.18,1.67,2.57,4.55,1.57,2.25,Fehérvári úti stadion
1724950800,Aug 29 2024 - 5:00pm,complete,N/A,Paphos,CFR Cluj,Craig Pawson,N/A,1.20,2.60,1.63,2.17,3,0,3,2,2,0,"28,31,49","",3,8,3,0,3,0,0,3,1,2,16,15,8,6,8,6,15,8,54,46,2.68,1.45,2.04,1.68,2.20,20,50,50,20,10,30,70,30,60,12.40,4.80,1.91,3.50,3.30,1.33,1.80,3.65,7.20,1.67,2.10,Stadio Stelios Kyriakides
1724950800,Aug 29 2024 - 5:00pm,complete,N/A,Trabzonspor,St. Gallen,Andris Treimanis,N/A,1.00,2.00,1.00,1.33,1,1,2,1,0,1,"52","31",9,3,0,0,4,0,0,0,0,4,30,18,8,7,17,5,18,20,49,51,1.76,1.92,2.57,1.63,1.30,20,30,20,20,20,30,30,10,30,13.00,4.00,1.95,3.40,4.00,1.19,1.80,2.60,4.70,1.67,2.10,N/A
1724950800,Aug 29 2024 - 5:00pm,complete,N/A,Olimpija,Rijeka,Urs Schnyder,N/A,2.60,1.00,1.93,0.50,5,0,5,4,4,0,"2,13,35,45,47","",1,6,2,0,3,0,1,1,2,1,13,14,9,4,4,8,5,13,45,55,1.34,1.40,1.70,1.43,2.10,70,90,20,0,0,10,80,20,100,8.80,3.40,2.55,3.10,2.70,1.33,2.15,3.65,7.20,1.83,1.83,Stadion Stožice
1724952600,Aug 29 2024 - 5:30pm,complete,N/A,The New Saints,Panevėžys,Jakob A. Sundberg,N/A,3.00,0.00,0.88,0.50,0,0,0,0,0,0,"","",6,3,1,0,2,1,1,0,2,1,17,10,6,0,8,7,13,14,59,41,1.89,0.97,1.78,0.81,3.00,0,100,100,0,0,0,0,100,100,9.00,10.00,1.53,4.10,5.00,1.16,1.70,2.40,4.20,1.80,1.91,Estadi Nacional
1724954400,Aug 29 2024 - 6:00pm,complete,N/A,Kilmarnock,København,Radoslav Gidzhenov,N/A,1.33,2.40,1.25,1.50,1,1,2,1,1,0,"16","68",1,11,1,0,1,0,0,1,0,1,10,15,6,5,3,5,15,11,31,69,1.02,1.95,1.21,1.36,2.47,27,64,37,27,10,10,64,64,74,11.87,5.33,5.25,4.00,1.62,1.20,1.80,2.67,4.85,1.80,1.91,Rugby Park
1724954400,Aug 29 2024 - 6:00pm,complete,N/A,UE Santa Coloma,Víkingur Reykjavík,Atilla Karaoğlan,N/A,0.00,2.00,0.50,1.57,0,0,0,0,0,0,"","",7,0,7,0,4,0,2,5,1,3,15,3,3,0,9,3,14,18,64,36,0.55,1.75,1.48,0.41,3.80,20,90,70,60,60,20,100,60,80,6.60,4.80,4.75,4.33,1.57,1.21,1.70,2.65,4.79,1.80,1.91,Camp de Futbol Municipal d'Encamp
1724954400,Aug 29 2024 - 6:00pm,complete,N/A,Zrinjski,Vitória Guimarães,Robert Jones,N/A,1.20,3.00,1.00,2.36,0,4,4,3,0,3,"","32,42,45'4,71",9,6,3,0,1,0,3,0,1,0,7,17,0,10,7,6,14,3,10,90,1.35,2.10,0.74,2.25,2.60,20,80,60,20,0,20,50,60,80,16.80,3.60,3.50,3.10,2.15,1.21,2.10,2.75,5.00,1.83,1.83,Stadion Bijeli Brijeg
1724954400,Aug 29 2024 - 6:00pm,complete,N/A,Cercle Brugge,Wisła Kraków,Horațiu Mircea Fesnic,N/A,3.00,1.00,1.70,1.50,1,4,5,2,0,2,"78","15,18,73,90'4",6,2,1,0,3,0,1,0,0,3,18,14,6,10,10,2,23,10,56,44,2.47,1.85,1.95,1.74,6.00,100,100,100,100,67,67,100,100,100,14.00,3.33,1.33,5.25,8.00,1.09,1.44,2.05,3.08,1.73,2.00,Jan Breydelstadion
1724954400,Aug 29 2024 - 6:00pm,complete,N/A,Panathinaikos,Lens,Juan Martínez Munuera,N/A,0.00,3.00,1.58,1.50,2,0,2,0,0,0,"62,85","",2,6,1,0,3,0,1,0,1,2,9,21,5,9,4,7,13,15,39,61,1.26,1.33,1.17,2.05,3.00,100,100,100,0,0,100,100,0,100,5.00,7.00,2.63,3.50,2.50,1.24,1.85,2.93,5.50,1.73,2.00,Olympiako Stadio Spyros Louis
1724954400,Aug 29 2024 - 6:00pm,complete,N/A,Drita,Legia Warszawa,Daniel Schlager,N/A,1.80,2.60,1.50,2.13,0,1,1,0,0,0,"","90'1",2,2,3,1,6,0,1,3,3,3,11,9,5,2,6,7,10,19,59,41,1.32,1.77,1.58,1.09,3.10,40,80,50,40,30,40,50,60,80,7.60,5.20,5.00,3.70,1.70,1.21,1.95,2.78,5.05,1.83,1.83,N/A
1724955300,Aug 29 2024 - 6:15pm,complete,N/A,Maribor,Djurgården,Manfredas Lukjančukas,N/A,1.20,2.00,1.00,1.88,0,1,1,1,0,1,"","4",3,2,4,1,3,0,0,5,0,3,16,12,5,6,9,5,14,13,44,56,1.62,1.35,1.76,1.60,2.30,40,60,40,20,10,20,40,40,80,8.00,5.40,2.63,3.30,2.40,1.28,2.05,3.20,6.10,1.83,1.83,Ljudski vrt
1724955300,Aug 29 2024 - 6:15pm,complete,2837,Celje,Pyunik,Chiristian-Petru Ciochirca,N/A,0.00,2.40,1.29,2.00,4,1,5,2,2,0,"22,42,74,85","63",6,4,5,1,2,1,2,4,1,2,25,7,12,4,9,1,12,7,75,25,0.39,1.34,2.62,0.87,1.50,20,20,20,10,0,20,20,0,100,8.80,5.00,1.65,3.75,5.50,1.28,1.95,3.28,6.30,1.91,1.80,N/A
1724956200,Aug 29 2024 - 6:30pm,complete,N/A,Heidenheim,Häcken,Giorgi Kruashvili,N/A,3.00,2.00,1.90,1.67,3,2,5,1,1,0,"30,84,90'2","59,79",8,4,4,0,5,0,1,3,1,4,18,14,6,5,8,5,17,10,36,64,0.78,2.03,1.50,1.42,4.20,100,100,90,30,30,100,100,30,90,6.20,4.40,1.60,4.10,4.20,1.11,1.50,2.16,3.42,1.57,2.25,Voith-Arena
1724956200,Aug 29 2024 - 6:30pm,complete,N/A,Servette,Chelsea,Marco Di Bello,N/A,0.00,3.00,1.50,2.54,2,1,3,2,1,1,"32,72","14",6,6,3,0,3,0,1,2,1,2,16,19,4,8,7,5,7,7,33,67,1.71,1.56,1.34,1.73,2.00,0,100,0,0,0,0,0,100,100,12.00,2.00,4.75,4.33,1.60,1.17,1.44,2.34,3.60,1.53,2.38,Stade de Genève
1724958000,Aug 29 2024 - 7:00pm,complete,N/A,Puskás,Fiorentina,António Emanuel Carvalho Nobre,N/A,2.20,1.00,2.00,1.69,1,1,2,0,0,0,"90'7","59",9,3,4,0,6,3,0,4,2,7,26,8,10,4,9,4,19,16,56,44,1.32,2.01,2.50,1.01,4.90,70,90,90,70,70,70,70,70,80,17.33,4.00,5.50,3.90,1.57,1.22,1.70,2.85,5.25,1.80,1.91,Puskás Akadémia Pancho Aréna
1724958000,Aug 29 2024 - 7:00pm,complete,N/A,Real Betis,Hirnyk,Igor Pajač,N/A,3.00,0.00,2.00,0.00,3,0,3,3,3,0,"40,41,43","",6,7,0,0,0,0,0,0,0,0,21,9,8,0,8,5,10,14,63,37,2.05,0.73,2.06,0.55,2.00,0,100,0,0,0,0,100,0,100,7.00,2.00,1.30,5.00,9.50,1.12,1.57,2.17,3.48,2.00,1.73,Estadio Benito Villamarín
1724958000,Aug 29 2024 - 7:00pm,complete,N/A,Larne,Lincoln Red Imps,Lukas Fähndrich,N/A,1.00,3.00,0.90,1.50,3,1,4,3,2,1,"30,43,83","20",4,3,5,1,1,0,1,5,1,0,13,8,5,5,6,3,14,9,53,47,1.44,1.04,1.73,1.31,2.34,67,67,67,0,0,67,84,0,17,3.67,8.67,1.67,3.50,5.50,1.33,2.10,3.75,7.50,2.10,1.67,Inver Park
1727879400,Oct 02 2024 - 2:30pm,complete,N/A,İstanbul Başakşehir,Rapid Wien,Adam Ladebäck,1,2.67,0.00,1.83,2.00,1,2,3,2,1,1,"45'2","43,46",5,5,0,0,3,0,0,0,1,2,17,13,5,7,6,5,5,12,54,46,2.49,0.00,1.27,1.64,1.34,9,34,17,17,9,17,17,25,42,5.00,1.33,1.95,3.60,3.30,1.30,1.95,3.40,6.50,1.80,1.91,Başakşehir Fatih Terim Stadyumu
1727879400,Oct 02 2024 - 2:30pm,complete,N/A,Vitória Guimarães,Celje,Lothar D'hondt,1,3.00,1.50,2.36,1.29,3,1,4,2,2,0,"7,36,62","90'2",5,5,0,0,2,0,0,0,0,2,18,6,11,3,5,1,8,7,52,48,2.13,1.51,2.12,0.66,2.92,25,67,59,42,25,42,42,50,92,14.33,5.83,1.33,5.00,7.00,1.22,1.70,2.95,5.50,2.00,1.73,Estádio Dom Afonso Henriques
1727973900,Oct 03 2024 - 4:45pm,complete,N/A,Heidenheim,Olimpija,Enea Jorgji,1,3.00,2.67,1.90,1.93,2,1,3,1,1,0,"6,83","77",6,4,3,0,2,0,0,3,1,1,19,16,9,4,4,5,14,15,67,33,1.14,1.40,1.82,1.17,3.34,67,92,75,34,34,42,84,42,100,7.83,5.00,1.57,4.20,5.25,1.21,1.95,2.67,4.86,2.00,1.73,Voith-Arena
1727973900,Oct 03 2024 - 4:45pm,complete,N/A,Cercle Brugge,St. Gallen,Arda Kardeşler,1,1.50,1.83,1.70,1.33,6,2,8,3,3,0,"3,25,43,54,63,68","58,81",6,8,2,0,1,0,1,1,1,0,17,15,13,7,3,5,10,14,43,57,2.21,1.86,2.30,1.57,4.25,75,84,67,67,67,75,84,59,84,11.50,3.83,2.20,3.50,3.10,1.22,1.65,2.67,4.87,1.53,2.38,Jan Breydelstadion
1727973900,Oct 03 2024 - 4:45pm,complete,N/A,Astana,Bačka Topola,Oliver Reitala,1,2.17,0.00,1.50,0.88,1,0,1,1,1,0,"15","",3,2,1,0,2,0,0,1,2,0,14,26,6,6,6,12,10,8,33,67,1.28,0.00,1.31,1.91,1.50,25,42,25,9,9,0,25,34,50,3.67,2.00,1.65,3.70,5.50,1.27,1.80,3.40,6.75,1.80,1.91,Astana Arena
1727973900,Oct 03 2024 - 4:45pm,complete,N/A,Dinamo Minsk,Hearts,Mohammed Al Hakim,1,0.00,0.00,0.50,1.17,1,2,3,2,1,1,"21","37,90'4",0,7,1,0,1,0,0,1,0,1,12,12,5,6,3,4,10,8,49,51,0.00,0.00,1.22,1.46,0.00,0,0,0,0,0,0,0,0,0,0.00,0.00,2.63,3.40,2.55,1.40,1.95,4.01,10.00,1.80,1.91,Mehdi Hüseynzadə adına Sumqayıt şəhər stadionu
1727973900,Oct 03 2024 - 4:45pm,complete,N/A,Artsakh,Mladá Boleslav,Radoslav Gidzhenov,1,2.00,2.33,1.43,1.67,2,0,2,0,0,0,"58,76","",7,6,1,0,2,0,0,1,1,1,27,15,9,8,10,3,9,6,55,45,1.61,2.18,2.15,1.50,3.00,44,79,57,36,15,36,57,63,86,11.42,4.13,2.55,3.25,2.75,1.39,2.05,3.95,10.00,1.80,1.91,Vazgen Sargsyan anvan Hanrapetakan Marzadasht
1727973900,Oct 03 2024 - 4:45pm,complete,N/A,Legia Warszawa,Real Betis,Luca Pairetto,1,2.67,3.00,2.13,2.00,1,0,1,1,1,0,"23","",6,6,4,0,4,0,1,3,0,4,11,17,3,4,4,4,17,15,32,68,1.65,2.05,0.92,1.28,3.00,17,92,50,25,25,50,75,34,67,9.33,2.67,3.90,3.70,1.85,1.26,2.00,3.10,6.43,1.83,1.83,Stadion Miejski Legii Warszawa im. Marszałka Józefa Piłsudskiego
1727973900,Oct 03 2024 - 4:45pm,complete,N/A,Molde,Larne,Dario Bel,1,0.00,1.50,1.30,0.90,3,0,3,0,0,0,"51,78,90'5","",7,0,2,0,1,1,0,2,1,1,18,5,10,2,5,1,12,10,67,33,0.00,1.51,2.25,0.50,1.13,25,25,25,13,0,25,38,0,25,3.75,5.00,1.09,10.00,21.00,1.11,1.33,1.91,3.19,2.50,1.50,Aker Stadion
1727973900,Oct 03 2024 - 4:45pm,complete,N/A,Omonia Nicosia,Víkingur Reykjavík,Sander van der Eijk,1,2.50,1.83,1.64,1.57,4,0,4,0,0,0,"51,81,86,90","",6,3,1,0,1,0,0,1,1,0,13,10,7,5,3,3,10,17,59,41,1.85,1.53,1.56,1.05,2.50,33,67,42,25,17,25,75,34,75,13.50,3.84,1.50,4.20,6.25,1.20,1.75,2.62,4.78,1.83,1.83,Neo GSP
1727982000,Oct 03 2024 - 7:00pm,complete,N/A,Fiorentina,The New Saints,Sebastian Gishamer,1,1.00,2.00,1.69,0.88,2,0,2,0,0,0,"65,69","",12,0,1,0,1,0,0,1,0,1,29,3,11,2,8,0,11,10,80,20,1.51,1.84,2.71,0.38,2.75,50,75,50,25,25,25,25,75,75,14.50,9.50,1.06,15.00,26.00,1.07,1.30,1.73,2.75,2.75,1.40,N/A
1727982000,Oct 03 2024 - 7:00pm,complete,N/A,Chelsea,KAA Gent,Daniel Schlager,1,1.50,2.67,2.54,2.00,4,2,6,1,1,0,"12,46,63,70","50,90",10,4,1,0,1,0,0,1,0,1,22,10,6,4,9,4,9,7,70,30,1.65,2.41,1.81,1.01,2.84,50,84,59,25,17,42,50,59,92,10.67,4.17,1.20,6.50,13.00,1.12,1.30,2.00,3.40,1.73,2.00,N/A
1727982000,Oct 03 2024 - 7:00pm,complete,N/A,København,Jagiellonia Białystok,Robert Harvey,1,2.17,0.00,1.50,1.75,1,2,3,1,1,0,"12","51,90'8",5,2,2,0,5,0,1,1,1,4,21,5,6,4,8,0,11,12,68,32,1.85,0.00,1.90,0.67,1.25,17,34,17,9,9,9,34,25,42,8.67,1.83,1.33,5.00,8.50,1.16,1.44,2.25,3.75,1.67,2.10,Parken
1727982000,Oct 03 2024 - 7:00pm,complete,N/A,Lugano,HJK,David Dickinson,1,0.00,1.75,2.00,1.10,3,0,3,1,1,0,"34,56,90'2","",5,2,1,0,0,0,1,0,0,0,24,9,9,5,8,3,15,13,62,38,0.00,1.81,2.11,1.10,1.38,38,38,38,13,0,13,25,25,50,6.00,3.00,1.38,4.75,7.50,1.12,1.53,2.30,4.20,1.73,2.00,Stockhorn Arena
1727982000,Oct 03 2024 - 7:00pm,complete,N/A,Petrocub,Paphos,Mikkel Redder,1,0.00,1.50,0.33,1.63,1,4,5,3,1,2,"26","33,37,53,82",1,1,1,0,2,0,0,1,0,2,7,17,2,11,3,4,11,18,45,55,0.00,2.58,0.69,1.97,1.42,17,42,42,9,0,25,42,17,42,7.67,2.17,5.75,4.20,1.53,1.33,1.95,3.60,7.00,2.00,1.73,N/A
1727982000,Oct 03 2024 - 7:00pm,complete,N/A,Borac Banja Luka,Panathinaikos,N/A,1,0.00,1.50,1.30,1.58,1,1,2,1,0,1,"50","11",5,6,3,0,3,0,0,3,0,3,14,19,6,4,7,5,12,11,31,69,0.00,1.22,1.41,1.20,1.25,25,50,25,0,0,25,25,25,50,2.50,2.00,4.50,3.75,1.73,1.30,2.00,3.50,6.50,1.91,1.80,N/A
1727982000,Oct 03 2024 - 7:00pm,complete,N/A,LASK Linz,Djurgården,Bolat Saryev,1,0.00,2.17,0.50,1.88,2,2,4,1,1,0,"26,49","57,65",3,4,2,0,2,0,1,1,0,2,10,11,4,7,5,1,17,14,43,57,0.00,1.39,1.12,1.36,1.00,17,25,17,9,0,17,34,9,34,4.33,2.50,1.80,3.70,4.20,1.33,1.95,3.60,7.00,1.83,1.83,N/A
1727982000,Oct 03 2024 - 7:00pm,complete,N/A,Shamrock Rovers,APOEL,Jérémie Pignard,1,0.00,0.00,1.75,1.50,1,1,2,0,0,0,"90'2","59",2,8,2,1,2,0,1,2,2,0,5,16,4,4,1,6,9,9,33,67,0.00,0.00,0.79,1.44,0.00,0,0,0,0,0,0,0,0,0,0.00,0.00,4.00,3.50,1.91,1.42,2.20,4.33,8.50,2.00,1.73,N/A
1729780200,Oct 24 2024 - 2:30pm,complete,N/A,Víkingur Reykjavík,Cercle Brugge,Vitālijs Spasjoņņikovs,2,1.57,2.00,1.57,1.70,3,1,4,2,1,1,"17,76,83","16",3,5,0,0,2,0,0,0,0,2,12,13,7,4,5,8,10,13,53,47,1.46,2.24,1.46,1.40,4.55,65,86,72,65,57,65,86,65,79,11.14,3.67,4.33,3.90,1.73,1.18,1.57,2.50,4.33,1.57,2.25,Kópavogsvöllur
1729788300,Oct 24 2024 - 4:45pm,complete,N/A,APOEL,Borac Banja Luka,Robert Jones,2,1.00,1.00,1.50,1.30,0,1,1,0,0,0,"","63",6,1,0,0,6,0,0,0,1,5,24,5,4,3,11,2,10,14,74,26,1.44,1.41,1.66,0.66,2.00,100,100,0,0,0,0,50,50,100,13.00,5.00,1.62,3.75,5.75,1.30,2.10,3.60,6.50,2.10,1.67,Neo GSP
1729788300,Oct 24 2024 - 4:45pm,complete,N/A,Djurgården,Vitória Guimarães,Genc Nuza,2,2.00,3.00,1.88,2.36,1,2,3,0,0,0,"62","58,79",3,6,2,0,5,0,1,1,2,3,9,15,4,4,2,5,17,17,58,42,1.38,2.13,1.04,1.06,2.65,29,72,57,36,0,36,57,43,79,13.00,4.00,3.50,3.30,2.10,1.33,2.05,3.60,7.00,1.83,1.83,Tele2 Arena
1729788300,Oct 24 2024 - 4:45pm,complete,N/A,St. Gallen,Fiorentina,Igal Frid,2,1.57,1.67,1.33,1.69,2,4,6,1,1,0,"23,62","50,54,69,90'3",2,7,3,0,3,0,2,1,1,2,9,25,5,15,2,6,10,8,44,56,1.81,1.91,1.03,2.76,3.31,62,86,38,38,38,45,52,65,86,15.86,6.81,5.00,4.20,1.57,1.20,1.57,2.65,4.75,1.62,2.20,Kybunpark
1729788300,Oct 24 2024 - 4:45pm,complete,N/A,Hearts,Omonia Nicosia,Michal Ocenas,2,3.00,2.57,1.17,1.64,2,0,2,2,2,0,"16,23","",4,4,3,0,2,0,1,2,1,1,13,10,4,2,4,7,18,12,38,62,1.46,1.80,1.09,1.15,3.00,65,86,79,22,7,57,79,29,100,14.71,2.57,2.55,3.50,2.63,1.29,1.90,3.60,7.50,1.73,2.00,N/A
1729788300,Oct 24 2024 - 4:45pm,complete,N/A,Jagiellonia Białystok,Petrocub,Daniyar Sakhi,2,3.00,0.00,1.75,0.33,2,0,2,0,0,0,"69,72","",5,1,1,0,2,0,0,1,1,1,18,5,7,0,7,3,10,11,60,40,0.67,0.69,1.84,0.32,4.00,100,100,100,50,50,50,100,100,100,3.00,6.00,1.33,5.00,9.50,1.14,1.60,2.55,4.80,1.83,1.83,N/A
1729788300,Oct 24 2024 - 4:45pm,complete,N/A,KAA Gent,Molde,Goga Kikacheishvili,2,2.29,3.00,2.00,1.30,2,1,3,1,1,0,"24,90'5","78",5,2,2,0,3,0,1,1,2,1,11,10,6,5,2,2,12,14,50,50,2.21,2.25,1.19,1.15,3.29,29,86,86,29,22,15,29,86,93,12.43,4.00,1.95,3.70,3.60,1.17,1.62,2.75,5.50,1.53,2.38,GHELAMCO-arena
1729788300,Oct 24 2024 - 4:45pm,complete,N/A,Larne,Shamrock Rovers,Vasilis Fotias,2,1.20,1.00,0.90,1.75,1,4,5,3,0,3,"48","3,24,30,54",2,8,2,0,1,0,2,0,0,1,10,14,4,7,3,3,16,13,43,57,1.31,0.79,1.03,1.42,2.20,70,80,30,10,0,20,30,60,80,5.00,7.60,3.90,2.90,2.15,1.30,2.50,3.25,6.25,2.10,1.67,Windsor Park
1729788300,Oct 24 2024 - 4:45pm,complete,N/A,Celje,İstanbul Başakşehir,N/A,2,1.00,2.29,1.29,1.83,5,1,6,3,3,0,"5,30,34,51,77","75",3,5,1,0,5,0,0,1,3,2,20,21,9,6,9,11,18,10,28,72,1.22,2.31,1.93,1.97,3.02,48,69,55,48,24,55,55,55,93,10.00,4.47,3.40,3.30,2.15,1.33,1.85,3.60,7.00,1.67,2.10,N/A
1729788300,Oct 24 2024 - 4:45pm,complete,N/A,Panathinaikos,Chelsea,António Emanuel Carvalho Nobre,2,1.33,2.00,1.58,2.54,1,4,5,1,0,1,"69","23,49,55,59",5,6,1,0,1,0,0,1,0,1,9,15,4,10,1,3,8,17,40,60,1.21,1.70,0.82,1.93,3.00,67,100,50,17,17,33,67,50,100,10.34,4.00,5.50,4.33,1.57,1.20,1.57,2.60,4.50,1.62,2.20,Stadio Apóstolos Nikolaidis
1729788300,Oct 24 2024 - 4:45pm,complete,N/A,Rapid Wien,Artsakh,Kristo Tohver,2,3.00,2.11,2.00,1.43,1,0,1,1,1,0,"31","",6,2,1,0,2,0,0,1,2,0,23,13,8,3,8,6,14,8,55,45,1.64,1.67,2.09,1.06,2.95,67,89,78,17,6,67,78,39,95,9.56,5.44,1.33,4.75,9.00,1.22,1.53,2.75,4.75,1.83,1.83,Allianz Stadion
1729796400,Oct 24 2024 - 7:00pm,complete,N/A,Mladá Boleslav,Lugano,Chrysovalantis Theouli,2,2.00,3.00,1.67,2.00,0,1,1,1,0,1,"","38",5,3,0,0,2,0,0,0,0,2,14,14,7,6,4,3,14,10,38,62,2.09,2.11,1.52,1.29,2.93,22,93,72,15,7,15,72,79,93,12.00,2.57,3.50,3.40,2.10,1.30,1.85,3.30,6.25,1.67,2.10,Adidas Aréna
1729796400,Oct 24 2024 - 7:00pm,complete,N/A,Bačka Topola,Legia Warszawa,Julian Weinberger,2,0.00,2.71,0.88,2.13,0,3,3,1,0,1,"","11,47,62",6,2,4,0,3,0,1,3,0,3,11,18,3,8,4,7,14,12,72,28,1.91,1.55,0.97,1.70,2.07,15,36,22,22,22,22,79,29,36,6.14,4.43,3.70,3.70,1.91,1.33,1.70,3.50,6.50,1.62,2.20,Gradski stadion
1729796400,Oct 24 2024 - 7:00pm,complete,N/A,HJK,Dinamo Minsk,Henrik Nalbandyan,2,1.40,0.00,1.10,0.50,1,0,1,0,0,0,"46","",4,11,2,0,3,1,0,2,2,2,18,20,8,5,7,8,9,20,51,49,1.67,1.22,1.77,1.61,2.90,80,90,90,10,0,60,80,30,100,5.20,3.40,2.45,3.20,2.90,1.33,1.95,3.50,6.50,1.73,2.00,N/A
1729796400,Oct 24 2024 - 7:00pm,complete,N/A,Olimpija,LASK Linz,Daniele Chiffi,2,2.29,1.00,1.93,0.50,2,0,2,1,1,0,"14,81","",5,4,4,0,2,0,0,4,0,2,12,12,5,6,4,4,9,9,33,67,1.37,1.12,1.16,1.42,3.36,72,93,79,57,7,15,86,72,100,6.43,3.57,2.40,3.20,3.00,1.25,2.30,3.10,5.75,1.91,1.80,Stadion Stožice
1729796400,Oct 24 2024 - 7:00pm,complete,N/A,Paphos,Heidenheim,Jasper Vergoote,2,1.71,3.00,1.63,1.90,0,1,1,1,0,1,"","25",6,3,1,0,1,0,0,1,0,1,16,10,4,4,7,4,15,13,62,38,2.49,1.37,1.38,1.10,3.41,72,93,93,31,24,45,93,55,93,11.71,5.47,3.00,3.40,2.35,1.30,1.90,3.40,6.50,1.67,2.10,Tsirion Athlítiko Kentro
1729796400,Oct 24 2024 - 7:00pm,complete,N/A,Real Betis,København,Willy Delajod,2,2.00,1.86,2.00,1.50,1,1,2,1,1,0,"8","77",4,1,3,0,3,0,1,2,1,2,17,7,6,3,6,2,13,12,55,45,1.80,1.86,1.52,0.79,2.29,22,69,38,7,7,24,86,29,60,13.81,3.53,1.73,3.50,5.00,1.33,1.85,3.50,6.50,1.80,1.91,Estadio Benito Villamarín
1729796400,Oct 24 2024 - 7:00pm,complete,N/A,The New Saints,Astana,Juri Frischer,2,1.33,2.29,0.88,1.50,2,0,2,1,1,0,"40,78","",5,2,0,0,0,0,0,0,0,0,16,15,8,4,6,6,6,9,40,60,1.35,1.29,1.75,1.31,2.19,22,69,38,7,7,0,29,62,77,7.24,4.19,2.70,3.40,2.50,1.22,1.80,2.90,5.50,1.62,2.20,Montgomery Waters Meadow
1730989800,Nov 07 2024 - 2:30pm,complete,N/A,Víkingur Reykjavík,Borac Banja Luka,N/A,3,1.75,2.00,1.57,1.30,2,0,2,2,2,0,"17,23","",2,3,2,0,1,0,0,2,1,0,14,6,9,4,3,0,15,6,47,53,1.46,1.03,1.67,0.83,2.07,44,63,25,19,7,19,63,19,82,7.88,6.25,2.30,3.30,3.10,1.29,2.00,3.30,7.00,1.73,2.00,Kópavogsvöllur
1731001500,Nov 07 2024 - 5:45pm,complete,N/A,Petrocub,Rapid Wien,N/A,3,0.00,3.00,0.33,2.00,0,3,3,1,0,1,"","13,53,81",4,2,1,0,0,0,1,0,0,0,14,15,5,8,6,5,5,6,38,62,0.50,1.86,1.39,1.85,2.75,50,75,50,25,25,50,75,50,75,6.50,3.50,10.00,5.75,1.27,1.13,1.60,2.40,4.50,2.10,1.67,N/A
1731001500,Nov 07 2024 - 5:45pm,complete,N/A,Bačka Topola,Lugano,Jakob A. Sundberg,3,0.00,3.00,0.88,2.00,4,1,5,1,1,0,"4,59,62,83","61",2,3,4,0,2,1,0,4,0,3,22,11,10,4,8,2,22,13,44,56,1.44,1.70,2.28,0.97,2.00,0,50,50,0,0,0,100,50,50,8.00,4.50,5.00,4.10,1.60,1.22,1.65,3.20,6.50,1.73,2.00,Gradski stadion
1731001500,Nov 07 2024 - 5:45pm,complete,N/A,HJK,Olimpija,Robert Jones,3,1.67,2.38,1.10,1.93,0,2,2,0,0,0,"","57,68",5,3,4,0,2,0,0,4,1,1,11,6,4,5,3,1,17,16,54,46,1.69,1.34,1.11,0.87,2.57,44,78,59,15,7,21,63,44,100,8.63,4.21,3.90,3.40,2.00,1.30,2.10,3.80,8.00,1.83,1.83,N/A
1731001500,Nov 07 2024 - 5:45pm,complete,N/A,KAA Gent,Omonia Nicosia,Tamás Bognár,3,2.38,2.25,2.00,1.64,1,0,1,1,1,0,"31","",11,6,1,0,1,0,0,1,0,1,18,14,7,6,5,5,10,10,57,43,2.08,1.72,1.69,1.53,3.19,44,75,63,44,26,25,63,63,88,12.63,3.63,1.80,3.80,4.20,1.22,1.85,3.20,6.50,1.80,1.91,GHELAMCO-arena
1731001500,Nov 07 2024 - 5:45pm,complete,N/A,Legia Warszawa,Dinamo Minsk,Atilla Karaoğlan,3,2.75,0.00,2.13,0.50,4,0,4,1,1,0,"10,51,55,59","",5,2,1,0,4,0,0,1,2,2,13,11,8,4,3,4,8,15,55,45,1.57,1.41,1.64,1.06,2.57,38,63,50,19,19,44,57,32,88,9.38,5.50,1.42,4.33,8.50,1.25,1.95,3.30,7.00,2.10,1.67,Stadion Miejski Legii Warszawa im. Marszałka Józefa Piłsudskiego
1731001500,Nov 07 2024 - 5:45pm,complete,N/A,Paphos,Astana,Don Robertson,3,1.50,2.00,1.63,1.50,1,0,1,0,0,0,"87","",12,2,0,0,2,0,0,0,1,1,33,3,14,0,15,2,11,6,66,34,2.35,1.29,3.59,0.22,2.76,38,75,57,19,13,25,76,44,82,10.01,3.63,1.22,5.75,15.00,1.25,1.73,3.30,7.00,2.50,1.50,Tsirion Athlítiko Kentro
1731001500,Nov 07 2024 - 5:45pm,complete,N/A,Shamrock Rovers,The New Saints,Snir Levi,3,2.00,1.75,1.75,0.88,2,1,3,3,2,1,"23,38","14",4,1,1,0,1,0,0,1,0,1,24,11,7,4,10,6,9,9,57,43,1.11,1.45,2.01,1.16,2.63,50,88,38,25,25,25,38,75,88,9.00,3.75,1.83,3.30,4.75,1.28,2.08,3.10,5.75,1.83,1.83,N/A
1731009600,Nov 07 2024 - 8:00pm,complete,N/A,APOEL,Fiorentina,François Letexier,3,0.50,2.00,1.50,1.69,2,1,3,2,2,0,"37,45'1","74",2,4,4,0,3,0,1,3,0,3,11,15,3,7,6,5,12,14,36,64,1.55,2.12,0.97,1.59,2.75,63,75,25,25,25,13,25,75,100,16.25,5.25,5.50,3.60,1.70,1.25,1.95,3.30,6.50,1.83,1.83,Neo GSP
1731009600,Nov 07 2024 - 8:00pm,complete,N/A,Chelsea,Artsakh,Chiristian-Petru Ciochirca,3,2.25,1.90,2.54,1.43,8,0,8,6,6,0,"12,13,18,21,39,41,69,76","",4,3,0,0,2,0,0,0,0,2,32,16,19,8,9,3,9,5,58,42,1.76,1.61,3.50,1.47,3.35,53,85,63,40,30,28,68,73,90,10.80,3.90,1.04,19.00,29.00,1.05,1.20,1.73,2.75,2.75,1.40,N/A
1731009600,Nov 07 2024 - 8:00pm,complete,N/A,Djurgården,Panathinaikos,Igor Pajač,3,1.75,1.00,1.88,1.58,2,1,3,1,0,1,"49,74","17",3,3,3,0,4,0,1,2,0,4,15,7,7,2,5,2,14,12,41,59,1.34,1.11,1.59,0.78,2.69,63,82,50,25,13,25,69,44,88,8.13,4.38,3.40,3.40,2.15,1.29,1.90,3.30,7.00,1.73,2.00,Tele2 Arena
1731009600,Nov 07 2024 - 8:00pm,complete,N/A,København,İstanbul Başakşehir,Joey Kooij,3,1.75,2.00,1.50,1.83,2,2,4,1,0,1,"79,83","26,80",7,0,3,0,6,0,3,0,2,4,22,9,10,5,4,2,13,14,67,33,1.72,2.27,2.09,0.94,2.82,44,75,44,26,19,32,63,50,88,12.25,3.63,1.53,4.00,6.50,1.20,1.80,3.00,5.50,1.83,1.83,Parken
1731009600,Nov 07 2024 - 8:00pm,complete,N/A,Hearts,Heidenheim,Kristoffer Hagenes,3,3.00,3.00,1.17,1.90,0,2,2,0,0,0,"","57,89",5,1,0,0,1,0,0,0,1,0,19,11,6,4,8,6,8,13,48,52,1.28,1.30,1.80,1.17,2.75,63,88,63,13,13,63,100,25,63,10.00,4.75,3.10,3.30,2.35,1.25,2.00,3.30,7.00,1.73,2.00,N/A
1731009600,Nov 07 2024 - 8:00pm,complete,N/A,Jagiellonia Białystok,Molde,Miloš Milanović,3,3.00,1.50,1.75,1.30,3,0,3,1,1,0,"6,60,75","",2,3,0,0,0,0,0,0,0,0,15,9,6,3,3,4,10,15,45,55,1.26,1.70,1.10,1.16,2.75,50,100,75,0,0,0,50,100,100,8.00,5.50,3.20,3.30,2.25,1.14,1.80,2.40,4.80,1.62,2.20,N/A
1731009600,Nov 07 2024 - 8:00pm,complete,N/A,Larne,St. Gallen,Ishmael Barbara,3,1.00,1.38,0.90,1.33,1,2,3,2,1,1,"4","29,79",0,16,1,0,1,0,1,0,0,1,2,20,2,7,0,6,6,13,30,70,1.26,1.70,0.43,1.85,3.23,57,71,59,42,34,50,71,36,71,8.21,6.42,6.50,5.00,1.42,1.11,1.60,2.25,4.00,1.80,1.91,Windsor Park
1731009600,Nov 07 2024 - 8:00pm,complete,N/A,LASK Linz,Cercle Brugge,Radoslav Gidzhenov,3,0.50,1.50,0.50,1.70,0,0,0,0,0,0,"","",5,3,1,0,3,1,0,1,3,1,19,5,3,3,11,1,10,7,65,35,1.27,2.03,1.58,0.77,4.50,75,100,75,75,38,50,100,75,100,9.25,3.75,1.95,3.30,4.00,1.20,1.75,2.75,5.20,1.62,2.20,N/A
1731009600,Nov 07 2024 - 8:00pm,complete,N/A,Real Betis,Celje,Novak Simović,3,1.75,1.50,2.00,1.29,2,1,3,0,0,0,"75,90'4","81",4,1,0,0,4,0,0,0,1,3,21,9,7,3,9,3,14,9,52,48,1.73,1.40,2.04,0.81,3.00,50,75,50,38,25,50,88,38,75,9.75,4.75,1.20,6.50,15.00,1.13,1.44,2.40,4.50,2.00,1.73,Estadio Benito Villamarín
1731009600,Nov 07 2024 - 8:00pm,complete,N/A,Vitória Guimarães,Mladá Boleslav,Paweł Raczkowski,3,3.00,1.75,2.36,1.67,2,1,3,1,1,0,"40,60","72",11,4,1,0,1,0,0,1,0,1,26,13,13,6,10,4,5,8,53,47,1.99,2.01,2.76,1.28,2.82,32,82,57,32,7,32,44,57,82,15.13,3.38,1.30,5.00,11.00,1.14,1.65,2.40,4.50,2.00,1.73,Estádio Dom Afonso Henriques
1732721400,Nov 27 2024 - 3:30pm,complete,N/A,İstanbul Başakşehir,Petrocub,Genc Nuza,4,1.89,0.00,1.83,0.33,1,1,2,1,1,0,"42","90'6",5,1,3,0,2,0,0,3,1,1,15,6,6,3,5,0,15,13,62,38,2.12,0.80,1.48,0.56,3.28,39,89,62,39,28,39,62,78,95,6.38,3.44,1.25,5.75,11.00,1.22,1.70,2.90,5.50,2.38,1.53,Başakşehir Fatih Terim Stadyumu
1732807800,Nov 28 2024 - 3:30pm,complete,N/A,Astana,Vitória Guimarães,Nikola Dabanović,4,1.78,3.00,1.50,2.36,1,1,2,1,1,0,"40","89",1,11,5,0,4,0,0,5,0,4,7,35,5,8,2,18,12,11,35,65,1.17,2.08,0.96,2.76,2.72,33,78,56,22,6,17,50,56,89,11.89,3.56,4.00,3.40,1.91,1.35,2.15,3.85,8.00,2.00,1.73,Astana Arena
1732815900,Nov 28 2024 - 5:45pm,complete,N/A,Heidenheim,Chelsea,Serdar Gözübüyük,4,3.00,2.40,1.90,2.54,0,2,2,0,0,0,"","51,86",3,6,2,0,4,1,1,1,2,3,17,18,12,10,3,5,14,10,33,67,1.28,2.11,2.05,2.04,3.80,60,90,70,40,40,30,80,70,90,9.80,3.60,6.50,4.75,1.42,1.18,1.44,2.25,4.00,1.62,2.20,Voith-Arena
1732815900,Nov 28 2024 - 5:45pm,complete,N/A,Cercle Brugge,Hearts,N/A,4,1.40,2.00,1.70,1.17,2,0,2,1,1,0,"40,90","",4,3,1,0,2,0,1,0,1,1,13,14,7,7,4,3,19,12,40,60,1.78,1.45,1.46,1.47,3.57,57,90,57,40,30,74,74,57,74,10.53,3.53,1.91,3.50,3.90,1.28,1.80,3.00,5.50,1.67,2.10,Jan Breydelstadion
1732815900,Nov 28 2024 - 5:45pm,complete,N/A,Dinamo Minsk,København,Michal Ocenas,4,0.00,1.67,0.50,1.50,1,2,3,2,1,1,"13","6,55",2,7,2,0,2,0,2,0,1,1,10,14,5,5,4,5,17,12,28,72,1.30,1.76,1.09,1.22,2.67,45,73,56,28,6,22,73,45,95,11.55,5.44,8.50,4.20,1.40,1.33,1.95,3.55,7.00,2.20,1.62,Mehdi Hüseynzadə adına Sumqayıt şəhər stadionu
1732815900,Nov 28 2024 - 5:45pm,complete,N/A,Artsakh,Víkingur Reykjavík,N/A,4,1.73,1.89,1.43,1.57,0,0,0,0,0,0,"","",7,3,1,0,1,0,0,1,0,1,12,7,6,3,2,2,9,13,56,44,1.59,1.48,1.30,0.87,2.87,30,76,50,35,15,40,71,53,69,8.74,4.14,1.80,3.40,4.75,1.22,2.00,2.70,5.00,1.83,1.83,Vazgen Sargsyan anvan Hanrapetakan Marzadasht
1732815900,Nov 28 2024 - 5:45pm,complete,N/A,St. Gallen,Bačka Topola,Jérémie Pignard,4,1.56,1.00,1.33,0.88,2,2,4,2,1,1,"31,65","40,53",6,6,3,0,2,0,0,3,1,1,25,17,8,5,10,8,11,10,47,53,1.72,1.72,2.08,1.36,3.28,50,73,62,39,39,28,89,50,73,9.89,5.44,1.42,4.50,7.00,1.12,1.40,2.10,3.40,1.57,2.25,Kybunpark
1732815900,Nov 28 2024 - 5:45pm,complete,N/A,Borac Banja Luka,LASK Linz,Gustavo Fernandes Correia,4,1.33,0.67,1.30,0.50,2,1,3,0,0,0,"82,89","51",7,2,3,0,6,1,1,2,3,4,21,5,9,3,7,2,11,11,63,37,0.97,1.37,2.21,0.61,1.84,33,67,17,17,0,17,67,17,67,7.00,5.00,3.90,2.90,2.15,1.30,2.50,3.35,6.50,2.10,1.67,N/A
1732815900,Nov 28 2024 - 5:45pm,complete,N/A,Molde,APOEL,Damian Sylwestrzak,4,1.00,1.33,1.30,1.50,0,1,1,1,0,1,"","41",6,6,3,0,4,0,1,2,1,3,13,6,7,4,5,1,13,12,58,42,1.52,1.36,1.66,0.82,2.50,50,84,67,0,0,17,50,67,100,9.33,3.67,1.73,3.80,4.75,1.28,1.85,3.20,6.25,1.80,1.91,Aker Stadion
1732815900,Nov 28 2024 - 5:45pm,complete,N/A,Celje,Jagiellonia Białystok,Allard Lindhout,4,1.20,3.00,1.29,1.75,3,3,6,2,1,1,"7,54,80","34,71,78",9,3,2,0,2,0,2,0,1,1,21,18,7,8,5,6,12,8,58,42,1.28,1.20,1.79,1.76,3.24,57,90,74,30,20,30,64,90,100,6.80,5.00,2.00,3.70,3.25,1.28,1.50,3.10,6.00,1.44,2.63,N/A
1732815900,Nov 28 2024 - 5:45pm,complete,N/A,Panathinaikos,HJK,Donatas Rumšas,4,0.80,1.43,1.58,1.10,1,0,1,1,1,0,"33","",11,2,1,0,1,0,0,1,0,1,24,7,11,4,3,3,16,18,57,43,1.05,1.60,2.12,0.91,2.72,62,86,59,17,10,17,62,59,100,8.80,4.97,1.25,5.75,11.00,1.14,1.50,2.20,3.85,2.00,1.73,Stadio Apóstolos Nikolaidis
1732815900,Nov 28 2024 - 5:45pm,complete,N/A,The New Saints,Djurgården,Philip Farrugia,4,1.40,1.89,0.88,1.88,0,1,1,1,0,1,"","41",1,6,2,0,3,0,0,2,1,2,10,18,0,6,6,4,15,9,40,60,1.39,1.37,0.58,1.36,2.22,38,74,48,11,0,21,54,42,69,7.40,4.04,5.00,3.75,1.67,1.20,1.75,2.55,4.50,1.73,2.00,Montgomery Waters Meadow
1732824000,Nov 28 2024 - 8:00pm,complete,N/A,Fiorentina,Paphos,Espen Eskås,4,1.60,1.67,1.69,1.63,3,2,5,1,1,0,"38,53,72","68,87",4,5,2,0,4,0,0,2,1,3,14,10,5,4,6,4,11,18,49,51,2.02,2.49,1.28,1.11,3.24,57,84,64,31,26,42,69,57,89,15.42,5.78,1.45,4.50,6.50,1.18,1.73,2.30,4.33,1.91,1.80,Stadio Artemio Franchi
1732824000,Nov 28 2024 - 8:00pm,complete,N/A,Lugano,KAA Gent,Enea Jorgji,4,2.00,2.44,2.00,2.00,2,0,2,1,1,0,"6,86","",3,10,4,0,4,0,0,4,1,3,12,18,5,7,4,5,16,14,40,60,1.45,2.04,1.19,1.93,3.11,45,67,67,39,33,11,84,67,73,9.67,4.22,2.35,3.30,3.00,1.25,1.70,2.80,5.00,1.57,2.25,Stockhorn Arena
1732824000,Nov 28 2024 - 8:00pm,complete,N/A,Mladá Boleslav,Real Betis,Daniel Schlager,4,1.56,2.00,1.67,2.00,2,1,3,1,0,1,"51,54","17",4,5,2,0,2,1,2,0,0,3,19,15,10,5,7,6,11,12,42,58,1.93,1.79,2.15,1.40,2.44,42,79,42,11,6,21,68,38,69,11.44,2.93,5.50,4.10,1.55,1.22,1.50,2.80,5.25,1.57,2.25,Adidas Aréna
1732824000,Nov 28 2024 - 8:00pm,complete,N/A,Olimpija,Larne,Sander van der Eijk,4,2.44,0.86,1.93,0.90,1,0,1,0,0,0,"67","",12,0,1,0,2,1,1,0,1,2,18,5,6,2,7,2,9,14,80,20,1.29,1.14,1.85,0.53,2.71,45,80,58,20,13,40,69,37,86,5.99,5.60,1.17,6.50,17.00,1.14,1.80,2.15,3.60,3.25,1.33,Stadion Stožice
1732824000,Nov 28 2024 - 8:00pm,complete,N/A,Omonia Nicosia,Legia Warszawa,Radoslav Gidzhenov,4,2.00,2.78,1.64,2.13,0,3,3,1,0,1,"","17,77,86",5,5,2,0,2,0,1,1,1,1,9,14,4,5,4,3,8,9,56,44,1.70,1.58,1.16,1.29,2.95,22,73,50,39,22,28,67,56,78,11.11,3.89,2.40,3.50,2.75,1.30,1.70,3.25,6.25,1.57,2.25,Neo GSP
1732824000,Nov 28 2024 - 8:00pm,complete,N/A,Rapid Wien,Shamrock Rovers,Gergő Bogár,4,3.00,2.33,2.00,1.75,1,1,2,1,1,0,"9","55",15,2,0,0,5,0,0,0,1,4,20,7,4,4,11,2,3,11,74,26,1.86,1.41,1.84,0.87,2.83,67,84,67,17,17,50,84,50,67,9.00,3.00,1.25,5.25,13.00,1.15,1.73,2.15,3.82,2.38,1.53,Allianz Stadion
1734008400,Dec 12 2024 - 1:00pm,complete,N/A,Víkingur Reykjavík,Djurgården,Luka Bilbija,5,1.80,2.00,1.57,1.88,1,2,3,0,0,0,"72","62,65",4,1,3,0,4,1,1,2,2,3,12,14,2,6,7,7,14,15,61,39,1.42,1.37,0.98,1.47,2.30,40,65,45,25,5,30,70,35,60,8.60,4.20,3.00,3.30,2.35,1.25,1.95,3.10,5.75,1.73,2.00,Kópavogsvöllur
1734017400,Dec 12 2024 - 3:30pm,complete,N/A,Astana,Chelsea,N/A,5,1.70,2.50,1.50,2.54,1,3,4,4,1,3,"45","14,19,40",2,4,1,0,0,0,1,0,0,0,7,25,4,14,2,6,7,8,31,69,1.15,2.10,0.88,2.73,3.37,45,85,49,30,30,17,64,62,95,9.00,3.83,6.25,4.75,1.42,1.05,1.53,1.92,2.86,1.73,2.00,Astana Arena
1734025500,Dec 12 2024 - 5:45pm,complete,N/A,Fiorentina,LASK Linz,Balazs Berke,5,1.83,0.50,1.69,0.50,7,0,7,3,3,0,"10,22,39,58,69,82,85","",6,1,1,0,1,0,0,1,1,0,24,8,10,4,8,2,14,13,54,46,1.89,1.18,2.34,0.84,3.13,67,88,59,38,25,17,59,67,88,11.00,6.92,1.25,6.00,11.00,1.20,1.48,2.70,4.75,1.91,1.80,Stadio Artemio Franchi
1734025500,Dec 12 2024 - 5:45pm,complete,N/A,København,Hearts,Andrea Colombo,5,1.80,1.50,1.50,1.17,2,0,2,0,0,0,"48,78","",4,3,0,0,3,0,0,0,1,2,20,2,9,0,4,0,11,12,65,35,1.71,1.46,2.01,0.16,2.48,43,90,38,10,5,35,78,38,83,11.95,3.60,1.40,5.00,7.00,1.22,1.60,2.85,5.00,1.83,1.83,Parken
1734025500,Dec 12 2024 - 5:45pm,complete,N/A,Dinamo Minsk,Larne,N/A,5,0.00,0.75,0.50,0.90,2,0,2,0,0,0,"67,73","",9,2,2,0,5,1,2,0,2,4,12,9,5,3,5,5,21,13,54,46,1.24,1.07,1.35,0.96,2.69,50,69,69,25,7,50,69,25,88,5.88,6.63,1.50,3.75,8.00,1.36,2.35,4.00,8.00,2.38,1.53,Mehdi Hüseynzadə adına Sumqayıt şəhər stadionu
1734025500,Dec 12 2024 - 5:45pm,complete,N/A,Artsakh,APOEL,Miloš Milanović,5,1.67,1.75,1.43,1.50,1,3,4,2,1,1,"45'4","23,89,90'3",5,4,2,0,0,0,1,1,0,0,15,10,8,6,4,4,16,13,54,46,1.57,1.22,1.64,1.27,2.34,38,59,38,17,9,29,54,46,75,9.92,4.75,2.75,3.10,2.63,1.39,2.20,3.80,6.65,1.83,1.83,Vazgen Sargsyan anvan Hanrapetakan Marzadasht
1734025500,Dec 12 2024 - 5:45pm,complete,N/A,Petrocub,Real Betis,Lothar D'hondt,5,0.25,1.67,0.33,2.00,0,1,1,0,0,0,"","54",0,8,2,0,1,0,1,1,0,1,4,16,2,5,1,4,19,12,40,60,0.74,1.72,0.57,1.34,2.67,50,92,50,13,13,21,79,54,84,6.75,3.50,12.00,6.50,1.22,1.11,1.62,2.33,3.66,2.25,1.57,N/A
1734025500,Dec 12 2024 - 5:45pm,complete,N/A,HJK,Molde,Atilla Karaoğlan,5,1.25,0.75,1.10,1.30,2,2,4,3,1,2,"32,90'2","14,27",5,6,3,0,1,0,0,3,1,0,12,11,4,3,6,2,11,13,56,44,1.52,1.55,1.24,0.81,2.38,32,69,63,7,0,7,63,63,82,9.13,4.38,4.75,4.00,1.67,1.17,1.73,2.51,4.40,1.73,2.00,N/A
1734025500,Dec 12 2024 - 5:45pm,complete,N/A,İstanbul Başakşehir,Heidenheim,Marco Guida,5,1.80,2.50,1.83,1.90,3,1,4,2,2,0,"6,18,68","61",9,6,1,0,3,0,0,1,1,2,12,17,7,5,3,3,13,16,41,59,2.06,1.41,1.48,1.20,2.89,50,82,50,29,19,29,64,59,87,8.11,4.53,2.10,3.50,3.25,1.28,1.80,3.25,6.25,1.67,2.10,Başakşehir Fatih Terim Stadyumu
1734025500,Dec 12 2024 - 5:45pm,complete,N/A,Legia Warszawa,Lugano,Juan Martínez Munuera,5,2.80,2.25,2.13,2.00,1,2,3,2,1,1,"11","40,74",1,2,5,1,3,0,1,5,1,2,13,17,3,12,6,3,15,16,35,65,1.55,1.39,1.18,1.95,2.98,23,78,55,33,28,15,85,60,78,7.60,5.05,1.80,3.70,4.10,1.16,1.67,2.51,4.40,1.62,2.20,Stadion Miejski Legii Warszawa im. Marszałka Józefa Piłsudskiego
1734025500,Dec 12 2024 - 5:45pm,complete,N/A,Olimpija,Cercle Brugge,Adam Ladebäck,5,2.50,1.67,1.93,1.70,1,4,5,3,1,2,"5","2,24,72,81",3,10,4,1,2,0,1,4,1,1,11,17,3,9,4,5,14,15,47,53,1.34,1.72,0.80,1.99,3.37,49,82,54,39,30,44,72,54,92,9.40,3.80,1.91,3.40,4.00,1.28,2.15,3.50,7.00,1.91,1.80,Stadion Stožice
1734033600,Dec 12 2024 - 8:00pm,complete,N/A,St. Gallen,Vitória Guimarães,Nick Walsh,5,1.50,2.80,1.33,2.36,1,4,5,1,0,1,"66","33,58,84,90'4",2,8,6,0,4,0,2,4,0,4,12,32,5,17,3,11,11,11,48,52,1.76,2.15,1.26,3.26,3.25,55,85,65,40,20,45,65,50,85,15.40,4.30,3.40,3.50,2.10,1.19,1.80,2.73,4.85,1.62,2.20,Kybunpark
1734033600,Dec 12 2024 - 8:00pm,complete,N/A,Mladá Boleslav,Jagiellonia Białystok,David Dickinson,5,1.70,2.50,1.67,1.75,1,0,1,0,0,0,"76","",4,4,6,0,3,1,2,4,0,4,13,14,6,4,6,5,12,11,37,63,1.95,1.34,1.36,1.38,3.10,50,90,63,23,18,23,68,80,90,9.20,3.40,2.60,3.80,2.40,1.14,1.50,2.45,4.33,1.44,2.63,Adidas Aréna
1734033600,Dec 12 2024 - 8:00pm,complete,N/A,KAA Gent,Bačka Topola,Ashot Ghaltakchyan,5,2.20,1.00,2.00,0.88,3,0,3,3,3,0,"8,13,20","",2,4,1,0,3,0,0,1,1,2,14,16,7,7,4,3,13,11,48,52,2.03,1.63,1.48,1.44,3.18,50,73,68,45,28,23,85,68,78,10.40,5.10,1.36,5.50,6.50,1.06,1.40,2.11,3.26,1.62,2.20,GHELAMCO-arena
1734033600,Dec 12 2024 - 8:00pm,complete,N/A,Omonia Nicosia,Rapid Wien,Daniel Stefanski,5,1.80,2.50,1.64,2.00,3,1,4,0,0,0,"52,66,90'6","62",6,6,1,0,2,0,0,1,1,1,12,20,8,5,4,6,10,13,38,62,1.65,1.85,1.59,1.60,2.48,35,73,50,15,5,23,85,38,78,13.90,2.60,3.10,3.40,2.20,1.20,1.80,2.91,5.55,1.67,2.10,Neo GSP
1734033600,Dec 12 2024 - 8:00pm,complete,N/A,Paphos,Celje,Paweł Raczkowski,5,1.50,1.17,1.63,1.29,2,0,2,0,0,0,"48,63","",3,4,4,0,1,0,3,1,1,0,11,8,5,3,4,5,9,15,50,50,2.35,1.37,1.26,0.99,3.54,62,77,77,49,35,54,74,62,90,11.67,4.83,1.53,4.50,5.50,1.18,1.57,2.40,4.20,1.67,2.10,Tsirion Athlítiko Kentro
1734033600,Dec 12 2024 - 8:00pm,complete,N/A,Shamrock Rovers,Borac Banja Luka,Stefan Ebner,5,2.00,1.75,1.75,1.30,3,0,3,1,1,0,"12,56,64","",4,2,3,0,1,0,2,1,1,0,10,8,7,4,2,3,15,10,46,54,1.27,1.28,1.36,1.13,2.50,75,88,38,13,13,38,63,38,75,8.00,5.75,2.80,2.90,2.75,1.35,2.30,3.50,6.20,1.83,1.83,N/A
1734033600,Dec 12 2024 - 8:00pm,complete,N/A,The New Saints,Panathinaikos,Oliver Reitala,5,1.17,1.17,0.88,1.58,0,2,2,1,0,1,"","15,60",4,7,2,0,1,0,0,2,0,1,10,17,5,9,2,4,8,10,36,64,1.26,1.22,0.98,2.02,2.25,42,75,42,9,9,17,67,42,67,8.00,3.84,9.50,5.00,1.30,1.12,1.53,2.55,4.33,1.83,1.83,Montgomery Waters Meadow
1734638400,Dec 19 2024 - 8:00pm,complete,N/A,Heidenheim,St. Gallen,Javier Alberola Rojas,6,2.14,1.36,1.90,1.33,1,1,2,1,1,0,"30","77",9,6,2,0,3,0,1,1,0,3,21,8,6,3,9,4,10,17,61,39,1.38,1.71,1.90,0.95,3.30,65,84,61,42,30,42,77,58,84,10.09,4.98,1.57,4.33,5.00,1.18,1.40,2.35,4.00,1.50,2.50,Voith-Arena
1734638400,Dec 19 2024 - 8:00pm,complete,N/A,APOEL,Astana,Sebastian Gishamer,6,2.00,1.55,1.50,1.50,1,1,2,0,0,0,"57","64",2,6,4,1,4,1,2,3,1,4,20,12,5,4,12,6,14,17,37,63,1.23,1.12,1.61,1.07,2.38,53,67,38,19,5,25,62,38,81,8.11,3.91,1.40,4.75,7.50,1.30,1.70,3.50,7.00,1.91,1.80,Neo GSP
1734638400,Dec 19 2024 - 8:00pm,complete,N/A,Cercle Brugge,İstanbul Başakşehir,Istvan Vad II,6,1.86,1.91,1.70,1.83,1,1,2,0,0,0,"82","74",4,3,1,0,3,0,1,0,2,1,22,13,10,5,7,5,12,11,42,58,1.76,2.00,2.10,1.32,3.81,63,84,63,58,38,58,75,63,89,10.61,4.09,2.20,3.50,3.20,1.22,1.70,2.70,5.00,1.57,2.25,Jan Breydelstadion
1734638400,Dec 19 2024 - 8:00pm,complete,N/A,Chelsea,Shamrock Rovers,Willy Delajod,6,2.57,2.20,2.54,1.75,5,1,6,5,4,1,"23,34,40,45'4,58","26",7,3,0,0,2,0,0,0,1,1,21,7,11,5,4,1,7,12,73,27,2.19,1.29,2.29,0.94,3.65,69,100,66,39,32,42,76,66,83,9.71,4.17,1.09,10.00,19.00,1.06,1.25,1.62,2.40,2.00,1.73,N/A
1734638400,Dec 19 2024 - 8:00pm,complete,N/A,Djurgården,Legia Warszawa,David Smajc,6,2.09,2.55,1.88,2.13,3,1,4,2,2,0,"24,45'4,76","56",3,6,3,0,4,0,2,1,3,1,13,16,7,5,3,7,14,13,55,45,1.38,1.52,1.44,1.43,2.77,41,73,60,27,14,27,69,55,78,7.73,5.37,2.05,3.60,3.50,1.28,1.67,3.10,6.00,1.57,2.25,Tele2 Arena
1734638400,Dec 19 2024 - 8:00pm,complete,N/A,Lugano,Paphos,Nenad Minaković,6,2.40,1.64,2.00,1.63,2,2,4,3,2,1,"7,33","5,90'5",2,4,5,0,4,0,1,4,2,2,13,16,6,4,4,11,15,7,48,52,1.50,2.25,1.30,1.62,2.81,38,77,62,24,19,28,87,43,81,9.84,4.98,2.20,3.40,3.30,1.28,1.85,3.00,5.75,1.67,2.10,Stockhorn Arena
1734638400,Dec 19 2024 - 8:00pm,complete,N/A,Borac Banja Luka,Omonia Nicosia,Mohammed Al Hakim,6,1.40,1.91,1.30,1.64,0,0,0,0,0,0,"","",6,4,0,0,2,0,0,0,0,2,9,7,3,3,5,3,10,14,45,55,1.25,1.64,1.11,0.84,2.51,34,77,48,18,5,19,62,48,81,10.42,4.35,3.40,2.30,2.90,1.48,2.70,4.50,9.50,2.00,1.73,N/A
1734638400,Dec 19 2024 - 8:00pm,complete,N/A,Bačka Topola,Artsakh,Marian Alexandru Barbu,6,0.80,1.54,0.88,1.43,4,3,7,3,1,2,"41,74,76,81","5,15,48",8,3,4,0,1,0,0,4,0,1,27,11,12,8,5,3,15,13,61,39,1.59,1.57,2.48,1.60,3.10,36,75,67,39,18,39,81,65,69,8.46,5.23,2.25,3.60,2.90,1.28,1.53,3.00,5.75,1.50,2.50,Gradski stadion
1734638400,Dec 19 2024 - 8:00pm,complete,N/A,Hearts,Petrocub,Ondřej Berka,6,1.20,0.20,1.17,0.33,2,2,4,1,0,1,"64,70","21,83",15,0,2,0,3,0,1,1,2,1,14,10,5,5,4,3,12,14,68,32,1.20,0.70,1.56,1.04,2.40,30,90,30,10,10,30,60,50,90,5.80,3.40,1.33,4.75,9.00,1.22,1.80,2.80,5.25,2.20,1.62,N/A
1734638400,Dec 19 2024 - 8:00pm,complete,N/A,Jagiellonia Białystok,Olimpija,Luis Miguel Branco Godinho,6,2.00,2.27,1.75,1.93,0,0,0,0,0,0,"","",2,8,3,0,4,0,2,1,2,2,8,13,3,4,0,5,19,17,40,60,1.35,1.29,0.56,1.27,2.82,38,81,53,19,19,24,62,63,100,7.47,4.78,2.15,3.20,3.60,1.33,1.95,3.50,6.50,1.67,2.10,N/A
1734638400,Dec 19 2024 - 8:00pm,complete,N/A,Larne,KAA Gent,Sigurd Smehus Kringstad,6,0.67,2.27,0.90,2.00,1,0,1,0,0,0,"74","",2,9,2,0,1,0,1,1,0,1,7,17,3,7,3,4,12,15,24,76,1.05,1.98,0.75,1.89,2.83,45,70,60,29,19,36,65,44,76,8.11,5.89,21.00,7.00,1.14,1.11,1.57,1.98,3.20,2.63,1.44,Windsor Park
1734638400,Dec 19 2024 - 8:00pm,complete,N/A,LASK Linz,Víkingur Reykjavík,Mohammad Al Emara,6,0.40,1.64,0.50,1.57,1,1,2,2,1,1,"26","23",2,4,1,0,5,1,1,0,1,5,14,6,6,3,2,2,7,20,60,40,1.11,1.38,1.23,0.81,2.78,38,77,53,34,15,28,62,48,68,7.36,4.62,1.80,3.70,4.10,1.20,1.65,2.60,4.75,1.57,2.25,N/A
1734638400,Dec 19 2024 - 8:00pm,complete,N/A,Molde,Mladá Boleslav,N/A,6,0.80,1.82,1.30,1.67,4,3,7,3,2,1,"27,42,64,90'1","5,59,61",3,2,2,0,1,0,1,1,0,1,22,15,8,7,7,3,7,15,65,35,1.40,1.90,2.13,1.43,2.68,43,77,63,19,5,19,68,58,81,10.80,3.62,1.60,4.10,5.25,1.18,1.60,2.40,4.20,1.67,2.10,Aker Stadion
1734638400,Dec 19 2024 - 8:00pm,complete,N/A,Celje,The New Saints,Lukas Fähndrich,6,1.00,1.00,1.29,0.88,3,2,5,4,2,2,"20,43,79","19,42",8,5,2,0,2,0,1,1,1,1,27,8,12,3,7,4,10,11,67,33,1.31,1.22,2.56,0.84,2.86,43,79,50,29,22,36,57,58,79,7.71,4.28,1.33,5.50,7.00,1.17,1.40,2.30,4.00,1.67,2.10,N/A
1734638400,Dec 19 2024 - 8:00pm,complete,N/A,Panathinaikos,Dinamo Minsk,Robert Hennessy,6,1.43,0.60,1.58,0.50,4,0,4,1,1,0,"33,54,65,84","",8,4,3,0,3,0,3,0,1,2,19,8,9,2,7,6,6,17,68,32,1.34,1.27,1.97,0.95,2.59,49,83,52,17,7,27,73,42,93,10.09,4.80,1.27,5.50,10.00,1.18,1.70,2.40,4.20,2.20,1.62,Stadio Apóstolos Nikolaidis
1734638400,Dec 19 2024 - 8:00pm,complete,35779,Real Betis,HJK,N/A,6,1.86,1.22,2.00,1.10,1,0,1,1,1,0,"27","",6,1,1,0,3,0,1,0,0,3,19,3,9,3,4,0,13,13,58,42,1.67,1.49,1.89,0.59,2.29,44,69,50,11,0,18,64,37,80,10.10,4.30,1.17,7.00,17.00,1.10,1.44,1.96,3.20,2.10,1.67,Estadio Benito Villamarín
1734638400,Dec 19 2024 - 8:00pm,complete,N/A,Rapid Wien,København,John Beaton,6,2.00,1.91,2.00,1.50,3,0,3,1,1,0,"45'2,51,64","",7,4,3,0,4,0,1,2,2,2,25,13,10,3,7,7,8,13,40,60,1.80,1.74,1.97,1.14,2.62,58,81,53,19,5,19,77,48,86,13.71,3.11,2.63,3.40,2.55,1.30,1.73,3.20,6.00,1.62,2.20,Allianz Stadion
1734638400,Dec 19 2024 - 8:00pm,complete,N/A,Vitória Guimarães,Fiorentina,Juxhin Xhaja,6,2.82,2.00,2.36,1.69,1,1,2,1,1,0,"33","87",2,7,4,0,1,0,2,2,0,1,18,14,6,3,10,4,20,7,46,54,2.25,1.96,1.78,1.07,3.76,58,96,72,47,33,35,63,75,96,16.11,5.56,3.40,3.25,2.15,1.33,1.85,3.45,6.50,1.67,2.10,Estádio Dom Afonso Henriques
1739468700,Feb 13 2025 - 5:45pm,complete,N/A,Celje,APOEL,N/A,N/A,1.25,1.83,1.29,1.50,2,2,4,2,1,1,"2,59","33,70",2,2,1,0,4,1,1,0,3,2,7,11,5,6,2,3,17,17,60,40,1.47,1.29,1.12,1.35,3.09,71,78,54,40,25,48,57,63,92,9.67,5.00,2.55,3.30,2.75,1.28,1.85,3.10,6.00,1.62,2.20,N/A
1739468700,Feb 13 2025 - 5:45pm,complete,N/A,Bačka Topola,Jagiellonia Białystok,N/A,N/A,1.17,1.83,0.88,1.75,1,3,4,2,1,1,"28","31,81,88",4,1,1,0,0,0,0,1,0,0,8,18,2,7,3,10,21,18,52,48,1.74,1.22,0.77,1.79,3.17,42,75,67,34,25,34,75,67,75,7.67,5.84,2.90,3.50,2.25,1.17,1.57,2.35,4.20,1.44,2.63,Gradski stadion
1739468700,Feb 13 2025 - 5:45pm,complete,N/A,Víkingur Reykjavík,Panathinaikos,N/A,N/A,1.58,1.63,1.57,1.58,2,1,3,1,1,0,"12,56","90'1",2,6,3,0,1,0,1,2,0,1,9,17,5,7,3,8,18,10,35,65,1.33,1.42,1.29,1.97,2.54,46,82,46,25,11,28,78,42,69,9.96,4.30,6.25,4.33,1.48,1.20,1.70,2.75,5.00,1.83,1.83,N/A
1739468700,Feb 13 2025 - 5:45pm,complete,N/A,Molde,Shamrock Rovers,N/A,N/A,1.17,1.83,1.30,1.75,0,1,1,0,0,0,"","57",3,2,3,1,3,0,2,2,2,1,6,6,2,5,2,1,14,8,59,41,1.53,1.23,0.82,1.08,3.50,67,92,75,33,25,42,83,59,83,8.33,4.33,1.44,4.50,6.00,1.22,1.70,2.75,4.75,1.91,1.80,Aker Stadion
1739476800,Feb 13 2025 - 8:00pm,complete,N/A,KAA Gent,Real Betis,N/A,N/A,2.08,2.00,2.00,2.00,0,3,3,0,0,0,"","47,71,84",5,8,1,0,1,0,0,1,1,0,12,20,3,9,7,9,19,14,51,49,1.97,1.70,1.20,2.10,2.46,40,65,48,17,13,19,71,38,69,11.75,3.67,3.10,3.60,2.15,1.28,1.80,3.20,6.00,1.67,2.10,GHELAMCO-arena
1739476800,Feb 13 2025 - 8:00pm,complete,N/A,København,Heidenheim,N/A,N/A,1.75,2.00,1.50,1.90,1,2,3,1,1,0,"45'1","59,85",5,4,3,0,1,0,0,3,0,1,19,12,7,8,9,3,17,15,60,40,1.69,1.44,1.90,1.44,2.71,57,86,50,21,11,21,75,61,90,11.30,4.46,1.75,3.60,4.50,1.30,1.85,3.40,6.50,1.73,2.00,Parken
1739476800,Feb 13 2025 - 8:00pm,complete,N/A,Omonia Nicosia,Paphos,N/A,N/A,1.83,1.58,1.64,1.63,1,1,2,0,0,0,"51","84",0,9,2,0,3,0,1,1,1,2,10,16,3,5,6,11,9,14,40,60,1.58,2.20,1.00,1.76,2.75,34,71,59,33,13,30,67,46,79,13.00,3.91,2.55,3.25,2.75,1.33,2.05,3.60,7.00,1.80,1.91,Neo GSP
1739476800,Feb 13 2025 - 8:00pm,complete,N/A,Borac Banja Luka,Olimpija,N/A,N/A,1.33,2.17,1.30,1.93,1,0,1,0,0,0,"90'1","",9,1,1,0,2,1,1,0,1,2,21,15,4,4,15,7,18,21,55,45,1.22,1.29,1.88,1.26,2.13,33,71,38,9,9,21,54,38,80,8.58,4.66,2.88,3.00,2.63,1.45,2.25,4.50,9.50,1.83,1.83,N/A
1740073500,Feb 20 2025 - 5:45pm,complete,N/A,Real Betis,KAA Gent,N/A,N/A,2.11,1.92,2.00,2.00,0,1,1,0,0,0,"","87",6,4,1,1,1,0,1,1,1,0,15,12,7,2,6,8,5,15,53,47,1.74,1.91,1.51,1.03,2.52,36,68,53,16,12,17,65,44,72,11.93,3.52,1.49,4.33,6.00,1.18,1.73,2.74,5.25,1.81,1.95,Estadio Benito Villamarín
1740073500,Feb 20 2025 - 5:45pm,complete,N/A,Heidenheim,København,N/A,N/A,2.11,1.62,1.90,1.50,1,3,4,1,0,1,"73","37,53,113",2,5,3,0,3,0,0,3,0,3,30,21,8,7,13,11,18,19,59,41,1.44,1.70,2.40,1.99,2.74,61,87,55,19,10,19,78,65,91,11.10,4.37,2.62,3.45,2.52,1.20,1.79,2.92,5.70,1.61,2.25,Voith-Arena
1740073500,Feb 20 2025 - 5:45pm,complete,N/A,Paphos,Omonia Nicosia,N/A,N/A,1.54,1.77,1.63,1.64,2,1,3,1,1,0,"28,65","60",7,1,1,0,2,0,0,1,0,2,25,11,10,4,12,5,12,11,51,49,2.16,1.53,2.50,1.12,2.70,39,73,54,31,12,27,62,50,81,12.70,4.00,1.69,3.65,4.90,1.26,1.90,3.08,5.65,1.84,1.92,Tsirion Athlítiko Kentro
1740073500,Feb 20 2025 - 5:45pm,complete,N/A,Olimpija,Borac Banja Luka,N/A,N/A,2.00,1.57,1.93,1.30,0,0,0,0,0,0,"","",7,7,2,0,6,0,0,2,1,5,19,19,0,5,12,9,18,9,63,37,1.29,1.32,1.03,1.58,2.01,30,63,34,8,8,19,49,34,82,9.02,4.52,1.65,3.65,5.25,1.33,2.15,3.86,7.90,2.09,1.70,Stadion Stožice
1740081600,Feb 20 2025 - 8:00pm,complete,N/A,APOEL,Celje,N/A,N/A,1.71,1.22,1.50,1.29,0,2,2,1,0,1,"","45'4,51",4,7,3,0,4,0,3,0,1,3,13,22,5,9,6,11,17,16,51,49,1.30,1.43,1.27,2.18,3.22,75,80,61,48,22,55,62,68,93,8.96,5.19,1.55,4.20,5.30,1.16,1.64,2.44,4.20,1.70,2.10,Neo GSP
1740081600,Feb 20 2025 - 8:00pm,complete,N/A,Jagiellonia Białystok,Bačka Topola,N/A,N/A,2.00,1.00,1.75,0.88,3,1,4,2,1,1,"8,70,76","17",6,6,2,0,3,0,2,0,2,1,16,22,8,3,6,11,15,23,37,63,1.30,1.60,1.69,1.47,3.29,50,79,72,43,22,43,79,71,79,7.28,5.15,1.42,4.75,6.40,1.12,1.48,2.31,3.72,1.70,2.10,N/A
1740081600,Feb 20 2025 - 8:00pm,complete,N/A,Panathinaikos,Víkingur Reykjavík,N/A,N/A,1.44,1.69,1.58,1.57,2,0,2,0,0,0,"70,90'4","",11,3,5,0,3,0,0,5,0,3,26,5,6,2,13,2,12,16,64,36,1.48,1.33,2.32,0.56,2.58,51,83,51,23,10,25,79,47,72,9.82,4.23,1.16,7.00,15.00,1.08,1.40,2.13,3.40,2.21,1.63,Stadio Apóstolos Nikolaidis
1740081600,Feb 20 2025 - 8:00pm,complete,N/A,Shamrock Rovers,Molde,N/A,N/A,2.00,1.00,1.75,1.30,0,1,1,1,0,1,"","10",9,1,4,0,2,1,0,4,0,3,15,16,3,5,8,8,12,18,53,47,1.21,1.43,1.32,1.44,3.14,57,79,64,29,22,36,71,50,86,7.86,4.86,4.20,3.90,1.73,1.16,1.66,2.53,4.50,1.62,2.23,N/A
1741283100,Mar 06 2025 - 5:45pm,complete,44366,Real Betis,Vitória Guimarães,N/A,N/A,1.90,2.67,2.00,2.36,2,2,4,0,0,0,"48,75","51,81",7,2,4,0,0,0,0,4,0,0,16,11,9,3,6,6,17,9,47,53,1.72,2.21,1.95,1.01,2.50,40,76,54,17,4,18,59,44,81,14.05,4.22,1.56,3.60,5.25,1.40,2.10,4.20,6.41,2.10,1.66,Estadio Benito Villamarín
1741283100,Mar 06 2025 - 5:45pm,complete,N/A,Panathinaikos,Fiorentina,N/A,N/A,1.60,1.88,1.58,1.69,3,2,5,4,2,2,"5,19,55","20,23",4,6,1,0,1,0,1,0,0,1,13,17,5,6,6,8,9,12,51,49,1.56,1.85,1.40,1.58,3.42,63,95,57,35,30,24,78,68,95,13.45,5.30,3.10,3.20,2.37,1.35,2.07,3.65,7.50,1.75,1.95,Stadio Apóstolos Nikolaidis
1741283100,Mar 06 2025 - 5:45pm,complete,N/A,Molde,Legia Warszawa,N/A,N/A,1.25,2.33,1.30,2.13,3,2,5,3,3,0,"11,17,43","64,67",2,10,1,0,2,0,1,0,0,2,16,21,6,7,6,10,10,15,56,44,1.43,1.51,1.49,2.08,3.07,36,73,65,34,19,34,75,59,79,7.88,5.13,2.05,3.45,3.40,1.25,1.72,2.85,5.00,1.62,2.20,Aker Stadion
1741283100,Mar 06 2025 - 5:45pm,complete,35859,København,Chelsea,N/A,N/A,1.71,2.63,1.50,2.54,1,2,3,0,0,0,"79","46,65",1,0,4,0,1,0,0,4,0,1,7,6,3,3,3,3,10,5,38,62,1.72,2.20,0.77,0.79,3.65,60,93,66,42,29,32,77,64,91,12.31,3.59,4.60,3.89,1.68,1.20,1.62,2.65,4.75,1.62,2.23,Parken
1741291200,Mar 06 2025 - 8:00pm,complete,N/A,Jagiellonia Białystok,Cercle Brugge,N/A,N/A,2.13,1.75,1.75,1.70,3,0,3,0,0,0,"69,75,78","",3,2,2,0,1,1,1,1,1,1,21,12,4,6,13,6,12,16,54,46,1.35,1.80,1.62,1.38,3.51,63,82,63,51,32,51,69,75,88,8.63,4.13,2.04,3.50,3.34,1.20,1.66,2.50,4.90,1.62,2.27,N/A
1741291200,Mar 06 2025 - 8:00pm,complete,5712,Celje,Lugano,N/A,N/A,1.40,2.17,1.29,2.00,1,0,1,1,1,0,"23","",6,5,2,0,2,1,0,2,1,2,8,19,4,7,3,11,14,12,46,54,1.51,1.47,1.03,1.99,3.40,60,87,69,47,29,47,85,52,92,7.90,5.67,2.63,3.50,2.45,1.19,1.62,2.60,4.75,1.53,2.50,N/A
1741291200,Mar 06 2025 - 8:00pm,complete,N/A,Borac Banja Luka,Rapid Wien,N/A,N/A,1.50,2.17,1.30,2.00,1,1,2,1,0,1,"90'2","34",4,4,1,0,3,0,0,1,1,2,17,25,6,6,7,12,8,18,46,54,1.35,1.83,1.62,1.94,2.09,38,67,46,9,0,15,61,38,73,11.83,4.13,3.50,3.30,2.15,1.27,1.95,3.30,7.00,1.67,1.87,N/A
1741291200,Mar 06 2025 - 8:00pm,complete,N/A,Paphos,Djurgården,N/A,N/A,1.64,2.17,1.63,1.88,1,0,1,0,0,0,"65","",6,2,2,0,1,0,0,2,0,1,20,12,8,4,10,7,13,7,66,34,2.19,1.38,2.15,1.17,2.68,54,73,61,27,7,31,69,50,81,10.47,5.04,2.00,3.30,3.90,1.30,1.85,3.25,5.95,1.82,1.94,Tsirion Athlítiko Kentro
1741887900,Mar 13 2025 - 5:45pm,complete,4646,Cercle Brugge,Jagiellonia Białystok,N/A,N/A,1.56,2.22,1.70,1.75,2,0,2,1,1,0,"8,50","",17,2,0,0,4,0,0,0,1,3,22,5,7,3,15,2,10,18,57,43,1.76,1.38,2.34,0.67,3.45,56,84,67,45,28,45,62,78,89,8.22,4.11,1.81,3.70,4.00,1.25,1.83,3.10,5.75,1.73,2.00,Jan Breydelstadion
1741887900,Mar 13 2025 - 5:45pm,complete,N/A,Lugano,Celje,N/A,N/A,1.86,1.55,2.00,1.29,5,4,9,4,3,1,"21,42,44,80,118","40,68,90'5,97",5,2,5,1,3,0,0,6,1,2,18,20,8,5,8,13,19,20,42,58,1.54,1.46,1.95,1.90,3.13,54,77,61,42,25,42,87,47,81,8.29,5.74,1.73,3.90,4.30,1.22,1.70,2.80,5.00,1.65,2.10,Stockhorn Arena
1741887900,Mar 13 2025 - 5:45pm,complete,N/A,Rapid Wien,Borac Banja Luka,N/A,N/A,2.00,1.44,2.00,1.30,2,1,3,0,0,0,"70,96","66",19,0,1,0,5,0,0,1,1,4,44,6,13,2,26,3,17,20,53,47,1.85,1.38,3.99,0.74,2.07,45,71,40,7,0,13,65,33,77,11.32,4.15,1.44,4.20,7.25,1.30,1.93,3.35,6.50,2.10,1.67,Allianz Stadion
1741887900,Mar 13 2025 - 5:45pm,complete,N/A,Djurgården,Paphos,N/A,N/A,2.00,1.73,1.88,1.63,3,0,3,1,1,0,"35,69,86","",4,4,3,0,6,0,0,3,0,6,15,13,9,3,5,7,21,17,48,52,1.37,2.19,1.78,1.14,2.56,51,68,57,25,7,28,65,47,82,10.29,4.89,2.66,3.30,2.56,1.30,1.93,3.35,6.50,1.70,2.05,Tele2 Arena
1741896000,Mar 13 2025 - 8:00pm,complete,N/A,Vitória Guimarães,Real Betis,N/A,N/A,2.54,1.82,2.36,2.00,0,4,4,2,0,2,"","5,20,58,80",3,3,6,0,2,0,2,4,2,0,9,7,3,5,5,2,16,18,62,38,2.12,1.74,1.04,1.01,2.63,45,78,57,24,4,16,55,49,83,13.68,4.23,3.18,3.18,2.46,1.35,2.05,3.60,7.00,1.77,1.95,Estádio Dom Afonso Henriques
1741896000,Mar 13 2025 - 8:00pm,complete,N/A,Fiorentina,Panathinaikos,N/A,N/A,1.67,1.73,1.69,1.58,3,1,4,2,2,0,"12,24,75","81",5,5,4,0,3,1,0,4,1,3,19,27,11,5,6,13,26,19,50,50,1.82,1.55,2.12,1.78,3.57,67,96,61,42,37,31,80,61,96,13.11,4.96,1.66,3.87,5.70,1.33,2.05,3.75,7.50,2.05,1.70,Stadio Artemio Franchi
1741896000,Mar 13 2025 - 8:00pm,complete,N/A,Legia Warszawa,Molde,N/A,N/A,2.15,1.44,2.13,1.30,2,0,2,1,1,0,"34,108","",7,8,1,1,5,1,0,2,0,6,22,23,7,4,14,15,18,11,36,64,1.55,1.44,2.30,2.02,3.25,41,76,68,40,27,40,78,63,82,8.13,4.91,1.84,3.81,4.33,1.22,1.73,2.80,5.25,1.62,2.15,Stadion Miejski Legii Warszawa im. Marszałka Józefa Piłsudskiego
1741896000,Mar 13 2025 - 8:00pm,complete,N/A,Chelsea,København,N/A,N/A,2.67,1.60,2.54,1.50,1,0,1,0,0,0,"55","",1,6,3,0,1,0,0,3,0,1,12,12,6,2,6,8,9,7,54,46,2.04,1.66,1.46,1.17,3.57,64,94,69,38,26,29,70,67,91,11.29,3.66,1.39,4.99,8.75,1.20,1.60,2.50,4.33,1.85,1.85,N/A
1744303500,Apr 10 2025 - 4:45pm,complete,29055,Legia Warszawa,Chelsea,N/A,N/A,2.21,2.70,2.13,2.54,0,3,3,0,0,0,"","49,57,74",6,8,0,0,0,0,0,0,0,0,12,32,2,11,7,14,7,5,28,72,1.61,1.99,0.89,2.99,3.65,48,88,67,47,35,42,70,62,88,9.44,4.14,5.95,4.50,1.57,1.20,1.65,2.80,4.50,1.75,2.00,Stadion Miejski Legii Warszawa im. Marszałka Józefa Piłsudskiego
1744311600,Apr 10 2025 - 7:00pm,complete,N/A,Real Betis,Jagiellonia Białystok,N/A,N/A,1.92,2.00,2.00,1.75,2,0,2,2,2,0,"24,45'2","",6,1,1,0,2,0,1,0,1,1,32,5,9,2,17,3,7,11,65,35,1.68,1.31,2.86,0.63,2.57,37,74,55,24,5,24,59,56,83,8.67,4.40,1.27,5.15,7.80,1.16,1.47,2.30,4.01,2.08,1.78,Estadio Benito Villamarín
1744311600,Apr 10 2025 - 7:00pm,complete,N/A,Celje,Fiorentina,N/A,N/A,1.42,1.80,1.29,1.69,1,2,3,1,0,1,"68","27,62",4,1,1,0,5,0,0,1,1,4,12,13,4,5,8,7,13,17,54,46,1.50,1.85,1.41,1.34,4.10,74,92,69,59,46,54,78,69,96,11.65,5.40,5.75,4.30,1.32,1.20,1.74,2.70,5.25,1.91,1.94,N/A
1744311600,Apr 10 2025 - 7:00pm,complete,N/A,Djurgården,Rapid Wien,N/A,N/A,2.07,2.13,1.88,2.00,0,1,1,0,0,0,"","62",8,8,1,0,3,0,0,1,2,1,16,18,6,6,8,9,10,15,60,40,1.40,2.12,1.69,1.67,2.53,57,76,60,17,0,17,70,50,84,11.71,4.27,2.95,2.96,2.48,1.33,2.04,3.55,7.00,1.72,2.01,Tele2 Arena
1744908300,Apr 17 2025 - 4:45pm,complete,N/A,Jagiellonia Białystok,Real Betis,N/A,N/A,1.82,2.00,1.75,2.00,1,1,2,0,0,0,"81","78",4,5,3,0,2,0,1,2,1,1,10,15,2,5,6,7,10,6,42,58,1.25,1.77,0.92,1.57,2.52,34,76,51,21,5,30,63,51,76,8.51,4.28,4.30,3.95,1.75,1.18,1.62,2.47,4.50,1.62,2.20,N/A
1744908300,Apr 17 2025 - 4:45pm,complete,N/A,Fiorentina,Celje,N/A,N/A,1.91,1.31,1.69,1.29,2,2,4,1,1,0,"37,67","54,65",6,4,2,0,1,0,0,2,0,1,16,15,9,5,6,8,17,10,37,63,1.80,1.49,1.82,1.49,4.01,76,93,71,55,42,50,80,71,96,11.05,5.47,1.33,5.15,8.30,1.17,1.57,2.44,3.80,1.80,1.97,Stadio Artemio Franchi
1744916400,Apr 17 2025 - 7:00pm,complete,N/A,Chelsea,Legia Warszawa,N/A,N/A,2.73,2.07,2.54,2.13,1,2,3,2,1,1,"33","10,53",2,3,2,0,0,0,1,1,0,0,19,16,9,6,8,8,9,6,70,30,2.08,1.56,2.06,1.47,3.59,44,89,70,43,32,38,64,66,89,9.82,3.83,1.22,6.50,10.50,1.05,1.35,1.91,2.90,1.67,2.05,N/A
1744916400,Apr 17 2025 - 7:00pm,complete,N/A,Rapid Wien,Djurgården,N/A,N/A,2.22,1.93,2.00,1.88,1,4,5,2,1,1,"45'1","42,77,93,105",4,5,3,2,3,0,2,3,2,1,17,35,8,14,7,17,14,19,45,55,2.07,1.42,1.88,3.57,2.39,52,69,55,16,0,16,64,46,85,12.00,4.31,1.73,3.70,4.40,1.31,1.88,3.32,6.50,1.85,1.97,Allianz Stadion
1746126000,May 01 2025 - 7:00pm,complete,N/A,Real Betis,Fiorentina,N/A,N/A,1.93,1.83,2.00,1.69,2,1,3,1,1,0,"6,64","72",6,2,2,0,4,0,1,1,0,4,19,11,6,3,9,5,19,16,45,55,1.75,1.80,1.73,1.02,3.19,60,86,59,36,21,32,70,59,86,11.97,4.93,1.85,3.58,4.33,1.28,2.02,3.20,6.20,1.85,1.91,Estadio Benito Villamarín
1746126000,May 01 2025 - 7:00pm,complete,N/A,Djurgården,Chelsea,N/A,N/A,2.00,2.50,1.88,2.54,1,4,5,2,0,2,"68","12,43,59,65",3,4,1,0,2,0,0,1,0,2,18,13,6,8,11,5,10,8,42,58,1.55,2.08,1.74,1.81,3.17,54,78,66,34,20,34,61,54,87,8.89,3.98,9.50,5.45,1.29,1.15,1.62,2.60,3.90,2.05,1.73,Tele2 Arena
1746730800,May 08 2025 - 7:00pm,incomplete,N/A,Fiorentina,Real Betis,N/A,N/A,1.69,2.00,1.69,2.00,0,0,0,0,0,0,"","",-1,-1,-1,-1,-1,-1,-1,-1,-1,-1,-1,-1,-1,-1,-1,-1,-1,-1,-1,-1,1.74,1.75,0.00,0.00,3.17,63,87,62,34,19,29,73,62,87,11.67,5.01,2.41,3.38,2.90,1.30,2.04,3.40,6.00,1.70,2.05,N/A
1746730800,May 08 2025 - 7:00pm,incomplete,N/A,Chelsea,Djurgården,N/A,N/A,2.54,1.88,2.54,1.88,0,0,0,0,0,0,"","",-1,-1,-1,-1,-1,-1,-1,-1,-1,-1,-1,-1,-1,-1,-1,-1,-1,-1,-1,-1,2.05,1.56,0.00,0.00,3.29,58,79,68,38,25,38,64,58,87,8.77,3.93,1.15,8.50,16.00,1.10,1.38,1.87,2.95,2.10,1.67,N/A
