timestamp,date_GMT,status,attendance,home_team_name,away_team_name,referee,Game Week,Pre-Match PPG (Home),Pre-Match PPG (Away),home_ppg,away_ppg,home_team_goal_count,away_team_goal_count,total_goal_count,total_goals_at_half_time,home_team_goal_count_half_time,away_team_goal_count_half_time,home_team_goal_timings,away_team_goal_timings,home_team_corner_count,away_team_corner_count,home_team_yellow_cards,home_team_red_cards,away_team_yellow_cards,away_team_red_cards,home_team_first_half_cards,home_team_second_half_cards,away_team_first_half_cards,away_team_second_half_cards,home_team_shots,away_team_shots,home_team_shots_on_target,away_team_shots_on_target,home_team_shots_off_target,away_team_shots_off_target,home_team_fouls,away_team_fouls,home_team_possession,away_team_possession,Home Team Pre-Match xG,Away Team Pre-Match xG,team_a_xg,team_b_xg,average_goals_per_match_pre_match,btts_percentage_pre_match,over_15_percentage_pre_match,over_25_percentage_pre_match,over_35_percentage_pre_match,over_45_percentage_pre_match,over_15_HT_FHG_percentage_pre_match,over_05_HT_FHG_percentage_pre_match,over_15_2HG_percentage_pre_match,over_05_2HG_percentage_pre_match,average_corners_per_match_pre_match,average_cards_per_match_pre_match,odds_ft_home_team_win,odds_ft_draw,odds_ft_away_team_win,odds_ft_over15,odds_ft_over25,odds_ft_over35,odds_ft_over45,odds_btts_yes,odds_btts_no,stadium_name
1723230900,Aug 09 2024 - 7:15pm,complete,N/A,Sporting CP,Rio Ave FC,João António Ferreira Gonçalves,1,0.00,0.00,2.62,0.62,3,1,4,2,2,0,"6,26,63","90",6,1,2,0,2,0,0,2,1,1,28,5,7,2,14,3,9,14,59,41,0.00,0.00,2.25,0.71,0.00,0,0,0,0,0,0,0,0,0,0.00,0.00,1.13,6.18,10.12,1.10,1.42,2.15,3.22,2.10,1.67,Estádio José Alvalade (Lisboa)
1723300200,Aug 10 2024 - 2:30pm,complete,N/A,AVS,CD Nacional,André Filipe Domingues Narciso,1,0.00,0.00,1.08,0.46,1,1,2,1,0,1,"56","35",4,2,1,0,1,0,0,1,0,1,18,8,4,3,12,5,8,13,54,46,0.00,0.00,1.62,0.95,0.00,0,0,0,0,0,0,0,0,0,0.00,0.00,2.23,3.24,3.28,1.36,1.90,3.75,7.50,1.80,1.95,Estádio Clube Desportivo das Aves (Vila das Aves)
1723309200,Aug 10 2024 - 5:00pm,complete,N/A,Casa Pia,Boavista FC,Pedro Miguel Torres Ramalho,1,0.00,0.00,1.69,0.69,0,1,1,0,0,0,"","77",3,1,2,0,1,0,2,0,0,1,16,8,4,3,11,4,12,6,66,34,0.00,0.00,1.57,0.80,0.00,0,0,0,0,0,0,0,0,0,0.00,0.00,2.20,3.15,3.45,1.36,1.91,3.75,7.45,1.95,1.80,Estádio Pina Manique (Lisboa)
1723318200,Aug 10 2024 - 7:30pm,complete,N/A,Porto,Gil Vicente,Cláudio Filipe Ruivo Pereira,1,0.00,0.00,2.54,0.54,3,0,3,1,1,0,"30,59,70","",7,2,0,0,2,1,0,0,0,3,19,3,6,2,6,1,18,10,71,29,0.00,0.00,1.30,0.36,0.00,0,0,0,0,0,0,0,0,0,0.00,0.00,1.25,6.00,13.00,1.13,1.57,2.25,3.75,2.38,1.53,Estádio Do Dragão (Porto)
1723386600,Aug 11 2024 - 2:30pm,complete,N/A,GD Estoril Praia,Santa Clara,João Pedro Silva Pinheiro,1,0.00,0.00,1.69,1.54,1,4,5,2,1,1,"19","44,70,74,83",1,3,6,0,3,0,0,6,2,1,6,14,3,8,2,2,11,19,41,59,0.00,0.00,0.60,1.45,0.00,0,0,0,0,0,0,0,0,0,0.00,0.00,2.10,3.20,3.10,1.44,2.15,4.50,9.50,2.00,1.75,Estádio António Coimbra da Mota (Estoril)
1723395600,Aug 11 2024 - 5:00pm,complete,N/A,Famalicão,Benfica,Fábio José Costa Veríssimo,1,0.00,0.00,1.38,2.00,2,0,2,1,1,0,"12,90","",0,7,3,0,4,0,0,3,2,2,10,13,6,3,4,5,8,13,35,65,0.00,0.00,1.27,1.22,0.00,0,0,0,0,0,0,0,0,0,0.00,0.00,6.75,4.00,1.40,1.18,1.58,2.25,4.33,1.75,2.00,Estádio Municipal 22 de Junho (Vila Nova de Famalicão)
1723395600,Aug 11 2024 - 5:00pm,complete,N/A,Farense,Moreirense FC,Miguel Bertolo Nogueira,1,0.00,0.00,0.54,0.62,1,2,3,1,0,1,"66","7,79",5,4,0,0,3,1,0,0,1,3,15,14,6,7,5,4,13,10,53,47,0.00,0.00,1.56,1.48,0.00,0,0,0,0,0,0,0,0,0,0.00,0.00,2.60,2.90,2.60,1.36,2.15,3.75,7.50,1.91,1.91,Estádio de São Lúis (Faro)
1723404600,Aug 11 2024 - 7:30pm,complete,N/A,Sporting Braga,Estrela Amadora,Ricardo Baixinho,1,0.00,0.00,1.85,0.54,1,1,2,0,0,0,"53","80",13,4,3,0,5,0,0,3,1,4,14,7,6,5,6,2,14,9,65,35,0.00,0.00,1.72,0.93,0.00,0,0,0,0,0,0,0,0,0,0.00,0.00,1.38,4.75,7.50,1.16,1.53,2.30,4.20,1.80,1.95,Estádio Municipal de Braga (Braga)
1723490100,Aug 12 2024 - 7:15pm,complete,3394,FC Arouca,Vitória Guimarães,Gustavo Fernandes Correia,1,0.00,0.00,1.08,1.15,0,1,1,1,0,1,"","14",6,5,6,1,2,0,2,5,0,2,9,12,0,5,5,4,13,11,64,36,0.00,0.00,0.70,1.15,0.00,0,0,0,0,0,0,0,0,0,0.00,0.00,2.80,3.30,2.45,1.25,1.85,3.04,5.70,1.70,2.05,Estádio Municipal de Arouca (Arouca)
1723824000,Aug 16 2024 - 4:00pm,complete,N/A,Santa Clara,Porto,Fábio José Costa Veríssimo,2,0.00,0.00,1.77,1.54,0,2,2,2,0,2,"","16,25",2,2,3,1,3,0,0,4,2,1,8,11,3,7,2,3,19,12,38,62,0.00,0.00,0.55,1.23,0.00,0,0,0,0,0,0,0,0,0,0.00,0.00,8.70,5.40,1.30,1.22,1.55,2.67,4.80,1.95,1.80,Estádio de São Miguel (Ponta Delgada- Ilha de São Miguel- Açores)
1723835700,Aug 16 2024 - 7:15pm,complete,N/A,Gil Vicente,AVS,N/A,2,0.00,0.00,1.23,0.69,4,2,6,4,2,2,"37,41,90'4,90'6","32,45'3",2,3,1,0,4,1,0,1,1,4,18,11,7,6,8,2,6,13,62,38,0.00,0.00,1.77,1.21,0.00,0,0,0,0,0,0,0,0,0,0.00,0.00,2.23,3.30,2.90,1.33,1.86,3.52,6.95,1.75,2.00,Estádio Cidade de Barcelos (Barcelos)
1723905000,Aug 17 2024 - 2:30pm,complete,N/A,Rio Ave FC,Farense,Carlos André Fernandes Macedo,2,0.00,0.00,1.62,0.77,1,0,1,1,1,0,"32","",7,14,0,0,1,0,0,0,1,0,10,19,4,5,5,7,8,16,51,49,0.00,0.00,1.11,1.40,0.00,0,0,0,0,0,0,0,0,0,0.00,0.00,1.91,3.50,4.00,1.27,1.91,3.20,5.75,1.75,1.95,Estádio do Rio Ave Futebol Clube (Vila do Conde)
1723914000,Aug 17 2024 - 5:00pm,complete,N/A,CD Nacional,Sporting CP,Luis Miguel Branco Godinho,2,0.00,0.00,1.77,2.15,1,6,7,3,1,2,"36","16,41,51,57,66,76",4,3,1,0,1,0,1,0,0,1,12,22,6,11,5,5,9,10,35,65,0.00,0.00,1.18,1.94,0.00,0,0,0,0,0,0,0,0,0,0.00,0.00,10.00,6.00,1.28,1.14,1.53,2.15,3.96,2.00,1.75,Estádio da Madeira (Funchal (Ilha da Madeira))
1723923000,Aug 17 2024 - 7:30pm,complete,58926,Benfica,Casa Pia,Iancu Ioan Vasilica,2,0.00,0.00,2.77,1.08,3,0,3,0,0,0,"70,80,90","",12,2,0,0,1,0,0,0,0,1,29,7,9,2,13,3,6,14,63,37,0.00,0.00,2.62,0.62,0.00,0,0,0,0,0,0,0,0,0,0.00,0.00,1.17,6.75,13.00,1.11,1.40,2.07,3.50,2.00,1.77,Estádio do Sport Lisboa e Benfica (da Luz) (Lisboa)
1723991400,Aug 18 2024 - 2:30pm,complete,N/A,Moreirense FC,FC Arouca,Anzhony Francisco Gonçalves Rodrigues,2,0.00,0.00,1.77,1.15,3,1,4,3,2,1,"9,45'2,65","3",6,5,1,0,2,0,0,1,0,2,16,14,7,5,4,6,13,12,43,57,0.00,0.00,1.30,1.12,0.00,0,0,0,0,0,0,0,0,0,0.00,0.00,2.15,3.11,3.20,1.35,2.05,3.70,7.35,1.80,1.95,Parque Desportivo Comendador Joaquim de Almeida Freitas (Moreira de Cónegos)
1724000400,Aug 18 2024 - 5:00pm,complete,N/A,Vitória Guimarães,GD Estoril Praia,André Filipe Domingues Narciso,2,0.00,0.00,2.00,1.08,1,0,1,1,1,0,"32","",9,3,2,0,1,0,2,0,0,1,19,6,7,3,5,2,14,18,60,40,0.00,0.00,1.59,0.75,0.00,0,0,0,0,0,0,0,0,0,0.00,0.00,1.63,3.60,4.78,1.25,1.90,3.04,5.70,1.90,1.84,Estádio Dom Afonso Henriques (Guimarães)
1724009400,Aug 18 2024 - 7:30pm,complete,N/A,Boavista FC,Sporting Braga,António Emanuel Carvalho Nobre,2,0.00,0.00,0.46,2.23,0,1,1,1,0,1,"","40",3,8,3,0,1,0,0,3,0,1,8,14,2,4,3,6,8,9,31,69,0.00,0.00,0.64,1.52,0.00,0,0,0,0,0,0,0,0,0,0.00,0.00,5.00,4.20,1.57,1.20,1.67,2.90,5.50,1.78,2.00,Estádio do Bessa Século XXI (Porto)
1724094900,Aug 19 2024 - 7:15pm,complete,N/A,Estrela Amadora,Famalicão,Bruno Vieira,2,0.00,0.00,1.23,1.23,0,3,3,1,0,1,"","36,83,90'3",2,4,3,0,1,0,1,2,0,1,12,15,2,6,8,5,10,16,51,49,0.00,0.00,1.00,1.42,0.00,0,0,0,0,0,0,0,0,0,0.00,0.00,2.26,3.01,2.82,1.39,2.09,3.98,8.00,1.90,1.88,Estádio José Gomes (Amadora)
1724440500,Aug 23 2024 - 7:15pm,complete,N/A,Farense,Sporting CP,Tiago Bruno Lopes Martins,3,0.00,3.00,0.54,2.15,0,5,5,2,0,2,"","27,41,66,69,81",1,5,4,0,1,0,1,3,1,0,7,30,2,10,2,9,18,6,32,68,1.56,1.94,0.44,2.04,5.00,100,100,100,50,50,50,100,100,100,8.00,1.00,14.00,7.50,1.20,1.09,1.40,1.98,3.10,2.01,1.75,Estádio Do Algarve (Almancil)
1724509800,Aug 24 2024 - 2:30pm,complete,N/A,Casa Pia,Santa Clara,Ricardo Baixinho,3,0.00,3.00,1.69,1.54,0,2,2,0,0,0,"","57,90'5",7,1,3,1,4,0,0,4,1,3,11,9,3,5,5,2,12,21,58,42,1.57,1.45,0.97,1.04,3.00,50,50,50,50,50,50,50,50,100,6.00,5.00,2.68,3.20,2.54,1.30,1.95,3.50,6.50,1.80,1.95,Estádio Municipal de Rio Maior (Rio Maior)
1724518800,Aug 24 2024 - 5:00pm,complete,N/A,Porto,Rio Ave FC,Iancu Ioan Vasilica,3,3.00,0.00,2.54,0.62,2,0,2,2,2,0,"1,30","",9,3,0,0,1,1,0,0,2,0,24,0,13,0,9,0,14,15,72,28,1.30,0.71,2.96,0.13,3.50,50,100,100,50,0,50,100,100,100,8.00,2.00,1.23,5.60,11.00,1.20,1.72,2.90,5.00,2.38,1.53,Estádio Do Dragão (Porto)
1724527800,Aug 24 2024 - 7:30pm,complete,N/A,Famalicão,Boavista FC,David Rafael Oliveira Silva,3,3.00,3.00,1.38,0.69,1,0,1,1,1,0,"6","",7,3,1,0,3,0,0,1,3,0,11,7,3,3,3,2,19,16,59,41,1.27,0.80,0.82,0.79,1.50,0,50,0,0,0,0,50,0,100,1.00,4.00,1.68,3.75,4.93,1.27,1.82,3.50,6.50,2.00,1.75,Estádio Municipal 22 de Junho (Vila Nova de Famalicão)
1724527800,Aug 24 2024 - 7:30pm,complete,59490,Benfica,Estrela Amadora,Hélder Miguel Azevedo Malheiro,3,3.00,1.00,2.77,0.54,1,0,1,1,1,0,"19","",12,2,4,0,3,0,2,2,1,2,18,7,10,0,2,5,19,12,58,42,2.62,0.93,2.19,0.42,2.50,50,100,50,0,0,0,0,100,100,16.00,5.00,1.14,7.00,20.00,1.12,1.55,2.20,3.60,2.20,1.62,Estádio do Sport Lisboa e Benfica (da Luz) (Lisboa)
1724596200,Aug 25 2024 - 2:30pm,complete,N/A,FC Arouca,CD Nacional,Sérgio José dos Santos Guelho,3,0.00,1.00,1.08,0.46,1,0,1,1,1,0,"27","",9,3,2,0,6,0,0,2,1,5,11,15,5,2,4,10,17,11,47,53,0.70,0.95,1.17,1.18,1.50,50,50,0,0,0,0,100,0,50,8.00,8.00,1.87,3.60,3.80,1.25,1.80,3.10,6.00,1.75,2.00,Estádio Municipal de Arouca (Arouca)
1724605200,Aug 25 2024 - 5:00pm,complete,N/A,GD Estoril Praia,Gil Vicente,Anzhony Francisco Gonçalves Rodrigues,3,0.00,0.00,1.69,0.54,0,0,0,0,0,0,"","",8,1,4,0,1,0,0,4,0,1,12,13,2,5,7,6,20,7,48,52,0.60,0.36,1.02,1.24,4.00,50,100,100,50,50,50,100,100,100,3.00,9.00,2.50,3.25,2.70,1.36,1.95,3.70,7.50,1.77,1.95,Estádio António Coimbra da Mota (Estoril)
1724614200,Aug 25 2024 - 7:30pm,complete,N/A,AVS,Vitória Guimarães,João Pedro Silva Pinheiro,3,1.00,3.00,1.08,1.15,1,0,1,0,0,0,"74","",3,6,3,0,3,0,1,2,0,3,13,17,3,7,7,7,16,14,35,65,1.62,1.15,1.02,1.86,1.50,50,50,0,0,0,0,100,0,50,9.00,3.00,3.70,3.35,2.01,1.30,1.73,3.28,6.35,1.79,1.98,Estádio Clube Desportivo das Aves (Vila das Aves)
1724614200,Aug 25 2024 - 7:30pm,complete,N/A,Sporting Braga,Moreirense FC,Nuno Miguel Serrano Almeida,3,1.00,3.00,1.85,0.62,3,1,4,1,1,0,"43,56,76","53",6,1,0,0,2,0,0,0,1,1,20,14,6,6,8,4,13,7,67,33,1.72,1.48,1.83,1.27,2.50,100,100,50,0,0,0,50,100,100,17.00,7.00,1.47,4.48,6.65,1.24,1.76,2.98,5.50,1.91,1.83,Estádio Municipal de Braga (Braga)
1725045300,Aug 30 2024 - 7:15pm,complete,N/A,Moreirense FC,Benfica,André Filipe Domingues Narciso,4,3.00,0.00,1.77,2.00,1,1,2,0,0,0,"84","90'7",0,8,4,0,5,0,1,3,2,3,7,16,5,5,1,7,18,9,34,66,1.30,1.22,0.86,1.80,3.00,50,100,50,50,0,50,100,0,100,13.00,5.00,7.25,4.40,1.45,1.22,1.79,3.20,6.50,2.00,1.75,Parque Desportivo Comendador Joaquim de Almeida Freitas (Moreira de Cónegos)
1725114600,Aug 31 2024 - 2:30pm,complete,N/A,Santa Clara,AVS,Miguel Bertolo Nogueira,4,0.00,0.00,1.77,0.69,2,1,3,2,1,1,"24,57","34",3,2,1,0,2,0,0,1,0,2,17,10,6,3,7,6,13,8,52,48,0.55,1.21,1.63,1.09,4.00,50,100,50,50,50,100,100,50,50,5.00,10.00,1.87,3.40,3.90,1.34,2.02,3.62,7.20,1.91,1.91,Estádio de São Miguel (Ponta Delgada- Ilha de São Miguel- Açores)
1725123600,Aug 31 2024 - 5:00pm,complete,N/A,Estrela Amadora,Casa Pia,N/A,4,0.00,0.00,1.23,1.08,0,1,1,0,0,0,"","61",2,7,1,0,1,0,0,1,0,1,15,13,4,6,5,5,8,23,66,34,1.00,0.62,1.20,1.43,3.00,0,100,100,0,0,0,50,100,100,4.00,4.00,2.15,3.20,3.30,1.38,2.28,4.05,7.90,1.96,1.79,Estádio José Gomes (Amadora)
1725123600,Aug 31 2024 - 5:00pm,complete,N/A,Boavista FC,GD Estoril Praia,Gustavo Fernandes Correia,4,0.00,0.00,0.46,1.08,0,0,0,0,0,0,"","",8,3,2,0,5,0,0,2,0,5,20,9,6,2,13,6,12,19,48,52,0.64,0.75,1.92,0.85,1.00,0,0,0,0,0,0,100,0,0,6.00,4.00,2.30,3.10,3.00,1.40,2.12,4.00,8.00,1.90,1.90,Estádio do Bessa Século XXI (Porto)
1725132600,Aug 31 2024 - 7:30pm,complete,N/A,Sporting CP,Porto,Luis Miguel Branco Godinho,4,3.00,3.00,2.62,1.54,2,0,2,0,0,0,"72,90'3","",2,3,1,0,5,0,1,0,1,4,18,10,6,4,8,3,13,18,54,46,2.25,1.23,1.58,0.86,3.00,50,100,50,50,0,100,100,50,50,8.00,5.00,1.87,3.60,3.75,1.23,1.67,2.80,5.15,1.67,2.10,Estádio José Alvalade (Lisboa)
1725201000,Sep 01 2024 - 2:30pm,complete,2038,CD Nacional,Farense,Cláudio Filipe Ruivo Pereira,4,0.00,0.00,1.77,0.77,2,0,2,1,1,0,"43,90'2","",4,4,3,0,3,0,0,3,0,3,18,14,5,0,7,7,19,16,51,49,1.18,1.40,1.36,0.74,4.00,50,50,50,50,50,50,100,50,50,18.00,2.00,2.30,3.40,2.90,1.29,1.85,3.20,6.15,1.72,2.10,Estádio da Madeira (Funchal (Ilha da Madeira))
1725210000,Sep 01 2024 - 5:00pm,complete,N/A,Rio Ave FC,FC Arouca,N/A,4,3.00,0.00,1.62,1.15,1,0,1,1,1,0,"43","",8,8,1,0,3,0,0,1,2,1,15,15,6,4,6,8,16,19,46,54,1.11,1.12,1.34,1.27,2.50,50,50,50,50,0,50,100,0,50,12.00,2.00,2.30,3.40,2.90,1.34,1.95,3.62,7.20,1.82,1.95,Estádio do Rio Ave Futebol Clube (Vila do Conde)
1725219000,Sep 01 2024 - 7:30pm,complete,N/A,Vitória Guimarães,Famalicão,João António Ferreira Gonçalves,4,3.00,3.00,2.00,1.23,2,1,3,2,1,1,"8,90'1","17",5,7,5,0,3,0,2,3,1,2,11,9,6,5,2,3,18,12,49,51,1.59,1.42,1.20,1.17,2.00,0,50,50,0,0,0,100,50,50,13.00,3.00,1.91,3.40,3.90,1.38,2.10,3.85,8.00,1.90,1.80,Estádio Dom Afonso Henriques (Guimarães)
1725219000,Sep 01 2024 - 7:30pm,complete,N/A,Gil Vicente,Sporting Braga,Fábio José Costa Veríssimo,4,3.00,3.00,1.23,2.23,0,0,0,0,0,0,"","",4,5,4,0,1,0,1,3,1,0,12,10,6,3,3,5,9,18,48,52,1.77,1.52,1.24,1.18,3.50,50,50,50,50,50,50,100,50,50,10.00,2.00,4.20,3.80,1.75,1.25,1.70,2.90,5.50,1.70,2.05,Estádio Cidade de Barcelos (Barcelos)
1726254900,Sep 13 2024 - 7:15pm,complete,N/A,FC Arouca,Sporting CP,João Pedro Silva Pinheiro,5,1.50,3.00,1.08,2.15,0,3,3,1,0,1,"","24,73,80",2,8,3,0,0,0,0,3,0,0,7,26,3,8,2,7,14,11,38,62,0.93,1.99,0.64,2.13,3.50,25,50,50,50,50,50,100,50,50,11.50,5.50,12.00,6.25,1.25,1.11,1.40,2.08,3.34,1.95,1.80,Estádio Municipal de Arouca (Arouca)
1726324200,Sep 14 2024 - 2:30pm,complete,1288,Casa Pia,Moreirense FC,David Rafael Oliveira Silva,5,0.00,1.50,1.69,0.62,3,1,4,1,0,1,"58,70,81","35",4,5,5,0,2,0,0,5,0,2,18,14,5,3,5,7,23,10,46,54,1.27,1.37,1.26,1.04,2.50,50,75,50,25,0,0,50,75,100,7.50,6.00,2.70,2.90,2.75,1.50,2.40,4.75,9.50,2.00,1.75,Estádio Municipal de Rio Maior (Rio Maior)
1726333200,Sep 14 2024 - 5:00pm,complete,N/A,AVS,Rio Ave FC,António Emanuel Carvalho Nobre,5,2.00,0.00,1.08,0.62,1,0,1,0,0,0,"72","",4,11,4,0,2,0,1,3,1,1,12,18,4,4,5,6,15,12,38,62,1.32,0.42,1.16,1.27,2.25,50,75,25,25,0,50,75,25,75,5.50,4.00,2.60,3.20,2.70,1.33,2.10,3.66,7.10,1.80,1.95,Estádio Clube Desportivo das Aves (Vila das Aves)
1726342200,Sep 14 2024 - 7:30pm,complete,N/A,Famalicão,Gil Vicente,Hélder Miguel Azevedo Malheiro,5,3.00,0.50,1.38,0.54,1,1,2,1,1,0,"14","49",8,1,1,0,0,0,0,1,0,0,15,9,5,3,5,5,11,16,57,43,1.05,0.80,1.32,1.03,1.50,0,50,25,0,0,0,75,25,50,5.00,4.00,1.85,3.30,4.20,1.38,2.10,4.00,8.00,1.95,1.80,Estádio Municipal 22 de Junho (Vila Nova de Famalicão)
1726342200,Sep 14 2024 - 7:30pm,complete,60145,Benfica,Santa Clara,Cláudio Filipe Ruivo Pereira,5,3.00,3.00,2.77,1.54,4,1,5,3,2,1,"27,34,47,58","1",5,1,1,0,3,0,0,1,1,2,16,8,9,3,5,3,14,7,60,40,2.40,1.25,1.96,0.76,2.75,25,75,50,25,25,25,50,75,75,14.00,5.50,1.22,5.75,11.00,1.18,1.57,2.09,4.33,2.10,1.67,Estádio do Sport Lisboa e Benfica (da Luz) (Lisboa)
1726410600,Sep 15 2024 - 2:30pm,complete,N/A,Porto,Farense,Nuno Miguel Serrano Almeida,5,3.00,0.00,2.54,0.77,2,1,3,0,0,0,"48,75","51",12,0,2,0,3,0,0,2,1,2,27,14,13,7,10,6,7,19,72,28,2.13,1.07,2.89,1.47,2.00,0,75,25,0,0,25,100,25,50,17.00,2.00,1.12,8.50,15.50,1.12,1.37,2.00,3.60,2.38,1.53,Estádio Do Dragão (Porto)
1726419600,Sep 15 2024 - 5:00pm,complete,N/A,GD Estoril Praia,CD Nacional,Bruno Vieira,5,0.50,0.50,1.69,0.46,1,0,1,1,1,0,"19","",3,4,2,0,1,1,1,1,0,2,12,17,4,4,6,11,22,12,52,48,0.81,1.07,1.32,1.51,2.00,50,50,25,25,25,25,75,25,50,7.00,8.50,2.30,3.25,3.01,1.36,2.04,3.75,7.50,1.80,1.95,Estádio António Coimbra da Mota (Estoril)
1726428600,Sep 15 2024 - 7:30pm,complete,N/A,Sporting Braga,Vitória Guimarães,Luis Miguel Branco Godinho,5,2.00,1.50,1.85,1.15,0,2,2,0,0,0,"","52,59",6,4,3,1,3,0,1,3,1,2,7,12,3,5,3,6,20,17,52,48,1.78,1.51,1.04,1.22,2.00,50,50,25,25,0,0,50,50,75,15.00,4.00,1.91,3.50,3.76,1.36,1.91,3.75,7.50,1.95,1.80,Estádio Municipal de Braga (Braga)
1726514100,Sep 16 2024 - 7:15pm,complete,N/A,Estrela Amadora,Boavista FC,Tiago Bruno Lopes Martins,5,0.00,1.50,1.23,0.69,2,2,4,3,1,2,"34,68","23,45'5",9,2,3,0,4,0,3,0,1,3,22,15,4,5,13,6,8,17,67,33,1.10,0.80,1.79,1.29,1.50,0,25,25,0,0,0,50,25,75,4.00,4.00,1.94,3.20,4.00,1.47,2.25,4.75,9.50,2.10,1.67,Estádio José Gomes (Amadora)
1726859700,Sep 20 2024 - 7:15pm,complete,N/A,CD Nacional,Sporting Braga,Hélder Miguel Azevedo Malheiro,6,1.50,2.00,1.77,2.23,0,3,3,0,0,0,"","77,83,85",6,6,3,0,3,0,1,2,2,1,15,18,3,7,7,7,12,17,45,55,1.27,1.35,1.13,1.83,2.50,25,50,25,25,25,25,75,25,50,10.50,3.00,4.10,3.25,1.89,1.25,1.85,3.30,6.50,1.75,2.00,Estádio da Madeira (Funchal (Ilha da Madeira))
1726929000,Sep 21 2024 - 2:30pm,complete,N/A,Rio Ave FC,GD Estoril Praia,N/A,6,3.00,0.50,1.62,1.08,2,2,4,1,1,0,"9,59","64,68",7,4,2,0,2,0,0,2,1,1,20,9,8,5,6,3,15,9,57,43,1.23,0.80,1.77,1.06,0.75,0,0,0,0,0,0,75,0,0,10.50,3.50,1.95,3.20,4.00,1.42,2.15,4.33,8.50,1.95,1.75,Estádio do Rio Ave Futebol Clube (Vila do Conde)
1726929000,Sep 21 2024 - 2:30pm,complete,N/A,Santa Clara,Estrela Amadora,João António Ferreira Gonçalves,6,1.50,0.50,1.77,0.54,1,0,1,0,0,0,"81","",3,8,2,0,3,0,1,1,1,2,9,13,5,6,4,5,17,19,44,56,1.09,0.68,1.15,1.38,2.00,50,75,25,0,0,50,75,25,50,5.50,7.00,1.80,3.30,4.60,1.33,2.25,3.80,8.00,2.00,1.75,Estádio de São Miguel (Ponta Delgada- Ilha de São Miguel- Açores)
1726938000,Sep 21 2024 - 5:00pm,complete,N/A,Vitória Guimarães,Porto,Fábio José Costa Veríssimo,6,3.00,1.50,2.00,1.54,0,3,3,0,0,0,"","47,58,88",5,6,4,0,4,0,3,1,2,2,8,13,2,6,3,4,7,18,47,53,1.40,1.05,0.79,1.36,2.00,25,75,25,0,0,50,75,25,50,9.50,7.50,3.30,3.20,2.15,1.36,2.10,3.60,7.00,1.95,1.80,Estádio Dom Afonso Henriques (Guimarães)
1726947000,Sep 21 2024 - 7:30pm,complete,N/A,Moreirense FC,Famalicão,António Emanuel Carvalho Nobre,6,2.00,1.50,1.77,1.23,0,0,0,0,0,0,"","",4,3,5,0,3,0,2,3,2,1,9,7,4,2,4,2,24,15,42,58,1.08,1.30,1.07,0.66,3.00,75,100,75,25,0,50,75,50,100,8.50,4.50,2.40,3.00,3.00,1.36,2.30,4.50,9.00,1.90,1.87,Parque Desportivo Comendador Joaquim de Almeida Freitas (Moreira de Cónegos)
1727015400,Sep 22 2024 - 2:30pm,complete,N/A,Gil Vicente,Casa Pia,Gustavo Fernandes Correia,6,2.00,1.50,1.23,1.08,1,1,2,1,1,0,"43","85",9,2,2,0,5,0,0,2,2,3,15,11,4,6,6,3,7,24,57,43,1.51,1.03,1.34,1.17,2.50,25,50,50,25,25,25,25,50,75,7.50,3.50,2.15,3.00,3.50,1.45,2.32,4.50,9.00,2.00,1.73,Estádio Cidade de Barcelos (Barcelos)
1727024400,Sep 22 2024 - 5:00pm,complete,N/A,Farense,FC Arouca,Luis Miguel Branco Godinho,6,0.00,0.00,0.54,1.15,0,1,1,1,0,1,"","45'1",10,6,1,0,4,0,1,0,0,4,21,13,4,4,11,3,22,15,47,53,1.00,1.20,1.61,1.07,3.25,50,75,75,50,25,50,100,50,75,9.50,4.50,2.60,3.30,2.55,1.28,1.89,3.10,6.00,1.65,2.10,Estádio de São Lúis (Faro)
1727033400,Sep 22 2024 - 7:30pm,complete,43030,Sporting CP,AVS,Ricardo Baixinho,6,3.00,0.00,2.62,0.69,3,0,3,2,2,0,"15,45'4,70","",9,1,0,0,3,0,0,0,1,2,25,6,10,2,9,3,11,12,64,36,1.92,1.15,2.46,0.61,3.75,75,100,75,50,25,75,75,75,100,6.50,5.00,1.03,12.00,34.00,1.05,1.33,1.82,2.66,2.48,1.50,Estádio José Alvalade (Lisboa)
1727118900,Sep 23 2024 - 7:15pm,complete,N/A,Boavista FC,Benfica,João Pedro Silva Pinheiro,6,0.50,0.50,0.46,2.00,0,3,3,2,0,2,"","11,31,90'1",4,5,2,0,0,0,0,2,0,0,7,16,4,9,2,3,10,10,33,67,1.28,1.51,0.90,1.83,1.25,25,50,0,0,0,0,50,25,50,13.00,7.00,11.00,5.60,1.23,1.22,1.95,2.88,4.75,2.25,1.57,Estádio do Bessa Século XXI (Porto)
1727464500,Sep 27 2024 - 7:15pm,complete,N/A,GD Estoril Praia,Sporting CP,João António Ferreira Gonçalves,7,1.33,3.00,1.69,2.15,0,3,3,2,0,2,"","24,31,90'1",1,14,2,0,0,0,0,2,0,0,6,24,2,5,4,8,13,8,30,70,0.98,2.04,0.63,1.74,3.50,33,67,67,50,50,50,84,67,67,9.33,4.67,13.50,7.20,1.19,1.11,1.42,2.10,3.80,2.05,1.70,Estádio António Coimbra da Mota (Estoril)
1727533800,Sep 28 2024 - 2:30pm,complete,N/A,Estrela Amadora,Moreirense FC,N/A,7,0.33,1.00,1.23,0.62,2,1,3,2,2,0,"2,20","82",2,7,3,0,3,0,0,3,0,3,6,15,4,3,1,9,27,20,37,63,1.33,1.26,0.80,1.24,3.17,67,84,84,50,0,17,84,67,100,7.66,5.00,2.60,3.25,2.45,1.45,2.12,4.50,9.00,2.00,1.80,Estádio José Gomes (Amadora)
1727542800,Sep 28 2024 - 5:00pm,complete,2631,Casa Pia,Vitória Guimarães,Carlos André Fernandes Macedo,7,1.00,2.00,1.69,1.15,1,1,2,1,1,0,"39","49",7,9,2,0,0,0,1,1,0,0,14,19,3,5,7,7,13,9,37,63,1.27,1.41,1.02,1.56,1.83,17,50,17,17,0,0,33,50,84,9.67,6.34,4.10,3.35,1.79,1.42,2.35,4.33,8.50,2.00,1.73,Estádio Municipal de Rio Maior (Rio Maior)
1727551800,Sep 28 2024 - 7:30pm,complete,58965,Benfica,Gil Vicente,Miguel Bertolo Nogueira,7,3.00,0.67,2.77,0.54,5,1,6,3,2,1,"17,25,78,90,90'4","8",11,2,1,0,2,0,1,0,2,0,19,10,7,3,8,5,10,6,50,50,2.26,0.88,1.88,0.89,2.34,33,67,50,17,17,17,67,50,67,11.00,3.00,1.14,6.75,14.00,1.14,1.42,2.12,3.55,2.05,1.70,Estádio do Sport Lisboa e Benfica (da Luz) (Lisboa)
1727620200,Sep 29 2024 - 2:30pm,complete,N/A,Famalicão,CD Nacional,N/A,7,2.33,0.33,1.38,0.46,0,0,0,0,0,0,"","",8,4,1,0,4,0,1,0,1,3,17,12,6,5,3,5,12,22,68,32,1.14,1.21,1.52,1.21,1.50,33,50,0,0,0,0,100,0,50,8.00,5.00,1.60,3.70,5.30,1.27,1.94,3.14,5.80,1.95,1.80,Estádio Municipal 22 de Junho (Vila Nova de Famalicão)
1727629200,Sep 29 2024 - 5:00pm,complete,N/A,Porto,FC Arouca,André Filipe Domingues Narciso,7,3.00,1.00,2.54,1.15,4,0,4,0,0,0,"47,51,57,85","",8,2,2,0,2,1,1,1,3,0,27,5,8,0,11,4,17,7,57,43,2.38,1.16,2.30,0.40,2.34,33,67,50,17,0,33,84,34,50,15.66,3.67,1.11,7.50,16.00,1.16,1.50,2.15,3.88,2.20,1.62,Estádio Do Dragão (Porto)
1727638200,Sep 29 2024 - 7:30pm,complete,N/A,Santa Clara,Boavista FC,Bruno Vieira,7,2.00,1.33,1.77,0.69,1,0,1,1,1,0,"36","",3,0,4,0,3,0,3,1,1,2,18,6,5,3,8,2,11,9,57,43,1.11,0.96,1.49,0.65,2.00,33,50,33,17,0,50,67,0,67,4.67,5.34,1.61,3.67,5.80,1.33,2.12,3.60,7.50,2.20,1.62,Estádio de São Miguel (Ponta Delgada- Ilha de São Miguel- Açores)
1727638200,Sep 29 2024 - 7:30pm,complete,N/A,Sporting Braga,Rio Ave FC,Cláudio Filipe Ruivo Pereira,7,1.33,0.00,1.85,0.62,4,0,4,2,2,0,"31,38,66,90'3","",4,5,0,0,2,0,0,0,1,1,19,16,10,5,8,6,13,10,53,47,1.53,0.70,2.14,1.32,2.50,50,84,33,33,0,34,50,67,84,13.33,4.67,1.43,4.56,6.69,1.20,1.69,2.75,4.60,1.95,1.80,Estádio Municipal de Braga (Braga)
1727723700,Sep 30 2024 - 7:15pm,complete,N/A,AVS,Farense,Fábio José Costa Veríssimo,7,2.33,0.00,1.08,0.77,0,0,0,0,0,0,"","",6,3,4,0,2,0,2,2,1,1,14,12,3,4,9,6,15,11,61,39,1.27,1.20,1.41,1.06,1.67,33,50,17,0,0,0,50,17,84,9.67,5.00,1.95,3.70,3.70,1.25,1.83,3.30,7.00,1.75,2.00,Estádio Clube Desportivo das Aves (Vila das Aves)
1728069300,Oct 04 2024 - 7:15pm,complete,N/A,Rio Ave FC,Famalicão,João António Ferreira Gonçalves,8,2.33,1.33,1.62,1.23,1,1,2,0,0,0,"75","52",11,7,4,0,3,0,2,2,1,2,18,9,8,4,5,2,18,13,46,54,1.41,1.08,1.65,1.02,2.00,33,50,50,17,0,17,84,33,50,12.00,3.33,2.60,3.30,2.60,1.36,1.90,4.50,9.00,1.95,1.80,Estádio do Rio Ave Futebol Clube (Vila do Conde)
1728138600,Oct 05 2024 - 2:30pm,complete,N/A,Gil Vicente,Estrela Amadora,Iancu Ioan Vasilica,8,1.67,0.33,1.23,0.54,3,0,3,2,2,0,"9,33,82","",0,8,2,0,1,0,0,2,0,1,4,6,2,2,2,4,14,15,44,56,1.45,0.91,0.51,0.90,2.00,50,50,17,17,17,17,50,33,67,9.67,6.00,1.92,3.48,4.13,1.30,1.85,3.34,6.30,1.95,1.80,Estádio Cidade de Barcelos (Barcelos)
1728138600,Oct 05 2024 - 2:30pm,complete,N/A,Moreirense FC,Santa Clara,Nuno Miguel Serrano Almeida,N/A,1.67,2.00,1.77,1.54,1,0,1,0,0,0,"79","",1,7,0,0,3,0,0,0,2,1,8,9,3,6,5,3,10,13,45,55,1.08,1.08,0.87,1.37,3.00,67,84,50,50,34,50,50,67,84,5.00,6.66,2.03,3.60,3.60,1.26,1.81,4.05,7.70,2.00,1.75,N/A
1728147600,Oct 05 2024 - 5:00pm,complete,N/A,FC Arouca,AVS,David Rafael Oliveira Silva,8,1.00,0.00,1.08,0.69,1,1,2,1,1,0,"30","77",5,7,3,0,2,0,1,2,1,1,9,10,2,4,7,6,6,9,47,53,0.83,0.97,1.05,1.18,2.84,34,67,67,17,17,50,100,33,67,7.67,7.33,2.22,3.77,2.99,1.25,1.90,3.30,7.00,1.80,1.95,Estádio Municipal de Arouca (Arouca)
1728156600,Oct 05 2024 - 7:30pm,complete,N/A,Sporting CP,Casa Pia,Miguel Bertolo Nogueira,8,3.00,1.33,2.62,1.08,2,0,2,1,1,0,"39,80","",5,3,1,0,2,0,0,1,1,1,14,6,5,4,9,2,9,10,80,20,2.10,1.07,1.94,0.79,2.50,33,84,50,17,0,34,50,50,100,9.34,3.33,1.14,9.65,13.75,1.07,1.40,2.01,2.99,2.25,1.57,Estádio José Alvalade (Lisboa)
1728225000,Oct 06 2024 - 2:30pm,complete,N/A,Farense,GD Estoril Praia,António Emanuel Carvalho Nobre,8,0.00,0.67,0.54,1.08,1,0,1,0,0,0,"90'5","",5,4,4,0,3,0,2,2,1,2,10,7,2,3,8,4,16,11,50,50,1.20,0.89,1.05,0.79,2.34,33,50,50,33,17,17,84,50,50,8.66,4.34,2.55,3.55,2.38,1.29,1.73,3.30,7.00,1.80,1.95,Estádio de São Lúis (Faro)
1728225000,Oct 06 2024 - 2:30pm,complete,N/A,Vitória Guimarães,Boavista FC,Luis Miguel Branco Godinho,8,2.00,1.00,2.00,0.69,2,2,4,1,1,0,"34,49","90'5,90'15",6,5,5,0,5,0,2,3,3,2,8,7,3,4,5,3,14,16,54,46,1.19,0.88,1.06,0.94,2.04,29,46,46,13,0,29,71,17,59,7.83,6.42,1.44,4.00,6.40,1.26,1.89,3.08,5.70,2.05,1.70,N/A
1728243000,Oct 06 2024 - 7:30pm,complete,N/A,Porto,Sporting Braga,João Pedro Silva Pinheiro,8,3.00,2.33,2.54,2.23,2,1,3,1,1,0,"45'1,59","54",1,5,2,0,2,0,1,1,1,1,5,13,2,3,3,10,14,6,45,55,2.36,1.51,0.70,1.43,2.17,13,67,54,13,0,13,42,54,54,15.33,2.67,1.64,4.01,4.85,1.16,1.65,2.45,4.25,1.70,2.05,Estádio Do Dragão (Porto)
1729878300,Oct 25 2024 - 5:45pm,complete,1004,Casa Pia,CD Nacional,David Rafael Oliveira Silva,9,1.00,0.50,1.69,0.46,1,0,1,1,1,0,"39","",7,7,3,1,3,0,0,4,0,3,15,20,6,7,7,13,17,12,43,57,1.21,1.21,1.44,2.10,1.63,38,50,13,13,0,0,63,25,63,8.50,6.75,2.10,3.30,3.60,1.36,2.25,3.75,7.50,1.95,1.80,Estádio Municipal de Rio Maior (Rio Maior)
1729885500,Oct 25 2024 - 7:45pm,complete,N/A,Santa Clara,Gil Vicente,Anzhony Francisco Gonçalves Rodrigues,9,2.25,0.50,1.77,0.54,2,1,3,3,2,1,"13,38","28",6,4,3,0,5,0,0,3,1,4,16,11,4,2,9,5,16,17,33,67,1.21,0.88,1.30,0.98,2.25,38,63,38,13,13,38,75,25,63,4.25,4.50,1.83,3.29,4.44,1.47,2.20,4.75,9.50,2.05,1.70,Estádio de São Miguel (Ponta Delgada- Ilha de São Miguel- Açores)
1729953000,Oct 26 2024 - 2:30pm,complete,N/A,GD Estoril Praia,FC Arouca,Carlos André Fernandes Macedo,9,1.00,0.75,1.69,1.15,4,1,5,3,2,1,"30,42,64,90","24",6,9,4,0,2,0,2,2,1,1,13,14,6,5,5,7,19,14,34,66,0.89,0.97,1.35,1.44,2.38,25,50,50,38,13,38,75,25,50,8.50,6.50,2.87,3.20,2.40,1.44,2.10,4.50,9.00,1.95,1.80,Estádio António Coimbra da Mota (Estoril)
1729962000,Oct 26 2024 - 5:00pm,complete,N/A,Boavista FC,Moreirense FC,André Filipe Domingues Narciso,9,0.33,0.75,0.46,0.62,0,2,2,1,0,1,"","20,90'2",4,3,1,0,3,0,1,0,1,2,11,18,4,9,5,7,17,14,50,50,1.15,1.26,1.18,1.84,2.42,50,67,67,25,0,29,84,38,67,9.25,5.08,3.30,3.20,2.08,1.50,2.43,5.00,10.00,2.05,1.70,Estádio do Bessa Século XXI (Porto)
1729971000,Oct 26 2024 - 7:30pm,complete,N/A,Famalicão,Sporting CP,Fábio José Costa Veríssimo,9,2.00,3.00,1.38,2.15,0,3,3,0,0,0,"","57,63,86",4,8,1,0,1,0,0,1,1,0,8,34,2,14,4,9,7,10,37,63,1.24,1.97,0.73,2.91,2.88,25,75,50,25,25,38,88,38,75,13.25,2.00,7.50,4.60,1.34,1.25,1.76,3.10,5.50,2.20,1.62,Estádio Municipal 22 de Junho (Vila Nova de Famalicão)
1730043000,Oct 27 2024 - 3:30pm,complete,N/A,Sporting Braga,Farense,N/A,N/A,1.75,0.25,1.85,0.77,2,0,2,1,1,0,"41,70","",10,3,1,0,2,0,0,1,0,2,19,5,7,3,7,1,12,12,72,28,1.68,1.17,2.01,0.62,2.25,38,75,38,25,0,13,50,63,75,12.50,4.25,1.34,4.66,6.63,1.20,1.55,2.30,4.57,1.95,1.80,N/A
1730052000,Oct 27 2024 - 6:00pm,complete,N/A,Benfica,Rio Ave FC,Tiago Bruno Lopes Martins,9,3.00,0.00,2.77,0.62,5,0,5,3,3,0,"12,16,45'2,79,81","",8,2,1,0,1,0,1,0,1,0,30,5,15,0,8,4,12,10,62,38,2.16,0.86,3.15,0.38,3.25,38,75,63,50,25,63,75,63,75,15.00,3.50,1.19,7.14,15.02,1.14,1.42,2.20,3.75,2.10,1.67,Estádio do Sport Lisboa e Benfica (da Luz) (Lisboa)
1730061000,Oct 27 2024 - 8:30pm,complete,N/A,Estrela Amadora,Vitória Guimarães,António Emanuel Carvalho Nobre,9,1.00,1.75,1.23,1.15,2,2,4,2,1,1,"45'1,84","43,69",3,4,2,0,3,0,0,2,1,2,8,11,3,4,5,4,17,17,39,61,1.20,1.45,0.94,1.21,2.13,38,63,38,13,0,25,63,25,88,9.75,4.50,4.57,3.41,1.81,1.42,2.23,4.33,8.50,2.05,1.70,Estádio José Gomes (Amadora)
1730146500,Oct 28 2024 - 8:15pm,complete,N/A,AVS,Porto,Miguel Bertolo Nogueira,9,2.00,2.00,1.08,1.54,0,5,5,4,0,4,"","22,32,38,45'1,88",2,3,2,0,1,0,1,1,0,1,3,5,0,3,3,2,8,11,40,60,1.30,1.15,0.38,1.03,1.67,13,63,17,0,0,17,29,34,71,7.92,7.00,9.00,5.00,1.30,1.22,1.65,3.10,5.50,2.20,1.62,Estádio Clube Desportivo das Aves (Vila das Aves)
1730492100,Nov 01 2024 - 8:15pm,complete,N/A,Sporting CP,Estrela Amadora,Bruno Vieira,10,3.00,0.25,2.62,0.54,5,1,6,4,3,1,"19,31,42,70,85","35",12,2,0,0,4,0,0,0,3,1,21,11,9,7,5,3,14,15,64,36,2.06,0.91,1.88,1.33,2.25,25,75,38,13,0,38,63,38,88,11.00,4.00,1.11,11.00,21.00,1.07,1.28,1.85,2.65,2.38,1.53,Estádio José Alvalade (Lisboa)
1730561400,Nov 02 2024 - 3:30pm,complete,N/A,Rio Ave FC,Casa Pia,António Emanuel Carvalho Nobre,10,2.00,1.00,1.62,1.08,2,2,4,4,2,2,"16,39","3,28",3,2,3,0,3,0,1,2,1,2,14,11,6,3,3,5,14,19,47,53,1.47,1.00,1.25,0.96,2.00,38,63,25,13,0,0,63,38,75,11.75,4.00,2.06,3.11,3.76,1.44,2.33,4.50,9.50,2.00,1.75,Estádio do Rio Ave Futebol Clube (Vila do Conde)
1730570400,Nov 02 2024 - 6:00pm,complete,N/A,Farense,Benfica,Cláudio Filipe Ruivo Pereira,N/A,0.75,1.33,0.54,2.00,1,2,3,2,1,1,"15","21,54",3,8,1,0,0,0,0,1,0,0,11,19,5,8,3,6,10,5,30,70,1.17,1.62,1.10,2.13,2.42,29,75,42,13,13,29,71,42,88,11.92,5.25,8.68,5.79,1.26,1.12,1.40,2.15,3.40,1.95,1.80,N/A
1730579400,Nov 02 2024 - 8:30pm,complete,N/A,Gil Vicente,Boavista FC,Sérgio José dos Santos Guelho,10,2.00,1.00,1.23,0.69,1,2,3,0,0,0,"72","48,51",7,2,3,0,2,0,0,3,1,1,18,14,3,6,12,7,14,11,67,33,1.21,0.89,1.49,1.45,2.48,45,58,45,33,13,35,78,23,68,5.95,5.45,1.68,3.56,4.95,1.38,2.13,3.80,7.50,2.00,1.73,Estádio Cidade de Barcelos (Barcelos)
1730647800,Nov 03 2024 - 3:30pm,complete,N/A,AVS,Famalicão,Luis Miguel Branco Godinho,10,1.60,1.25,1.08,1.23,2,3,5,4,2,2,"6,30","14,17,77",4,0,4,0,1,0,1,3,1,0,14,19,7,7,6,10,18,11,46,54,1.12,1.07,1.57,1.84,1.90,35,58,35,10,10,23,45,25,78,9.05,5.30,3.10,3.08,2.47,1.50,2.43,4.50,9.00,1.95,1.77,Estádio Clube Desportivo das Aves (Vila das Aves)
1730656800,Nov 03 2024 - 6:00pm,complete,N/A,Vitória Guimarães,Moreirense FC,Miguel Bertolo Nogueira,N/A,1.75,1.20,2.00,0.62,1,0,1,0,0,0,"64","",9,4,0,0,1,0,0,0,0,1,11,10,5,3,5,3,17,16,54,46,1.16,1.37,1.36,0.80,2.98,65,88,78,33,0,23,88,55,88,10.25,6.80,1.76,3.52,5.00,1.45,2.40,4.50,9.50,2.20,1.62,N/A
1730656800,Nov 03 2024 - 6:00pm,complete,N/A,FC Arouca,Sporting Braga,Ricardo Baixinho,10,1.00,1.75,1.08,2.23,1,2,3,1,0,1,"90","16,54",12,4,3,0,2,0,3,0,1,1,14,17,4,4,5,8,10,15,61,39,0.89,1.49,1.29,1.46,1.75,25,50,38,0,0,0,75,38,50,11.50,5.50,4.00,3.90,1.83,1.22,1.70,2.90,5.00,1.70,2.05,Estádio Municipal de Arouca (Arouca)
1730665800,Nov 03 2024 - 8:30pm,complete,N/A,Porto,GD Estoril Praia,David Rafael Oliveira Silva,10,3.00,0.50,2.54,1.08,4,0,4,2,2,0,"19,28,77,87","",9,5,0,0,2,0,0,0,1,1,17,13,10,6,4,4,7,9,69,31,2.03,0.86,2.03,1.30,2.25,33,63,53,23,0,10,55,53,65,10.90,3.95,1.15,7.90,18.00,1.14,1.42,2.17,3.45,2.15,1.62,Estádio Do Dragão (Porto)
1730751300,Nov 04 2024 - 8:15pm,complete,N/A,CD Nacional,Santa Clara,Fábio José Costa Veríssimo,10,1.00,1.50,1.77,1.54,2,0,2,2,2,0,"9,13","",2,6,4,0,7,0,1,3,2,5,9,23,5,7,2,5,15,14,34,66,1.22,1.16,0.93,1.71,3.63,42,88,59,42,42,42,59,71,100,7.67,5.58,3.30,3.20,2.25,1.45,2.20,4.75,9.50,2.00,1.75,Estádio da Madeira (Funchal (Ilha da Madeira))
1731096900,Nov 08 2024 - 8:15pm,complete,N/A,Moreirense FC,Gil Vicente,Ricardo Baixinho,11,2.00,0.40,1.77,0.54,3,2,5,1,0,1,"65,70,87","25,47",3,4,2,0,5,0,2,0,2,3,13,12,9,6,4,5,19,22,53,47,1.03,0.90,1.75,1.46,2.28,55,65,43,23,10,33,53,33,68,4.75,4.70,2.13,2.24,5.18,1.45,2.30,4.50,9.00,2.00,1.73,Parque Desportivo Comendador Joaquim de Almeida Freitas (Moreira de Cónegos)
1731166200,Nov 09 2024 - 3:30pm,complete,N/A,GD Estoril Praia,AVS,N/A,11,1.40,0.25,1.69,0.69,0,0,0,0,0,0,"","",10,6,2,0,0,0,0,2,0,0,7,6,4,3,3,3,12,10,51,49,0.99,1.02,1.06,0.89,3.15,58,80,68,33,33,68,90,33,80,7.05,6.60,2.44,3.18,3.06,1.45,2.25,4.50,9.00,1.95,1.77,Estádio António Coimbra da Mota (Estoril)
1731166200,Nov 09 2024 - 3:30pm,complete,1202,Casa Pia,Farense,Carlos André Fernandes Macedo,11,1.40,0.20,1.69,0.77,1,1,2,2,1,1,"32","7",4,2,4,0,3,0,1,3,1,2,14,9,3,4,6,2,13,16,64,36,1.25,1.06,1.12,0.83,1.80,30,60,20,10,0,0,60,30,70,10.40,5.80,2.09,3.34,3.65,1.42,2.20,4.20,8.50,1.95,1.77,Estádio Municipal de Rio Maior (Rio Maior)
1731175200,Nov 09 2024 - 6:00pm,complete,N/A,Famalicão,FC Arouca,Miguel Bertolo Nogueira,11,1.60,0.60,1.38,1.15,0,0,0,0,0,0,"","",4,8,5,0,3,0,1,4,1,2,7,10,3,2,1,4,19,13,50,50,1.13,1.06,0.86,0.78,2.30,30,60,40,30,10,20,70,30,60,11.40,4.20,1.91,3.54,4.07,1.42,2.25,4.33,8.50,1.95,1.75,Estádio Municipal 22 de Junho (Vila Nova de Famalicão)
1731184200,Nov 09 2024 - 8:30pm,complete,N/A,Boavista FC,Rio Ave FC,N/A,N/A,0.25,0.00,0.46,0.62,0,2,2,1,0,1,"","5,76",7,2,4,1,3,1,1,4,2,2,25,7,5,3,11,2,10,17,52,48,1.16,0.76,1.79,0.71,2.35,10,65,43,30,10,53,78,30,65,9.15,3.80,2.81,3.22,2.58,1.42,2.25,4.33,8.50,1.90,1.80,N/A
1731252600,Nov 10 2024 - 3:30pm,complete,3386,Estrela Amadora,CD Nacional,N/A,11,1.00,0.40,1.23,0.46,2,0,2,0,0,0,"77,86","",10,4,1,0,1,0,0,1,1,0,18,16,4,5,12,8,10,12,51,49,1.15,1.39,1.62,1.36,2.00,40,50,40,20,0,30,80,20,60,7.60,5.80,2.20,3.30,3.25,1.38,2.00,3.85,7.50,1.83,1.85,Estádio José Gomes (Amadora)
1731256200,Nov 10 2024 - 4:30pm,complete,N/A,Santa Clara,Vitória Guimarães,Gustavo Fernandes Correia,11,2.40,1.60,1.77,1.15,1,0,1,0,0,0,"80","",9,4,5,0,4,1,1,4,2,3,22,6,8,3,12,1,17,19,37,63,1.23,1.40,2.18,0.75,2.00,40,60,30,10,0,40,70,20,60,9.00,5.20,3.00,3.00,2.50,1.51,2.40,5.00,9.50,2.05,1.70,Estádio de São Miguel (Ponta Delgada- Ilha de São Miguel- Açores)
1731264300,Nov 10 2024 - 6:45pm,complete,N/A,Sporting Braga,Sporting CP,Luis Miguel Branco Godinho,11,2.00,3.00,1.85,2.15,2,4,6,2,2,0,"20,45","58,81,89,90'4",0,5,5,0,4,0,2,3,1,3,4,14,3,7,0,5,20,13,29,71,1.75,2.15,0.50,1.73,3.50,30,100,70,40,20,40,70,80,100,15.40,2.40,5.00,4.00,1.62,1.20,1.60,2.55,4.50,1.62,2.15,Estádio Municipal de Braga (Braga)
1731271500,Nov 10 2024 - 8:45pm,complete,N/A,Benfica,Porto,Jose Antonio De Almeida Pinheiro,11,3.00,2.25,2.77,1.54,4,1,5,2,1,1,"30,56,61,82","44",2,2,2,0,6,0,1,1,1,5,17,9,8,4,5,4,10,13,48,52,2.36,1.12,1.63,1.01,3.50,20,90,65,43,43,55,65,65,78,13.10,4.65,2.13,3.48,3.38,1.30,1.95,3.40,6.50,1.73,2.00,Estádio do Sport Lisboa e Benfica (da Luz) (Lisboa)
1732911300,Nov 29 2024 - 8:15pm,complete,N/A,Farense,Estrela Amadora,João Pedro Silva Pinheiro,12,0.60,0.20,0.54,0.54,1,0,1,1,1,0,"23","",3,6,4,0,2,0,0,4,2,0,13,14,3,4,7,7,20,19,41,59,1.15,0.99,1.08,1.29,2.60,40,60,50,20,20,40,70,40,80,9.60,5.20,2.18,3.37,2.90,1.44,2.02,4.50,9.50,2.00,1.75,Estádio de São Lúis (Faro)
1732980600,Nov 30 2024 - 3:30pm,complete,N/A,Rio Ave FC,Moreirense FC,Carlos André Fernandes Macedo,12,1.80,1.00,1.62,0.62,3,2,5,1,1,0,"26,46,90'4","49,65",2,4,3,0,3,0,0,3,1,2,13,12,5,3,6,7,15,17,47,53,1.42,1.28,1.26,1.13,2.62,64,72,54,37,0,19,82,45,70,11.20,4.50,2.65,3.01,2.37,1.45,2.20,4.50,9.50,2.00,1.75,Estádio do Rio Ave Futebol Clube (Vila do Conde)
1732989600,Nov 30 2024 - 6:00pm,complete,N/A,CD Nacional,Boavista FC,Iancu Ioan Vasilica,12,1.50,1.33,1.77,0.69,0,0,0,0,0,0,"","",4,7,1,0,2,0,1,0,1,1,25,10,9,3,9,4,14,15,62,38,1.15,0.99,2.04,0.97,2.92,38,75,50,29,13,34,71,42,71,6.17,5.75,1.91,3.07,3.57,1.36,2.00,3.75,7.50,1.95,1.80,Estádio da Madeira (Funchal (Ilha da Madeira))
1732998600,Nov 30 2024 - 8:30pm,complete,N/A,Sporting CP,Santa Clara,Cláudio Filipe Ruivo Pereira,12,3.00,1.20,2.62,1.54,0,1,1,1,0,1,"","33",8,2,2,0,8,0,0,2,4,4,22,5,5,4,9,1,9,18,74,26,2.02,1.27,2.00,0.73,3.20,40,90,50,40,30,60,70,60,90,10.40,4.80,1.17,5.80,11.08,1.18,1.60,2.25,4.75,2.50,1.50,Estádio José Alvalade (Lisboa)
1733067000,Dec 01 2024 - 3:30pm,complete,N/A,GD Estoril Praia,Famalicão,João António Ferreira Gonçalves,12,1.33,1.60,1.69,1.23,2,1,3,3,2,1,"5,30","45'1",5,7,2,0,4,0,1,1,1,3,12,5,4,0,8,5,16,17,46,54,1.00,1.22,1.30,0.53,2.47,47,65,55,27,27,45,64,37,65,9.03,5.53,3.25,3.10,2.25,1.47,2.30,4.75,9.50,2.05,1.70,Estádio António Coimbra da Mota (Estoril)
1733076000,Dec 01 2024 - 6:00pm,complete,N/A,FC Arouca,Benfica,Luis Miguel Branco Godinho,12,0.80,1.75,1.08,2.00,0,2,2,1,0,1,"","12,71",5,6,2,0,3,0,2,0,1,2,14,15,6,9,6,2,15,10,49,51,0.97,1.74,1.49,1.69,2.25,45,80,45,0,0,25,88,33,80,13.80,5.85,11.00,6.00,1.22,1.16,1.57,2.43,4.20,2.00,1.75,Estádio Municipal de Arouca (Arouca)
1733085000,Dec 01 2024 - 8:30pm,complete,N/A,AVS,Sporting Braga,António Emanuel Carvalho Nobre,12,1.33,2.00,1.08,2.23,0,1,1,0,0,0,"","69",2,9,3,1,1,0,1,3,1,0,7,21,2,9,3,4,12,16,31,69,1.19,1.49,0.65,1.86,2.17,37,55,47,17,17,17,55,30,72,9.43,4.80,5.10,4.10,1.56,1.25,1.87,3.10,6.00,1.91,1.91,Estádio Clube Desportivo das Aves (Vila das Aves)
1733165100,Dec 02 2024 - 6:45pm,complete,N/A,Vitória Guimarães,Gil Vicente,Tiago Bruno Lopes Martins,12,2.00,0.33,2.00,0.54,4,0,4,1,1,0,"45,46,59,87","",9,2,1,0,2,0,0,1,0,2,20,4,6,0,6,4,19,10,53,47,1.20,0.99,1.67,0.35,2.79,54,72,64,27,17,27,72,45,74,9.13,5.87,1.70,3.50,4.75,1.36,1.95,3.75,7.50,2.00,1.75,Estádio Dom Afonso Henriques (Guimarães)
1733172300,Dec 02 2024 - 8:45pm,complete,N/A,Porto,Casa Pia,Hélder Miguel Azevedo Malheiro,12,3.00,1.00,2.54,1.08,2,0,2,0,0,0,"51,55","",8,6,3,0,0,0,0,3,0,0,18,11,10,4,5,3,14,13,64,36,2.03,0.99,2.06,0.97,2.79,37,90,62,27,0,27,64,52,82,10.87,3.40,1.16,6.50,13.00,1.15,1.50,2.25,4.00,2.10,1.67,Estádio Do Dragão (Porto)
1733429700,Dec 05 2024 - 8:15pm,complete,N/A,Moreirense FC,Sporting CP,António Emanuel Carvalho Nobre,13,2.20,3.00,1.77,2.15,2,1,3,3,2,1,"19,35","12",4,6,3,0,1,0,1,2,1,0,9,18,5,4,2,8,17,15,31,69,1.17,2.08,0.99,1.69,3.45,47,80,70,45,35,44,62,62,90,9.97,3.57,8.00,5.00,1.36,1.25,1.75,2.95,5.50,2.05,1.70,Parque Desportivo Comendador Joaquim de Almeida Freitas (Moreira de Cónegos)
1733516100,Dec 06 2024 - 8:15pm,complete,N/A,Sporting Braga,GD Estoril Praia,Bruno Vieira,13,1.67,0.40,1.85,1.08,2,2,4,1,1,0,"16,56","68,82",3,2,3,0,5,0,0,3,0,5,17,12,8,4,5,6,18,21,48,52,1.54,0.95,1.63,1.13,2.67,35,70,45,45,9,27,64,62,80,10.30,4.93,1.38,4.98,7.80,1.17,1.65,2.55,4.50,1.95,1.81,Estádio Municipal de Braga (Braga)
1733585400,Dec 07 2024 - 3:30pm,complete,N/A,Gil Vicente,CD Nacional,Pedro Miguel Torres Ramalho,13,1.60,0.33,1.23,0.46,2,1,3,1,1,0,"7,90'7","50",6,7,3,0,4,0,0,3,2,2,18,20,5,7,8,4,13,17,56,44,1.27,1.39,1.41,1.48,1.99,39,57,30,10,10,20,64,29,57,8.40,5.40,2.01,3.50,3.72,1.33,2.05,3.60,7.00,1.91,1.91,Estádio Cidade de Barcelos (Barcelos)
1733594400,Dec 07 2024 - 6:00pm,complete,N/A,Santa Clara,Rio Ave FC,João Pedro Silva Pinheiro,13,2.50,0.50,1.77,0.62,1,0,1,1,1,0,"36","",6,2,2,0,4,0,0,2,1,3,11,5,5,3,3,2,18,17,43,57,1.38,0.75,1.14,0.77,2.42,25,67,42,25,9,59,75,25,67,8.33,5.66,1.91,3.44,4.20,1.36,2.17,3.66,6.45,2.03,1.70,Estádio de São Miguel (Ponta Delgada- Ilha de São Miguel- Açores)
1733594400,Dec 07 2024 - 6:00pm,complete,58839,Benfica,Vitória Guimarães,Miguel Bertolo Nogueira,13,3.00,1.33,2.77,1.15,1,0,1,1,1,0,"29","",6,9,3,0,1,0,1,2,1,0,9,11,2,3,3,6,9,13,55,45,2.24,1.29,0.78,1.07,3.00,42,67,50,42,34,42,67,58,83,13.66,4.33,1.32,5.50,8.90,1.20,1.64,2.75,4.75,2.00,1.75,Estádio do Sport Lisboa e Benfica (da Luz) (Lisboa)
1733603400,Dec 07 2024 - 8:30pm,complete,N/A,Famalicão,Porto,Luis Miguel Branco Godinho,13,1.50,1.80,1.38,1.54,1,1,2,1,1,0,"44","52",3,5,2,0,3,0,1,1,0,3,5,18,3,6,1,5,13,19,31,69,1.09,1.10,0.60,1.79,2.37,19,75,39,20,20,30,55,39,65,8.37,5.80,6.90,4.33,1.48,1.28,1.93,3.30,6.50,2.00,1.75,Estádio Municipal 22 de Junho (Vila Nova de Famalicão)
1733671800,Dec 08 2024 - 3:30pm,complete,N/A,Boavista FC,Farense,David Rafael Oliveira Silva,13,0.20,0.33,0.46,0.77,1,1,2,0,0,0,"90'5","52",5,4,2,1,3,1,0,3,0,4,13,13,4,6,9,7,7,16,53,47,1.28,1.02,1.53,1.45,1.64,17,64,19,0,0,19,74,9,55,9.53,5.13,2.46,3.15,3.02,1.44,2.00,4.50,9.00,1.95,1.80,Estádio do Bessa Século XXI (Porto)
1733680800,Dec 08 2024 - 6:00pm,complete,N/A,Casa Pia,AVS,N/A,N/A,1.33,0.40,1.69,0.69,1,1,2,1,1,0,"12","72",6,3,0,0,4,0,0,0,1,3,13,8,6,4,3,3,13,14,46,54,1.23,1.00,1.32,0.99,2.40,55,74,39,19,10,39,74,27,74,9.13,6.07,2.00,3.25,3.80,1.44,2.20,4.50,9.00,2.00,1.75,Estádio Municipal de Rio Maior (Rio Maior)
1733775300,Dec 09 2024 - 8:15pm,complete,N/A,Estrela Amadora,FC Arouca,Fábio José Costa Veríssimo,13,1.33,0.67,1.23,1.15,2,1,3,1,0,1,"58,68","4",2,7,4,0,2,0,2,2,1,1,11,11,3,5,5,4,13,19,46,54,1.23,1.02,0.96,1.22,2.67,42,67,59,42,9,42,67,42,75,11.00,5.00,2.50,3.30,2.63,1.38,2.14,4.00,8.00,1.91,1.91,Estádio José Gomes (Amadora)
1734190200,Dec 14 2024 - 3:30pm,complete,N/A,Farense,Gil Vicente,N/A,14,1.00,0.29,0.54,0.54,0,1,1,0,0,0,"","47",7,1,3,0,2,1,0,3,1,2,17,8,3,3,9,3,13,15,49,51,1.14,0.90,1.36,0.84,2.81,45,68,61,30,23,31,85,45,69,6.79,4.90,2.82,2.95,2.59,1.48,2.22,4.50,9.00,1.95,1.77,Estádio de São Lúis (Faro)
1734199200,Dec 14 2024 - 6:00pm,complete,N/A,CD Nacional,Moreirense FC,Sérgio José dos Santos Guelho,N/A,1.40,0.86,1.77,0.62,1,0,1,0,0,0,"55","",10,2,0,0,3,0,0,0,1,2,13,6,6,3,7,3,13,12,44,56,1.33,1.26,1.56,0.81,2.97,46,83,56,32,17,27,73,49,80,8.00,4.97,2.67,3.15,2.59,1.40,2.25,4.20,8.00,1.85,1.85,N/A
1734208200,Dec 14 2024 - 8:30pm,complete,N/A,Sporting CP,Boavista FC,Fábio José Costa Veríssimo,14,2.50,1.29,2.62,0.69,3,2,5,2,1,1,"23,49,66","43,58",10,1,3,0,3,0,1,2,0,3,23,9,8,3,15,6,11,6,72,28,2.02,0.98,2.69,0.94,2.50,38,63,47,31,9,32,70,40,70,9.86,3.86,1.07,11.00,18.00,1.08,1.28,1.73,2.55,2.15,1.62,Estádio José Alvalade (Lisboa)
1734276600,Dec 15 2024 - 3:30pm,complete,N/A,FC Arouca,Santa Clara,André Filipe Domingues Narciso,14,0.67,1.50,1.08,1.54,1,0,1,0,0,0,"67","",7,2,2,0,2,0,0,2,0,2,13,6,4,2,7,2,17,18,51,49,1.05,1.18,1.17,0.57,2.34,33,67,33,17,17,25,84,42,67,9.83,8.00,3.10,3.00,2.26,1.45,2.22,4.50,9.00,2.00,1.75,Estádio Municipal de Arouca (Arouca)
1734285600,Dec 15 2024 - 6:00pm,complete,N/A,AVS,Benfica,João António Ferreira Gonçalves,14,1.14,2.00,1.08,2.00,1,1,2,1,0,1,"90'4","17",0,3,2,0,2,0,1,1,1,1,19,14,8,5,9,6,8,13,41,59,1.11,1.73,1.94,1.51,2.27,35,72,35,15,15,35,62,10,93,10.37,5.69,13.00,7.30,1.15,1.15,1.47,2.33,3.70,2.20,1.60,Estádio Clube Desportivo das Aves (Vila das Aves)
1734294600,Dec 15 2024 - 8:30pm,complete,N/A,GD Estoril Praia,Casa Pia,Tiago Bruno Lopes Martins,14,1.57,0.83,1.69,1.08,0,2,2,0,0,0,"","56,63",5,4,4,0,3,0,3,1,0,3,15,11,6,5,6,5,14,16,54,46,1.04,0.99,1.42,1.27,2.38,38,70,45,23,15,37,61,31,63,8.53,5.14,2.60,3.30,2.60,1.42,2.27,4.20,8.50,1.85,1.83,Estádio António Coimbra da Mota (Estoril)
1734374700,Dec 16 2024 - 6:45pm,complete,N/A,Sporting Braga,Famalicão,Hélder Miguel Azevedo Malheiro,14,1.57,1.33,1.85,1.23,3,3,6,1,0,1,"62,77,90'4","45'3,56,70",10,3,0,0,1,0,0,0,0,1,24,11,9,9,9,2,12,14,56,44,1.55,1.11,2.25,1.45,3.05,62,92,62,37,16,40,69,60,84,10.67,4.93,1.54,4.14,5.88,1.28,1.89,3.20,6.00,2.00,1.75,Estádio Municipal de Braga (Braga)
1734380100,Dec 16 2024 - 8:15pm,complete,N/A,Porto,Estrela Amadora,Miguel Bertolo Nogueira,14,3.00,0.17,2.54,0.54,2,0,2,1,1,0,"12,90'3","",11,4,0,0,2,1,0,0,1,2,13,6,5,0,8,6,17,19,70,30,2.03,1.04,1.63,0.56,2.67,31,75,52,23,9,31,62,60,77,12.71,4.29,1.14,7.40,15.00,1.14,1.50,2.20,3.75,2.50,1.50,Estádio Do Dragão (Porto)
1734381900,Dec 16 2024 - 8:45pm,complete,N/A,Rio Ave FC,Vitória Guimarães,António Emanuel Carvalho Nobre,14,2.00,1.14,1.62,1.15,2,2,4,2,2,0,"6,38","51,58",0,2,2,0,1,0,0,2,0,1,6,17,5,6,1,8,9,13,37,63,1.40,1.26,0.95,1.86,2.27,48,55,32,32,9,16,70,40,61,12.19,4.74,3.65,3.25,2.01,1.40,2.15,4.20,8.00,1.95,1.80,Estádio do Rio Ave Futebol Clube (Vila do Conde)
1734627600,Dec 19 2024 - 5:00pm,complete,N/A,CD Nacional,Benfica,Gustavo Fernandes Correia,8,1.67,1.83,1.77,2.00,0,2,2,0,0,0,"","59,74",4,11,2,0,4,0,1,1,2,2,6,17,2,8,0,5,12,9,33,67,1.37,1.70,0.41,1.72,2.42,34,84,33,9,9,33,67,25,84,11.17,4.33,9.00,5.75,1.24,1.08,1.42,1.94,3.20,1.80,1.95,Estádio da Madeira (Funchal (Ilha da Madeira))
1734725700,Dec 20 2024 - 8:15pm,complete,N/A,Casa Pia,FC Arouca,Anzhony Francisco Gonçalves Rodrigues,N/A,1.29,0.57,1.69,1.15,3,1,4,2,2,0,"19,20,88","63",3,4,2,0,3,0,0,2,1,2,11,10,7,5,2,2,9,12,42,58,1.24,1.04,1.26,1.16,2.29,50,64,36,29,7,22,71,36,64,11.86,5.85,2.40,3.10,3.10,1.40,2.40,4.00,8.00,1.85,1.85,Estádio Municipal de Rio Maior (Rio Maior)
1734795000,Dec 21 2024 - 3:30pm,complete,N/A,Famalicão,Farense,Miguel Bertolo Nogueira,15,1.43,0.43,1.38,0.77,1,2,3,1,0,1,"80","30,47",7,4,3,0,6,0,1,2,2,4,12,8,2,6,8,1,5,19,74,26,1.02,1.08,1.17,1.06,1.57,36,64,14,0,0,7,57,22,57,9.15,4.57,1.79,2.21,9.78,1.42,2.32,4.20,8.50,2.05,1.70,Estádio Municipal 22 de Junho (Vila Nova de Famalicão)
1734804000,Dec 21 2024 - 6:00pm,complete,N/A,Boavista FC,AVS,Cláudio Filipe Ruivo Pereira,15,0.33,0.50,0.46,0.69,0,0,0,0,0,0,"","",5,1,1,0,2,0,0,1,1,1,16,8,5,2,8,4,9,14,44,56,1.33,1.00,1.51,0.84,2.17,42,75,34,9,9,34,75,17,75,8.84,5.50,1.90,3.86,3.09,1.42,2.25,4.20,8.50,1.91,1.80,Estádio do Bessa Século XXI (Porto)
1734813000,Dec 21 2024 - 8:30pm,complete,N/A,Moreirense FC,Porto,Fábio José Costa Veríssimo,15,2.33,1.67,1.77,1.54,0,3,3,1,0,1,"","16,66,88",2,4,3,0,4,0,1,2,1,3,9,13,3,8,5,3,17,12,47,53,1.14,1.21,0.90,1.57,2.84,50,84,50,33,25,42,59,42,75,6.50,6.17,4.48,4.10,1.56,1.30,2.03,3.55,7.00,2.08,1.71,Parque Desportivo Comendador Joaquim de Almeida Freitas (Moreira de Cónegos)
1734886800,Dec 22 2024 - 5:00pm,complete,N/A,Santa Clara,Sporting Braga,Tiago Bruno Lopes Martins,15,2.57,2.17,1.77,2.23,0,2,2,0,0,0,"","51,77",2,2,2,1,5,0,2,1,1,4,13,13,7,6,3,5,14,15,29,71,1.35,1.55,1.29,1.52,1.77,31,47,40,0,0,22,61,25,55,10.74,4.81,3.17,3.30,2.31,1.40,2.15,4.20,8.00,1.85,1.85,Estádio de São Miguel (Ponta Delgada- Ilha de São Miguel- Açores)
1734899400,Dec 22 2024 - 8:30pm,complete,N/A,Gil Vicente,Sporting CP,André Filipe Domingues Narciso,15,1.83,2.57,1.23,2.15,0,0,0,0,0,0,"","",3,8,3,0,1,0,1,2,0,1,4,15,2,8,2,4,12,11,36,64,1.29,2.03,0.63,1.86,3.56,55,92,84,30,30,52,77,61,85,11.67,3.64,11.00,6.00,1.25,1.16,1.62,2.30,4.20,1.87,1.90,Estádio Cidade de Barcelos (Barcelos)
1734979500,Dec 23 2024 - 6:45pm,complete,N/A,Vitória Guimarães,CD Nacional,João Pedro Silva Pinheiro,15,2.17,0.29,2.00,0.46,2,2,4,2,1,1,"24,49","9,90'3",7,1,1,0,1,0,0,1,1,0,17,9,4,3,6,5,15,11,59,41,1.28,1.40,1.43,0.95,2.05,31,55,41,17,0,9,69,40,63,11.60,5.97,1.50,4.00,6.25,1.30,1.90,3.45,6.50,2.05,1.70,Estádio Dom Afonso Henriques (Guimarães)
1734979500,Dec 23 2024 - 6:45pm,complete,N/A,Benfica,GD Estoril Praia,António Emanuel Carvalho Nobre,15,3.00,0.50,2.77,1.08,3,0,3,1,1,0,"28,73,90'4","",4,1,1,0,1,0,0,1,1,0,17,12,7,3,7,8,11,13,59,41,2.03,0.98,1.85,1.10,3.02,38,61,61,54,29,37,77,61,69,11.50,4.71,1.06,10.00,21.00,1.09,1.33,1.90,3.00,2.35,1.53,Estádio do Sport Lisboa e Benfica (da Luz) (Lisboa)
1734986700,Dec 23 2024 - 8:45pm,complete,N/A,Estrela Amadora,Rio Ave FC,Iancu Ioan Vasilica,15,1.57,0.43,1.23,0.62,1,0,1,1,1,0,"36","",5,6,4,0,3,1,0,4,0,4,9,20,5,7,2,3,17,16,36,64,1.19,0.76,1.03,1.60,2.79,36,79,57,36,7,50,79,50,86,8.00,5.00,2.45,3.05,2.85,1.38,2.10,3.80,7.50,1.80,1.91,Estádio José Gomes (Amadora)
1735330500,Dec 27 2024 - 8:15pm,complete,N/A,FC Arouca,Gil Vicente,Cláudio Filipe Ruivo Pereira,16,1.00,0.63,1.08,0.54,1,1,2,0,0,0,"81","64",5,7,0,0,1,0,0,0,0,1,11,8,6,4,3,2,21,11,48,52,1.07,0.90,1.20,0.87,2.43,40,66,46,19,13,13,81,40,73,8.70,5.89,2.30,3.10,3.25,1.42,2.30,4.33,8.50,1.91,1.80,Estádio Municipal de Arouca (Arouca)
1735399800,Dec 28 2024 - 3:30pm,complete,N/A,AVS,Estrela Amadora,Pedro Miguel Torres Ramalho,16,1.13,0.14,1.08,0.54,1,1,2,1,0,1,"52","8",7,6,2,0,2,0,1,1,1,1,13,18,7,6,3,9,13,12,60,40,1.22,0.97,1.43,1.66,2.21,34,54,27,20,20,27,61,15,80,7.99,6.13,2.45,3.00,3.00,1.45,2.25,4.50,9.00,1.95,1.77,Estádio Clube Desportivo das Aves (Vila das Aves)
1735408800,Dec 28 2024 - 6:00pm,complete,N/A,GD Estoril Praia,Moreirense FC,N/A,16,1.38,0.75,1.69,0.62,2,2,4,3,2,1,"22,45'3","2,57",6,2,2,0,2,0,2,0,0,2,16,9,8,6,2,1,17,14,53,47,1.09,1.20,1.65,1.06,2.63,51,69,57,32,19,32,69,44,75,8.63,5.88,3.25,3.00,2.30,1.48,2.40,4.50,9.00,1.95,1.75,Estádio António Coimbra da Mota (Estoril)
1735417800,Dec 28 2024 - 8:30pm,complete,N/A,Porto,Boavista FC,João António Ferreira Gonçalves,16,3.00,1.13,2.54,0.69,4,0,4,1,1,0,"31,55,59,88","",4,1,4,0,2,0,3,1,1,1,14,5,8,2,5,1,12,15,76,24,1.98,0.98,1.69,0.43,2.63,38,75,57,32,7,25,63,57,76,10.76,4.01,1.17,7.50,13.00,1.12,1.40,2.20,3.40,2.40,1.50,Estádio Do Dragão (Porto)
1735486200,Dec 29 2024 - 3:30pm,complete,N/A,Rio Ave FC,CD Nacional,N/A,16,1.86,0.38,1.62,0.46,2,1,3,2,1,1,"26,73","34",11,6,0,0,1,0,0,0,0,1,23,15,9,3,6,11,10,14,49,51,1.33,1.34,1.81,1.46,2.38,55,61,41,35,7,21,81,48,54,9.43,5.02,2.04,3.05,3.70,1.38,2.12,3.75,7.50,1.80,1.91,Estádio do Rio Ave Futebol Clube (Vila do Conde)
1735486200,Dec 29 2024 - 3:30pm,complete,N/A,Farense,Vitória Guimarães,Bruno Vieira,16,0.86,1.13,0.54,1.15,2,2,4,1,1,0,"36,90'8","49,90",6,9,2,0,3,0,1,1,1,2,7,28,3,13,3,11,12,15,33,67,1.17,1.34,0.77,2.83,2.07,34,47,34,20,7,27,67,34,73,10.24,4.81,4.35,3.60,1.74,1.36,2.12,3.80,7.50,1.91,1.80,Estádio de São Lúis (Faro)
1735495200,Dec 29 2024 - 6:00pm,complete,N/A,Sporting Braga,Casa Pia,David Rafael Oliveira Silva,16,1.50,1.14,1.85,1.08,1,2,3,2,1,1,"45'2","40,70",10,2,2,0,3,0,0,2,1,2,17,9,7,5,6,3,9,14,60,40,1.64,1.03,1.78,1.18,3.02,46,93,46,39,13,20,59,66,93,10.21,4.27,1.34,4.90,8.00,1.25,1.68,3.00,5.75,2.00,1.73,Estádio Municipal de Braga (Braga)
1735504200,Dec 29 2024 - 8:30pm,complete,N/A,Sporting CP,Benfica,Fábio José Costa Veríssimo,16,2.57,2.00,2.62,2.00,1,0,1,1,1,0,"29","",4,8,2,0,3,0,0,2,1,2,13,16,7,4,3,9,13,14,45,55,2.11,1.70,1.44,1.55,2.79,43,93,43,22,15,43,79,43,93,14.29,3.86,2.50,3.55,2.61,1.22,1.65,2.62,4.75,1.53,2.38,Estádio José Alvalade (Lisboa)
1735589700,Dec 30 2024 - 8:15pm,complete,N/A,Famalicão,Santa Clara,Carlos André Fernandes Macedo,16,1.25,1.29,1.38,1.54,1,2,3,1,0,1,"58","32,51",5,4,3,0,3,0,1,2,1,2,19,9,6,4,7,4,11,13,69,31,1.04,1.09,1.74,0.97,2.03,34,60,27,15,15,22,60,34,67,8.27,6.42,2.60,2.90,2.85,1.55,2.65,5.50,11.00,2.20,1.65,Estádio Municipal 22 de Junho (Vila Nova de Famalicão)
1735935300,Jan 03 2025 - 8:15pm,complete,N/A,Vitória Guimarães,Sporting CP,João António Ferreira Gonçalves,17,2.00,2.38,2.00,2.15,4,4,8,3,1,2,"7,69,82,85","2,14,57,90'5",6,2,4,0,5,0,1,3,1,4,16,10,6,6,5,3,12,14,53,47,1.30,2.01,1.55,1.27,3.31,41,80,80,41,19,46,73,60,81,14.27,3.70,4.60,3.70,1.68,1.25,1.77,3.10,6.00,1.80,1.95,Estádio Dom Afonso Henriques (Guimarães)
1736004600,Jan 04 2025 - 3:30pm,complete,N/A,Moreirense FC,AVS,Hélder Miguel Azevedo Malheiro,17,2.00,0.57,1.77,0.69,1,1,2,2,1,1,"9","45",3,9,3,0,5,0,1,2,1,4,12,19,6,3,3,8,13,18,55,45,1.11,0.97,1.38,1.22,2.43,57,71,50,22,14,36,64,29,71,6.15,5.14,1.83,3.20,4.50,1.45,2.40,4.50,9.50,2.10,1.68,Parque Desportivo Comendador Joaquim de Almeida Freitas (Moreira de Cónegos)
1736013600,Jan 04 2025 - 6:00pm,complete,N/A,Benfica,Sporting Braga,Luis Miguel Branco Godinho,17,3.00,2.29,2.77,2.23,1,2,3,2,0,2,"77","17,40",8,2,4,0,3,0,0,4,1,2,22,7,6,3,10,2,8,11,59,41,2.01,1.54,2.00,0.59,2.75,34,66,59,25,25,25,66,66,73,13.07,3.77,1.43,4.75,6.00,1.20,1.57,2.50,4.33,1.80,1.95,Estádio do Sport Lisboa e Benfica (da Luz) (Lisboa)
1736022600,Jan 04 2025 - 8:30pm,complete,N/A,Boavista FC,FC Arouca,Gustavo Fernandes Correia,17,0.43,0.50,0.46,1.15,1,3,4,1,0,1,"71","45'7,90'5,90'8",3,3,4,1,7,0,2,3,1,6,15,15,3,6,6,7,8,18,33,67,1.35,1.06,1.08,1.48,2.09,32,60,39,25,7,26,66,32,60,11.27,5.32,2.75,3.00,2.60,1.42,2.25,4.33,8.50,1.90,1.83,Estádio do Bessa Século XXI (Porto)
1736091000,Jan 05 2025 - 3:30pm,complete,N/A,Santa Clara,Farense,António Emanuel Carvalho Nobre,17,2.25,0.75,1.77,0.77,0,0,0,0,0,0,"","",13,2,3,0,3,1,0,3,2,2,18,3,7,2,8,0,16,15,69,31,1.34,1.08,1.98,0.42,1.82,38,63,25,0,0,26,63,26,57,8.50,6.13,1.67,3.40,5.81,1.48,2.36,4.50,9.00,2.20,1.62,Estádio de São Miguel (Ponta Delgada- Ilha de São Miguel- Açores)
1736100000,Jan 05 2025 - 6:00pm,complete,N/A,Casa Pia,Famalicão,André Filipe Domingues Narciso,17,1.50,1.29,1.69,1.23,1,1,2,2,1,1,"18","34",5,7,2,1,3,0,2,1,1,2,7,20,4,15,2,3,11,6,55,45,1.25,1.15,0.96,2.48,2.70,67,81,48,27,15,34,73,41,73,9.56,5.29,2.40,3.00,3.17,1.50,2.54,5.00,9.50,2.10,1.67,Estádio Municipal de Rio Maior (Rio Maior)
1736109000,Jan 05 2025 - 8:30pm,complete,N/A,Estrela Amadora,GD Estoril Praia,Anzhony Francisco Gonçalves Rodrigues,17,1.75,0.43,1.23,1.08,2,4,6,3,0,3,"57,70","15,25,31,76",3,2,2,0,1,0,0,2,0,1,9,15,5,9,3,5,20,18,49,51,1.17,1.00,1.16,1.91,2.53,40,66,60,34,0,26,73,54,80,7.52,5.34,2.35,3.10,3.25,1.42,2.30,4.50,8.50,1.95,1.80,Estádio José Gomes (Amadora)
1736194500,Jan 06 2025 - 8:15pm,complete,N/A,Gil Vicente,Rio Ave FC,David Rafael Oliveira Silva,17,1.71,0.38,1.23,0.62,1,1,2,1,1,0,"38","59",4,4,2,0,3,0,0,2,2,1,14,15,5,5,8,5,8,13,57,43,1.20,0.86,1.49,1.32,2.47,35,67,48,26,14,40,73,41,67,8.43,5.45,2.20,3.10,3.30,1.38,2.10,4.00,8.00,1.91,1.91,Estádio Cidade de Barcelos (Barcelos)
1736695800,Jan 12 2025 - 3:30pm,complete,N/A,CD Nacional,Porto,Tiago Bruno Lopes Martins,17,1.43,1.86,1.77,1.54,2,0,2,2,2,0,"17,44","",1,10,3,0,6,0,1,2,1,5,8,13,5,4,2,7,8,11,39,61,1.23,1.27,0.88,1.34,2.79,22,86,43,22,22,36,57,50,79,8.43,5.71,9.51,5.60,1.28,1.20,1.62,2.48,4.75,2.10,1.65,Estádio da Madeira (Funchal (Ilha da Madeira))
1737144900,Jan 17 2025 - 8:15pm,complete,N/A,Benfica,Famalicão,João António Ferreira Gonçalves,18,2.67,1.25,2.77,1.23,4,0,4,2,2,0,"11,36,67,80","",7,2,3,0,0,0,3,0,0,0,22,2,12,0,8,2,13,8,58,42,2.01,1.32,2.46,0.34,3.28,60,83,71,35,35,53,82,53,71,12.31,4.27,1.20,6.60,14.00,1.16,1.67,2.25,3.86,2.20,1.62,Estádio do Sport Lisboa e Benfica (da Luz) (Lisboa)
1737214200,Jan 18 2025 - 3:30pm,complete,N/A,Santa Clara,GD Estoril Praia,N/A,18,2.11,0.75,1.77,1.08,2,3,5,3,1,2,"36,63","2,30,68",7,1,2,0,2,0,1,1,0,2,20,12,3,4,13,7,14,16,60,40,1.41,1.11,1.60,1.13,2.22,30,54,43,25,7,29,66,37,60,8.22,5.61,1.73,3.50,5.25,1.42,2.35,4.05,7.20,2.20,1.62,Estádio de São Miguel (Ponta Delgada- Ilha de São Miguel- Açores)
1737223200,Jan 18 2025 - 6:00pm,complete,N/A,Rio Ave FC,Sporting CP,Luis Miguel Branco Godinho,18,2.00,2.22,1.62,2.15,0,3,3,2,0,2,"","3,23,88",0,8,1,0,1,0,0,1,0,1,4,32,2,12,1,17,16,11,46,54,1.39,1.92,0.54,3.04,3.61,60,82,76,47,29,53,83,59,71,12.69,3.44,9.00,5.75,1.30,1.10,1.47,2.20,3.55,1.95,1.80,Estádio do Rio Ave Futebol Clube (Vila do Conde)
1737232200,Jan 18 2025 - 8:30pm,complete,N/A,Vitória Guimarães,FC Arouca,Miguel Bertolo Nogueira,18,1.88,0.78,2.00,1.15,2,2,4,2,2,0,"20,40","56,72",9,5,1,0,3,0,1,0,0,3,20,22,8,6,8,14,13,9,53,47,1.33,1.11,1.90,1.97,3.20,53,71,71,53,12,36,77,60,78,12.78,5.97,1.57,4.00,6.00,1.30,1.93,3.50,6.50,1.95,1.80,Estádio Dom Afonso Henriques (Guimarães)
1737300600,Jan 19 2025 - 3:30pm,complete,N/A,Moreirense FC,Farense,Sérgio José dos Santos Guelho,18,1.88,0.78,1.77,0.77,0,0,0,0,0,0,"","",6,3,2,0,4,0,0,2,2,2,16,7,2,2,14,5,16,14,66,34,1.14,1.01,1.57,0.85,2.09,54,71,36,13,7,25,60,36,60,6.88,5.74,1.85,3.20,4.40,1.50,2.37,5.00,11.00,2.20,1.62,Parque Desportivo Comendador Joaquim de Almeida Freitas (Moreira de Cónegos)
1737300600,Jan 19 2025 - 3:30pm,complete,N/A,CD Nacional,AVS,N/A,18,1.63,0.63,1.77,0.69,3,1,4,4,3,1,"20,34,45'6","45'3",4,6,2,0,4,0,0,2,1,3,17,17,8,5,9,12,12,14,49,51,1.19,1.00,1.79,1.74,2.32,38,75,32,13,13,44,63,26,63,8.38,5.01,2.10,3.10,3.50,1.42,2.25,4.33,8.50,1.95,1.80,Estádio da Madeira (Funchal (Ilha da Madeira))
1737309600,Jan 19 2025 - 6:00pm,complete,N/A,Estrela Amadora,Sporting Braga,Iancu Ioan Vasilica,18,1.56,2.38,1.23,2.23,0,1,1,0,0,0,"","90'3",1,8,3,0,1,0,0,3,0,1,13,18,6,6,4,10,21,10,26,74,1.17,1.42,1.25,1.82,2.50,47,71,59,17,6,29,64,53,82,9.35,4.81,4.70,3.85,1.68,1.25,1.80,3.10,5.50,1.80,1.95,Estádio José Gomes (Amadora)
1737318600,Jan 19 2025 - 8:30pm,complete,N/A,Gil Vicente,Porto,Fábio José Costa Veríssimo,18,1.63,1.63,1.23,1.54,3,1,4,1,1,0,"11,53,90'4","48",4,6,3,0,6,2,3,0,2,6,9,19,4,4,4,11,10,18,41,59,1.23,1.28,0.99,1.79,2.69,44,88,50,19,19,38,69,44,75,8.76,6.50,7.50,4.40,1.40,1.30,1.91,3.60,6.50,2.25,1.57,Estádio Cidade de Barcelos (Barcelos)
1737404100,Jan 20 2025 - 8:15pm,complete,N/A,Boavista FC,Casa Pia,Pedro Miguel Torres Ramalho,18,0.38,1.38,0.46,1.08,2,3,5,3,1,2,"45,90'3","30,43,50",2,3,3,1,2,0,1,3,1,1,12,11,6,8,5,3,13,14,36,64,1.32,1.05,1.38,1.45,2.07,32,76,32,13,0,19,57,32,76,8.38,5.13,3.25,3.10,2.33,1.45,2.30,4.50,9.50,2.00,1.75,Estádio do Bessa Século XXI (Porto)
1737749700,Jan 24 2025 - 8:15pm,complete,N/A,FC Arouca,Moreirense FC,Carlos André Fernandes Macedo,19,1.00,0.78,1.08,0.62,1,0,1,0,0,0,"77","",10,2,3,0,0,0,2,1,0,0,23,9,6,3,11,6,18,11,50,50,1.09,1.19,1.76,1.07,2.44,53,71,46,22,6,11,77,41,88,9.94,5.31,2.20,3.25,3.30,1.45,2.30,4.50,9.00,2.00,1.70,Estádio Municipal de Arouca (Arouca)
1737819000,Jan 25 2025 - 3:30pm,complete,N/A,Farense,Rio Ave FC,João Pedro Silva Pinheiro,19,0.88,0.44,0.54,0.62,1,2,3,1,0,1,"82","22,59",9,2,5,0,4,0,1,4,1,3,18,10,6,3,10,7,16,10,54,46,1.12,0.91,1.85,1.03,2.41,30,59,42,29,12,35,82,36,71,9.00,5.27,2.45,3.05,2.85,1.48,2.10,4.75,9.50,2.00,1.70,Estádio de São Lúis (Faro)
1737819000,Jan 25 2025 - 3:30pm,complete,N/A,Famalicão,Estrela Amadora,Cláudio Filipe Ruivo Pereira,19,1.11,0.25,1.38,0.54,0,0,0,0,0,0,"","",5,2,1,0,3,0,0,1,0,3,14,8,0,3,10,4,14,15,69,31,1.12,1.06,1.07,0.78,2.02,41,65,29,7,7,13,71,29,71,10.11,5.10,1.83,3.30,4.20,1.40,2.15,4.20,8.00,2.00,1.70,Estádio Municipal 22 de Junho (Vila Nova de Famalicão)
1737828000,Jan 25 2025 - 6:00pm,complete,N/A,Casa Pia,Benfica,António Emanuel Carvalho Nobre,19,1.44,1.75,1.69,2.00,3,1,4,2,1,1,"32,60,90'4","14",2,9,2,0,0,0,0,2,0,0,9,19,4,6,4,10,12,10,39,61,1.21,1.68,0.93,1.86,2.18,53,83,24,11,0,29,77,29,78,12.11,5.63,8.50,5.00,1.30,1.20,1.70,2.80,5.00,2.00,1.75,Estádio Municipal de Rio Maior (Rio Maior)
1737837000,Jan 25 2025 - 8:30pm,complete,N/A,Sporting CP,CD Nacional,Iancu Ioan Vasilica,19,2.63,0.33,2.62,0.46,2,0,2,1,1,0,"45'1,90","",6,2,1,0,1,0,0,1,1,0,21,4,6,0,10,3,12,16,64,36,2.03,1.36,2.04,0.37,2.45,41,66,42,25,13,36,83,42,66,11.22,4.05,1.14,7.50,13.00,1.11,1.36,1.99,3.10,2.00,1.73,Estádio José Alvalade (Lisboa)
1737905400,Jan 26 2025 - 3:30pm,complete,N/A,GD Estoril Praia,Vitória Guimarães,Luis Miguel Branco Godinho,19,1.33,1.11,1.69,1.15,1,0,1,0,0,0,"47","",2,5,3,0,3,0,3,0,1,2,14,8,6,3,8,5,17,20,43,57,1.15,1.50,1.50,0.98,2.39,44,62,45,33,11,39,67,39,67,10.78,5.55,5.76,1.73,2.80,1.33,1.99,3.75,7.00,1.90,1.87,Estádio António Coimbra da Mota (Estoril)
1737914400,Jan 26 2025 - 6:00pm,complete,N/A,Porto,Santa Clara,André Filipe Domingues Narciso,19,3.00,1.50,2.54,1.54,1,1,2,1,0,1,"76","33",7,2,4,0,5,1,3,1,1,5,27,2,7,0,16,2,12,23,78,22,1.95,1.08,2.55,0.22,2.75,30,82,53,29,13,30,65,64,82,10.92,5.57,1.89,2.34,6.52,1.35,2.14,3.85,8.00,2.30,1.55,Estádio Do Dragão (Porto)
1737923400,Jan 26 2025 - 8:30pm,complete,N/A,Sporting Braga,Boavista FC,Hélder Miguel Azevedo Malheiro,19,1.33,1.00,1.85,0.69,3,0,3,2,2,0,"14,33,69","",11,3,2,0,0,1,0,2,0,1,20,9,6,3,10,6,12,7,68,32,1.66,0.92,1.90,0.96,3.12,56,78,62,50,17,28,73,61,84,9.33,4.89,1.22,6.26,12.16,1.16,1.52,2.75,4.20,2.10,1.67,Estádio Municipal de Braga (Braga)
1738008900,Jan 27 2025 - 8:15pm,complete,N/A,AVS,Gil Vicente,Anzhony Francisco Gonçalves Rodrigues,19,1.11,0.67,1.08,0.54,1,0,1,0,0,0,"55","",1,8,3,0,1,0,1,2,0,1,10,12,2,0,7,10,17,10,31,69,1.24,0.89,0.88,1.04,2.50,50,67,39,28,22,22,62,28,84,6.23,5.56,2.75,3.00,2.62,1.44,2.25,4.50,9.00,1.95,1.80,Estádio Clube Desportivo das Aves (Vila das Aves)
1738354500,Jan 31 2025 - 8:15pm,complete,N/A,Boavista FC,Famalicão,David Rafael Oliveira Silva,20,0.33,1.11,0.46,1.23,0,2,2,1,0,1,"","5,56",2,7,3,0,1,0,1,2,0,1,7,28,2,6,4,15,12,16,45,55,1.33,1.21,0.85,2.20,2.61,50,78,50,28,17,39,73,39,67,9.00,5.22,3.42,3.14,2.26,1.42,2.40,4.50,9.00,2.02,1.71,Estádio do Bessa Século XXI (Porto)
1738423800,Feb 01 2025 - 3:30pm,complete,N/A,Santa Clara,Casa Pia,Miguel Bertolo Nogueira,20,1.90,1.56,1.77,1.08,2,1,3,1,0,1,"48,57","43",5,2,3,0,3,0,0,3,0,3,21,8,6,2,11,4,0,1,54,46,1.43,1.09,1.77,0.75,2.29,37,70,37,16,11,37,58,32,70,8.84,5.22,2.10,2.90,3.80,1.55,2.45,5.00,9.50,2.15,1.61,Estádio de São Miguel (Ponta Delgada- Ilha de São Miguel- Açores)
1738423800,Feb 01 2025 - 3:30pm,complete,N/A,CD Nacional,FC Arouca,Pedro Miguel Torres Ramalho,20,1.78,0.80,1.77,1.15,1,2,3,3,1,2,"45'1","5,26",3,3,6,0,1,1,2,4,0,2,23,14,7,7,14,4,0,1,60,40,1.25,1.19,2.13,1.74,2.78,41,74,52,41,11,42,68,47,63,10.03,5.31,2.50,3.10,2.80,1.38,1.02,3.80,7.50,1.85,1.82,Estádio da Madeira (Funchal (Ilha da Madeira))
1738432800,Feb 01 2025 - 6:00pm,complete,N/A,Gil Vicente,GD Estoril Praia,Iancu Ioan Vasilica,20,1.78,1.00,1.23,1.08,1,2,3,2,1,1,"15","45'4,84",3,3,0,1,1,0,0,1,1,0,14,24,9,6,4,13,12,14,47,53,1.21,1.11,1.68,1.95,2.84,56,73,62,39,17,28,73,56,78,7.11,5.00,2.15,3.00,3.60,1.38,2.00,4.00,7.50,1.95,1.80,Estádio Cidade de Barcelos (Barcelos)
1738441800,Feb 01 2025 - 8:30pm,complete,N/A,Vitória Guimarães,AVS,Hélder Miguel Azevedo Malheiro,20,1.78,0.56,2.00,0.69,2,0,2,0,0,0,"55,78","",8,2,1,0,4,1,1,0,3,2,19,4,10,0,6,3,14,20,73,27,1.39,1.09,2.19,0.30,3.00,62,78,61,39,11,50,78,39,73,11.44,5.56,1.44,4.20,6.50,1.30,2.05,3.60,6.50,2.10,1.67,Estádio Dom Afonso Henriques (Guimarães)
1738519200,Feb 02 2025 - 6:00pm,complete,N/A,Sporting CP,Farense,António Emanuel Carvalho Nobre,20,2.67,0.80,2.62,0.77,3,1,4,3,2,1,"11,26,88","45'2",9,1,1,0,0,0,0,1,0,0,25,10,8,3,13,5,12,8,71,29,2.03,0.99,2.46,0.84,2.20,37,69,32,17,11,27,70,37,64,10.79,4.53,1.12,9.00,14.00,1.13,1.40,2.10,3.45,2.25,1.57,Estádio José Alvalade (Lisboa)
1738528200,Feb 02 2025 - 8:30pm,complete,N/A,Estrela Amadora,Benfica,João Pedro Silva Pinheiro,20,1.40,1.56,1.23,2.00,2,3,5,4,1,3,"28,49","6,10,34",0,7,3,0,2,0,1,2,1,1,8,19,4,11,4,6,14,17,41,59,1.18,1.70,0.92,2.11,2.57,47,80,47,21,5,37,74,42,90,11.12,4.93,8.50,5.80,1.25,1.18,1.61,2.60,4.33,2.05,1.70,Estádio José Gomes (Amadora)
1738608300,Feb 03 2025 - 6:45pm,complete,N/A,Moreirense FC,Sporting Braga,Cláudio Filipe Ruivo Pereira,20,1.78,2.44,1.77,2.23,1,2,3,1,1,0,"4","66,90'4",1,9,2,0,1,0,1,1,0,1,13,17,8,7,4,7,18,11,38,62,1.19,1.47,1.53,1.75,2.06,45,62,44,11,6,22,50,39,67,8.66,4.67,4.00,3.50,1.85,1.36,1.95,3.75,7.50,1.91,1.91,Parque Desportivo Comendador Joaquim de Almeida Freitas (Moreira de Cónegos)
1738615500,Feb 03 2025 - 8:45pm,complete,N/A,Rio Ave FC,Porto,Gustavo Fernandes Correia,20,1.78,1.44,1.62,1.54,2,2,4,1,1,0,"37,73","51,76",3,5,1,1,3,0,0,2,0,3,12,32,4,11,7,14,18,8,31,69,1.30,1.33,1.17,2.88,3.06,50,89,62,39,17,44,84,50,73,10.00,6.45,6.50,4.40,1.44,1.22,1.73,2.95,5.50,1.95,1.80,Estádio do Rio Ave Futebol Clube (Vila do Conde)
1738959300,Feb 07 2025 - 8:15pm,complete,N/A,Porto,Sporting CP,João Pedro Silva Pinheiro,21,2.80,2.30,2.54,2.15,1,1,2,1,0,1,"90'4","42",6,3,3,0,4,2,1,2,0,6,29,16,4,4,17,9,16,14,56,44,2.01,2.04,2.01,1.26,3.50,35,95,75,35,20,45,75,65,85,14.30,3.20,2.60,3.10,2.70,1.86,1.80,0.00,0.00,1.70,2.05,Estádio Do Dragão (Porto)
1739028600,Feb 08 2025 - 3:30pm,complete,N/A,AVS,Santa Clara,Sérgio José dos Santos Guelho,21,1.30,1.44,1.08,1.54,1,2,3,0,0,0,"90'4","51,55",2,3,2,0,1,0,0,2,0,1,11,9,4,5,6,3,11,15,64,36,1.20,0.98,1.32,1.07,2.22,42,59,27,21,21,27,59,22,84,6.41,7.33,3.70,3.00,2.10,1.53,2.63,5.50,11.00,2.20,1.58,Estádio Clube Desportivo das Aves (Vila das Aves)
1739037600,Feb 08 2025 - 6:00pm,complete,N/A,Benfica,Moreirense FC,N/A,21,2.70,0.70,2.77,0.62,3,2,5,4,3,1,"7,15,42","19,85",6,6,0,0,1,0,0,0,1,0,12,9,7,5,3,4,14,10,54,46,2.05,1.17,1.59,1.13,3.20,50,75,70,45,25,40,80,55,90,10.90,4.30,1.17,6.50,13.00,0.00,1.65,2.38,1.18,2.38,1.53,Estádio do Sport Lisboa e Benfica (da Luz) (Lisboa)
1739046600,Feb 08 2025 - 8:30pm,complete,N/A,Famalicão,Vitória Guimarães,André Filipe Domingues Narciso,21,1.10,1.00,1.38,1.15,0,0,0,0,0,0,"","",4,11,3,0,2,0,1,2,1,1,13,15,4,5,6,6,16,19,28,72,1.11,1.45,1.10,1.52,1.85,40,55,30,15,0,10,60,35,70,10.80,4.60,3.30,3.00,2.25,1.44,2.30,4.50,9.00,2.00,1.71,Estádio Municipal 22 de Junho (Vila Nova de Famalicão)
1739115000,Feb 09 2025 - 3:30pm,complete,N/A,Farense,CD Nacional,Luis Miguel Branco Godinho,21,0.78,0.30,0.54,0.46,0,2,2,0,0,0,"","48,57",12,3,1,1,3,1,2,0,2,2,27,14,6,5,17,6,16,15,56,44,1.20,1.26,2.37,1.26,2.17,42,58,43,16,6,21,79,37,69,9.44,5.17,2.25,3.10,3.10,1.42,2.15,4.33,8.50,1.95,1.80,Estádio de São Lúis (Faro)
1739115000,Feb 09 2025 - 3:30pm,complete,N/A,GD Estoril Praia,Boavista FC,N/A,21,1.50,0.90,1.69,0.69,2,1,3,1,1,0,"27,46","61",5,3,2,0,1,0,1,1,0,1,16,14,6,7,8,6,25,12,55,45,1.19,0.92,1.62,1.51,2.50,40,60,55,35,15,40,65,35,65,7.20,5.80,1.70,3.70,4.60,1.36,2.05,4.00,8.00,2.05,1.70,Estádio António Coimbra da Mota (Estoril)
1739124000,Feb 09 2025 - 6:00pm,complete,N/A,Sporting Braga,Gil Vicente,António Emanuel Carvalho Nobre,21,1.50,0.60,1.85,0.54,2,0,2,1,1,0,"10,81","",4,2,0,0,0,1,0,0,1,0,16,9,6,5,8,3,18,9,63,37,1.68,0.91,1.71,1.01,3.15,55,85,60,40,20,30,70,60,90,10.50,4.50,1.47,4.20,6.00,1.28,1.70,3.30,6.50,1.95,1.80,Estádio Municipal de Braga (Braga)
1739133000,Feb 09 2025 - 8:30pm,complete,N/A,Casa Pia,Estrela Amadora,Hélder Miguel Azevedo Malheiro,21,1.60,0.33,1.69,0.54,1,0,1,1,1,0,"37","",5,2,4,0,4,0,1,3,2,2,18,15,5,5,12,8,17,16,57,43,1.19,1.03,1.75,1.47,2.20,52,68,26,21,6,31,74,31,69,9.47,5.79,1.80,3.30,4.50,1.45,2.20,4.50,9.50,2.05,1.70,Estádio Municipal de Rio Maior (Rio Maior)
1739218500,Feb 10 2025 - 8:15pm,complete,N/A,FC Arouca,Rio Ave FC,Iancu Ioan Vasilica,21,1.22,0.70,1.08,0.62,1,1,2,0,0,0,"71","90'6",6,3,0,0,1,0,0,0,0,1,24,16,5,5,13,7,20,10,48,52,1.16,0.92,1.83,1.40,2.14,32,63,31,15,5,20,79,37,74,10.58,5.78,1.95,3.25,3.90,1.38,2.10,4.00,8.00,1.95,1.80,Estádio Municipal de Arouca (Arouca)
1739564100,Feb 14 2025 - 8:15pm,complete,N/A,Boavista FC,Estrela Amadora,Luis Miguel Branco Godinho,22,0.30,0.30,0.46,0.54,0,1,1,1,0,1,"","45'2",7,4,2,0,2,0,0,2,0,2,16,9,2,6,13,3,23,17,55,45,1.28,1.07,1.25,1.26,2.00,30,60,25,15,10,20,70,25,65,8.70,6.10,3.10,2.90,2.40,1.44,2.30,4.33,8.50,1.98,1.73,Estádio do Bessa Século XXI (Porto)
1739633400,Feb 15 2025 - 3:30pm,complete,N/A,Moreirense FC,Casa Pia,João Pedro Silva Pinheiro,22,1.60,1.40,1.77,1.08,3,2,5,3,3,0,"12,26,32","50,90'6",4,5,3,0,1,0,0,3,0,1,19,20,6,4,8,11,17,16,43,57,1.22,1.06,1.46,1.74,2.50,55,80,50,20,10,30,60,45,75,6.30,4.80,2.20,3.10,3.30,1.50,2.46,4.75,9.50,2.00,1.70,Parque Desportivo Comendador Joaquim de Almeida Freitas (Moreira de Cónegos)
1739638800,Feb 15 2025 - 5:00pm,complete,N/A,CD Nacional,GD Estoril Praia,N/A,22,1.60,1.20,1.77,1.08,2,2,4,2,1,1,"45'4,52","4,90'3",7,3,3,0,3,0,1,2,2,1,23,9,9,5,11,3,15,14,49,51,1.34,1.20,2.14,1.15,2.85,40,75,55,35,15,45,70,45,65,7.00,4.80,2.15,3.20,3.30,1.38,2.10,3.85,8.00,1.87,1.82,Estádio da Madeira (Funchal (Ilha da Madeira))
1739642400,Feb 15 2025 - 6:00pm,complete,N/A,Santa Clara,Benfica,Hélder Miguel Azevedo Malheiro,22,2.00,1.70,1.77,2.00,0,1,1,0,0,0,"","55",2,5,5,1,3,0,0,6,0,3,12,20,4,8,6,11,21,17,44,56,1.46,1.74,1.09,2.34,2.30,43,73,38,15,10,38,72,29,73,12.56,5.30,4.75,3.75,1.67,1.38,1.91,4.00,8.00,2.05,1.68,Estádio de São Miguel (Ponta Delgada- Ilha de São Miguel- Açores)
1739651400,Feb 15 2025 - 8:30pm,complete,N/A,Sporting CP,FC Arouca,Miguel Bertolo Nogueira,22,2.70,1.00,2.62,1.15,2,2,4,3,1,2,"17,74","8,45'5",9,9,2,1,3,0,1,2,1,2,27,22,9,8,14,10,6,13,59,41,2.07,1.24,2.63,1.92,3.00,52,77,62,48,15,48,86,48,72,12.55,4.48,999.99,0.00,999.99,1.16,1.55,1.95,4.33,2.05,1.70,Estádio José Alvalade (Lisboa)
1739719800,Feb 16 2025 - 3:30pm,complete,N/A,Rio Ave FC,AVS,David Rafael Oliveira Silva,22,1.70,0.50,1.62,0.69,1,1,2,1,0,1,"62","32",2,4,6,0,1,0,0,6,0,1,19,15,3,3,11,10,14,19,61,39,1.29,1.01,1.56,1.41,2.75,65,80,55,35,10,45,80,35,65,9.20,5.10,999.99,0.00,999.99,1.42,2.15,4.33,8.50,1.95,1.80,Estádio do Rio Ave Futebol Clube (Vila do Conde)
1739728800,Feb 16 2025 - 6:00pm,complete,N/A,Farense,Porto,Tiago Bruno Lopes Martins,22,0.70,1.40,0.54,1.54,0,1,1,0,0,0,"","48",2,4,4,1,2,0,0,5,0,2,10,17,3,3,7,9,15,10,34,66,1.32,1.49,1.03,1.29,2.80,40,80,55,30,15,30,75,55,80,10.70,7.20,8.00,4.60,1.33,1.30,1.83,3.40,6.50,2.20,1.62,Estádio Do Algarve (Almancil)
1739737800,Feb 16 2025 - 8:30pm,complete,N/A,Vitória Guimarães,Sporting Braga,João António Ferreira Gonçalves,22,1.90,2.50,2.00,2.23,0,0,0,0,0,0,"","",7,4,5,0,3,0,2,3,1,2,19,6,5,4,13,2,11,15,51,49,1.47,1.50,1.82,0.82,2.70,45,70,60,25,5,25,60,60,85,13.10,4.40,2.45,3.10,2.88,1.33,1.95,3.50,6.50,1.80,1.95,Estádio Dom Afonso Henriques (Guimarães)
1739823300,Feb 17 2025 - 8:15pm,complete,N/A,Gil Vicente,Famalicão,Anzhony Francisco Gonçalves Rodrigues,22,1.60,1.30,1.23,1.23,0,2,2,1,0,1,"","45,60",5,11,2,0,2,0,0,2,0,2,16,27,3,6,11,16,11,19,54,46,1.25,1.31,1.46,2.15,2.80,65,85,60,25,15,40,75,40,75,8.90,4.50,999.99,0.00,999.99,1.54,2.37,5.00,10.00,2.05,1.70,Estádio Cidade de Barcelos (Barcelos)
1740168900,Feb 21 2025 - 8:15pm,complete,N/A,Sporting Braga,CD Nacional,Cláudio Filipe Ruivo Pereira,23,1.64,0.55,1.85,0.46,1,0,1,1,1,0,"37","",7,6,1,0,2,0,0,1,0,2,23,10,8,4,11,5,14,14,55,45,1.68,1.26,2.12,1.20,2.68,46,82,46,27,9,27,78,50,82,10.91,4.55,1.47,4.33,6.00,1.20,1.61,2.70,4.75,1.80,1.88,Estádio Municipal de Braga (Braga)
1740238200,Feb 22 2025 - 3:30pm,complete,N/A,Casa Pia,Gil Vicente,N/A,23,1.73,0.55,1.69,0.54,1,0,1,0,0,0,"50","",2,5,1,0,2,0,0,1,2,0,13,8,3,2,9,4,1,0,39,61,1.24,0.92,1.26,0.85,2.46,55,73,36,27,9,27,73,41,73,7.91,5.36,2.20,3.00,3.40,1.47,2.40,4.75,9.50,2.05,1.70,Estádio Municipal de Rio Maior (Rio Maior)
1740247200,Feb 22 2025 - 6:00pm,complete,N/A,Benfica,Boavista FC,N/A,23,2.73,0.82,2.77,0.69,3,0,3,1,1,0,"28,70,77","",13,2,0,0,3,1,0,0,2,2,37,7,14,3,18,3,10,7,73,27,2.01,0.98,3.52,0.73,3.19,45,73,73,46,27,46,82,55,78,9.91,4.37,1.10,9.00,17.00,1.11,1.36,1.91,3.20,2.30,1.55,Estádio do Sport Lisboa e Benfica (da Luz) (Lisboa)
1740256200,Feb 22 2025 - 8:30pm,complete,N/A,GD Estoril Praia,Rio Ave FC,Sérgio José dos Santos Guelho,23,1.64,0.73,1.69,0.62,2,1,3,0,0,0,"55,90","83",0,4,2,0,1,0,1,1,0,1,15,14,5,5,8,8,14,9,51,49,1.23,0.97,1.45,1.42,2.45,41,69,46,27,14,41,73,41,69,8.46,5.82,1.95,3.30,3.80,1.33,2.00,3.50,6.50,1.77,1.95,Estádio António Coimbra da Mota (Estoril)
1740324600,Feb 23 2025 - 3:30pm,complete,N/A,FC Arouca,Farense,André Filipe Domingues Narciso,23,1.20,0.73,1.08,0.77,2,2,4,1,0,1,"56,67","44,89",4,9,3,0,3,0,0,3,2,1,13,20,4,9,5,10,16,16,61,39,1.23,0.98,1.11,2.10,1.77,43,62,24,5,0,9,58,34,68,10.34,5.41,1.85,3.30,4.20,1.40,2.15,4.20,8.00,1.95,1.77,Estádio Municipal de Arouca (Arouca)
1740324600,Feb 23 2025 - 3:30pm,complete,N/A,Estrela Amadora,Santa Clara,Miguel Bertolo Nogueira,23,1.27,1.60,1.23,1.54,0,0,0,0,0,0,"","",5,2,3,0,1,0,1,2,0,1,15,7,3,2,9,4,13,19,53,47,1.15,0.99,1.24,0.70,2.75,53,72,52,28,19,38,67,48,86,6.65,6.64,3.40,3.20,2.10,1.53,2.86,5.75,10.00,2.25,1.57,Estádio José Gomes (Amadora)
1740333600,Feb 23 2025 - 6:00pm,complete,N/A,AVS,Sporting CP,Fábio José Costa Veríssimo,23,1.18,2.18,1.08,2.15,2,2,4,2,0,2,"71,90'6","8,33",4,5,5,0,4,1,2,3,0,5,14,12,5,4,6,6,22,13,43,57,1.22,1.96,1.30,1.27,3.00,45,73,55,27,27,41,64,32,87,9.54,5.00,8.50,5.00,1.30,1.22,1.73,2.80,5.25,2.05,1.70,Estádio Clube Desportivo das Aves (Vila das Aves)
1740342600,Feb 23 2025 - 8:30pm,complete,N/A,Famalicão,Moreirense FC,Luis Miguel Branco Godinho,23,1.09,0.64,1.38,0.62,2,0,2,0,0,0,"47,58","",3,1,3,0,2,0,2,1,0,2,22,9,7,7,12,2,19,17,49,51,1.11,1.17,2.01,1.39,2.23,50,64,46,23,9,14,64,32,78,8.64,4.36,2.10,3.00,3.60,1.50,2.40,5.00,10.00,2.10,1.67,Estádio Municipal 22 de Junho (Vila Nova de Famalicão)
1740428100,Feb 24 2025 - 8:15pm,complete,N/A,Porto,Vitória Guimarães,António Emanuel Carvalho Nobre,23,2.64,1.00,2.54,1.15,1,1,2,0,0,0,"67","86",6,7,2,0,2,0,0,2,0,2,22,16,4,6,12,7,20,16,57,43,2.01,1.46,1.67,1.49,2.37,36,73,41,27,0,18,64,50,82,13.63,4.27,1.57,3.80,5.60,1.36,2.00,3.75,7.50,2.00,1.75,Estádio Do Dragão (Porto)
1740843000,Mar 01 2025 - 3:30pm,complete,N/A,CD Nacional,Famalicão,Gustavo Fernandes Correia,24,1.55,1.45,1.77,1.23,2,1,3,1,1,0,"14,90'4","56",1,6,3,0,4,0,0,3,1,3,19,20,6,3,11,13,18,12,54,46,1.41,1.39,1.74,1.50,2.82,46,87,50,27,14,50,73,36,64,9.72,4.55,2.45,3.00,3.00,1.42,2.20,4.20,8.50,1.90,1.78,Estádio da Madeira (Funchal (Ilha da Madeira))
1740852000,Mar 01 2025 - 6:00pm,complete,N/A,FC Arouca,Porto,João António Ferreira Gonçalves,24,1.18,1.55,1.08,1.54,0,2,2,1,0,1,"","13,77",4,2,2,0,2,0,1,1,0,2,10,13,6,3,3,7,13,12,49,51,1.22,1.47,1.33,1.11,2.50,41,78,41,23,9,18,69,50,82,11.00,6.82,4.75,3.60,1.67,1.25,1.91,3.10,6.00,1.95,1.80,Estádio Municipal de Arouca (Arouca)
1740861000,Mar 01 2025 - 8:30pm,complete,N/A,Vitória Guimarães,Casa Pia,André Filipe Domingues Narciso,24,1.82,1.27,2.00,1.08,1,0,1,0,0,0,"79","",7,2,5,0,6,0,3,2,1,5,22,12,7,4,13,7,9,18,64,36,1.51,1.12,2.15,1.16,3.00,50,82,60,36,14,36,64,60,87,10.72,4.82,1.75,3.50,4.60,1.35,2.10,3.75,7.50,2.05,1.70,Estádio Dom Afonso Henriques (Guimarães)
1740929400,Mar 02 2025 - 3:30pm,complete,N/A,Moreirense FC,Estrela Amadora,N/A,24,1.73,0.55,1.77,0.54,1,1,2,0,0,0,"78","55",4,1,2,0,4,0,0,2,3,1,14,9,3,2,9,6,20,13,61,39,1.24,1.09,1.28,0.85,2.19,46,59,37,18,14,27,69,32,60,7.45,5.46,1.91,2.90,4.75,1.50,2.40,4.75,9.50,2.10,1.65,Parque Desportivo Comendador Joaquim de Almeida Freitas (Moreira de Cónegos)
1740929400,Mar 02 2025 - 3:30pm,complete,N/A,Boavista FC,Santa Clara,Bruno Vieira,24,0.27,1.55,0.46,1.54,1,0,1,0,0,0,"81","",9,5,4,0,3,0,1,3,0,3,15,18,6,2,8,10,10,19,31,69,1.28,0.96,1.50,1.29,2.14,36,64,32,18,14,23,64,36,69,7.55,6.73,4.20,3.10,1.95,1.53,2.40,4.75,10.00,2.15,1.68,Estádio do Bessa Século XXI (Porto)
1740938400,Mar 02 2025 - 6:00pm,complete,N/A,Farense,AVS,David Rafael Oliveira Silva,24,0.64,0.55,0.54,0.69,0,1,1,0,0,0,"","90'6",6,1,2,0,2,0,0,2,1,1,20,7,5,4,14,3,24,12,44,56,1.29,1.04,2.02,1.05,2.32,50,69,41,18,9,32,69,32,73,9.73,6.00,2.25,3.00,3.30,1.50,2.40,4.20,8.50,1.95,1.83,Estádio de São Lúis (Faro)
1740947400,Mar 02 2025 - 8:30pm,complete,N/A,Rio Ave FC,Sporting Braga,Fábio José Costa Veríssimo,24,1.64,2.36,1.62,2.23,2,1,3,2,1,1,"5,70","10",2,5,2,0,5,0,1,1,1,4,15,18,7,8,8,8,9,13,37,63,1.31,1.43,1.58,2.03,2.41,55,69,55,23,5,23,68,45,73,10.55,4.36,4.00,3.75,1.75,1.25,1.80,3.10,5.75,1.73,2.00,Estádio do Rio Ave Futebol Clube (Vila do Conde)
1741032900,Mar 03 2025 - 8:15pm,complete,N/A,Sporting CP,GD Estoril Praia,N/A,24,2.55,1.18,2.62,1.08,3,1,4,2,2,0,"5,36,90'6","84",6,6,1,0,1,1,1,0,0,2,16,11,8,3,7,7,10,10,45,55,2.12,1.19,1.76,1.25,3.14,50,78,64,50,18,50,87,50,82,10.09,3.81,1.18,7.00,12.00,1.10,1.60,2.20,3.30,2.00,1.75,Estádio José Alvalade (Lisboa)
1741378500,Mar 07 2025 - 8:15pm,complete,N/A,Estrela Amadora,Gil Vicente,João António Ferreira Gonçalves,25,1.25,0.50,1.23,0.54,1,1,2,0,0,0,"69","83",7,7,5,0,2,0,2,3,1,1,8,13,3,3,4,8,22,10,43,57,1.16,0.91,0.92,1.23,2.63,46,67,50,29,17,30,63,42,83,6.92,5.00,2.65,2.90,2.80,1.50,2.25,4.33,9.00,1.93,1.77,Estádio José Gomes (Amadora)
1741447800,Mar 08 2025 - 3:30pm,complete,N/A,AVS,FC Arouca,Miguel Bertolo Nogueira,25,1.17,1.00,1.08,1.15,0,1,1,0,0,0,"","89",1,7,1,0,1,0,1,0,1,0,11,22,0,6,10,14,15,17,43,57,1.22,1.30,0.91,2.11,2.67,59,67,54,42,13,38,67,34,80,9.00,6.25,2.90,3.00,2.50,1.42,2.25,4.20,8.50,1.93,1.75,Estádio Clube Desportivo das Aves (Vila das Aves)
1741456800,Mar 08 2025 - 6:00pm,complete,N/A,GD Estoril Praia,Farense,António Emanuel Carvalho Nobre,25,1.75,0.75,1.69,0.77,2,2,4,0,0,0,"50,54","85,90'3",4,7,2,0,1,0,0,2,1,0,15,18,4,6,9,10,17,18,59,41,1.24,1.07,1.45,1.67,2.21,50,67,46,21,9,30,58,38,63,8.41,5.84,2.05,3.10,3.60,1.50,1.91,0.00,0.00,1.95,1.80,Estádio António Coimbra da Mota (Estoril)
1741456800,Mar 08 2025 - 6:00pm,complete,N/A,Benfica,CD Nacional,André Filipe Domingues Narciso,25,2.75,0.50,2.77,0.46,3,0,3,2,2,0,"5,23,90'2","",5,3,0,0,3,0,0,0,2,1,23,17,14,6,7,8,11,11,56,44,2.13,1.25,2.71,1.54,2.75,38,71,54,29,21,38,84,50,71,11.91,4.25,1.16,7.00,12.00,1.20,1.49,2.30,4.75,2.15,1.62,Estádio do Sport Lisboa e Benfica (da Luz) (Lisboa)
1741465800,Mar 08 2025 - 8:30pm,complete,N/A,Sporting Braga,Porto,Luis Miguel Branco Godinho,25,1.75,1.67,1.85,1.54,1,0,1,1,1,0,"17","",7,3,2,1,4,0,0,3,3,1,9,8,5,4,4,3,16,14,45,55,1.72,1.44,1.28,1.08,3.09,42,92,54,38,17,33,79,54,88,11.33,5.91,3.30,3.25,2.15,1.33,1.95,3.50,6.50,1.77,1.93,Estádio Municipal de Braga (Braga)
1741534200,Mar 09 2025 - 3:30pm,complete,N/A,Santa Clara,Moreirense FC,N/A,25,1.83,0.58,1.77,0.62,1,1,2,0,0,0,"69","87",4,3,1,0,2,0,0,1,0,2,15,13,5,4,7,6,15,11,51,49,1.43,1.19,1.44,1.18,2.42,46,63,46,25,13,29,63,34,79,8.50,5.42,2.00,3.00,4.10,1.53,2.70,5.00,10.00,2.15,1.62,Estádio de São Miguel (Ponta Delgada- Ilha de São Miguel- Açores)
1741543200,Mar 09 2025 - 6:00pm,complete,N/A,Casa Pia,Sporting CP,Hélder Miguel Azevedo Malheiro,25,1.83,2.08,1.69,2.15,1,3,4,3,1,2,"45","12,34,77",4,4,4,0,3,0,1,3,1,2,11,18,5,7,6,11,9,10,52,48,1.24,1.91,1.23,1.96,3.05,54,80,54,34,17,50,79,46,75,10.83,5.16,6.00,4.20,1.48,1.31,1.60,3.61,7.18,1.91,1.91,Estádio Municipal de Rio Maior (Rio Maior)
1741552200,Mar 09 2025 - 8:30pm,complete,N/A,Boavista FC,Vitória Guimarães,João Pedro Silva Pinheiro,25,0.50,1.00,0.46,1.15,1,2,3,1,1,0,"45'2","50,76",2,7,2,0,1,0,0,2,1,0,8,24,4,11,3,11,17,16,34,66,1.29,1.46,0.92,2.58,1.92,34,54,25,21,4,17,59,34,71,11.17,5.50,6.00,3.80,1.54,1.36,2.10,3.80,7.50,2.10,1.65,Estádio do Bessa Século XXI (Porto)
1741637700,Mar 10 2025 - 8:15pm,complete,N/A,Famalicão,Rio Ave FC,Carlos André Fernandes Macedo,25,1.25,0.67,1.38,0.62,1,0,1,1,1,0,"19","",5,1,1,0,2,0,0,1,0,2,18,13,10,2,7,10,22,13,53,47,1.18,1.01,2.14,1.16,2.00,38,67,34,13,4,17,63,42,67,8.58,4.92,2.00,2.75,4.70,1.38,2.10,3.80,7.50,1.95,1.80,Estádio Municipal 22 de Junho (Vila Nova de Famalicão)
1742052600,Mar 15 2025 - 3:30pm,complete,N/A,Gil Vicente,Santa Clara,Iancu Ioan Vasilica,26,1.45,1.42,1.23,1.54,0,1,1,1,0,1,"","27",5,0,2,0,2,0,1,1,1,1,14,5,2,4,9,1,13,21,68,32,1.27,0.99,1.15,0.72,2.36,53,70,44,18,13,26,62,39,79,7.44,6.12,2.75,3.00,2.65,1.53,2.77,5.88,11.50,2.20,1.62,Estádio Cidade de Barcelos (Barcelos)
1742052600,Mar 15 2025 - 3:30pm,complete,N/A,Farense,Sporting Braga,Gustavo Fernandes Correia,26,0.58,2.17,0.54,2.23,0,1,1,0,0,0,"","70",12,4,2,0,1,0,0,2,0,1,18,13,6,5,8,5,19,14,44,56,1.35,1.48,1.80,1.33,2.05,38,54,46,9,4,17,54,42,79,11.33,5.25,4.20,3.45,1.80,1.39,1.91,3.98,6.68,2.00,1.75,Estádio de São Lúis (Faro)
1742061600,Mar 15 2025 - 6:00pm,complete,N/A,Porto,AVS,Fábio José Costa Veríssimo,26,2.50,0.75,2.54,0.69,2,0,2,1,1,0,"18,61","",4,3,3,0,3,1,0,3,1,3,24,9,9,3,12,5,19,8,68,32,1.98,1.04,2.50,0.93,2.50,50,88,42,21,4,30,67,42,80,11.08,4.75,1.25,5.50,10.50,1.22,1.75,2.72,5.00,2.20,1.62,Estádio Do Dragão (Porto)
1742070600,Mar 15 2025 - 8:30pm,complete,N/A,Sporting CP,Famalicão,Miguel Bertolo Nogueira,26,2.58,1.33,2.62,1.23,3,1,4,2,1,1,"1,64,88","35",11,4,4,1,1,0,2,3,1,0,26,11,9,4,11,5,10,13,53,47,2.09,1.40,2.52,1.32,3.05,54,88,58,38,17,50,88,42,79,12.50,3.59,1.28,5.00,10.00,1.21,1.60,2.25,4.60,2.05,1.70,Estádio José Alvalade (Lisboa)
1742139000,Mar 16 2025 - 3:30pm,complete,N/A,FC Arouca,GD Estoril Praia,Anzhony Francisco Gonçalves Rodrigues,26,1.08,1.08,1.08,1.08,1,1,2,1,1,0,"13","90'2",3,4,0,0,1,0,0,0,0,1,6,15,3,4,2,7,14,14,37,63,1.23,1.20,0.72,1.35,2.63,50,71,50,33,9,25,75,55,83,9.33,4.92,1.95,3.30,3.80,1.36,2.00,3.75,7.50,1.91,1.91,Estádio Municipal de Arouca (Arouca)
1742139000,Mar 16 2025 - 3:30pm,complete,N/A,CD Nacional,Casa Pia,Sérgio José dos Santos Guelho,26,1.67,1.17,1.77,1.08,3,1,4,1,1,0,"45'4,60,75","49",2,5,2,0,1,0,1,1,0,1,15,14,7,4,6,8,11,13,45,55,1.44,1.13,1.55,1.39,2.75,46,83,50,25,13,42,63,46,75,7.50,5.08,2.25,3.20,3.10,1.40,2.20,4.20,8.50,1.95,1.80,Estádio da Madeira (Funchal (Ilha da Madeira))
1742148000,Mar 16 2025 - 6:00pm,complete,N/A,Rio Ave FC,Benfica,João António Ferreira Gonçalves,26,1.75,1.82,1.62,2.00,2,3,5,1,0,1,"64,75","30,53,80",3,11,2,1,1,0,0,3,0,1,9,24,3,9,5,13,16,12,40,60,1.33,1.79,0.88,2.48,2.73,60,83,52,30,9,39,83,35,83,11.67,4.61,8.00,5.00,1.31,1.18,1.60,2.45,4.33,1.91,1.91,Estádio do Rio Ave Futebol Clube (Vila do Conde)
1742157000,Mar 16 2025 - 8:30pm,complete,N/A,Moreirense FC,Boavista FC,Ricardo Baixinho,26,1.67,0.75,1.77,0.69,1,0,1,1,1,0,"31","",6,3,4,0,6,1,1,3,3,4,26,12,4,4,17,4,14,16,57,43,1.25,0.95,2.00,1.00,2.59,55,71,59,29,13,29,67,50,71,5.67,5.25,1.68,3.45,5.00,1.45,2.30,4.50,9.00,2.20,1.62,Parque Desportivo Comendador Joaquim de Almeida Freitas (Moreira de Cónegos)
1742157000,Mar 16 2025 - 8:30pm,complete,N/A,Vitória Guimarães,Estrela Amadora,António Emanuel Carvalho Nobre,26,1.92,0.58,2.00,0.54,2,0,2,1,1,0,"10,66","",8,2,1,0,2,0,0,1,1,1,15,8,7,2,6,6,15,17,61,39,1.56,1.07,1.63,0.93,2.38,38,59,38,25,8,25,63,42,71,11.33,5.83,1.44,3.80,7.00,1.35,2.02,3.75,7.50,2.25,1.57,Estádio Dom Afonso Henriques (Guimarães)
1743192900,Mar 28 2025 - 8:15pm,complete,N/A,Gil Vicente,Benfica,Miguel Bertolo Nogueira,24,1.33,1.92,1.23,2.00,0,3,3,1,0,1,"","22,51,90'7",5,2,4,0,2,0,2,2,0,2,9,24,3,8,5,11,9,16,43,57,1.26,1.85,0.93,2.23,2.55,54,79,46,21,13,29,75,33,84,11.66,4.67,7.50,4.70,1.33,0.00,1.75,0.00,0.00,2.00,1.75,Estádio Cidade de Barcelos (Barcelos)
1743262200,Mar 29 2025 - 3:30pm,incomplete,N/A,Casa Pia,Rio Ave FC,N/A,27,1.69,0.62,1.69,0.62,0,0,0,0,0,0,"","",-1,-1,-1,-1,-1,-1,-1,-1,-1,-1,-1,-1,-1,-1,-1,-1,-1,-1,-1,-1,1.24,1.02,0.00,0.00,2.35,50,69,35,27,4,35,77,39,69,8.08,5.54,2.10,3.20,3.30,0.00,2.15,0.00,0.00,1.80,1.95,Estádio Pina Manique (Lisboa)
1743271200,Mar 29 2025 - 6:00pm,incomplete,N/A,Estrela Amadora,Sporting CP,N/A,27,1.23,2.15,1.23,2.15,0,0,0,0,0,0,"","",-1,-1,-1,-1,-1,-1,-1,-1,-1,-1,-1,-1,-1,-1,-1,-1,-1,-1,-1,-1,1.14,1.91,0.00,0.00,3.31,54,81,70,39,23,54,74,50,85,10.00,5.23,8.00,4.90,1.33,0.00,1.67,0.00,0.00,2.05,1.70,Estádio José Gomes (Amadora)
1743280200,Mar 29 2025 - 8:30pm,incomplete,N/A,Sporting Braga,FC Arouca,N/A,27,1.85,1.15,1.85,1.15,0,0,0,0,0,0,"","",-1,-1,-1,-1,-1,-1,-1,-1,-1,-1,-1,-1,-1,-1,-1,-1,-1,-1,-1,-1,1.69,1.36,0.00,0.00,3.00,54,77,62,46,12,39,81,50,77,12.85,5.00,1.69,3.60,4.70,0.00,1.83,0.00,0.00,1.80,1.95,Estádio Municipal de Braga (Braga)
1743345000,Mar 30 2025 - 2:30pm,incomplete,N/A,Santa Clara,CD Nacional,N/A,27,1.77,0.46,1.77,0.46,0,0,0,0,0,0,"","",-1,-1,-1,-1,-1,-1,-1,-1,-1,-1,-1,-1,-1,-1,-1,-1,-1,-1,-1,-1,1.43,1.27,0.00,0.00,1.92,35,58,31,8,4,27,66,31,62,9.00,5.70,1.77,3.20,4.70,0.00,2.40,0.00,0.00,2.20,1.62,Estádio de São Miguel (Ponta Delgada- Ilha de São Miguel- Açores)
1743345000,Mar 30 2025 - 2:30pm,incomplete,N/A,Famalicão,AVS,N/A,27,1.38,0.69,1.38,0.69,0,0,0,0,0,0,"","",-1,-1,-1,-1,-1,-1,-1,-1,-1,-1,-1,-1,-1,-1,-1,-1,-1,-1,-1,-1,1.26,1.04,0.00,0.00,1.85,43,66,27,8,4,19,62,23,62,8.54,5.15,1.71,3.30,4.90,0.00,2.25,0.00,0.00,2.10,1.67,Estádio Municipal 22 de Junho (Vila Nova de Famalicão)
1743354000,Mar 30 2025 - 5:00pm,incomplete,N/A,GD Estoril Praia,Porto,N/A,27,1.69,1.54,1.69,1.54,0,0,0,0,0,0,"","",-1,-1,-1,-1,-1,-1,-1,-1,-1,-1,-1,-1,-1,-1,-1,-1,-1,-1,-1,-1,1.26,1.41,0.00,0.00,2.70,43,77,54,31,15,35,66,46,73,8.54,6.93,6.00,4.00,1.48,0.00,1.95,0.00,0.00,2.05,1.70,Estádio António Coimbra da Mota (Estoril)
1743363000,Mar 30 2025 - 7:30pm,incomplete,N/A,Moreirense FC,Vitória Guimarães,N/A,27,1.77,1.15,1.77,1.15,0,0,0,0,0,0,"","",-1,-1,-1,-1,-1,-1,-1,-1,-1,-1,-1,-1,-1,-1,-1,-1,-1,-1,-1,-1,1.30,1.54,0.00,0.00,2.19,54,62,39,23,8,23,58,46,70,9.69,4.93,3.60,2.95,2.05,0.00,2.40,0.00,0.00,2.10,1.67,Parque Desportivo Comendador Joaquim de Almeida Freitas (Moreira de Cónegos)
1743534900,Apr 01 2025 - 7:15pm,incomplete,N/A,Boavista FC,Gil Vicente,N/A,27,0.46,0.54,0.46,0.54,0,0,0,0,0,0,"","",-1,-1,-1,-1,-1,-1,-1,-1,-1,-1,-1,-1,-1,-1,-1,-1,-1,-1,-1,-1,1.27,0.94,0.00,0.00,2.23,39,66,35,19,12,15,62,39,77,8.23,5.31,3.10,3.20,2.25,0.00,2.20,0.00,0.00,0.00,0.00,Estádio do Bessa Século XXI (Porto)
1743621300,Apr 02 2025 - 7:15pm,incomplete,N/A,Benfica,Farense,N/A,27,2.77,0.77,2.77,0.77,0,0,0,0,0,0,"","",-1,-1,-1,-1,-1,-1,-1,-1,-1,-1,-1,-1,-1,-1,-1,-1,-1,-1,-1,-1,2.18,1.12,0.00,0.00,2.85,46,77,62,35,19,39,73,50,74,11.93,4.31,1.13,7.00,15.00,0.00,0.00,2.25,0.00,0.00,0.00,Estádio do Sport Lisboa e Benfica (da Luz) (Lisboa)
1743794100,Apr 04 2025 - 7:15pm,incomplete,N/A,AVS,GD Estoril Praia,N/A,28,1.08,1.08,1.08,1.08,0,0,0,0,0,0,"","",-1,-1,-1,-1,-1,-1,-1,-1,-1,-1,-1,-1,-1,-1,-1,-1,-1,-1,-1,-1,1.20,1.21,0.00,0.00,2.65,54,66,50,39,15,35,66,39,89,6.23,5.23,0.00,0.00,0.00,0.00,0.00,0.00,0.00,0.00,0.00,Estádio Clube Desportivo das Aves (Vila das Aves)
1743872400,Apr 05 2025 - 5:00pm,incomplete,N/A,FC Arouca,Famalicão,N/A,28,1.08,1.23,1.08,1.23,0,0,0,0,0,0,"","",-1,-1,-1,-1,-1,-1,-1,-1,-1,-1,-1,-1,-1,-1,-1,-1,-1,-1,-1,-1,1.19,1.39,0.00,0.00,2.50,54,81,43,20,8,23,77,42,81,11.23,4.39,0.00,0.00,0.00,0.00,0.00,0.00,0.00,0.00,0.00,Estádio Municipal de Arouca (Arouca)
1743881400,Apr 05 2025 - 7:30pm,incomplete,N/A,Vitória Guimarães,Santa Clara,N/A,28,2.00,1.54,2.00,1.54,0,0,0,0,0,0,"","",-1,-1,-1,-1,-1,-1,-1,-1,-1,-1,-1,-1,-1,-1,-1,-1,-1,-1,-1,-1,1.56,0.97,0.00,0.00,2.47,38,62,43,27,12,27,58,46,77,10.23,6.23,0.00,0.00,0.00,0.00,0.00,0.00,0.00,0.00,0.00,Estádio Dom Afonso Henriques (Guimarães)
1743949800,Apr 06 2025 - 2:30pm,incomplete,N/A,Gil Vicente,Moreirense FC,N/A,28,1.23,0.62,1.23,0.62,0,0,0,0,0,0,"","",-1,-1,-1,-1,-1,-1,-1,-1,-1,-1,-1,-1,-1,-1,-1,-1,-1,-1,-1,-1,1.24,1.19,0.00,0.00,2.66,58,77,54,27,12,23,70,42,89,7.76,4.69,0.00,0.00,0.00,0.00,0.00,0.00,0.00,0.00,0.00,Estádio Cidade de Barcelos (Barcelos)
1743949800,Apr 06 2025 - 2:30pm,incomplete,N/A,CD Nacional,Estrela Amadora,N/A,28,1.77,0.54,1.77,0.54,0,0,0,0,0,0,"","",-1,-1,-1,-1,-1,-1,-1,-1,-1,-1,-1,-1,-1,-1,-1,-1,-1,-1,-1,-1,1.45,1.06,0.00,0.00,2.35,39,70,35,20,8,31,69,35,62,7.92,5.46,0.00,0.00,0.00,0.00,0.00,0.00,0.00,0.00,0.00,Estádio da Madeira (Funchal (Ilha da Madeira))
1743967800,Apr 06 2025 - 7:30pm,incomplete,N/A,Porto,Benfica,N/A,28,2.54,2.00,2.54,2.00,0,0,0,0,0,0,"","",-1,-1,-1,-1,-1,-1,-1,-1,-1,-1,-1,-1,-1,-1,-1,-1,-1,-1,-1,-1,2.02,1.88,0.00,0.00,2.69,42,93,46,23,8,23,73,50,92,14.00,4.15,0.00,0.00,0.00,0.00,0.00,0.00,0.00,0.00,0.00,Estádio Do Dragão (Porto)
1744047900,Apr 07 2025 - 5:45pm,incomplete,N/A,Farense,Casa Pia,N/A,28,0.54,1.08,0.54,1.08,0,0,0,0,0,0,"","",-1,-1,-1,-1,-1,-1,-1,-1,-1,-1,-1,-1,-1,-1,-1,-1,-1,-1,-1,-1,1.39,1.15,0.00,0.00,2.47,43,66,46,23,12,23,58,46,89,9.69,5.23,0.00,0.00,0.00,0.00,0.00,0.00,0.00,0.00,0.00,Estádio de São Lúis (Faro)
1744053300,Apr 07 2025 - 7:15pm,incomplete,N/A,Rio Ave FC,Boavista FC,N/A,28,1.62,0.69,1.62,0.69,0,0,0,0,0,0,"","",-1,-1,-1,-1,-1,-1,-1,-1,-1,-1,-1,-1,-1,-1,-1,-1,-1,-1,-1,-1,1.30,0.96,0.00,0.00,2.85,58,74,66,39,12,31,85,46,73,7.08,5.46,0.00,0.00,0.00,0.00,0.00,0.00,0.00,0.00,0.00,Estádio do Rio Ave Futebol Clube (Vila do Conde)
1744055100,Apr 07 2025 - 7:45pm,incomplete,N/A,Sporting CP,Sporting Braga,N/A,28,2.62,2.23,2.62,2.23,0,0,0,0,0,0,"","",-1,-1,-1,-1,-1,-1,-1,-1,-1,-1,-1,-1,-1,-1,-1,-1,-1,-1,-1,-1,2.13,1.47,0.00,0.00,2.54,46,70,54,27,8,39,69,42,81,12.92,4.00,0.00,0.00,0.00,0.00,0.00,0.00,0.00,0.00,0.00,Estádio José Alvalade (Lisboa)
1744398900,Apr 11 2025 - 7:15pm,incomplete,N/A,Gil Vicente,Vitória Guimarães,N/A,29,1.23,1.15,1.23,1.15,0,0,0,0,0,0,"","",-1,-1,-1,-1,-1,-1,-1,-1,-1,-1,-1,-1,-1,-1,-1,-1,-1,-1,-1,-1,1.24,1.54,0.00,0.00,2.23,50,66,43,19,4,19,66,42,77,10.69,4.85,0.00,0.00,0.00,0.00,0.00,0.00,0.00,0.00,0.00,Estádio Cidade de Barcelos (Barcelos)
1744468200,Apr 12 2025 - 2:30pm,incomplete,N/A,Boavista FC,CD Nacional,N/A,29,0.46,0.46,0.46,0.46,0,0,0,0,0,0,"","",-1,-1,-1,-1,-1,-1,-1,-1,-1,-1,-1,-1,-1,-1,-1,-1,-1,-1,-1,-1,1.27,1.27,0.00,0.00,1.96,31,62,31,12,4,19,73,31,66,8.69,5.62,0.00,0.00,0.00,0.00,0.00,0.00,0.00,0.00,0.00,Estádio do Bessa Século XXI (Porto)
1744468200,Apr 12 2025 - 2:30pm,incomplete,N/A,Famalicão,GD Estoril Praia,N/A,29,1.38,1.08,1.38,1.08,0,0,0,0,0,0,"","",-1,-1,-1,-1,-1,-1,-1,-1,-1,-1,-1,-1,-1,-1,-1,-1,-1,-1,-1,-1,1.26,1.21,0.00,0.00,2.31,47,66,46,27,8,23,70,47,70,8.00,4.46,0.00,0.00,0.00,0.00,0.00,0.00,0.00,0.00,0.00,Estádio Municipal 22 de Junho (Vila Nova de Famalicão)
1744477200,Apr 12 2025 - 5:00pm,incomplete,N/A,Santa Clara,Sporting CP,N/A,29,1.77,2.15,1.77,2.15,0,0,0,0,0,0,"","",-1,-1,-1,-1,-1,-1,-1,-1,-1,-1,-1,-1,-1,-1,-1,-1,-1,-1,-1,-1,1.43,1.91,0.00,0.00,2.92,46,73,58,27,20,50,70,43,74,11.08,5.46,0.00,0.00,0.00,0.00,0.00,0.00,0.00,0.00,0.00,Estádio de São Miguel (Ponta Delgada- Ilha de São Miguel- Açores)
1744486200,Apr 12 2025 - 7:30pm,incomplete,N/A,Casa Pia,Porto,N/A,29,1.69,1.54,1.69,1.54,0,0,0,0,0,0,"","",-1,-1,-1,-1,-1,-1,-1,-1,-1,-1,-1,-1,-1,-1,-1,-1,-1,-1,-1,-1,1.24,1.41,0.00,0.00,2.54,47,77,39,31,8,35,77,39,73,8.77,7.00,0.00,0.00,0.00,0.00,0.00,0.00,0.00,0.00,0.00,Estádio Pina Manique (Lisboa)
1744554600,Apr 13 2025 - 2:30pm,incomplete,N/A,Estrela Amadora,Farense,N/A,29,1.23,0.77,1.23,0.77,0,0,0,0,0,0,"","",-1,-1,-1,-1,-1,-1,-1,-1,-1,-1,-1,-1,-1,-1,-1,-1,-1,-1,-1,-1,1.14,1.12,0.00,0.00,2.39,54,69,46,27,8,27,58,42,74,8.23,5.62,0.00,0.00,0.00,0.00,0.00,0.00,0.00,0.00,0.00,Estádio José Gomes (Amadora)
1744563600,Apr 13 2025 - 5:00pm,incomplete,N/A,Benfica,FC Arouca,N/A,29,2.77,1.15,2.77,1.15,0,0,0,0,0,0,"","",-1,-1,-1,-1,-1,-1,-1,-1,-1,-1,-1,-1,-1,-1,-1,-1,-1,-1,-1,-1,2.18,1.36,0.00,0.00,3.27,50,77,77,50,23,54,85,54,77,13.47,4.54,0.00,0.00,0.00,0.00,0.00,0.00,0.00,0.00,0.00,Estádio do Sport Lisboa e Benfica (da Luz) (Lisboa)
1744563600,Apr 13 2025 - 5:00pm,incomplete,N/A,Sporting Braga,AVS,N/A,29,1.85,0.69,1.85,0.69,0,0,0,0,0,0,"","",-1,-1,-1,-1,-1,-1,-1,-1,-1,-1,-1,-1,-1,-1,-1,-1,-1,-1,-1,-1,1.69,1.04,0.00,0.00,2.66,50,81,43,27,12,35,77,35,77,10.69,5.00,0.00,0.00,0.00,0.00,0.00,0.00,0.00,0.00,0.00,Estádio Municipal de Braga (Braga)
1744572600,Apr 13 2025 - 7:30pm,incomplete,N/A,Moreirense FC,Rio Ave FC,N/A,29,1.77,0.62,1.77,0.62,0,0,0,0,0,0,"","",-1,-1,-1,-1,-1,-1,-1,-1,-1,-1,-1,-1,-1,-1,-1,-1,-1,-1,-1,-1,1.30,1.02,0.00,0.00,2.38,50,69,42,23,12,31,70,46,66,6.92,5.24,0.00,0.00,0.00,0.00,0.00,0.00,0.00,0.00,0.00,Parque Desportivo Comendador Joaquim de Almeida Freitas (Moreira de Cónegos)
1744986600,Apr 18 2025 - 2:30pm,incomplete,N/A,Rio Ave FC,Santa Clara,N/A,30,1.62,1.54,1.62,1.54,0,0,0,0,0,0,"","",-1,-1,-1,-1,-1,-1,-1,-1,-1,-1,-1,-1,-1,-1,-1,-1,-1,-1,-1,-1,1.30,0.97,0.00,0.00,2.62,58,70,50,31,15,31,73,42,73,7.46,5.85,0.00,0.00,0.00,0.00,0.00,0.00,0.00,0.00,0.00,Estádio do Rio Ave Futebol Clube (Vila do Conde)
1744986600,Apr 18 2025 - 2:30pm,incomplete,N/A,Farense,Boavista FC,N/A,30,0.54,0.69,0.54,0.69,0,0,0,0,0,0,"","",-1,-1,-1,-1,-1,-1,-1,-1,-1,-1,-1,-1,-1,-1,-1,-1,-1,-1,-1,-1,1.39,0.96,0.00,0.00,2.31,35,54,50,23,8,19,66,42,77,8.77,6.00,0.00,0.00,0.00,0.00,0.00,0.00,0.00,0.00,0.00,Estádio de São Lúis (Faro)
1744995600,Apr 18 2025 - 5:00pm,incomplete,N/A,Porto,Famalicão,N/A,30,2.54,1.23,2.54,1.23,0,0,0,0,0,0,"","",-1,-1,-1,-1,-1,-1,-1,-1,-1,-1,-1,-1,-1,-1,-1,-1,-1,-1,-1,-1,2.02,1.39,0.00,0.00,2.85,50,96,54,27,8,31,77,54,85,12.31,4.00,0.00,0.00,0.00,0.00,0.00,0.00,0.00,0.00,0.00,Estádio Do Dragão (Porto)
1745004600,Apr 18 2025 - 7:30pm,incomplete,N/A,Sporting CP,Moreirense FC,N/A,30,2.62,0.62,2.62,0.62,0,0,0,0,0,0,"","",-1,-1,-1,-1,-1,-1,-1,-1,-1,-1,-1,-1,-1,-1,-1,-1,-1,-1,-1,-1,2.13,1.19,0.00,0.00,3.04,58,81,58,46,15,43,77,46,93,10.84,3.92,0.00,0.00,0.00,0.00,0.00,0.00,0.00,0.00,0.00,Estádio José Alvalade (Lisboa)
1745073000,Apr 19 2025 - 2:30pm,incomplete,N/A,AVS,Casa Pia,N/A,30,1.08,1.08,1.08,1.08,0,0,0,0,0,0,"","",-1,-1,-1,-1,-1,-1,-1,-1,-1,-1,-1,-1,-1,-1,-1,-1,-1,-1,-1,-1,1.20,1.15,0.00,0.00,2.50,50,70,43,27,15,27,54,35,92,6.54,5.30,0.00,0.00,0.00,0.00,0.00,0.00,0.00,0.00,0.00,Estádio Clube Desportivo das Aves (Vila das Aves)
1745073000,Apr 19 2025 - 2:30pm,incomplete,N/A,CD Nacional,Gil Vicente,N/A,30,1.77,0.54,1.77,0.54,0,0,0,0,0,0,"","",-1,-1,-1,-1,-1,-1,-1,-1,-1,-1,-1,-1,-1,-1,-1,-1,-1,-1,-1,-1,1.45,0.94,0.00,0.00,2.66,46,77,46,27,12,31,62,46,74,7.54,4.85,0.00,0.00,0.00,0.00,0.00,0.00,0.00,0.00,0.00,Estádio da Madeira (Funchal (Ilha da Madeira))
1745082000,Apr 19 2025 - 5:00pm,incomplete,N/A,FC Arouca,Estrela Amadora,N/A,30,1.08,0.54,1.08,0.54,0,0,0,0,0,0,"","",-1,-1,-1,-1,-1,-1,-1,-1,-1,-1,-1,-1,-1,-1,-1,-1,-1,-1,-1,-1,1.19,1.06,0.00,0.00,1.93,39,62,19,8,4,8,69,31,74,9.92,5.23,0.00,0.00,0.00,0.00,0.00,0.00,0.00,0.00,0.00,Estádio Municipal de Arouca (Arouca)
1745082000,Apr 19 2025 - 5:00pm,incomplete,N/A,GD Estoril Praia,Sporting Braga,N/A,30,1.69,2.23,1.69,2.23,0,0,0,0,0,0,"","",-1,-1,-1,-1,-1,-1,-1,-1,-1,-1,-1,-1,-1,-1,-1,-1,-1,-1,-1,-1,1.26,1.47,0.00,0.00,2.24,46,62,54,16,8,27,50,42,73,9.77,5.08,0.00,0.00,0.00,0.00,0.00,0.00,0.00,0.00,0.00,Estádio António Coimbra da Mota (Estoril)
1745091000,Apr 19 2025 - 7:30pm,incomplete,N/A,Vitória Guimarães,Benfica,N/A,30,2.00,2.00,2.00,2.00,0,0,0,0,0,0,"","",-1,-1,-1,-1,-1,-1,-1,-1,-1,-1,-1,-1,-1,-1,-1,-1,-1,-1,-1,-1,1.56,1.88,0.00,0.00,2.77,42,77,50,31,12,31,70,46,89,14.23,4.92,0.00,0.00,0.00,0.00,0.00,0.00,0.00,0.00,0.00,Estádio Dom Afonso Henriques (Guimarães)
1745609400,Apr 25 2025 - 7:30pm,incomplete,N/A,Famalicão,Sporting Braga,N/A,31,1.38,2.23,1.38,2.23,0,0,0,0,0,0,"","",-1,-1,-1,-1,-1,-1,-1,-1,-1,-1,-1,-1,-1,-1,-1,-1,-1,-1,-1,-1,1.26,1.47,0.00,0.00,1.66,35,54,35,0,0,8,50,35,66,10.31,4.38,0.00,0.00,0.00,0.00,0.00,0.00,0.00,0.00,0.00,Estádio Municipal 22 de Junho (Vila Nova de Famalicão)
1745677800,Apr 26 2025 - 2:30pm,incomplete,N/A,Santa Clara,FC Arouca,N/A,31,1.77,1.15,1.77,1.15,0,0,0,0,0,0,"","",-1,-1,-1,-1,-1,-1,-1,-1,-1,-1,-1,-1,-1,-1,-1,-1,-1,-1,-1,-1,1.43,1.36,0.00,0.00,2.42,50,62,50,31,8,39,66,39,66,10.85,6.08,0.00,0.00,0.00,0.00,0.00,0.00,0.00,0.00,0.00,Estádio de São Miguel (Ponta Delgada- Ilha de São Miguel- Açores)
1745686800,Apr 26 2025 - 5:00pm,incomplete,N/A,Gil Vicente,Farense,N/A,31,1.23,0.77,1.23,0.77,0,0,0,0,0,0,"","",-1,-1,-1,-1,-1,-1,-1,-1,-1,-1,-1,-1,-1,-1,-1,-1,-1,-1,-1,-1,1.24,1.12,0.00,0.00,2.27,54,73,46,19,4,19,66,38,70,8.69,5.31,0.00,0.00,0.00,0.00,0.00,0.00,0.00,0.00,0.00,Estádio Cidade de Barcelos (Barcelos)
1745695800,Apr 26 2025 - 7:30pm,incomplete,N/A,Estrela Amadora,Porto,N/A,31,1.23,1.54,1.23,1.54,0,0,0,0,0,0,"","",-1,-1,-1,-1,-1,-1,-1,-1,-1,-1,-1,-1,-1,-1,-1,-1,-1,-1,-1,-1,1.14,1.41,0.00,0.00,2.73,43,77,50,31,15,35,70,46,81,8.15,6.93,0.00,0.00,0.00,0.00,0.00,0.00,0.00,0.00,0.00,Estádio José Gomes (Amadora)
1745764200,Apr 27 2025 - 2:30pm,incomplete,N/A,Moreirense FC,CD Nacional,N/A,31,1.77,0.46,1.77,0.46,0,0,0,0,0,0,"","",-1,-1,-1,-1,-1,-1,-1,-1,-1,-1,-1,-1,-1,-1,-1,-1,-1,-1,-1,-1,1.30,1.27,0.00,0.00,2.15,47,66,39,16,8,27,70,39,62,7.38,5.24,0.00,0.00,0.00,0.00,0.00,0.00,0.00,0.00,0.00,Parque Desportivo Comendador Joaquim de Almeida Freitas (Moreira de Cónegos)
1745773200,Apr 27 2025 - 5:00pm,incomplete,N/A,Vitória Guimarães,Rio Ave FC,N/A,31,2.00,0.62,2.00,0.62,0,0,0,0,0,0,"","",-1,-1,-1,-1,-1,-1,-1,-1,-1,-1,-1,-1,-1,-1,-1,-1,-1,-1,-1,-1,1.56,1.02,0.00,0.00,2.62,38,69,46,31,8,31,70,50,77,10.85,5.31,0.00,0.00,0.00,0.00,0.00,0.00,0.00,0.00,0.00,Estádio Dom Afonso Henriques (Guimarães)
1745773200,Apr 27 2025 - 5:00pm,incomplete,N/A,Benfica,AVS,N/A,31,2.77,0.69,2.77,0.69,0,0,0,0,0,0,"","",-1,-1,-1,-1,-1,-1,-1,-1,-1,-1,-1,-1,-1,-1,-1,-1,-1,-1,-1,-1,2.18,1.04,0.00,0.00,2.93,46,81,58,31,23,50,81,39,77,11.31,4.54,0.00,0.00,0.00,0.00,0.00,0.00,0.00,0.00,0.00,Estádio do Sport Lisboa e Benfica (da Luz) (Lisboa)
1745782200,Apr 27 2025 - 7:30pm,incomplete,N/A,Boavista FC,Sporting CP,N/A,31,0.46,2.15,0.46,2.15,0,0,0,0,0,0,"","",-1,-1,-1,-1,-1,-1,-1,-1,-1,-1,-1,-1,-1,-1,-1,-1,-1,-1,-1,-1,1.27,1.91,0.00,0.00,2.96,43,77,58,31,20,42,77,43,77,10.77,5.38,0.00,0.00,0.00,0.00,0.00,0.00,0.00,0.00,0.00,Estádio do Bessa Século XXI (Porto)
1745867700,Apr 28 2025 - 7:15pm,incomplete,N/A,Casa Pia,GD Estoril Praia,N/A,31,1.69,1.08,1.69,1.08,0,0,0,0,0,0,"","",-1,-1,-1,-1,-1,-1,-1,-1,-1,-1,-1,-1,-1,-1,-1,-1,-1,-1,-1,-1,1.24,1.21,0.00,0.00,2.73,62,73,50,43,8,42,81,47,77,7.69,5.23,0.00,0.00,0.00,0.00,0.00,0.00,0.00,0.00,0.00,Estádio Pina Manique (Lisboa)
1746213300,May 02 2025 - 7:15pm,incomplete,N/A,Porto,Moreirense FC,N/A,32,2.54,0.62,2.54,0.62,0,0,0,0,0,0,"","",-1,-1,-1,-1,-1,-1,-1,-1,-1,-1,-1,-1,-1,-1,-1,-1,-1,-1,-1,-1,2.02,1.19,0.00,0.00,2.77,50,89,50,31,8,19,66,54,96,10.46,4.07,0.00,0.00,0.00,0.00,0.00,0.00,0.00,0.00,0.00,Estádio Do Dragão (Porto)
1746282600,May 03 2025 - 2:30pm,incomplete,N/A,Farense,Famalicão,N/A,32,0.54,1.23,0.54,1.23,0,0,0,0,0,0,"","",-1,-1,-1,-1,-1,-1,-1,-1,-1,-1,-1,-1,-1,-1,-1,-1,-1,-1,-1,-1,1.39,1.39,0.00,0.00,2.54,47,69,50,23,12,31,70,42,81,11.46,4.93,0.00,0.00,0.00,0.00,0.00,0.00,0.00,0.00,0.00,Estádio de São Lúis (Faro)
1746282600,May 03 2025 - 2:30pm,incomplete,N/A,CD Nacional,Vitória Guimarães,N/A,32,1.77,1.15,1.77,1.15,0,0,0,0,0,0,"","",-1,-1,-1,-1,-1,-1,-1,-1,-1,-1,-1,-1,-1,-1,-1,-1,-1,-1,-1,-1,1.45,1.54,0.00,0.00,2.43,46,70,43,27,4,31,62,46,70,10.31,4.85,0.00,0.00,0.00,0.00,0.00,0.00,0.00,0.00,0.00,Estádio da Madeira (Funchal (Ilha da Madeira))
1746291600,May 03 2025 - 5:00pm,incomplete,N/A,Sporting Braga,Santa Clara,N/A,32,1.85,1.54,1.85,1.54,0,0,0,0,0,0,"","",-1,-1,-1,-1,-1,-1,-1,-1,-1,-1,-1,-1,-1,-1,-1,-1,-1,-1,-1,-1,1.69,0.97,0.00,0.00,2.58,42,70,43,27,15,27,70,46,77,9.92,5.54,0.00,0.00,0.00,0.00,0.00,0.00,0.00,0.00,0.00,Estádio Municipal de Braga (Braga)
1746300600,May 03 2025 - 7:30pm,incomplete,N/A,GD Estoril Praia,Benfica,N/A,32,1.69,2.00,1.69,2.00,0,0,0,0,0,0,"","",-1,-1,-1,-1,-1,-1,-1,-1,-1,-1,-1,-1,-1,-1,-1,-1,-1,-1,-1,-1,1.26,1.88,0.00,0.00,2.66,50,77,54,27,15,35,66,42,81,11.23,5.08,0.00,0.00,0.00,0.00,0.00,0.00,0.00,0.00,0.00,Estádio António Coimbra da Mota (Estoril)
1746369000,May 04 2025 - 2:30pm,incomplete,N/A,Rio Ave FC,Estrela Amadora,N/A,32,1.62,0.54,1.62,0.54,0,0,0,0,0,0,"","",-1,-1,-1,-1,-1,-1,-1,-1,-1,-1,-1,-1,-1,-1,-1,-1,-1,-1,-1,-1,1.30,1.06,0.00,0.00,2.50,54,70,42,27,12,27,81,35,70,8.46,5.23,0.00,0.00,0.00,0.00,0.00,0.00,0.00,0.00,0.00,Estádio do Rio Ave Futebol Clube (Vila do Conde)
1746378000,May 04 2025 - 5:00pm,incomplete,N/A,FC Arouca,Casa Pia,N/A,32,1.08,1.08,1.08,1.08,0,0,0,0,0,0,"","",-1,-1,-1,-1,-1,-1,-1,-1,-1,-1,-1,-1,-1,-1,-1,-1,-1,-1,-1,-1,1.19,1.15,0.00,0.00,2.43,50,77,39,20,8,16,66,46,89,9.46,4.69,0.00,0.00,0.00,0.00,0.00,0.00,0.00,0.00,0.00,Estádio Municipal de Arouca (Arouca)
1746387000,May 04 2025 - 7:30pm,incomplete,N/A,Sporting CP,Gil Vicente,N/A,32,2.62,0.54,2.62,0.54,0,0,0,0,0,0,"","",-1,-1,-1,-1,-1,-1,-1,-1,-1,-1,-1,-1,-1,-1,-1,-1,-1,-1,-1,-1,2.13,0.94,0.00,0.00,2.85,50,77,50,39,15,39,73,46,85,11.00,4.08,0.00,0.00,0.00,0.00,0.00,0.00,0.00,0.00,0.00,Estádio José Alvalade (Lisboa)
1746472500,May 05 2025 - 7:15pm,incomplete,N/A,AVS,Boavista FC,N/A,32,1.08,0.69,1.08,0.69,0,0,0,0,0,0,"","",-1,-1,-1,-1,-1,-1,-1,-1,-1,-1,-1,-1,-1,-1,-1,-1,-1,-1,-1,-1,1.20,0.96,0.00,0.00,2.35,42,58,47,27,12,23,62,31,81,5.62,6.07,0.00,0.00,0.00,0.00,0.00,0.00,0.00,0.00,0.00,Estádio Clube Desportivo das Aves (Vila das Aves)
1746887400,May 10 2025 - 2:30pm,incomplete,N/A,CD Nacional,Rio Ave FC,N/A,33,1.77,0.62,1.77,0.62,0,0,0,0,0,0,"","",-1,-1,-1,-1,-1,-1,-1,-1,-1,-1,-1,-1,-1,-1,-1,-1,-1,-1,-1,-1,1.45,1.02,0.00,0.00,2.62,42,77,46,27,8,39,73,46,66,7.54,5.16,0.00,0.00,0.00,0.00,0.00,0.00,0.00,0.00,0.00,Estádio da Madeira (Funchal (Ilha da Madeira))
1746887400,May 10 2025 - 2:30pm,incomplete,N/A,Santa Clara,Famalicão,N/A,33,1.77,1.23,1.77,1.23,0,0,0,0,0,0,"","",-1,-1,-1,-1,-1,-1,-1,-1,-1,-1,-1,-1,-1,-1,-1,-1,-1,-1,-1,-1,1.43,1.39,0.00,0.00,2.46,50,73,47,20,12,39,70,39,70,10.23,5.16,0.00,0.00,0.00,0.00,0.00,0.00,0.00,0.00,0.00,Estádio de São Miguel (Ponta Delgada- Ilha de São Miguel- Açores)
1746896400,May 10 2025 - 5:00pm,incomplete,N/A,Benfica,Sporting CP,N/A,33,2.77,2.15,2.77,2.15,0,0,0,0,0,0,"","",-1,-1,-1,-1,-1,-1,-1,-1,-1,-1,-1,-1,-1,-1,-1,-1,-1,-1,-1,-1,2.18,1.91,0.00,0.00,3.77,46,89,85,46,35,66,89,58,85,13.70,3.92,0.00,0.00,0.00,0.00,0.00,0.00,0.00,0.00,0.00,Estádio do Sport Lisboa e Benfica (da Luz) (Lisboa)
1746905400,May 10 2025 - 7:30pm,incomplete,N/A,Gil Vicente,FC Arouca,N/A,33,1.23,1.15,1.23,1.15,0,0,0,0,0,0,"","",-1,-1,-1,-1,-1,-1,-1,-1,-1,-1,-1,-1,-1,-1,-1,-1,-1,-1,-1,-1,1.24,1.36,0.00,0.00,2.69,58,73,62,35,8,35,77,42,73,10.23,5.54,0.00,0.00,0.00,0.00,0.00,0.00,0.00,0.00,0.00,Estádio Cidade de Barcelos (Barcelos)
1746905400,May 10 2025 - 7:30pm,incomplete,N/A,Casa Pia,Sporting Braga,N/A,33,1.69,2.23,1.69,2.23,0,0,0,0,0,0,"","",-1,-1,-1,-1,-1,-1,-1,-1,-1,-1,-1,-1,-1,-1,-1,-1,-1,-1,-1,-1,1.24,1.47,0.00,0.00,2.08,50,62,39,16,0,27,62,35,73,10.00,5.15,0.00,0.00,0.00,0.00,0.00,0.00,0.00,0.00,0.00,Estádio Pina Manique (Lisboa)
1746973800,May 11 2025 - 2:30pm,incomplete,N/A,Estrela Amadora,AVS,N/A,33,1.23,0.69,1.23,0.69,0,0,0,0,0,0,"","",-1,-1,-1,-1,-1,-1,-1,-1,-1,-1,-1,-1,-1,-1,-1,-1,-1,-1,-1,-1,1.14,1.04,0.00,0.00,2.46,54,73,43,23,12,38,66,31,77,7.61,5.85,0.00,0.00,0.00,0.00,0.00,0.00,0.00,0.00,0.00,Estádio José Gomes (Amadora)
1746982800,May 11 2025 - 5:00pm,incomplete,N/A,Vitória Guimarães,Farense,N/A,33,2.00,0.77,2.00,0.77,0,0,0,0,0,0,"","",-1,-1,-1,-1,-1,-1,-1,-1,-1,-1,-1,-1,-1,-1,-1,-1,-1,-1,-1,-1,1.56,1.12,0.00,0.00,2.47,46,69,46,31,4,23,58,46,74,11.62,5.46,0.00,0.00,0.00,0.00,0.00,0.00,0.00,0.00,0.00,Estádio Dom Afonso Henriques (Guimarães)
1746982800,May 11 2025 - 5:00pm,incomplete,N/A,Moreirense FC,GD Estoril Praia,N/A,33,1.77,1.08,1.77,1.08,0,0,0,0,0,0,"","",-1,-1,-1,-1,-1,-1,-1,-1,-1,-1,-1,-1,-1,-1,-1,-1,-1,-1,-1,-1,1.30,1.21,0.00,0.00,2.77,62,73,58,39,15,39,74,54,74,6.53,4.93,0.00,0.00,0.00,0.00,0.00,0.00,0.00,0.00,0.00,Parque Desportivo Comendador Joaquim de Almeida Freitas (Moreira de Cónegos)
1746991800,May 11 2025 - 7:30pm,incomplete,N/A,Boavista FC,Porto,N/A,33,0.46,1.54,0.46,1.54,0,0,0,0,0,0,"","",-1,-1,-1,-1,-1,-1,-1,-1,-1,-1,-1,-1,-1,-1,-1,-1,-1,-1,-1,-1,1.27,1.41,0.00,0.00,2.39,31,74,39,23,12,23,73,39,73,8.92,7.08,0.00,0.00,0.00,0.00,0.00,0.00,0.00,0.00,0.00,Estádio do Bessa Século XXI (Porto)
1747432800,May 16 2025 - 10:00pm,incomplete,N/A,Farense,Santa Clara,N/A,34,0.54,1.54,0.54,1.54,0,0,0,0,0,0,"","",-1,-1,-1,-1,-1,-1,-1,-1,-1,-1,-1,-1,-1,-1,-1,-1,-1,-1,-1,-1,1.39,0.97,0.00,0.00,2.08,35,50,35,15,12,19,54,38,77,9.15,6.39,0.00,0.00,0.00,0.00,0.00,0.00,0.00,0.00,0.00,Estádio de São Lúis (Faro)
1747432800,May 16 2025 - 10:00pm,incomplete,N/A,FC Arouca,Boavista FC,N/A,34,1.08,0.69,1.08,0.69,0,0,0,0,0,0,"","",-1,-1,-1,-1,-1,-1,-1,-1,-1,-1,-1,-1,-1,-1,-1,-1,-1,-1,-1,-1,1.19,0.96,0.00,0.00,2.27,42,66,43,20,4,12,73,42,77,8.54,5.46,0.00,0.00,0.00,0.00,0.00,0.00,0.00,0.00,0.00,Estádio Municipal de Arouca (Arouca)
1747432800,May 16 2025 - 10:00pm,incomplete,N/A,AVS,Moreirense FC,N/A,34,1.08,0.62,1.08,0.62,0,0,0,0,0,0,"","",-1,-1,-1,-1,-1,-1,-1,-1,-1,-1,-1,-1,-1,-1,-1,-1,-1,-1,-1,-1,1.20,1.19,0.00,0.00,2.50,54,66,43,31,15,23,54,31,96,6.46,5.07,0.00,0.00,0.00,0.00,0.00,0.00,0.00,0.00,0.00,Estádio Clube Desportivo das Aves (Vila das Aves)
1747432800,May 16 2025 - 10:00pm,incomplete,N/A,Porto,CD Nacional,N/A,34,2.54,0.46,2.54,0.46,0,0,0,0,0,0,"","",-1,-1,-1,-1,-1,-1,-1,-1,-1,-1,-1,-1,-1,-1,-1,-1,-1,-1,-1,-1,2.02,1.27,0.00,0.00,2.31,35,81,39,16,0,19,73,47,77,11.08,4.54,0.00,0.00,0.00,0.00,0.00,0.00,0.00,0.00,0.00,Estádio Do Dragão (Porto)
1747432800,May 16 2025 - 10:00pm,incomplete,N/A,Famalicão,Casa Pia,N/A,34,1.38,1.08,1.38,1.08,0,0,0,0,0,0,"","",-1,-1,-1,-1,-1,-1,-1,-1,-1,-1,-1,-1,-1,-1,-1,-1,-1,-1,-1,-1,1.26,1.15,0.00,0.00,2.16,43,70,39,16,8,16,58,43,73,8.31,4.53,0.00,0.00,0.00,0.00,0.00,0.00,0.00,0.00,0.00,Estádio Municipal 22 de Junho (Vila Nova de Famalicão)
1747432800,May 16 2025 - 10:00pm,incomplete,N/A,Sporting Braga,Benfica,N/A,34,1.85,2.00,1.85,2.00,0,0,0,0,0,0,"","",-1,-1,-1,-1,-1,-1,-1,-1,-1,-1,-1,-1,-1,-1,-1,-1,-1,-1,-1,-1,1.69,1.88,0.00,0.00,2.89,46,85,50,31,15,31,81,46,89,13.92,4.23,0.00,0.00,0.00,0.00,0.00,0.00,0.00,0.00,0.00,Estádio Municipal de Braga (Braga)
1747432800,May 16 2025 - 10:00pm,incomplete,N/A,Sporting CP,Vitória Guimarães,N/A,34,2.62,1.15,2.62,1.15,0,0,0,0,0,0,"","",-1,-1,-1,-1,-1,-1,-1,-1,-1,-1,-1,-1,-1,-1,-1,-1,-1,-1,-1,-1,2.13,1.54,0.00,0.00,2.62,50,70,47,39,8,39,73,46,81,13.77,4.08,0.00,0.00,0.00,0.00,0.00,0.00,0.00,0.00,0.00,Estádio José Alvalade (Lisboa)
1747432800,May 16 2025 - 10:00pm,incomplete,N/A,Rio Ave FC,Gil Vicente,N/A,34,1.62,0.54,1.62,0.54,0,0,0,0,0,0,"","",-1,-1,-1,-1,-1,-1,-1,-1,-1,-1,-1,-1,-1,-1,-1,-1,-1,-1,-1,-1,1.30,0.94,0.00,0.00,2.81,62,77,54,35,15,27,73,46,81,8.08,4.62,0.00,0.00,0.00,0.00,0.00,0.00,0.00,0.00,0.00,Estádio do Rio Ave Futebol Clube (Vila do Conde)
1747432800,May 16 2025 - 10:00pm,incomplete,N/A,GD Estoril Praia,Estrela Amadora,N/A,34,1.69,0.54,1.69,0.54,0,0,0,0,0,0,"","",-1,-1,-1,-1,-1,-1,-1,-1,-1,-1,-1,-1,-1,-1,-1,-1,-1,-1,-1,-1,1.26,1.06,0.00,0.00,2.24,43,62,39,20,12,27,62,35,66,8.23,5.77,0.00,0.00,0.00,0.00,0.00,0.00,0.00,0.00,0.00,Estádio António Coimbra da Mota (Estoril)
