timestamp,date_GMT,status,attendance,home_team_name,away_team_name,referee,Game Week,Pre-Match PPG (Home),Pre-Match PPG (Away),home_ppg,away_ppg,home_team_goal_count,away_team_goal_count,total_goal_count,total_goals_at_half_time,home_team_goal_count_half_time,away_team_goal_count_half_time,home_team_goal_timings,away_team_goal_timings,home_team_corner_count,away_team_corner_count,home_team_yellow_cards,home_team_red_cards,away_team_yellow_cards,away_team_red_cards,home_team_first_half_cards,home_team_second_half_cards,away_team_first_half_cards,away_team_second_half_cards,home_team_shots,away_team_shots,home_team_shots_on_target,away_team_shots_on_target,home_team_shots_off_target,away_team_shots_off_target,home_team_fouls,away_team_fouls,home_team_possession,away_team_possession,Home Team Pre-Match xG,Away Team Pre-Match xG,team_a_xg,team_b_xg,average_goals_per_match_pre_match,btts_percentage_pre_match,over_15_percentage_pre_match,over_25_percentage_pre_match,over_35_percentage_pre_match,over_45_percentage_pre_match,over_15_HT_FHG_percentage_pre_match,over_05_HT_FHG_percentage_pre_match,over_15_2HG_percentage_pre_match,over_05_2HG_percentage_pre_match,average_corners_per_match_pre_match,average_cards_per_match_pre_match,odds_ft_home_team_win,odds_ft_draw,odds_ft_away_team_win,odds_ft_over15,odds_ft_over25,odds_ft_over35,odds_ft_over45,odds_btts_yes,odds_btts_no,stadium_name
1723741200,Aug 15 2024 - 5:00pm,complete,47845,Athletic Club Bilbao,Getafe CF,Alejandro Muñíz Ruiz,1,0.00,0.00,2.07,1.08,1,1,2,1,1,0,"27","64",5,6,4,0,1,0,0,4,1,0,8,10,5,3,1,5,15,12,69,31,0.00,0.00,0.96,0.87,0.00,0,0,0,0,0,0,0,0,0,0.00,0.00,1.41,4.06,6.85,1.35,1.94,3.75,7.50,2.25,1.57,San Mamés Barria (Bilbao)
1723750200,Aug 15 2024 - 7:30pm,complete,54084,Real Betis,Girona FC,Miguel Ángel Ortiz Arias,1,0.00,0.00,1.86,0.93,1,1,2,1,1,0,"6","72",4,4,2,0,0,0,0,2,0,0,20,14,5,3,10,6,11,7,39,61,0.00,0.00,1.59,1.26,0.00,0,0,0,0,0,0,0,0,0,0.00,0.00,2.73,3.12,2.42,1.30,1.83,3.30,6.50,1.70,2.05,Estadio Benito Villamarín (Sevilla)
1723827600,Aug 16 2024 - 5:00pm,complete,22477,Celta de Vigo,Deportivo Alavés,Alejandro Quintero González,1,0.00,0.00,2.07,0.71,2,1,3,1,0,1,"66,84","17",3,3,2,0,2,0,1,1,1,1,7,11,5,3,2,5,8,23,64,36,0.00,0.00,1.07,0.99,0.00,0,0,0,0,0,0,0,0,0,0.00,0.00,1.92,3.44,4.12,1.40,2.07,4.00,8.00,1.95,1.80,Estadio Abanca-Balaídos (Vigo)
1723836600,Aug 16 2024 - 7:30pm,complete,24843,UD Las Palmas,Sevilla FC,Francisco José Hernández Maeso,1,0.00,0.00,1.00,1.21,2,2,4,2,1,1,"42,71","25,61",6,3,2,0,2,0,0,2,1,1,16,19,6,6,6,10,14,15,48,52,0.00,0.00,1.44,1.71,0.00,0,0,0,0,0,0,0,0,0,0.00,0.00,2.85,3.14,2.61,1.40,2.10,4.00,8.00,1.91,1.91,Estadio de Gran Canaria (Las Palmas de Gran Canaria)
1723914000,Aug 17 2024 - 5:00pm,complete,19561,CA Osasuna,Leganés,Juan Luis Pulido Santana,1,0.00,0.00,1.71,0.71,1,1,2,1,0,1,"79","22",6,4,3,0,2,0,0,3,1,1,18,11,7,5,6,2,14,12,61,39,0.00,0.00,1.83,0.94,0.00,0,0,0,0,0,0,0,0,0,0.00,0.00,1.65,3.90,5.25,1.41,2.00,4.15,8.40,2.05,1.70,Estadio El Sadar (Pamplona (Iruñea))
1723923000,Aug 17 2024 - 7:30pm,complete,46673,Valencia CF,FC Barcelona,José María Sánchez Martínez,1,0.00,0.00,1.50,2.14,1,2,3,2,1,1,"44","45'6,49",3,8,2,0,3,0,2,0,1,2,8,19,3,7,3,6,11,13,36,64,0.00,0.00,0.87,1.62,0.00,0,0,0,0,0,0,0,0,0,0.00,0.00,4.20,3.70,1.67,1.23,1.78,2.88,5.25,1.75,2.00,Estadio de Mestalla (Valencia)
1724000400,Aug 18 2024 - 5:00pm,complete,31763,Real Sociedad,Rayo Vallecano,Alejandro José Hernández Hernández,1,0.00,0.00,1.43,1.21,1,2,3,0,0,0,"90'8","67,84",10,5,2,0,4,0,1,1,1,3,12,13,5,6,5,4,14,21,66,34,0.00,0.00,1.36,1.32,0.00,0,0,0,0,0,0,0,0,0,0.00,0.00,1.51,3.56,6.45,1.42,2.36,4.30,8.30,2.25,1.57,Reale Arena (Donostia-San Sebastián)
1724009400,Aug 18 2024 - 7:30pm,complete,23010,RCD Mallorca,Real Madrid,César Soto Grado,1,0.00,0.00,1.43,1.64,1,1,2,1,0,1,"53","13",8,7,1,0,0,1,1,0,0,1,13,14,6,6,6,5,11,6,34,66,0.00,0.00,1.51,1.59,0.00,0,0,0,0,0,0,0,0,0,0.00,0.00,4.54,3.38,1.71,1.27,2.07,3.15,5.85,2.00,1.75,Estadi Mallorca Son Moix (Palma de Mallorca)
1724086800,Aug 19 2024 - 5:00pm,complete,22027,Real Valladolid,RCD Espanyol,Pablo González Fuertes,1,0.00,0.00,1.00,0.42,1,0,1,1,1,0,"23","",3,2,2,0,2,0,0,2,0,2,13,11,2,3,6,5,15,8,45,55,0.00,0.00,0.95,0.95,0.00,0,0,0,0,0,0,0,0,0,0.00,0.00,2.40,3.15,3.15,1.41,2.25,4.15,8.00,1.95,1.80,Estadio Municipal José Zorrilla (Valladolid)
1724095800,Aug 19 2024 - 7:30pm,complete,21566,Villarreal,Atlético Madrid,Guillermo Cuadra Fernández,1,0.00,0.00,1.67,1.69,2,2,4,4,2,2,"18,37","20,45'5",2,3,1,0,3,0,1,0,2,1,10,10,4,5,4,4,7,12,45,55,0.00,0.00,1.08,1.26,0.00,0,0,0,0,0,0,0,0,0,0.00,0.00,2.95,3.45,2.36,1.25,1.65,2.92,5.70,1.62,2.20,Estadio de la Cerámica (Villarreal)
1724432400,Aug 23 2024 - 5:00pm,complete,23519,Celta de Vigo,Valencia CF,José Luis Munuera Montero,2,3.00,0.00,2.07,0.46,3,1,4,3,2,1,"23,28,60","14",4,7,3,0,0,0,1,2,0,0,8,15,6,6,2,6,9,11,49,51,1.07,0.00,1.16,1.56,1.50,50,50,50,0,0,0,50,50,50,3.00,2.00,2.15,3.20,3.32,1.39,2.15,4.00,8.00,1.95,1.80,Estadio Abanca-Balaídos (Vigo)
1724441400,Aug 23 2024 - 7:30pm,complete,N/A,Sevilla FC,Villarreal,Isidro Díaz de Mera Escuderos,2,0.00,0.00,1.46,1.71,1,2,3,2,1,1,"45'7","2,90'5",7,2,3,0,5,0,1,2,1,4,17,9,8,7,7,2,16,8,60,40,0.00,0.00,1.90,1.27,0.00,0,0,0,0,0,0,0,0,0,0.00,0.00,2.33,3.25,2.91,1.28,1.92,3.10,6.00,1.70,2.05,Estadio Ramón Sánchez Pizjuán (Sevilla)
1724511600,Aug 24 2024 - 3:00pm,complete,N/A,CA Osasuna,RCD Mallorca,Adrián Cordero Vega,2,1.00,0.00,1.71,1.31,1,0,1,0,0,0,"55","",5,4,2,0,1,0,0,2,0,1,16,11,6,2,7,4,10,8,45,55,1.83,0.00,1.72,0.90,1.00,50,50,0,0,0,0,50,0,50,6.00,3.00,2.40,3.10,3.30,1.49,2.70,5.50,13.00,2.20,1.62,Estadio El Sadar (Pamplona (Iruñea))
1724518800,Aug 24 2024 - 5:00pm,complete,46448,FC Barcelona,Athletic Club Bilbao,Jesús Gil Manzano,2,0.00,0.00,2.25,1.54,2,1,3,2,1,1,"24,75","42",5,6,4,0,5,0,1,3,1,4,15,10,6,3,5,4,11,16,65,35,0.00,0.00,1.51,0.89,0.00,0,0,0,0,0,0,0,0,0,0.00,0.00,1.61,3.98,4.73,1.24,1.73,2.80,5.00,1.75,2.00,Estadi Olímpic Lluís Companys (Barcelona)
1724527800,Aug 24 2024 - 7:30pm,complete,9529,Getafe CF,Rayo Vallecano,Javier Alberola Rojas,2,0.00,3.00,1.36,1.21,0,0,0,0,0,0,"","",3,2,1,0,2,0,1,0,0,2,14,4,2,0,8,3,16,18,48,52,0.00,1.32,1.12,0.46,1.50,50,50,50,0,0,0,0,50,50,5.00,4.00,2.35,2.92,3.25,1.47,2.51,5.50,11.00,2.10,1.67,Estadio Coliseum (Getafe)
1724527800,Aug 24 2024 - 7:30pm,complete,N/A,RCD Espanyol,Real Sociedad,Mario Melero López,2,0.00,0.00,1.64,1.08,0,1,1,0,0,0,"","80",7,4,2,0,2,0,0,2,0,2,14,9,5,4,5,3,14,18,34,66,0.00,0.00,1.22,1.04,0.00,0,0,0,0,0,0,0,0,0,0.00,0.00,3.65,2.98,2.13,1.49,2.51,5.50,11.00,2.20,1.62,Stage Front Stadium (Cornella de Llobregat)
1724598000,Aug 25 2024 - 3:00pm,complete,70178,Real Madrid,Real Valladolid,Víctor García Verdura,2,0.00,0.00,2.62,0.21,3,0,3,0,0,0,"50,88,90'6","",5,5,1,0,1,0,0,1,1,0,18,9,10,0,3,6,10,15,64,36,0.00,0.00,2.11,0.69,0.00,0,0,0,0,0,0,0,0,0,0.00,0.00,1.19,7.50,13.50,1.08,1.36,2.01,2.94,2.00,1.75,Estadio Santiago Bernabéu (Madrid)
1724605200,Aug 25 2024 - 5:00pm,complete,N/A,Leganés,UD Las Palmas,Ricardo De Burgos Bengoetxea,2,0.00,0.00,1.31,0.79,2,1,3,0,0,0,"71,85","90'3",3,7,1,0,1,0,1,0,1,0,12,11,6,6,4,3,11,10,40,60,0.00,0.00,1.29,1.28,0.00,0,0,0,0,0,0,0,0,0,0.00,0.00,2.25,3.00,3.50,1.55,2.70,5.00,9.90,2.20,1.62,Estadio Municipal de Butarque (Leganés)
1724606100,Aug 25 2024 - 5:15pm,complete,N/A,Deportivo Alavés,Real Betis,Mateo Busquets Ferrer,2,0.00,0.00,1.23,1.15,0,0,0,0,0,0,"","",3,8,1,1,4,0,1,1,1,3,6,16,2,4,1,9,17,16,37,63,0.00,0.00,0.71,1.40,0.00,0,0,0,0,0,0,0,0,0,0.00,0.00,2.50,3.20,2.90,1.45,2.30,4.50,9.50,1.95,1.80,Estadio de Mendizorroza (Vitoria-Gasteiz)
1724614200,Aug 25 2024 - 7:30pm,complete,N/A,Atlético Madrid,Girona FC,Juan Martínez Munuera,2,0.00,1.00,2.43,0.93,3,0,3,1,1,0,"39,48,90'4","",1,9,1,0,3,0,1,0,2,1,12,14,7,5,2,3,11,11,42,58,0.00,1.26,1.31,1.30,1.00,50,50,0,0,0,0,50,0,50,4.00,0.00,1.62,4.10,5.00,1.19,1.65,2.55,4.50,1.67,2.10,Estádio Cívitas Metropolitano (Madrid)
1724700600,Aug 26 2024 - 7:30pm,complete,19651,Villarreal,Celta de Vigo,Miguel Ángel Ortiz Arias,3,1.00,0.00,1.67,0.54,4,3,7,3,1,2,"26,60,64,90'10","12,31,80",7,4,4,0,3,0,0,4,0,3,25,22,10,10,11,6,8,7,45,55,1.08,0.00,2.34,2.09,2.00,50,50,50,50,0,50,50,0,0,2.00,1.00,1.85,3.80,3.80,1.27,1.65,3.10,5.75,1.75,1.93,Estadio de la Cerámica (Villarreal)
1724778000,Aug 27 2024 - 5:00pm,complete,20470,RCD Mallorca,Sevilla FC,Alejandro Muñíz Ruiz,3,1.00,1.00,1.43,1.21,0,0,0,0,0,0,"","",5,9,0,0,1,1,0,0,0,2,14,17,5,8,7,6,15,10,45,55,1.51,1.71,1.45,1.76,3.00,100,100,50,50,0,50,100,50,100,11.00,3.00,2.20,3.20,3.50,1.50,2.45,5.00,10.00,2.10,1.72,Estadi Mallorca Son Moix (Palma de Mallorca)
1724787000,Aug 27 2024 - 7:30pm,complete,N/A,Rayo Vallecano,FC Barcelona,César Soto Grado,3,0.00,3.00,1.46,2.14,1,2,3,1,1,0,"9","60,82",6,6,3,0,1,0,1,2,0,1,9,24,5,6,3,6,17,11,35,65,0.00,1.62,1.14,1.63,1.50,50,50,50,0,0,50,50,0,50,8.00,3.00,4.60,3.90,1.73,1.22,1.70,2.80,5.00,1.68,2.15,Estadio de Vallecas (Madrid)
1724864400,Aug 28 2024 - 5:00pm,complete,N/A,Athletic Club Bilbao,Valencia CF,Pablo González Fuertes,3,1.00,0.00,2.07,0.46,1,0,1,1,1,0,"45","",5,3,1,0,3,0,0,1,2,1,14,3,5,0,4,2,14,9,51,49,0.96,1.56,1.26,0.34,3.00,100,100,50,50,0,50,100,0,100,12.00,4.00,1.54,3.90,6.65,1.35,2.05,3.80,7.50,2.10,1.65,San Mamés Barria (Bilbao)
1724864400,Aug 28 2024 - 5:00pm,complete,N/A,Real Valladolid,Leganés,Alejandro Quintero González,3,3.00,1.00,1.00,0.71,0,0,0,0,0,0,"","",4,4,1,0,5,0,0,1,1,4,14,9,3,2,9,4,13,19,59,41,0.95,0.94,1.41,0.74,1.50,50,50,0,0,0,0,100,0,50,7.00,4.00,2.23,2.96,3.74,1.53,2.48,5.25,10.00,2.10,1.65,Estadio Municipal José Zorrilla (Valladolid)
1724873400,Aug 28 2024 - 7:30pm,complete,N/A,Real Sociedad,Deportivo Alavés,José María Sánchez Martínez,3,0.00,0.00,1.43,0.71,1,2,3,2,1,1,"33","45'6,77",8,6,4,1,4,0,3,2,0,4,11,15,2,6,6,8,16,13,53,47,1.36,0.99,0.93,1.64,3.00,100,100,100,0,0,0,50,100,100,13.00,4.00,1.67,3.60,5.65,1.45,2.47,4.75,9.50,2.25,1.57,Reale Arena (Donostia-San Sebastián)
1724873400,Aug 28 2024 - 7:30pm,complete,56669,Atlético Madrid,RCD Espanyol,Ricardo De Burgos Bengoetxea,3,3.00,0.00,2.43,0.42,0,0,0,0,0,0,"","",9,3,0,0,2,0,0,0,0,2,26,9,8,2,10,7,6,9,62,38,1.31,0.95,2.16,0.89,2.00,0,50,50,0,0,0,100,50,50,3.00,3.00,1.45,4.42,7.30,1.28,1.98,3.25,6.25,2.20,1.60,Estádio Cívitas Metropolitano (Madrid)
1724950800,Aug 29 2024 - 5:00pm,complete,13275,Girona FC,CA Osasuna,Francisco José Hernández Maeso,3,0.00,0.00,1.54,0.75,4,0,4,1,1,0,"34,53,56,90","",5,0,0,0,0,0,0,0,0,0,11,2,6,0,3,2,10,9,60,40,0.00,0.00,1.41,0.26,0.00,0,0,0,0,0,0,0,0,0,0.00,0.00,1.51,4.78,6.93,1.22,1.70,2.80,5.00,1.80,1.95,Estadi Municipal de Montilivi (Girona)
1724959800,Aug 29 2024 - 7:30pm,complete,31192,UD Las Palmas,Real Madrid,Mateo Busquets Ferrer,3,1.00,1.00,1.00,1.64,1,1,2,1,1,0,"5","69",2,6,0,0,3,0,0,0,1,2,9,26,4,9,4,10,16,13,44,56,1.44,1.59,1.00,2.38,3.00,100,100,50,50,0,50,100,50,100,13.00,4.00,7.50,5.08,1.46,1.18,1.55,2.41,4.33,1.75,2.00,Estadio de Gran Canaria (Las Palmas de Gran Canaria)
1725116400,Aug 31 2024 - 3:00pm,complete,N/A,FC Barcelona,Real Valladolid,Isidro Díaz de Mera Escuderos,4,3.00,0.00,2.25,0.21,7,0,7,3,3,0,"20,24,45'2,64,72,82,85","",10,1,0,0,3,0,0,0,1,2,24,5,12,2,7,2,6,12,71,29,1.51,0.69,2.43,0.74,3.00,50,100,100,0,0,50,50,50,100,10.00,5.00,1.22,6.50,14.00,1.11,1.42,2.13,3.80,1.87,1.87,Estadi Olímpic Lluís Companys (Barcelona)
1725123600,Aug 31 2024 - 5:00pm,complete,N/A,Athletic Club Bilbao,Atlético Madrid,Alejandro José Hernández Hernández,4,2.00,1.00,2.07,1.69,0,1,1,0,0,0,"","90'2",2,2,3,0,1,0,3,0,0,1,10,10,2,3,5,4,13,9,53,47,1.11,1.26,1.09,0.93,2.75,75,75,50,50,0,50,100,0,25,8.00,5.50,2.90,3.30,2.50,1.29,2.07,3.60,7.50,1.80,1.95,San Mamés Barria (Bilbao)
1725124500,Aug 31 2024 - 5:15pm,complete,N/A,RCD Espanyol,Rayo Vallecano,Adrián Cordero Vega,4,0.00,2.00,1.64,1.21,2,1,3,2,1,1,"8,90'6","4",3,7,3,0,2,0,0,3,0,2,12,18,4,6,5,7,14,16,47,53,1.22,0.89,1.13,1.62,1.25,25,25,25,0,0,0,0,25,75,10.50,5.00,2.62,3.00,2.70,1.57,2.55,4.85,9.40,2.09,1.71,Stage Front Stadium (Cornella de Llobregat)
1725132600,Aug 31 2024 - 7:30pm,complete,43857,Valencia CF,Villarreal,Jesús Gil Manzano,4,0.00,3.00,1.50,1.71,1,1,2,2,1,1,"24","45'4",14,3,3,0,4,1,1,2,1,4,23,10,6,3,9,4,15,11,58,42,0.87,1.27,1.90,0.82,3.00,100,100,100,0,0,100,100,0,100,5.00,7.00,2.70,3.40,2.70,1.24,1.75,2.89,5.20,1.60,2.20,Estadio de Mestalla (Valencia)
1725132600,Aug 31 2024 - 7:30pm,complete,N/A,Leganés,RCD Mallorca,Mario Melero López,4,3.00,0.00,1.31,1.31,0,1,1,1,0,1,"","43",1,3,1,0,3,0,0,1,0,3,10,13,3,4,6,5,11,17,54,46,1.29,0.90,1.06,1.20,2.00,50,50,50,0,0,0,0,50,100,7.00,2.00,2.60,2.88,3.30,1.54,2.78,5.50,10.00,2.15,1.62,Estadio Municipal de Butarque (Leganés)
1725202800,Sep 01 2024 - 3:00pm,complete,16386,Deportivo Alavés,UD Las Palmas,Víctor García Verdura,4,1.00,0.00,1.23,0.79,2,0,2,1,1,0,"8,78","",6,5,3,0,0,0,2,1,0,0,16,13,6,7,6,5,13,9,29,71,0.71,1.28,1.43,1.46,1.50,50,50,50,0,0,0,0,50,50,10.00,4.00,1.85,3.50,4.50,1.44,2.30,4.33,8.50,2.05,1.70,Estadio de Mendizorroza (Vitoria-Gasteiz)
1725202800,Sep 01 2024 - 3:00pm,complete,N/A,CA Osasuna,Celta de Vigo,Juan Martínez Munuera,4,2.00,0.00,1.71,0.54,3,2,5,3,2,1,"21,45,62","29,90'1",6,3,2,0,0,1,0,2,0,1,11,13,4,5,2,4,19,10,50,50,1.77,2.09,0.95,1.28,4.25,75,75,50,50,50,50,75,50,100,9.50,5.50,2.25,3.25,3.40,1.38,2.10,3.80,7.50,1.80,1.90,Estadio El Sadar (Pamplona (Iruñea))
1725210000,Sep 01 2024 - 5:00pm,complete,35735,Sevilla FC,Girona FC,José María Sánchez Martínez,4,0.00,0.50,1.46,0.93,0,2,2,1,0,1,"","41,73",7,5,3,0,2,0,0,3,0,2,18,13,6,5,6,5,6,14,49,51,1.90,1.28,1.49,1.22,2.75,75,100,75,0,0,50,100,25,100,13.50,4.50,2.40,3.60,2.80,1.18,1.65,2.50,4.35,1.53,2.35,Estadio Ramón Sánchez Pizjuán (Sevilla)
1725210900,Sep 01 2024 - 5:15pm,complete,10929,Getafe CF,Real Sociedad,José Luis Munuera Montero,4,1.00,3.00,1.36,1.08,0,0,0,0,0,0,"","",4,1,1,0,1,0,1,0,0,1,17,1,2,0,7,0,14,16,53,47,1.12,1.04,1.17,0.19,0.50,0,0,0,0,0,0,0,0,50,7.00,3.00,3.30,3.00,2.40,1.62,2.90,5.60,13.00,2.30,1.55,Estadio Coliseum (Getafe)
1725219000,Sep 01 2024 - 7:30pm,complete,73072,Real Madrid,Real Betis,Javier Alberola Rojas,4,3.00,1.00,2.62,1.15,2,0,2,0,0,0,"67,76","",7,3,2,0,0,0,0,2,0,0,22,12,8,3,6,3,9,17,60,40,2.11,1.40,1.92,1.10,1.50,0,50,50,0,0,0,0,50,50,13.00,5.00,1.33,5.50,9.00,1.13,1.53,2.47,3.74,1.87,1.87,Estadio Santiago Bernabéu (Madrid)
1726254000,Sep 13 2024 - 7:00pm,complete,48089,Real Betis,Leganés,Pablo González Fuertes,5,1.00,1.00,1.86,0.71,2,0,2,0,0,0,"74,86","",11,1,1,0,2,0,1,0,2,0,15,4,6,0,6,3,11,18,64,36,1.59,0.84,1.62,0.33,1.50,75,75,0,0,0,0,75,0,75,8.00,5.50,1.70,3.60,5.25,1.44,2.06,4.33,9.50,2.10,1.67,Estadio Benito Villamarín (Sevilla)
1726315200,Sep 14 2024 - 12:00pm,complete,N/A,RCD Mallorca,Villarreal,Ricardo De Burgos Bengoetxea,5,1.00,2.00,1.43,1.71,1,2,3,1,0,1,"57","27,90'4",7,6,3,1,3,0,2,2,1,2,10,22,5,5,3,9,11,10,54,46,1.48,1.04,1.25,1.66,1.75,75,75,25,0,0,50,75,0,50,9.00,5.50,2.45,3.35,2.90,1.36,1.86,3.75,7.50,1.80,1.95,Estadi Mallorca Son Moix (Palma de Mallorca)
1726323300,Sep 14 2024 - 2:15pm,complete,24236,RCD Espanyol,Deportivo Alavés,Juan Luis Pulido Santana,5,1.50,1.50,1.64,0.71,3,2,5,2,1,1,"22,56,63","35,68",0,5,2,0,3,0,0,2,1,2,10,20,5,7,4,7,17,14,38,62,1.17,1.31,1.04,1.89,2.50,75,75,75,0,0,50,75,25,100,9.50,5.50,2.70,3.10,2.80,2.55,2.45,4.80,9.40,2.10,1.67,Stage Front Stadium (Cornella de Llobregat)
1726331400,Sep 14 2024 - 4:30pm,complete,N/A,Sevilla FC,Getafe CF,Mateo Busquets Ferrer,5,0.00,1.00,1.46,1.08,1,0,1,1,1,0,"23","",3,4,2,1,4,0,0,3,1,3,11,16,5,5,4,6,19,15,61,39,1.70,0.87,1.28,1.28,2.25,75,100,25,0,0,25,100,0,100,13.00,4.00,2.30,3.05,3.55,1.50,2.15,5.00,11.00,2.10,1.67,Estadio Ramón Sánchez Pizjuán (Sevilla)
1726340400,Sep 14 2024 - 7:00pm,complete,N/A,Real Sociedad,Real Madrid,Juan Martínez Munuera,5,0.00,1.00,1.43,1.64,0,2,2,0,0,0,"","58,75",6,6,4,0,1,0,2,2,0,1,12,17,3,7,5,2,12,9,48,52,1.14,1.98,1.05,1.44,2.50,100,100,50,0,0,25,75,25,100,15.50,6.50,4.00,3.60,1.88,1.30,2.01,3.40,6.50,1.91,1.91,Reale Arena (Donostia-San Sebastián)
1726401600,Sep 15 2024 - 12:00pm,complete,21670,Celta de Vigo,Real Valladolid,Francisco José Hernández Maeso,5,3.00,0.00,2.07,0.21,3,1,4,2,2,0,"22,35,90'1","50",5,3,3,0,5,1,1,2,2,4,15,7,10,3,1,2,14,15,54,46,1.11,0.71,1.64,0.78,4.25,50,100,100,50,25,50,75,75,100,6.50,4.50,1.70,3.80,5.00,1.24,1.97,2.89,5.30,1.80,1.95,Estadio Abanca-Balaídos (Vigo)
1726409700,Sep 15 2024 - 2:15pm,complete,N/A,Girona FC,FC Barcelona,Alejandro Muñíz Ruiz,5,3.00,3.00,1.54,2.14,1,4,5,2,0,2,"80","30,37,47,64",1,6,3,0,2,1,1,2,0,3,11,21,6,10,3,9,13,4,45,55,1.41,1.63,1.23,2.29,3.50,50,100,100,50,0,25,100,75,100,12.00,2.00,3.50,3.80,1.95,1.12,1.62,2.30,3.74,1.50,2.50,Estadi Municipal de Montilivi (Girona)
1726417800,Sep 15 2024 - 4:30pm,complete,25908,UD Las Palmas,Athletic Club Bilbao,Miguel Ángel Ortiz Arias,5,1.00,0.00,1.00,1.54,2,3,5,2,0,2,"58,83","7,30,76",9,3,1,0,2,1,1,0,2,1,16,10,7,5,4,5,8,12,65,35,1.22,0.89,1.64,1.20,3.00,100,100,75,25,0,75,100,25,100,10.00,6.00,3.50,3.35,2.15,1.36,2.06,3.64,6.90,1.91,1.91,Estadio de Gran Canaria (Las Palmas de Gran Canaria)
1726426800,Sep 15 2024 - 7:00pm,complete,N/A,Atlético Madrid,Valencia CF,César Soto Grado,5,2.00,0.00,2.43,0.46,3,0,3,1,1,0,"39,54,90'4","",7,3,1,0,2,0,1,0,2,0,15,6,5,2,9,3,10,8,53,47,1.74,0.95,1.61,0.80,2.00,25,50,50,25,0,25,75,25,50,10.00,2.00,1.35,4.90,9.50,1.30,1.95,3.40,6.50,2.25,1.57,Estádio Cívitas Metropolitano (Madrid)
1726513200,Sep 16 2024 - 7:00pm,complete,13073,Rayo Vallecano,CA Osasuna,Alejandro Quintero González,5,0.00,0.00,1.46,0.75,3,1,4,1,0,1,"50,66,90'5","27",7,4,3,0,2,0,0,3,2,0,18,6,7,3,8,3,12,15,66,34,1.14,0.26,1.83,0.84,3.50,50,100,100,50,0,0,100,100,100,6.00,3.00,2.15,3.15,3.80,1.50,2.28,4.92,10.25,2.10,1.67,Estadio de Vallecas (Madrid)
1726592400,Sep 17 2024 - 5:00pm,complete,17132,RCD Mallorca,Real Sociedad,Adrián Cordero Vega,7,0.67,2.00,1.43,1.08,1,0,1,1,1,0,"36","",5,5,1,0,1,0,0,1,0,1,11,14,5,6,5,6,5,10,40,60,1.40,0.61,1.19,1.60,1.09,34,34,17,0,0,0,34,17,59,9.17,3.50,3.05,3.07,2.77,1.67,3.10,6.00,13.00,2.38,1.53,Estadi Mallorca Son Moix (Palma de Mallorca)
1726678800,Sep 18 2024 - 5:00pm,complete,48547,Real Betis,Getafe CF,Juan Luis Pulido Santana,3,2.00,0.50,1.86,1.08,2,1,3,0,0,0,"61,74","90'3",8,4,3,0,5,0,2,1,3,2,18,16,8,6,6,7,10,20,66,34,1.61,1.07,1.83,1.61,1.75,50,75,0,0,0,0,75,25,75,12.50,4.00,1.95,3.00,4.50,1.58,2.45,5.60,11.75,2.25,1.57,Estadio Benito Villamarín (Sevilla)
1726765200,Sep 19 2024 - 5:00pm,complete,8304,Leganés,Athletic Club Bilbao,Francisco José Hernández Maeso,7,1.50,1.50,1.31,1.54,0,2,2,0,0,0,"","65,76",4,7,3,0,0,0,1,2,0,0,15,11,4,5,10,4,12,11,48,52,1.17,1.05,1.42,1.27,3.00,75,75,75,25,25,50,75,50,75,6.50,5.50,4.33,3.40,1.90,1.47,2.38,4.75,10.00,2.10,1.67,Estadio Municipal de Butarque (Leganés)
1726858800,Sep 20 2024 - 7:00pm,complete,16538,Deportivo Alavés,Sevilla FC,Javier Alberola Rojas,6,2.00,1.00,1.23,1.21,2,1,3,1,1,0,"17,60","83",3,5,1,0,4,0,0,1,2,2,11,9,5,3,3,3,11,16,35,65,1.07,1.73,1.10,0.91,1.50,25,50,25,25,0,25,50,25,50,10.50,5.50,2.18,3.40,3.44,1.36,2.22,3.82,7.50,1.92,1.84,Estadio de Mendizorroza (Vitoria-Gasteiz)
1726920000,Sep 21 2024 - 12:00pm,complete,N/A,Real Valladolid,Real Sociedad,Guillermo Cuadra Fernández,6,2.00,1.33,1.00,1.08,0,0,0,0,0,0,"","",5,7,4,0,4,0,1,3,1,3,16,15,3,5,6,5,15,12,35,65,1.18,0.94,1.13,1.35,0.59,0,0,0,0,0,0,42,0,17,6.83,2.83,3.65,3.10,2.15,1.48,2.38,4.50,9.00,2.00,1.73,Estadio Municipal José Zorrilla (Valladolid)
1726928100,Sep 21 2024 - 2:15pm,complete,N/A,CA Osasuna,UD Las Palmas,Isidro Díaz de Mera Escuderos,6,2.33,0.00,1.71,0.79,2,1,3,2,1,1,"39,60","41",2,4,2,0,5,0,0,2,3,2,14,12,5,7,7,5,14,11,39,61,1.50,1.37,1.47,1.60,2.59,59,84,42,17,17,17,59,42,100,11.67,2.83,1.91,3.40,4.00,1.36,2.15,4.00,7.50,1.95,1.83,Estadio El Sadar (Pamplona (Iruñea))
1726936200,Sep 21 2024 - 4:30pm,complete,N/A,Valencia CF,Girona FC,Alejandro José Hernández Hernández,6,0.50,1.33,1.50,0.93,2,0,2,0,0,0,"56,58","",5,4,3,0,2,0,0,3,2,0,9,9,3,4,4,3,13,10,32,68,1.38,1.26,0.96,1.04,2.42,67,100,42,0,0,50,100,17,75,14.50,4.17,2.75,3.25,2.55,1.29,2.00,3.34,6.10,1.73,2.00,Estadio de Mestalla (Valencia)
1726945200,Sep 21 2024 - 7:00pm,complete,N/A,Real Madrid,RCD Espanyol,José Luis Munuera Montero,6,3.00,0.50,2.62,0.42,4,1,5,0,0,0,"58,75,78,90","54",9,4,4,0,3,0,1,3,1,2,33,11,16,2,9,4,7,5,73,27,2.01,0.92,3.28,0.70,1.50,0,50,25,0,0,0,25,50,50,8.50,3.50,1.17,7.00,14.50,1.07,1.37,2.06,3.12,2.09,1.71,Estadio Santiago Bernabéu (Madrid)
1727006400,Sep 22 2024 - 12:00pm,complete,N/A,Getafe CF,Leganés,Adrián Cordero Vega,6,1.00,0.67,1.36,0.71,1,1,2,0,0,0,"83","76",6,2,3,0,2,0,0,3,1,1,13,7,4,3,2,2,16,17,59,41,1.14,0.67,1.16,0.68,0.67,17,34,0,0,0,0,17,17,34,6.50,4.00,2.10,2.80,4.33,1.67,3.20,6.00,13.00,2.45,1.48,Estadio Coliseum (Getafe)
1727014500,Sep 22 2024 - 2:15pm,complete,N/A,Athletic Club Bilbao,Celta de Vigo,José María Sánchez Martínez,6,1.33,0.00,2.07,0.54,3,1,4,3,2,1,"4,39,80","25",3,6,3,0,2,0,2,1,0,2,11,12,6,5,3,3,16,11,32,68,1.11,1.68,1.29,1.19,3.67,67,67,50,50,50,50,84,50,84,7.50,5.17,1.67,3.75,5.00,1.24,1.75,2.82,5.20,1.75,2.00,San Mamés Barria (Bilbao)
1727022600,Sep 22 2024 - 4:30pm,complete,N/A,Villarreal,FC Barcelona,Mateo Busquets Ferrer,6,2.00,3.00,1.67,2.14,1,5,6,3,1,2,"38","20,35,58,75,83",7,3,6,0,1,0,1,5,0,1,14,18,5,11,7,4,11,12,36,64,1.71,1.85,1.37,2.14,4.59,100,100,100,67,42,84,100,59,75,11.17,5.17,4.20,4.00,1.75,1.12,1.40,2.00,3.30,1.40,2.75,Estadio de la Cerámica (Villarreal)
1727031600,Sep 22 2024 - 7:00pm,complete,13646,Rayo Vallecano,Atlético Madrid,Mario Melero López,6,1.50,2.00,1.46,1.69,1,1,2,1,1,0,"35","50",3,4,0,0,0,0,0,0,0,0,18,11,5,6,7,2,9,12,55,45,1.49,1.09,1.46,1.26,3.00,75,75,75,50,0,25,75,50,75,9.00,5.00,4.75,3.30,1.80,1.35,2.20,3.80,7.00,2.00,1.75,Estadio de Vallecas (Madrid)
1727118000,Sep 23 2024 - 7:00pm,complete,47017,Real Betis,RCD Mallorca,Víctor García Verdura,6,2.33,1.50,1.86,1.31,1,2,3,2,1,1,"7","8,90'3",6,3,3,0,3,0,3,0,0,3,17,8,7,7,5,1,12,14,62,38,1.68,1.05,1.69,1.21,1.67,34,50,17,0,0,0,42,34,75,11.17,4.00,1.85,3.20,4.50,1.46,2.50,4.60,9.40,2.20,1.62,Estadio Benito Villamarín (Sevilla)
1727197200,Sep 24 2024 - 5:00pm,complete,35292,Sevilla FC,Real Valladolid,Juan Luis Pulido Santana,7,1.00,0.00,1.46,0.21,2,1,3,1,1,0,"45,85","56",6,4,4,1,4,0,1,4,2,2,23,9,6,3,6,3,14,12,55,45,1.56,0.74,1.52,0.84,3.34,33,84,67,34,17,50,84,50,84,8.67,6.67,1.75,3.70,4.60,1.31,1.91,3.45,5.90,1.91,1.91,Estadio Ramón Sánchez Pizjuán (Sevilla)
1727197200,Sep 24 2024 - 5:00pm,complete,40425,Valencia CF,CA Osasuna,Miguel Ángel Ortiz Arias,7,1.33,0.00,1.50,0.75,0,0,0,0,0,0,"","",10,5,2,0,3,0,1,1,0,3,11,10,4,3,3,4,6,11,52,48,1.24,0.55,1.10,1.04,3.17,59,100,67,50,0,34,84,67,84,9.33,3.67,2.10,3.20,3.70,1.46,2.30,4.30,8.00,2.05,1.70,Estadio de Mestalla (Valencia)
1727204400,Sep 24 2024 - 7:00pm,complete,67480,Real Madrid,Deportivo Alavés,Alejandro Muñíz Ruiz,7,3.00,1.00,2.62,0.71,3,2,5,2,2,0,"1,40,48","85,86",4,4,4,0,0,0,2,2,0,0,11,13,5,4,3,5,7,10,69,31,2.43,1.51,1.26,1.12,3.50,67,100,84,33,33,34,50,84,100,11.67,5.33,1.22,6.50,12.00,1.12,1.55,2.30,3.82,2.10,1.67,Estadio Santiago Bernabéu (Madrid)
1727283600,Sep 25 2024 - 5:00pm,complete,12272,Girona FC,Rayo Vallecano,Juan Martínez Munuera,7,1.50,1.33,1.54,1.21,0,0,0,0,0,0,"","",4,3,3,0,4,0,1,2,1,3,12,3,2,0,7,3,8,16,71,29,1.32,1.14,1.21,0.41,3.25,59,84,84,50,25,42,67,67,84,7.67,4.17,1.80,3.70,4.20,1.32,1.85,3.50,6.50,1.80,1.95,Estadi Municipal de Montilivi (Girona)
1727290800,Sep 25 2024 - 7:00pm,complete,44407,FC Barcelona,Getafe CF,Pablo González Fuertes,7,3.00,0.33,2.25,1.08,1,0,1,1,1,0,"19","",7,5,1,0,1,0,0,1,0,1,16,8,5,2,6,3,4,15,78,22,1.97,1.25,1.50,0.66,3.50,59,84,67,25,25,50,84,42,84,12.17,5.33,1.28,5.75,10.00,1.20,1.61,2.70,4.75,2.10,1.67,Estadi Olímpic Lluís Companys (Barcelona)
1727370000,Sep 26 2024 - 5:00pm,complete,N/A,UD Las Palmas,Real Betis,José María Sánchez Martínez,7,0.67,0.50,1.00,1.15,1,1,2,2,1,1,"9","45'3",1,4,4,0,2,0,0,4,0,2,9,14,3,6,4,7,21,10,55,45,1.36,1.25,0.86,1.70,2.34,50,75,34,34,17,34,50,59,75,11.17,3.00,3.00,3.20,2.37,1.35,2.20,3.70,7.50,1.91,1.91,Estadio de Gran Canaria (Las Palmas de Gran Canaria)
1727370000,Sep 26 2024 - 5:00pm,complete,23147,RCD Espanyol,Villarreal,Alejandro Quintero González,7,2.00,2.33,1.64,1.71,1,2,3,2,1,1,"45'1","45'6,63",4,1,5,0,3,0,0,5,1,2,12,16,3,5,3,7,12,14,56,44,1.13,1.25,0.89,1.43,2.84,84,84,67,17,17,67,84,33,84,7.00,6.66,3.40,3.40,2.10,1.30,1.83,3.20,6.00,1.70,2.05,Stage Front Stadium (Cornella de Llobregat)
1727377200,Sep 26 2024 - 7:00pm,complete,21533,Celta de Vigo,Atlético Madrid,Víctor García Verdura,7,3.00,1.67,2.07,1.69,0,1,1,0,0,0,"","90",2,3,2,0,2,0,1,1,1,1,11,9,5,3,6,2,11,11,58,42,1.29,1.15,1.35,0.78,3.00,84,84,67,50,0,50,84,34,84,7.00,4.00,3.50,3.50,2.00,1.25,1.73,2.90,5.50,1.67,2.10,Estadio Abanca-Balaídos (Vigo)
1727463600,Sep 27 2024 - 7:00pm,complete,20338,Real Valladolid,RCD Mallorca,José Luis Munuera Montero,8,1.67,2.00,1.00,1.31,1,2,3,0,0,0,"90'4","59,83",7,4,3,0,2,0,1,2,1,1,14,19,2,7,8,8,16,11,50,50,1.16,1.10,1.10,1.80,1.00,17,17,17,0,0,17,50,0,34,7.33,4.66,2.80,2.94,2.75,1.57,2.75,5.25,11.00,2.20,1.62,Estadio Municipal José Zorrilla (Valladolid)
1727524800,Sep 28 2024 - 12:00pm,complete,N/A,Getafe CF,Deportivo Alavés,Isidro Díaz de Mera Escuderos,8,1.00,0.75,1.36,0.71,2,0,2,1,1,0,"42,58","",2,2,3,0,6,0,0,3,2,4,16,10,9,2,3,5,17,24,45,55,1.15,1.41,1.77,0.83,2.34,67,67,50,25,25,38,50,54,67,8.83,3.92,2.56,2.73,3.28,1.68,3.20,7.00,13.00,2.38,1.53,Estadio Coliseum (Getafe)
1727532900,Sep 28 2024 - 2:15pm,complete,N/A,Rayo Vallecano,Leganés,Alejandro Muñíz Ruiz,8,1.33,0.75,1.46,0.71,1,1,2,1,1,0,"8","55",5,5,2,0,1,0,0,2,1,0,16,14,7,4,4,6,12,7,53,47,1.48,0.67,1.51,1.20,2.25,75,88,34,17,0,0,63,59,88,8.08,4.75,1.91,3.00,4.75,1.61,3.00,5.50,11.00,2.38,1.53,Estadio de Vallecas (Madrid)
1727541000,Sep 28 2024 - 4:30pm,complete,N/A,Real Sociedad,Valencia CF,Javier Alberola Rojas,8,0.00,0.00,1.43,0.46,3,0,3,1,1,0,"8,80,90'2","",6,4,0,0,0,0,0,0,0,0,12,10,7,5,3,3,7,12,62,38,1.11,0.90,1.48,1.13,2.67,50,84,67,17,0,33,67,50,84,12.33,5.67,1.90,3.25,4.50,1.50,2.63,5.00,9.50,2.20,1.62,Reale Arena (Donostia-San Sebastián)
1727550000,Sep 28 2024 - 7:00pm,complete,N/A,CA Osasuna,FC Barcelona,Guillermo Cuadra Fernández,8,2.50,3.00,1.71,2.14,4,2,6,2,2,0,"18,28,72,85","53,89",5,8,2,0,2,0,0,2,0,2,13,13,6,7,6,4,13,3,25,75,1.49,1.92,1.50,1.68,3.50,88,88,75,38,38,63,88,50,100,10.50,4.50,7.00,4.33,1.48,1.17,1.53,2.32,3.98,1.67,2.10,Estadio El Sadar (Pamplona (Iruñea))
1727611200,Sep 29 2024 - 12:00pm,complete,21347,Celta de Vigo,Girona FC,Ricardo De Burgos Bengoetxea,8,2.25,1.00,2.07,0.93,1,1,2,1,0,1,"81","38",4,4,1,0,0,0,0,1,0,0,13,10,3,5,5,1,9,14,48,52,1.31,1.21,1.22,1.03,2.63,50,88,50,25,0,25,75,50,100,9.00,4.25,2.01,3.68,3.54,1.20,1.62,2.55,4.50,1.57,2.25,Estadio Abanca-Balaídos (Vigo)
1727619300,Sep 29 2024 - 2:15pm,complete,48288,Athletic Club Bilbao,Sevilla FC,César Soto Grado,8,1.75,0.67,2.07,1.21,1,1,2,1,1,0,"36","90'3",4,7,0,1,3,0,0,1,0,3,14,14,6,4,6,7,6,7,39,61,1.15,1.46,1.49,1.34,2.17,59,59,46,29,0,29,71,34,71,9.42,5.75,1.70,3.70,5.00,1.33,1.99,3.50,6.50,1.95,1.80,San Mamés Barria (Bilbao)
1727627400,Sep 29 2024 - 4:30pm,complete,N/A,Real Betis,RCD Espanyol,Alejandro José Hernández Hernández,8,1.75,0.33,1.86,0.42,1,0,1,0,0,0,"85","",8,4,2,0,4,0,0,2,1,3,21,9,12,2,3,3,14,20,53,47,1.68,0.85,2.21,0.71,2.25,54,67,42,17,17,13,42,42,67,10.25,4.58,1.70,3.30,5.50,1.38,2.10,4.00,8.00,2.00,1.75,Estadio Benito Villamarín (Sevilla)
1727636400,Sep 29 2024 - 7:00pm,complete,70112,Atlético Madrid,Real Madrid,Mateo Busquets Ferrer,8,2.33,1.67,2.43,1.64,1,1,2,0,0,0,"90'5","64",5,5,3,1,1,0,0,4,1,0,13,13,5,5,2,4,11,11,51,49,1.69,1.80,1.23,1.25,2.00,34,84,34,0,0,0,67,50,84,12.00,2.67,2.75,3.40,2.50,1.24,1.73,2.85,5.00,1.57,2.25,Estádio Cívitas Metropolitano (Madrid)
1727722800,Sep 30 2024 - 7:00pm,complete,18159,Villarreal,UD Las Palmas,Mario Melero López,8,1.33,0.00,1.67,0.79,3,1,4,1,1,0,"45,84,90'7","47",3,2,0,0,4,0,0,0,1,3,21,8,8,4,6,3,15,11,42,58,1.59,1.45,1.85,0.91,4.17,84,100,84,50,34,67,84,50,84,10.66,5.67,1.53,4.10,6.00,1.14,1.57,2.31,3.86,1.67,2.10,Estadio de la Cerámica (Villarreal)
1728068400,Oct 04 2024 - 7:00pm,complete,10958,Leganés,Valencia CF,Alejandro Quintero González,9,1.00,0.00,1.31,0.46,0,0,0,0,0,0,"","",1,2,2,0,2,0,1,1,1,1,9,7,0,2,5,4,15,14,59,41,1.25,0.96,0.64,0.74,2.38,29,71,54,13,0,13,67,59,71,6.92,2.92,2.88,2.88,2.80,1.60,3.20,6.25,11.00,2.25,1.57,Estadio Municipal de Butarque (Leganés)
1728129600,Oct 05 2024 - 12:00pm,complete,24434,RCD Espanyol,RCD Mallorca,Francisco José Hernández Maeso,9,1.50,2.25,1.64,1.31,2,1,3,1,1,0,"18,47","68",4,6,1,0,5,0,0,1,0,5,10,12,4,6,5,2,14,19,40,60,1.07,1.28,1.05,1.45,2.50,63,63,63,13,13,50,63,25,88,7.00,5.25,3.00,2.90,2.50,1.55,2.75,5.50,12.00,2.10,1.67,Stage Front Stadium (Cornella de Llobregat)
1728137700,Oct 05 2024 - 2:15pm,complete,10670,Getafe CF,CA Osasuna,José María Sánchez Martínez,9,1.50,0.33,1.36,0.75,1,1,2,1,1,0,"21","60",4,2,2,0,4,0,2,0,1,3,13,7,5,3,4,4,17,10,40,60,1.30,0.71,1.13,0.91,1.84,29,59,34,34,0,0,46,46,59,6.75,3.67,2.20,2.90,3.90,1.61,3.20,6.50,15.00,2.38,1.53,Estadio Coliseum (Getafe)
1728145800,Oct 05 2024 - 4:30pm,complete,21482,UD Las Palmas,Celta de Vigo,Adrián Cordero Vega,9,0.75,0.00,1.00,0.54,0,1,1,1,0,1,"","28",11,2,3,0,6,2,1,2,2,6,26,9,6,2,11,5,9,13,61,39,1.24,1.52,2.03,0.81,4.29,100,100,75,75,46,88,100,59,88,8.83,4.08,3.20,3.50,2.20,1.20,1.73,2.88,5.50,1.62,2.20,Estadio de Gran Canaria (Las Palmas de Gran Canaria)
1728145800,Oct 05 2024 - 4:30pm,complete,N/A,Real Valladolid,Rayo Vallecano,Pablo González Fuertes,9,1.25,1.25,1.00,1.21,1,2,3,0,0,0,"51","57,80",5,13,4,0,2,0,2,2,0,2,15,18,7,4,5,8,13,18,39,61,1.15,0.96,1.48,1.43,1.25,38,38,38,0,0,13,25,25,38,9.00,5.50,3.10,3.00,2.55,1.50,2.63,4.70,8.00,2.05,1.70,Estadio Municipal José Zorrilla (Valladolid)
1728154800,Oct 05 2024 - 7:00pm,complete,N/A,Real Madrid,Villarreal,Guillermo Cuadra Fernández,9,3.00,2.50,2.62,1.71,2,0,2,1,1,0,"14,73","",2,5,0,0,1,0,0,0,1,0,12,13,3,2,5,8,7,11,55,45,2.14,1.30,1.24,1.10,3.25,75,100,75,25,25,50,63,63,88,9.25,6.75,1.29,6.87,10.80,1.04,1.30,1.75,2.60,1.67,2.10,Estadio Santiago Bernabéu (Madrid)
1728216000,Oct 06 2024 - 12:00pm,complete,N/A,Girona FC,Athletic Club Bilbao,Juan Luis Pulido Santana,9,1.33,2.00,1.54,1.54,2,1,3,2,1,1,"39,90'9","41",6,1,4,0,2,1,1,3,1,2,15,14,7,5,5,6,12,13,65,35,1.28,1.12,1.67,1.25,3.17,50,84,67,50,33,50,67,67,84,8.66,5.00,2.30,3.30,3.20,1.27,2.00,3.22,5.90,1.75,2.00,Estadi Municipal de Montilivi (Girona)
1728224100,Oct 06 2024 - 2:15pm,complete,N/A,Deportivo Alavés,FC Barcelona,Miguel Ángel Ortiz Arias,N/A,2.33,2.40,1.23,2.14,0,3,3,3,0,3,"","7,22,32",11,3,2,0,2,0,1,1,0,2,12,15,3,10,5,0,13,8,28,72,1.08,1.87,0.99,1.62,3.14,67,84,67,30,30,40,84,57,84,10.20,4.53,5.70,4.53,1.62,1.14,1.60,2.55,4.80,1.70,2.05,N/A
1728232200,Oct 06 2024 - 4:30pm,complete,N/A,Sevilla FC,Real Betis,Juan Martínez Munuera,9,1.50,0.67,1.46,1.15,1,0,1,0,0,0,"50","",4,1,5,1,4,0,0,6,1,3,15,12,6,4,5,7,15,15,52,48,1.55,1.40,1.46,1.14,1.79,42,71,25,0,0,29,67,29,54,10.75,5.50,2.63,3.42,2.93,1.33,2.05,3.80,8.00,1.80,1.95,Estadio Ramón Sánchez Pizjuán (Sevilla)
1728241200,Oct 06 2024 - 7:00pm,complete,31983,Real Sociedad,Atlético Madrid,Isidro Díaz de Mera Escuderos,N/A,0.75,2.00,1.43,1.69,1,1,2,1,0,1,"84","1",5,1,0,0,2,0,0,0,0,2,17,5,8,2,9,3,10,9,67,33,1.21,1.06,2.27,0.61,2.38,50,75,50,13,0,25,50,38,88,10.50,4.50,3.44,3.31,2.37,1.47,2.37,4.75,9.50,2.05,1.70,N/A
1729278000,Oct 18 2024 - 7:00pm,complete,16904,Deportivo Alavés,Real Valladolid,Mario Melero López,10,1.75,0.00,1.23,0.21,2,3,5,2,1,1,"6,90'7","17,72,76",5,6,5,1,2,0,0,6,0,2,12,13,5,5,3,5,15,14,62,38,1.06,0.76,1.14,1.13,3.13,38,88,75,25,13,38,75,63,75,9.00,6.00,1.70,4.00,4.50,1.40,2.20,4.00,8.50,2.10,1.67,Estadio de Mendizorroza (Vitoria-Gasteiz)
1729339200,Oct 19 2024 - 12:00pm,complete,46713,Athletic Club Bilbao,RCD Espanyol,Mateo Busquets Ferrer,N/A,1.60,0.25,2.07,0.42,4,1,5,3,3,0,"6,28,30,55","90'2",5,5,2,0,3,0,1,1,0,3,11,6,7,3,4,2,15,22,57,43,1.22,0.81,1.46,0.86,1.88,43,43,23,23,13,10,53,13,65,7.05,5.35,1.50,4.00,7.00,1.33,1.91,3.60,7.00,2.00,1.75,N/A
1729347300,Oct 19 2024 - 2:15pm,complete,N/A,CA Osasuna,Real Betis,Alejandro Muñíz Ruiz,N/A,2.60,0.50,1.71,1.15,1,2,3,1,0,1,"59","7,73",10,2,2,0,1,1,0,2,0,2,20,12,7,8,7,3,12,8,55,45,1.49,1.33,1.66,1.45,2.33,53,65,30,20,20,43,53,33,75,8.80,4.70,2.63,3.40,2.55,1.38,2.10,4.00,8.00,1.91,1.91,N/A
1729355400,Oct 19 2024 - 4:30pm,complete,N/A,Girona FC,Real Sociedad,César Soto Grado,10,1.75,1.25,1.54,1.08,0,1,1,1,0,1,"","44",6,6,2,0,1,0,1,1,0,1,9,15,4,5,4,6,10,12,47,53,1.38,1.04,1.10,1.25,1.75,25,38,38,25,13,25,50,25,50,8.25,4.50,2.40,3.40,2.88,1.35,2.20,3.78,7.10,1.95,1.80,Estadi Municipal de Montilivi (Girona)
1729364400,Oct 19 2024 - 7:00pm,complete,24445,Celta de Vigo,Real Madrid,Alejandro José Hernández Hernández,N/A,2.00,1.50,2.07,1.64,1,2,3,1,0,1,"51","20,66",6,2,2,0,1,0,0,2,0,1,15,11,7,4,4,5,16,13,47,53,1.29,1.66,1.54,1.16,2.40,78,90,30,20,0,20,65,45,100,9.60,3.95,4.50,4.50,1.62,1.15,1.62,2.39,4.05,1.67,2.10,N/A
1729425600,Oct 20 2024 - 12:00pm,complete,N/A,RCD Mallorca,Rayo Vallecano,Javier Alberola Rojas,N/A,1.25,1.60,1.43,1.21,1,0,1,0,0,0,"76","",9,2,1,0,1,0,1,0,1,0,22,11,7,3,10,7,9,13,51,49,1.35,1.05,1.82,1.08,1.65,55,55,43,0,0,10,48,33,55,12.25,4.55,2.00,3.10,4.33,1.59,2.75,6.00,13.00,2.38,1.53,N/A
1729433700,Oct 20 2024 - 2:15pm,complete,60122,Atlético Madrid,Leganés,José Luis Munuera Montero,10,2.00,0.80,2.43,0.71,3,1,4,1,0,1,"69,81,90'9","34",8,2,5,0,1,0,1,4,0,1,25,6,10,3,8,1,14,8,63,37,1.58,0.78,2.41,0.67,1.80,43,78,25,0,0,0,45,58,78,8.70,4.15,1.33,4.75,10.00,1.35,2.00,3.75,7.50,2.50,1.50,Riyadh Air Metropolitano (Madrid)
1729441800,Oct 20 2024 - 4:30pm,complete,19355,Villarreal,Getafe CF,Víctor García Verdura,10,1.75,0.25,1.67,1.08,1,1,2,1,1,0,"44","87",5,5,4,0,3,0,1,3,2,1,11,22,5,5,5,7,18,21,57,43,1.66,1.10,1.24,1.46,3.50,75,75,63,50,25,38,88,50,63,9.50,5.50,1.75,3.70,4.50,1.33,2.00,3.60,7.50,1.95,1.80,Estadio de la Cerámica (Villarreal)
1729450800,Oct 20 2024 - 7:00pm,complete,47848,FC Barcelona,Sevilla FC,Ricardo De Burgos Bengoetxea,10,3.00,0.75,2.25,1.21,5,1,6,3,3,0,"24,28,39,82,88","87",5,5,1,0,2,0,0,1,1,1,22,8,10,2,8,2,6,14,67,33,1.81,1.43,2.28,0.56,2.96,54,71,59,29,17,46,88,42,71,13.33,4.67,1.30,5.75,8.00,1.12,1.44,2.09,3.40,1.75,2.00,Estadi Olímpic Lluís Companys (Barcelona)
1729537200,Oct 21 2024 - 7:00pm,complete,42453,Valencia CF,UD Las Palmas,Jesús Gil Manzano,10,1.25,0.00,1.50,0.79,2,3,5,2,1,1,"14,90'4","43,53,84",11,2,4,1,9,0,4,1,4,5,15,12,8,7,4,2,12,12,47,53,1.21,1.31,1.72,1.20,2.38,63,88,50,13,0,38,63,38,75,12.50,5.00,1.75,3.60,4.75,1.44,2.30,4.50,9.50,2.10,1.67,Estadio de Mestalla (Valencia)
1729882800,Oct 25 2024 - 7:00pm,complete,N/A,RCD Espanyol,Sevilla FC,Miguel Ángel Ortiz Arias,11,1.80,0.60,1.64,1.21,0,2,2,2,0,2,"","20,45",13,2,2,0,0,0,0,2,0,0,17,7,2,4,11,1,14,9,42,58,1.07,1.25,1.39,0.82,3.00,80,80,70,30,20,50,80,50,90,9.40,5.40,2.88,3.30,2.40,1.38,2.20,4.00,8.00,1.91,1.91,RCDE Stadium (Cornella de Llobregat)
1729944000,Oct 26 2024 - 12:00pm,complete,20178,Real Valladolid,Villarreal,Francisco José Hernández Maeso,N/A,1.00,2.00,1.00,1.71,1,2,3,1,0,1,"60","29,84",4,6,4,0,3,0,0,4,1,2,8,23,4,11,4,8,16,13,45,55,1.21,1.26,1.04,2.34,2.00,60,70,50,0,0,30,60,30,60,8.20,6.20,3.50,3.70,2.00,1.22,1.67,2.80,5.00,1.62,2.20,N/A
1729952100,Oct 26 2024 - 2:15pm,complete,13010,Rayo Vallecano,Deportivo Alavés,Adrián Cordero Vega,11,1.25,0.60,1.46,0.71,1,0,1,0,0,0,"80","",6,2,2,1,4,0,1,2,0,4,18,16,6,8,10,5,8,14,50,50,1.49,1.29,1.80,1.67,3.18,90,100,65,33,20,30,100,55,100,9.25,5.00,2.05,3.20,3.90,1.48,2.50,4.75,10.00,2.10,1.67,Estadio de Vallecas (Madrid)
1729960200,Oct 26 2024 - 4:30pm,complete,21506,UD Las Palmas,Girona FC,Alejandro Quintero González,11,0.60,1.00,1.00,0.93,1,0,1,1,1,0,"42","",3,5,4,0,5,1,1,3,0,6,13,9,4,4,7,2,12,14,43,57,1.40,1.17,1.23,0.96,2.50,60,90,30,20,10,30,90,40,80,11.00,3.40,3.10,3.40,2.25,1.30,1.91,3.40,6.50,1.75,2.00,Estadio de Gran Canaria (Las Palmas de Gran Canaria)
1729969200,Oct 26 2024 - 7:00pm,complete,78192,Real Madrid,FC Barcelona,José María Sánchez Martínez,11,3.00,2.50,2.62,2.14,0,4,4,0,0,0,"","54,56,77,84",10,3,2,0,5,0,0,2,1,4,10,16,5,8,4,7,15,17,41,59,1.96,1.83,1.19,1.75,3.87,62,100,80,45,45,52,70,74,92,11.07,4.37,2.05,3.80,3.20,1.15,1.50,2.21,3.75,1.44,2.63,Estadio Santiago Bernabéu (Madrid)
1730034000,Oct 27 2024 - 1:00pm,complete,11358,Leganés,Celta de Vigo,Mario Melero López,N/A,1.00,0.75,1.31,0.54,3,0,3,0,0,0,"59,78,82","",4,2,2,0,2,0,0,2,0,2,8,19,5,6,2,6,15,17,39,61,1.10,1.34,1.01,1.52,2.88,50,63,50,38,25,38,63,50,63,6.00,5.50,3.10,3.25,2.35,1.44,2.30,4.50,9.50,1.95,1.80,N/A
1730042100,Oct 27 2024 - 3:15pm,complete,12412,Getafe CF,Valencia CF,Guillermo Cuadra Fernández,N/A,1.40,0.20,1.36,0.46,1,1,2,1,0,1,"90","36",8,2,3,0,7,0,1,2,3,4,16,3,5,2,7,0,20,20,64,36,1.27,0.91,1.59,0.38,1.70,30,60,30,10,0,10,60,30,60,7.60,3.40,2.20,3.10,3.50,1.65,3.00,6.50,13.00,2.50,1.50,N/A
1730050200,Oct 27 2024 - 5:30pm,complete,52621,Real Betis,Atlético Madrid,N/A,N/A,2.00,1.80,1.86,1.69,1,0,1,1,1,0,"4","",3,10,3,0,2,0,0,3,1,1,25,11,4,4,17,4,8,4,42,58,1.79,0.97,1.97,1.09,2.10,60,70,30,10,0,20,50,20,90,10.00,3.80,3.00,3.40,2.35,1.44,2.30,4.50,9.50,1.95,1.80,N/A
1730059200,Oct 27 2024 - 8:00pm,complete,31729,Real Sociedad,CA Osasuna,Juan Luis Pulido Santana,11,0.80,0.50,1.43,0.75,0,2,2,2,0,2,"","23,34",14,4,3,0,4,0,0,3,2,2,20,11,10,5,8,4,7,14,75,25,1.42,0.76,2.39,1.09,2.55,55,88,55,25,0,10,68,55,88,9.75,4.65,1.75,3.60,5.00,1.40,2.20,4.20,8.50,2.05,1.70,N/A
1730145600,Oct 28 2024 - 8:00pm,complete,N/A,RCD Mallorca,Athletic Club Bilbao,Juan Martínez Munuera,N/A,1.60,1.50,1.43,1.54,0,0,0,0,0,0,"","",1,14,4,1,1,0,5,0,1,0,5,21,2,2,2,11,9,12,33,67,1.44,1.15,0.54,1.59,2.33,58,70,48,13,13,38,68,35,80,11.05,4.60,2.90,3.10,2.55,1.50,2.50,5.00,10.00,2.05,1.70,N/A
1730491200,Nov 01 2024 - 8:00pm,complete,17212,Deportivo Alavés,RCD Mallorca,Pablo González Fuertes,12,1.40,1.80,1.23,1.31,1,0,1,0,0,0,"76","",7,2,3,0,2,0,3,0,0,2,14,8,4,3,4,3,19,12,52,48,1.08,1.31,1.08,0.90,2.40,50,70,60,10,10,30,70,40,70,9.60,5.80,2.40,3.00,3.10,1.53,2.75,5.50,13.00,2.20,1.62,Estadio de Mendizorroza (Vitoria-Gasteiz)
1730552400,Nov 02 2024 - 1:00pm,complete,N/A,CA Osasuna,Real Valladolid,Víctor García Verdura,12,2.17,0.60,1.71,0.21,1,0,1,1,1,0,"19","",7,2,1,0,5,0,0,1,2,3,21,8,5,5,11,1,21,12,50,50,1.52,0.83,1.84,0.99,3.87,72,92,84,47,37,55,82,75,100,9.47,5.57,1.61,3.70,5.75,1.40,2.20,4.33,8.50,2.20,1.62,Estadio El Sadar (Pamplona (Iruñea))
1730560500,Nov 02 2024 - 3:15pm,complete,10830,Girona FC,Leganés,Mateo Busquets Ferrer,12,1.40,0.67,1.54,0.71,4,3,7,4,2,2,"21,31,62,73","25,41,77",6,1,3,0,4,0,0,3,1,3,16,10,7,6,4,3,17,15,55,45,1.33,0.76,1.51,1.17,2.30,54,72,39,29,10,20,65,45,72,7.40,4.57,1.65,3.75,5.25,1.40,2.05,4.00,8.50,2.10,1.67,Estadi Municipal de Montilivi (Girona)
1730638800,Nov 03 2024 - 1:00pm,complete,56610,Atlético Madrid,UD Las Palmas,Ricardo De Burgos Bengoetxea,12,2.20,0.60,2.43,0.79,2,0,2,1,1,0,"37,83","",9,1,1,0,1,0,0,1,0,1,16,2,4,2,8,0,13,13,57,43,1.74,1.29,1.58,0.38,2.90,60,90,70,30,10,20,70,70,90,10.00,6.20,1.25,6.00,10.00,1.19,1.61,2.65,4.75,2.10,1.67,Riyadh Air Metropolitano (Madrid)
1730646900,Nov 03 2024 - 3:15pm,complete,N/A,FC Barcelona,RCD Espanyol,José Luis Munuera Montero,12,3.00,0.20,2.25,0.42,3,1,4,3,3,0,"12,23,31","63",9,5,0,0,3,0,0,0,1,2,15,11,10,4,3,3,13,14,77,23,1.93,0.82,1.96,0.96,3.33,45,58,58,45,45,48,70,45,68,10.35,4.30,1.13,9.50,17.00,1.04,1.20,1.53,2.15,1.70,2.05,Estadi Olímpic Lluís Companys (Barcelona)
1730655000,Nov 03 2024 - 5:30pm,complete,37619,Sevilla FC,Real Sociedad,Alejandro Muñíz Ruiz,12,1.80,1.60,1.46,1.08,0,2,2,1,0,1,"","34,68",5,9,2,0,1,0,1,1,0,1,9,10,0,4,6,4,6,17,55,45,1.53,1.08,0.63,1.03,1.30,20,30,20,0,0,10,60,10,50,10.00,5.80,2.75,3.10,2.62,1.50,2.37,4.50,10.00,2.00,1.75,Estadio Ramón Sánchez Pizjuán (Sevilla)
1730664000,Nov 03 2024 - 8:00pm,complete,N/A,Athletic Club Bilbao,Real Betis,Javier Alberola Rojas,N/A,1.83,1.00,2.07,1.15,1,1,2,0,0,0,"68","52",6,2,0,0,0,0,0,0,0,0,18,8,9,5,7,1,9,8,49,51,1.26,1.36,1.94,0.96,2.05,54,64,27,17,9,27,62,29,72,7.60,5.10,1.84,3.67,4.33,1.35,2.00,3.75,7.50,1.95,1.80,N/A
1730750400,Nov 04 2024 - 8:00pm,complete,N/A,Celta de Vigo,Getafe CF,Jesús Gil Manzano,12,1.67,0.40,2.07,1.08,1,0,1,1,1,0,"7","",0,2,1,0,3,1,1,0,1,3,11,12,4,3,7,3,12,11,58,42,1.33,1.17,1.24,0.83,2.32,72,72,44,17,0,17,82,35,80,8.80,4.97,1.95,3.20,4.00,1.48,2.37,4.75,10.00,2.10,1.67,Estadio Abanca-Balaídos (Vigo)
1731096000,Nov 08 2024 - 8:00pm,complete,N/A,Rayo Vallecano,UD Las Palmas,Francisco José Hernández Maeso,13,1.60,0.50,1.46,0.79,1,3,4,1,0,1,"90'2","6,62,67",12,4,1,0,3,0,1,0,2,1,35,12,7,4,15,6,9,13,64,36,1.55,1.14,2.57,1.08,2.79,74,90,54,27,9,17,82,45,100,8.90,5.73,1.75,3.50,4.75,1.38,2.10,4.00,8.00,2.05,1.70,Estadio de Vallecas (Madrid)
1731157200,Nov 09 2024 - 1:00pm,complete,N/A,Real Madrid,CA Osasuna,Mario Melero López,13,2.50,1.00,2.62,0.75,4,0,4,2,2,0,"34,42,61,69","",11,3,0,0,2,0,0,0,0,2,19,3,9,0,4,2,9,16,68,32,1.83,0.83,1.99,0.30,2.95,37,90,54,45,17,19,57,62,80,9.17,4.77,1.20,6.50,15.00,1.15,1.48,2.19,3.75,2.10,1.67,Estadio Santiago Bernabéu (Madrid)
1731165300,Nov 09 2024 - 3:15pm,complete,N/A,Villarreal,Deportivo Alavés,Alejandro Quintero González,13,1.60,0.50,1.67,0.71,3,0,3,1,1,0,"38,81,90","",7,2,1,0,3,0,1,0,0,3,14,10,4,4,5,3,17,21,63,37,1.57,1.36,1.16,1.03,3.89,84,92,74,57,37,55,92,55,90,8.47,6.17,1.65,4.08,5.06,1.24,1.73,2.80,5.00,1.75,2.00,Estadio de la Cerámica (Villarreal)
1731182400,Nov 09 2024 - 8:00pm,complete,N/A,Leganés,Sevilla FC,Juan Luis Pulido Santana,13,1.40,1.00,1.31,1.21,1,0,1,0,0,0,"82","",0,6,2,0,1,1,1,1,0,2,9,14,5,3,3,7,7,10,43,57,1.08,1.18,1.03,1.14,2.32,44,72,45,17,9,25,52,55,64,7.77,4.13,2.88,3.20,2.55,1.52,2.50,5.00,11.00,2.10,1.67,Estadio Municipal de Butarque (Leganés)
1731243600,Nov 10 2024 - 1:00pm,complete,54015,Real Betis,Celta de Vigo,Miguel Ángel Ortiz Arias,N/A,2.17,0.60,1.86,0.54,2,2,4,2,1,1,"40,90'5","13,82",2,0,3,0,0,0,1,2,0,0,20,4,7,3,10,1,12,8,56,44,1.82,1.37,1.98,0.64,3.00,55,74,57,30,20,39,65,47,82,10.07,5.73,1.95,3.40,4.00,1.30,1.91,3.25,6.50,1.70,2.05,N/A
1731251700,Nov 10 2024 - 3:15pm,complete,N/A,RCD Mallorca,Atlético Madrid,José María Sánchez Martínez,N/A,1.50,1.50,1.43,1.69,0,1,1,0,0,0,"","61",7,2,1,0,3,0,0,1,1,2,14,10,7,3,5,4,10,16,53,47,1.29,0.99,1.57,0.92,1.50,42,42,17,9,0,9,59,9,59,9.66,3.84,3.30,3.10,2.38,1.53,2.63,5.50,11.00,2.20,1.62,N/A
1731259800,Nov 10 2024 - 5:30pm,complete,N/A,Getafe CF,Girona FC,Juan Martínez Munuera,13,1.33,0.83,1.36,0.93,0,1,1,1,0,1,"","42",5,2,3,0,3,0,1,2,3,0,10,5,2,3,3,0,25,16,47,53,1.32,1.14,0.95,0.55,1.67,42,75,9,0,0,0,67,25,75,9.67,4.50,2.45,3.20,3.00,1.52,2.63,5.00,11.00,2.10,1.67,Estadio Coliseum (Getafe)
1731259800,Nov 10 2024 - 5:30pm,complete,N/A,Real Valladolid,Athletic Club Bilbao,Adrián Cordero Vega,13,0.83,1.40,1.00,1.54,1,1,2,0,0,0,"79","90'4",5,5,4,0,4,0,1,3,2,2,7,18,4,2,2,11,12,12,35,65,1.18,1.24,0.84,1.49,2.14,55,65,55,10,10,30,47,45,65,10.87,5.60,5.12,3.47,1.77,1.37,2.20,4.00,8.00,2.00,1.75,Estadio Municipal José Zorrilla (Valladolid)
1731268800,Nov 10 2024 - 8:00pm,complete,N/A,Real Sociedad,FC Barcelona,Guillermo Cuadra Fernández,13,0.67,2.57,1.43,2.14,1,0,1,1,1,0,"33","",7,6,3,0,1,0,1,2,0,1,15,13,7,2,4,5,17,6,30,70,1.58,1.82,1.41,0.96,3.40,61,100,75,29,22,52,77,61,85,13.46,5.07,4.26,3.99,1.78,1.20,1.62,2.60,4.50,1.62,2.20,Reale Arena (Donostia-San Sebastián)
1732305600,Nov 22 2024 - 8:00pm,complete,N/A,Getafe CF,Real Valladolid,Pablo González Fuertes,14,1.14,0.50,1.36,0.21,2,0,2,0,0,0,"70,73","",3,2,3,0,2,0,1,2,0,2,13,7,6,4,4,3,15,15,56,44,1.27,0.86,1.48,0.97,2.56,47,70,42,25,17,25,70,49,70,8.07,5.96,1.67,3.40,6.00,1.57,2.75,6.00,13.00,2.63,1.44,Estadio Coliseum (Getafe)
1732366800,Nov 23 2024 - 1:00pm,complete,43975,Valencia CF,Real Betis,Ricardo De Burgos Bengoetxea,14,1.00,1.00,1.50,1.15,4,2,6,2,1,1,"8,50,53,56","14,66",2,4,4,0,2,0,1,3,0,2,12,8,6,4,2,4,10,16,49,51,1.31,1.29,1.22,1.07,2.04,55,74,29,10,10,39,47,45,64,11.93,5.37,3.10,3.00,2.50,1.48,2.50,4.75,10.00,2.00,1.75,Estadio de Mestalla (Valencia)
1732374900,Nov 23 2024 - 3:15pm,complete,58910,Atlético Madrid,Deportivo Alavés,Víctor García Verdura,14,2.33,0.43,2.43,0.71,2,1,3,1,0,1,"76,86","7",5,0,3,0,3,0,1,2,0,3,12,5,9,2,1,1,18,19,70,30,1.72,1.31,1.73,0.46,2.74,45,85,61,23,15,22,77,62,92,9.93,5.31,1.36,4.50,8.50,1.33,2.00,3.75,7.50,2.25,1.57,Riyadh Air Metropolitano (Madrid)
1732383000,Nov 23 2024 - 5:30pm,complete,N/A,UD Las Palmas,RCD Mallorca,Alejandro Muñíz Ruiz,N/A,1.00,1.50,1.00,1.31,2,3,5,0,0,0,"77,83","46,56,90'1",4,3,4,0,2,1,0,4,1,2,15,10,4,4,6,6,10,18,62,38,1.37,1.24,1.25,1.17,2.25,59,59,42,17,9,34,75,33,67,9.00,5.00,3.00,2.90,2.60,1.50,2.63,5.00,10.00,2.05,1.70,Estadio de Gran Canaria (Las Palmas de Gran Canaria)
1732383000,Nov 23 2024 - 5:30pm,complete,N/A,Girona FC,RCD Espanyol,Alejandro José Hernández Hernández,N/A,1.67,0.17,1.54,0.42,4,1,5,4,4,0,"4,16,21,27","55",6,3,0,0,3,0,0,0,1,2,13,10,6,2,5,3,4,19,76,24,1.36,0.85,1.49,0.81,3.00,50,59,59,50,33,42,67,42,67,8.50,5.33,1.70,3.80,5.00,1.32,1.91,3.50,6.50,1.95,1.80,Estadi Municipal de Montilivi (Girona)
1732392000,Nov 23 2024 - 8:00pm,complete,N/A,Celta de Vigo,FC Barcelona,César Soto Grado,N/A,1.86,2.25,2.07,2.14,2,2,4,1,0,1,"84,86","15,61",5,1,5,0,4,1,1,4,1,4,17,10,9,5,5,4,13,9,41,59,1.32,1.71,1.89,1.20,3.23,67,80,73,40,19,46,87,53,81,8.81,4.38,4.33,4.20,1.70,1.15,1.50,2.13,3.75,1.50,2.50,Estadio Abanca-Balaídos (Vigo)
1732453200,Nov 24 2024 - 1:00pm,complete,N/A,CA Osasuna,Villarreal,José Luis Munuera Montero,14,2.29,2.17,1.71,1.71,2,2,4,2,2,0,"8,21","67,90'3",0,8,6,0,5,0,1,5,4,1,6,18,4,8,1,7,12,13,41,59,1.57,1.44,0.84,1.99,2.84,77,86,62,15,15,47,93,38,85,9.69,5.33,2.70,3.40,2.60,1.28,1.80,3.10,6.00,1.62,2.20,Estadio El Sadar (Pamplona (Iruñea))
1732461300,Nov 24 2024 - 3:15pm,complete,N/A,Sevilla FC,Rayo Vallecano,Mateo Busquets Ferrer,14,1.50,1.33,1.46,1.21,1,0,1,1,1,0,"28","",8,3,2,0,5,1,1,1,5,1,12,10,4,2,6,4,14,14,52,48,1.38,1.06,1.17,0.75,1.84,42,59,42,0,0,17,50,25,75,10.66,6.17,2.30,3.20,3.30,1.45,2.38,4.75,10.00,2.00,1.75,Estadio Ramón Sánchez Pizjuán (Sevilla)
1732469400,Nov 24 2024 - 5:30pm,complete,N/A,Leganés,Real Madrid,Javier Alberola Rojas,14,1.67,1.80,1.31,1.64,0,3,3,1,0,1,"","43,66,85",2,4,2,0,0,0,0,2,0,0,5,17,0,10,4,3,17,11,32,68,1.07,1.56,0.45,2.00,1.94,49,75,27,0,0,0,39,55,84,7.37,3.43,7.00,4.50,1.45,1.28,1.80,3.20,6.00,2.00,1.75,Estadio Municipal de Butarque (Leganés)
1732478400,Nov 24 2024 - 8:00pm,complete,50719,Athletic Club Bilbao,Real Sociedad,Jesús Gil Manzano,14,1.71,1.83,2.07,1.08,1,0,1,1,1,0,"26","",4,4,3,0,4,0,1,2,1,3,13,7,5,2,3,4,18,9,40,60,1.36,1.07,1.27,0.78,1.63,36,44,15,15,7,15,61,15,60,9.62,3.81,2.23,2.99,3.79,1.52,2.40,5.00,11.00,2.10,1.67,San Mamés Barria (Bilbao)
1732910400,Nov 29 2024 - 8:00pm,complete,17717,RCD Mallorca,Valencia CF,Alejandro Quintero González,15,1.29,0.33,1.43,0.46,2,1,3,2,1,1,"45'3,81","32",3,6,1,0,1,0,0,1,0,1,10,8,4,2,4,6,9,14,48,52,1.33,0.82,1.01,0.94,1.66,31,48,32,9,0,9,63,24,62,9.50,4.33,2.05,2.97,4.53,1.57,2.75,6.00,13.00,2.38,1.53,Estadi Mallorca Son Moix (Palma de Mallorca)
1732971600,Nov 30 2024 - 1:00pm,complete,43921,FC Barcelona,UD Las Palmas,Adrián Cordero Vega,15,3.00,0.86,2.25,0.79,1,2,3,0,0,0,"61","49,67",7,0,0,0,0,0,0,0,0,0,28,6,9,4,7,1,7,11,70,30,1.94,1.13,2.23,0.75,3.75,66,90,76,52,27,55,93,49,90,10.77,4.49,1.17,8.00,12.00,1.07,1.25,1.65,2.50,1.70,2.05,Estadi Olímpic Lluís Companys (Barcelona)
1732979700,Nov 30 2024 - 3:15pm,complete,N/A,Deportivo Alavés,Leganés,Isidro Díaz de Mera Escuderos,N/A,1.67,0.57,1.23,0.71,1,1,2,0,0,0,"87","67",13,8,1,0,4,0,0,1,1,3,19,7,8,4,4,0,15,15,60,40,1.08,0.82,1.76,0.76,2.52,52,77,40,23,16,24,62,45,77,8.54,5.43,1.80,3.40,4.75,1.53,2.63,5.50,11.00,2.25,1.57,N/A
1732987800,Nov 30 2024 - 5:30pm,complete,23792,RCD Espanyol,Celta de Vigo,José María Sánchez Martínez,15,1.50,0.67,1.64,0.54,3,1,4,1,1,0,"40,53,87","83",2,5,2,0,2,0,0,2,2,0,10,17,6,3,3,8,13,7,21,79,1.12,1.25,1.16,1.34,3.42,67,83,75,42,25,67,83,50,83,8.00,5.33,3.20,3.40,2.20,1.32,2.00,3.40,6.50,1.75,2.00,RCDE Stadium (Cornella de Llobregat)
1732996800,Nov 30 2024 - 8:00pm,complete,23,Real Valladolid,Atlético Madrid,Guillermo Cuadra Fernández,15,0.86,1.71,1.00,1.69,0,5,5,3,0,3,"","26,35,37,52,90'2",3,5,1,0,2,0,1,0,1,1,10,14,2,10,5,2,6,11,45,55,1.13,0.98,0.83,1.77,1.71,50,50,29,7,0,7,43,29,64,8.28,5.00,5.75,3.80,1.60,1.36,2.10,3.75,7.50,2.05,1.70,Estadio Municipal José Zorrilla (Valladolid)
1733058000,Dec 01 2024 - 1:00pm,complete,N/A,Villarreal,Girona FC,Miguel Ángel Ortiz Arias,15,1.83,1.14,1.67,0.93,2,2,4,1,1,0,"23,46","66,90'7",1,5,2,0,6,0,1,1,2,4,14,14,5,7,6,3,8,13,36,64,1.51,1.05,1.21,1.61,3.10,56,86,49,34,17,25,93,48,77,9.88,5.10,1.86,3.81,4.03,1.22,1.65,2.80,5.00,1.62,2.20,Estadio de la Cerámica (Villarreal)
1733066100,Dec 01 2024 - 3:15pm,complete,N/A,Real Madrid,Getafe CF,Alejandro José Hernández Hernández,15,2.57,0.33,2.62,1.08,2,0,2,2,2,0,"30,38","",5,3,2,0,6,0,1,1,1,5,14,9,5,4,7,3,7,26,69,31,1.86,1.12,1.46,0.99,2.62,40,75,44,29,15,15,63,52,75,11.19,4.86,1.34,5.00,9.48,1.30,1.93,3.40,6.50,2.38,1.53,Estadio Santiago Bernabéu (Madrid)
1733074200,Dec 01 2024 - 5:30pm,complete,N/A,Rayo Vallecano,Athletic Club Bilbao,Mario Melero López,15,1.33,1.33,1.46,1.54,1,2,3,1,1,0,"14","65,78",1,7,3,0,0,0,0,3,0,0,8,13,5,8,3,4,14,8,47,53,1.72,1.28,1.14,1.61,2.59,75,83,50,25,9,25,67,50,92,12.50,5.00,2.89,3.05,2.69,1.47,2.30,4.75,10.00,2.00,1.75,Estadio de Vallecas (Madrid)
1733083200,Dec 01 2024 - 8:00pm,complete,28119,Real Sociedad,Real Betis,Francisco José Hernández Maeso,15,1.00,0.86,1.43,1.15,2,0,2,2,2,0,"14,31","",0,4,3,0,2,0,2,1,1,1,3,8,2,3,1,4,28,10,41,59,1.56,1.26,0.56,0.92,2.29,50,79,36,7,7,29,57,50,71,11.43,4.71,1.77,3.60,4.83,1.42,2.20,4.20,8.50,2.10,1.67,Reale Arena (Donostia-San Sebastián)
1733169600,Dec 02 2024 - 8:00pm,complete,31536,Sevilla FC,CA Osasuna,Juan Martínez Munuera,15,1.71,0.83,1.46,0.75,1,1,2,0,0,0,"72","69",5,1,1,0,1,0,0,1,0,1,13,8,6,4,5,2,11,15,65,35,1.35,0.74,1.54,0.88,2.27,31,70,40,25,0,24,85,32,69,8.71,5.93,2.14,3.32,3.60,1.38,2.10,4.00,8.00,1.95,1.80,Estadio Ramón Sánchez Pizjuán (Sevilla)
1733248800,Dec 03 2024 - 6:00pm,complete,N/A,RCD Mallorca,FC Barcelona,Jesús Gil Manzano,19,1.50,2.11,1.43,2.14,1,5,6,2,1,1,"43","12,56,74,79,84",2,5,4,0,3,0,1,3,2,1,7,21,2,10,2,7,13,13,40,60,1.29,1.65,0.69,2.03,2.64,53,64,57,28,17,35,70,40,71,10.52,4.55,5.25,3.60,1.70,1.19,1.80,2.89,5.25,1.75,2.00,Estadi Mallorca Son Moix (Palma de Mallorca)
1733342400,Dec 04 2024 - 8:00pm,complete,51364,Athletic Club Bilbao,Real Madrid,José María Sánchez Martínez,19,1.88,2.00,2.07,1.64,2,1,3,0,0,0,"53,80","78",5,2,3,0,3,0,0,3,0,3,10,11,4,6,1,2,21,9,37,63,1.35,1.64,0.95,1.17,2.29,65,82,29,13,7,13,71,46,88,9.25,3.58,3.40,3.40,2.15,1.28,1.80,3.10,6.00,1.67,2.10,San Mamés Barria (Bilbao)
1733515200,Dec 06 2024 - 8:00pm,complete,22861,Celta de Vigo,RCD Mallorca,Ricardo De Burgos Bengoetxea,16,1.75,1.71,2.07,1.31,2,0,2,1,1,0,"32,82","",3,3,1,0,0,1,1,0,0,1,14,10,6,5,7,3,9,12,50,50,1.39,1.23,1.55,1.21,2.59,66,66,60,26,7,20,66,47,87,7.20,5.24,1.85,3.25,4.50,1.53,2.45,5.00,11.00,2.20,1.62,Estadio Abanca-Balaídos (Vigo)
1733576400,Dec 07 2024 - 1:00pm,complete,21610,UD Las Palmas,Real Valladolid,Isidro Díaz de Mera Escuderos,16,0.86,0.43,1.00,0.21,2,1,3,2,1,1,"20,64","45",3,3,4,0,2,0,1,3,0,2,12,11,6,3,4,4,17,13,58,42,1.35,0.88,1.27,0.95,3.22,57,79,57,43,29,43,79,65,72,8.43,6.00,1.80,3.60,4.33,1.33,1.95,3.60,7.00,1.91,1.91,Estadio de Gran Canaria (Las Palmas de Gran Canaria)
1733584500,Dec 07 2024 - 3:15pm,complete,51749,Real Betis,FC Barcelona,Alejandro Muñíz Ruiz,16,2.00,2.20,1.86,2.14,2,2,4,1,0,1,"68,90'4","39,82",6,4,1,0,2,0,1,0,0,2,13,10,7,4,6,5,15,14,38,62,1.84,1.69,1.61,1.13,3.20,64,81,67,37,20,45,74,57,83,10.90,5.13,4.33,4.10,1.70,1.20,1.62,2.60,4.50,1.62,2.20,Estadio Benito Villamarín (Sevilla)
1733592600,Dec 07 2024 - 5:30pm,complete,40968,Valencia CF,Rayo Vallecano,José Luis Munuera Montero,N/A,1.33,1.14,1.50,1.21,0,1,1,1,0,1,"","7",9,4,2,0,2,0,0,2,0,2,15,7,7,2,6,4,5,12,61,39,1.29,1.01,1.90,0.66,2.29,55,63,47,17,17,41,48,40,62,12.50,6.47,2.20,3.00,3.50,1.50,2.63,5.50,11.00,2.10,1.67,N/A
1733601600,Dec 07 2024 - 8:00pm,complete,N/A,Girona FC,Real Madrid,Jesús Gil Manzano,N/A,1.86,1.71,1.54,1.64,0,3,3,1,0,1,"","36,55,62",6,3,3,0,2,0,0,3,1,1,11,11,5,8,5,1,6,7,42,58,1.38,1.57,1.32,1.40,3.00,64,86,57,29,22,29,72,57,86,9.43,3.71,4.60,3.90,1.70,1.22,1.67,2.75,5.00,1.67,2.10,Estadi Municipal de Montilivi (Girona)
1733662800,Dec 08 2024 - 1:00pm,complete,11312,Leganés,Real Sociedad,Pablo González Fuertes,N/A,1.43,1.57,1.31,1.08,0,3,3,1,0,1,"","14,78,90'2",5,3,2,0,2,0,0,2,1,1,12,17,3,6,6,3,12,15,56,44,0.98,1.03,1.02,1.32,1.36,7,36,22,0,0,0,43,29,50,7.28,3.86,3.90,3.00,2.05,1.57,2.75,6.00,13.00,2.38,1.53,N/A
1733670900,Dec 08 2024 - 3:15pm,complete,47203,Athletic Club Bilbao,Villarreal,Víctor García Verdura,16,2.00,2.00,2.07,1.71,2,0,2,1,1,0,"15,69","",3,3,2,0,1,0,0,2,1,0,13,12,5,2,6,7,15,10,42,58,1.30,1.52,1.38,0.92,2.60,77,84,52,18,6,40,84,38,82,8.76,5.90,2.05,3.60,3.30,1.28,1.80,3.10,6.00,1.70,2.05,San Mamés Barria (Bilbao)
1733679000,Dec 08 2024 - 5:30pm,complete,N/A,CA Osasuna,Deportivo Alavés,César Soto Grado,16,2.13,0.38,1.71,0.71,2,2,4,1,0,1,"54,61","1,68",8,3,5,0,3,0,3,2,2,1,17,7,9,4,5,2,13,14,60,40,1.47,1.20,1.97,0.83,3.13,69,82,69,32,25,44,88,57,94,8.13,5.63,2.05,3.30,3.60,1.44,2.25,4.50,9.50,2.00,1.75,Estadio El Sadar (Pamplona (Iruñea))
1733688000,Dec 08 2024 - 8:00pm,complete,60065,Atlético Madrid,Sevilla FC,Javier Alberola Rojas,16,2.43,0.86,2.43,1.21,4,3,7,3,1,2,"10,62,79,90'4","12,32,57",5,3,4,0,3,0,0,4,0,3,15,5,10,4,4,1,11,8,57,43,1.72,1.18,2.11,0.79,2.50,50,79,50,22,7,22,71,57,79,11.58,4.72,1.40,4.60,7.50,1.28,1.80,3.20,6.00,2.05,1.70,Riyadh Air Metropolitano (Madrid)
1733774400,Dec 09 2024 - 8:00pm,complete,N/A,Getafe CF,RCD Espanyol,Mateo Busquets Ferrer,16,1.38,0.14,1.36,0.42,1,0,1,1,1,0,"8","",3,3,3,0,6,0,2,1,1,5,16,10,7,2,7,5,14,15,41,59,1.30,0.84,1.63,0.86,2.19,48,60,29,29,22,22,54,27,67,8.09,5.24,1.80,3.10,5.75,1.60,3.00,6.50,15.00,2.63,1.44,Estadio Coliseum (Getafe)
1734120000,Dec 13 2024 - 8:00pm,complete,18449,Real Valladolid,Valencia CF,Miguel Ángel Ortiz Arias,17,0.75,0.29,1.00,0.46,1,0,1,1,1,0,"20","",1,7,4,1,3,0,0,5,1,2,3,15,2,3,1,4,10,10,33,67,1.10,0.84,0.48,1.25,2.21,47,67,54,14,7,21,62,46,67,8.36,5.02,3.34,3.12,2.42,1.48,2.50,4.75,10.00,2.05,1.70,Estadio Municipal José Zorrilla (Valladolid)
1734181200,Dec 14 2024 - 1:00pm,complete,N/A,RCD Espanyol,CA Osasuna,Adrián Cordero Vega,17,1.71,0.86,1.64,0.75,0,0,0,0,0,0,"","",5,4,3,0,1,0,1,2,1,0,10,8,4,0,4,6,13,13,42,58,1.12,0.76,1.11,0.63,2.79,57,86,57,36,7,43,79,50,79,7.42,4.72,2.82,3.17,2.76,1.42,2.30,4.20,8.50,1.95,1.80,RCDE Stadium (Cornella de Llobregat)
1734189300,Dec 14 2024 - 3:15pm,complete,15866,RCD Mallorca,Girona FC,Francisco José Hernández Maeso,17,1.33,1.13,1.43,0.93,2,1,3,2,1,1,"20,51","7",2,4,5,1,2,0,4,2,0,2,9,14,3,2,5,5,10,14,31,69,1.23,1.12,0.94,1.21,2.01,41,60,29,12,6,11,72,30,71,9.97,4.99,2.37,3.07,3.51,1.47,2.38,4.50,9.50,2.00,1.75,Estadi Mallorca Son Moix (Palma de Mallorca)
1734197400,Dec 14 2024 - 5:30pm,complete,N/A,Sevilla FC,Celta de Vigo,Jesús Gil Manzano,17,1.63,0.57,1.46,0.54,1,0,1,0,0,0,"65","",3,4,7,0,3,0,1,6,0,3,9,11,4,3,5,7,12,9,45,55,1.37,1.27,1.06,1.22,2.94,55,75,56,36,15,35,81,48,81,8.77,5.84,2.28,3.32,3.40,1.33,2.07,3.60,7.00,1.80,1.95,Estadio Ramón Sánchez Pizjuán (Sevilla)
1734206400,Dec 14 2024 - 8:00pm,complete,14168,Rayo Vallecano,Real Madrid,Juan Martínez Munuera,17,1.14,1.88,1.46,1.64,3,3,6,4,2,2,"4,36,64","39,45,56",4,3,4,0,2,0,3,1,0,2,15,14,6,7,5,5,18,8,34,66,1.64,1.55,1.46,1.71,2.61,75,93,54,15,0,0,75,66,100,10.09,3.92,5.90,3.98,1.62,1.25,1.85,2.95,5.50,1.80,1.95,Estadio de Vallecas (Madrid)
1734267600,Dec 15 2024 - 1:00pm,complete,60169,Atlético Madrid,Getafe CF,César Soto Grado,17,2.50,0.29,2.43,1.08,1,0,1,0,0,0,"69","",8,3,3,0,1,0,0,3,0,1,12,8,4,2,6,3,13,15,57,43,1.77,1.10,1.33,0.76,2.36,47,73,39,13,7,14,81,45,66,10.27,5.93,1.41,4.35,9.97,1.45,2.30,4.75,10.00,2.75,1.40,Riyadh Air Metropolitano (Madrid)
1734275700,Dec 15 2024 - 3:15pm,complete,N/A,Deportivo Alavés,Athletic Club Bilbao,José María Sánchez Martínez,17,1.57,1.57,1.23,1.54,1,1,2,1,0,1,"67","10",2,4,2,0,2,0,0,2,1,1,7,10,4,3,2,7,14,17,52,48,1.17,1.33,0.96,1.07,2.43,57,79,50,14,14,36,57,50,79,13.00,5.14,3.64,3.19,2.25,1.48,2.50,4.75,10.00,2.05,1.70,Estadio de Mendizorroza (Vitoria-Gasteiz)
1734283800,Dec 15 2024 - 5:30pm,complete,18757,Villarreal,Real Betis,Guillermo Cuadra Fernández,17,1.71,0.75,1.67,1.15,1,2,3,1,0,1,"55","32,47",5,5,5,0,4,1,2,3,3,2,19,11,5,5,10,3,19,10,62,38,1.46,1.22,1.88,1.08,3.27,68,88,56,42,21,41,75,61,75,8.07,4.70,1.81,3.93,4.37,1.22,1.67,2.80,5.00,1.62,2.20,Estadio de la Cerámica (Villarreal)
1734283800,Dec 15 2024 - 5:30pm,complete,30775,Real Sociedad,UD Las Palmas,Mario Melero López,17,1.25,1.13,1.43,0.79,0,0,0,0,0,0,"","",8,6,2,0,3,0,1,1,0,3,16,10,5,4,6,3,17,13,61,39,1.43,1.08,1.50,0.89,2.75,57,94,57,19,7,32,75,51,82,10.13,5.51,1.42,4.42,9.24,1.38,2.10,4.00,8.50,2.50,1.50,Reale Arena (Donostia-San Sebastián)
1734292800,Dec 15 2024 - 8:00pm,complete,N/A,FC Barcelona,Leganés,Alejandro Quintero González,17,2.50,0.63,2.25,0.71,0,1,1,1,0,1,"","4",8,2,0,0,2,0,0,0,0,2,21,7,5,5,11,1,5,13,80,20,1.98,0.81,2.10,0.85,3.32,71,86,54,38,23,40,67,57,86,10.55,3.63,1.14,8.55,16.56,1.09,1.33,1.85,3.00,2.00,1.75,Estadi Olímpic Lluís Companys (Barcelona)
1734553800,Dec 18 2024 - 8:30pm,complete,14000,Villarreal,Rayo Vallecano,Alejandro José Hernández Hernández,12,1.50,1.38,1.67,1.21,1,1,2,2,1,1,"45'1","20",7,7,4,1,3,0,2,3,1,2,15,20,6,4,5,8,10,15,45,55,1.52,0.97,1.58,1.53,2.82,63,69,63,32,13,26,69,50,69,9.51,5.88,1.70,3.90,4.60,1.18,1.70,2.85,4.55,1.70,2.05,Estadio de la Cerámica (Villarreal)
1734553800,Dec 18 2024 - 8:30pm,complete,18122,RCD Espanyol,Valencia CF,Pablo González Fuertes,13,1.63,0.25,1.64,0.46,1,1,2,1,1,0,"44","47",4,7,1,0,0,0,0,1,0,0,11,15,4,5,3,7,13,12,46,54,1.12,0.89,1.08,1.41,2.38,51,69,57,19,7,38,82,32,69,9.00,4.75,2.55,2.90,3.00,1.53,2.63,5.00,11.00,2.10,1.67,RCDE Stadium (Cornella de Llobregat)
1734724800,Dec 20 2024 - 8:00pm,complete,N/A,Girona FC,Real Valladolid,Pablo González Fuertes,18,1.63,0.38,1.54,0.21,3,0,3,2,2,0,"31,39,81","",9,1,3,0,1,0,1,2,1,0,-1,-1,-1,-1,-1,-1,-1,-1,-1,-1,1.37,0.89,0.00,0.00,3.50,50,82,75,44,32,50,82,63,82,8.25,5.50,1.45,4.75,6.00,1.26,1.80,3.10,6.00,2.00,1.75,Estadi Municipal de Montilivi (Girona)
1734786000,Dec 21 2024 - 1:00pm,complete,9747,Getafe CF,RCD Mallorca,José Luis Munuera Montero,18,1.56,1.50,1.36,1.31,0,1,1,0,0,0,"","53",3,0,4,0,3,0,2,2,1,2,19,10,6,3,10,5,19,13,55,45,1.33,1.23,1.79,0.89,1.86,42,60,25,7,7,7,53,30,72,7.72,5.19,2.25,2.75,4.00,1.83,3.50,7.50,17.00,2.63,1.44,Estadio Coliseum (Getafe)
1734794100,Dec 21 2024 - 3:15pm,complete,22956,Celta de Vigo,Real Sociedad,Mateo Busquets Ferrer,N/A,1.89,1.75,2.07,1.08,2,0,2,2,2,0,"40,45'1","",4,7,3,0,5,0,0,3,2,3,12,8,8,2,2,3,19,13,42,58,1.41,1.07,1.45,0.77,1.90,34,52,35,17,0,11,76,29,64,8.44,4.22,2.88,3.10,2.55,1.45,2.38,4.50,9.50,1.95,1.80,Estadio Abanca-Balaídos (Vigo)
1734802200,Dec 21 2024 - 5:30pm,complete,N/A,CA Osasuna,Athletic Club Bilbao,Alejandro Quintero González,18,2.00,1.50,1.71,1.54,1,2,3,2,1,1,"25","31,74",4,3,0,0,1,0,0,0,0,1,7,14,4,9,2,3,10,13,53,47,1.53,1.30,0.94,1.72,2.86,77,83,59,29,18,41,76,53,89,11.32,5.16,3.90,3.00,2.10,1.44,2.30,4.50,9.50,1.95,1.80,Estadio El Sadar (Pamplona (Iruñea))
1734811200,Dec 21 2024 - 8:00pm,complete,N/A,FC Barcelona,Atlético Madrid,Ricardo De Burgos Bengoetxea,18,2.14,1.88,2.25,1.69,1,2,3,1,1,0,"30","60,90'6",11,3,0,0,3,0,0,0,0,3,20,6,8,5,6,1,11,8,63,37,2.00,1.08,2.11,0.89,2.85,48,61,48,34,21,41,75,28,73,11.04,2.74,1.85,3.70,4.00,1.19,1.57,2.45,4.33,1.53,2.38,Estadi Olímpic Lluís Companys (Barcelona)
1734872400,Dec 22 2024 - 1:00pm,complete,N/A,Valencia CF,Deportivo Alavés,Javier Alberola Rojas,18,1.14,0.44,1.50,0.71,2,2,4,1,0,1,"70,90'8","7,88",5,4,2,0,1,0,0,2,1,0,9,12,4,4,4,5,20,15,62,38,1.38,1.16,1.17,1.07,2.97,62,80,61,31,26,45,80,55,79,10.71,6.25,2.20,3.00,3.60,1.50,2.63,5.00,11.00,2.05,1.70,Estadio de Mestalla (Valencia)
1734880500,Dec 22 2024 - 3:15pm,complete,N/A,Real Madrid,Sevilla FC,Isidro Díaz de Mera Escuderos,18,2.63,0.75,2.62,1.21,4,2,6,4,3,1,"10,20,34,53","35,85",6,6,1,0,2,0,0,1,1,1,17,11,9,6,4,4,5,14,59,41,1.81,1.13,1.77,1.37,3.26,44,88,57,44,25,44,63,63,82,11.63,4.38,1.33,5.00,9.00,1.18,1.53,2.20,4.00,1.80,1.95,Estadio Santiago Bernabéu (Madrid)
1734888600,Dec 22 2024 - 5:30pm,complete,N/A,Leganés,Villarreal,Alejandro Muñíz Ruiz,18,1.25,1.75,1.31,1.71,2,5,7,4,2,2,"6,33","16,45'2,65,90'2,90'8",1,5,1,2,2,0,0,3,0,2,6,19,4,10,1,6,17,15,36,64,0.99,1.44,0.72,2.00,2.38,44,82,57,7,0,25,69,51,82,6.75,5.13,3.90,3.40,2.00,1.33,2.00,3.60,7.00,1.80,1.95,Estadio Municipal de Butarque (Leganés)
1734888600,Dec 22 2024 - 5:30pm,complete,23743,UD Las Palmas,RCD Espanyol,César Soto Grado,18,1.13,0.13,1.00,0.42,1,0,1,0,0,0,"67","",2,2,4,0,2,0,2,2,1,1,11,10,5,3,6,4,9,16,58,42,1.34,0.84,1.33,0.89,2.82,63,63,50,44,32,44,76,32,63,8.51,6.00,1.75,3.70,4.50,1.36,2.10,3.75,7.50,1.95,1.80,Estadio de Gran Canaria (Las Palmas de Gran Canaria)
1734897600,Dec 22 2024 - 8:00pm,complete,53121,Real Betis,Rayo Vallecano,Víctor García Verdura,18,1.88,1.33,1.86,1.21,1,1,2,1,1,0,"37","51",5,5,0,0,4,0,0,0,2,2,16,11,6,5,6,4,9,14,56,44,1.81,1.03,1.55,1.21,2.03,54,60,42,13,0,24,54,36,66,11.11,5.25,1.80,3.50,4.75,1.41,2.20,4.33,9.00,2.05,1.70,Estadio Benito Villamarín (Sevilla)
1735934400,Jan 03 2025 - 8:00pm,complete,46420,Valencia CF,Real Madrid,César Soto Grado,12,1.13,1.78,1.50,1.64,1,2,3,1,1,0,"27","85,90'6",2,5,2,0,3,1,0,2,1,3,9,18,6,6,3,8,16,9,38,62,1.35,1.57,1.18,1.78,2.89,65,88,53,25,18,31,71,64,82,11.60,4.67,6.50,4.33,1.48,1.28,1.80,3.19,5.25,2.05,1.70,Estadio de Mestalla (Valencia)
1736539200,Jan 10 2025 - 8:00pm,complete,12955,Rayo Vallecano,Celta de Vigo,Guillermo Cuadra Fernández,19,1.13,0.50,1.46,0.54,2,1,3,2,1,1,"5,63","26",3,3,2,0,2,1,2,0,2,1,9,24,6,8,3,6,18,9,50,50,1.61,1.26,1.18,1.78,3.38,76,82,69,51,19,32,82,63,94,8.75,5.25,2.60,3.00,2.90,1.42,2.20,4.20,8.50,1.91,1.91,Estadio de Vallecas (Madrid)
1736600400,Jan 11 2025 - 1:00pm,complete,16454,Deportivo Alavés,Girona FC,Mateo Busquets Ferrer,19,1.50,1.00,1.23,0.93,0,1,1,0,0,0,"","90'1",6,3,1,0,4,0,0,1,2,2,12,4,3,2,7,2,16,11,43,57,1.15,1.13,1.24,0.79,2.24,47,77,36,12,7,18,76,36,77,10.92,5.41,2.63,3.20,2.75,1.40,2.00,4.00,8.00,1.75,2.00,Estadio de Mendizorroza (Vitoria-Gasteiz)
1736608500,Jan 11 2025 - 3:15pm,complete,21911,Real Valladolid,Real Betis,Adrián Cordero Vega,19,1.00,1.00,1.00,1.15,1,0,1,0,0,0,"58","",1,8,2,0,4,0,1,1,1,3,13,15,2,4,6,9,21,10,42,58,1.03,1.20,0.86,1.50,2.17,50,67,39,11,11,22,50,56,62,7.78,5.78,4.00,3.60,1.85,1.36,2.00,3.75,7.50,1.80,1.95,Estadio Municipal José Zorrilla (Valladolid)
1736616600,Jan 11 2025 - 5:30pm,complete,26606,RCD Espanyol,Leganés,Juan Martínez Munuera,19,1.56,0.89,1.64,0.71,1,1,2,2,1,1,"2","14",8,4,2,0,2,1,2,0,1,2,16,15,6,7,5,7,15,19,53,47,1.12,0.82,1.51,1.65,2.50,67,78,39,22,11,28,67,45,78,7.89,4.89,2.05,3.20,3.80,1.55,2.50,5.50,13.00,2.10,1.67,RCDE Stadium (Cornella de Llobregat)
1736625600,Jan 11 2025 - 8:00pm,complete,34297,Sevilla FC,Valencia CF,Francisco José Hernández Maeso,19,1.78,0.33,1.46,0.46,1,1,2,0,0,0,"90'3","61",10,1,1,0,2,0,0,1,1,1,16,6,6,2,6,3,16,8,54,46,1.34,0.95,1.47,0.70,1.95,39,62,33,6,0,17,78,22,73,9.89,5.56,2.10,3.10,3.70,1.50,2.50,4.33,9.50,2.10,1.67,Estadio Ramón Sánchez Pizjuán (Sevilla)
1736686800,Jan 12 2025 - 1:00pm,complete,N/A,UD Las Palmas,Getafe CF,Javier Alberola Rojas,19,1.33,0.25,1.00,1.08,1,2,3,0,0,0,"88","70,86",4,5,2,0,3,0,0,2,1,2,16,13,8,4,4,5,14,17,64,36,1.34,1.06,1.57,1.11,2.15,53,59,29,17,11,29,77,23,59,8.56,6.02,2.38,3.00,3.20,1.52,2.50,5.00,11.00,2.00,1.75,Estadio de Gran Canaria (Las Palmas de Gran Canaria)
1736694900,Jan 12 2025 - 3:15pm,complete,N/A,Atlético Madrid,CA Osasuna,Isidro Díaz de Mera Escuderos,19,2.56,0.88,2.43,0.75,1,0,1,0,0,0,"55","",4,0,2,0,0,0,1,1,0,0,10,7,6,2,3,4,8,14,51,49,1.72,0.74,1.18,0.84,2.52,41,77,47,30,6,18,65,59,76,9.21,4.69,1.38,4.75,8.00,1.25,2.00,3.00,5.50,2.38,1.53,Riyadh Air Metropolitano (Madrid)
1736798400,Jan 13 2025 - 8:00pm,complete,20855,Real Sociedad,Villarreal,César Soto Grado,19,1.22,1.89,1.43,1.71,1,0,1,0,0,0,"51","",3,7,4,0,2,0,0,4,0,2,7,22,4,6,3,10,17,6,57,43,1.44,1.50,1.12,1.82,2.61,56,89,50,11,6,45,84,39,73,11.44,5.67,1.95,3.40,3.90,1.35,2.00,3.75,7.50,1.80,1.95,Reale Arena (Donostia-San Sebastián)
1737144000,Jan 17 2025 - 8:00pm,complete,N/A,RCD Espanyol,Real Valladolid,Ricardo De Burgos Bengoetxea,20,1.50,0.33,1.64,0.21,2,1,3,1,1,0,"31,74","57",1,7,2,0,2,0,1,1,0,2,16,14,5,5,8,7,13,16,36,64,1.16,0.89,1.37,1.35,2.97,57,85,64,27,16,53,79,49,80,8.25,5.30,1.89,3.39,4.69,1.47,2.50,4.75,10.00,2.10,1.67,RCDE Stadium (Cornella de Llobregat)
1737205200,Jan 18 2025 - 1:00pm,complete,12040,Girona FC,Sevilla FC,Juan Martínez Munuera,20,1.78,0.67,1.54,1.21,1,2,3,1,1,0,"36","59,88",7,4,0,0,4,0,0,0,0,4,8,15,5,7,3,4,6,15,60,40,1.37,1.15,1.18,1.53,3.44,56,78,67,44,33,56,84,50,78,10.11,4.77,1.91,3.74,4.11,1.32,1.98,3.50,6.50,1.80,1.95,Estadi Municipal de Montilivi (Girona)
1737213300,Jan 18 2025 - 3:15pm,complete,12371,Leganés,Atlético Madrid,Mario Melero López,20,1.11,2.00,1.31,1.69,1,0,1,0,0,0,"49","",2,9,1,0,3,0,0,1,1,2,11,22,4,5,6,15,16,6,32,68,0.96,1.06,1.09,2.22,2.39,33,62,45,17,11,17,56,45,78,6.00,4.22,7.53,4.33,1.48,1.36,2.00,4.00,8.00,2.20,1.62,Estadio Municipal de Butarque (Leganés)
1737221400,Jan 18 2025 - 5:30pm,complete,N/A,Real Betis,Deportivo Alavés,Alejandro José Hernández Hernández,20,1.78,0.50,1.86,0.71,1,3,4,2,1,1,"28","11,80,84",2,3,4,1,5,0,2,3,1,4,13,13,4,6,5,4,12,24,50,50,1.78,1.15,1.15,1.39,2.87,69,84,62,31,10,26,79,57,95,8.99,4.90,1.76,3.82,4.85,1.38,2.10,4.00,8.00,2.00,1.75,Estadio Benito Villamarín (Sevilla)
1737230400,Jan 18 2025 - 8:00pm,complete,15134,Getafe CF,FC Barcelona,Pablo González Fuertes,20,1.40,2.09,1.36,2.14,1,1,2,2,1,1,"34","9",2,10,3,0,2,0,0,3,0,2,12,28,5,6,5,16,9,9,22,78,1.38,1.64,1.18,2.37,2.70,52,71,46,32,18,28,71,47,71,8.92,5.24,7.08,4.52,1.48,1.26,1.80,3.10,6.00,1.95,1.80,Estadio Coliseum (Getafe)
1737291600,Jan 19 2025 - 1:00pm,complete,22279,Celta de Vigo,Athletic Club Bilbao,Miguel Ángel Ortiz Arias,20,2.00,1.67,2.07,1.54,1,2,3,0,0,0,"74","62,71",3,4,1,1,0,0,0,2,0,0,4,15,2,7,2,5,14,6,59,41,1.41,1.34,0.68,1.51,2.58,69,85,53,21,6,37,79,42,85,9.16,4.52,2.75,3.08,2.77,1.45,2.38,4.50,9.50,1.95,1.80,Estadio Abanca-Balaídos (Vigo)
1737299700,Jan 19 2025 - 3:15pm,complete,74808,Real Madrid,UD Las Palmas,Alejandro Quintero González,20,2.67,1.11,2.62,0.79,4,1,5,4,3,1,"18,33,36,57","1",8,2,0,0,1,1,0,0,1,1,27,8,14,3,12,4,11,13,61,39,1.80,1.06,3.09,0.73,3.28,50,95,67,45,22,33,62,67,89,10.00,4.67,1.14,8.00,15.00,1.08,1.30,1.76,2.70,1.91,1.91,Estadio Santiago Bernabéu (Madrid)
1737307800,Jan 19 2025 - 5:30pm,complete,20770,CA Osasuna,Rayo Vallecano,Alejandro Muñíz Ruiz,20,1.80,1.30,1.71,1.21,1,1,2,1,0,1,"60","19",6,3,3,0,2,0,1,2,1,1,17,10,4,4,9,5,9,13,52,48,1.47,1.05,1.59,1.09,2.40,65,65,50,20,10,35,70,35,70,10.40,5.60,2.23,3.12,3.57,1.50,2.50,4.75,10.00,2.05,1.70,Estadio El Sadar (Pamplona (Iruñea))
1737316800,Jan 19 2025 - 8:00pm,complete,40791,Valencia CF,Real Sociedad,Víctor García Verdura,20,1.00,1.56,1.50,1.08,1,0,1,1,1,0,"26","",4,7,3,0,4,0,0,3,1,3,9,13,3,4,5,6,10,12,35,65,1.33,1.03,0.98,1.46,2.06,34,56,34,17,11,28,73,34,50,11.89,5.22,3.00,3.00,2.50,1.57,3.00,6.00,13.00,2.25,1.57,Estadio de Mestalla (Valencia)
1737403200,Jan 20 2025 - 8:00pm,complete,14852,Villarreal,RCD Mallorca,José Luis Munuera Montero,20,1.44,1.67,1.67,1.31,4,0,4,4,4,0,"20,24,26,28","",6,5,1,0,3,0,0,1,2,1,16,10,8,3,7,7,9,12,44,56,1.52,1.19,1.83,1.12,3.06,67,78,61,34,17,28,72,50,84,8.00,6.00,1.73,3.50,5.25,1.35,2.00,3.75,7.50,1.95,1.80,Estadio de la Cerámica (Villarreal)
1737748800,Jan 24 2025 - 8:00pm,complete,N/A,UD Las Palmas,CA Osasuna,Jesús Gil Manzano,21,1.20,0.78,1.00,0.75,1,1,2,0,0,0,"90'8","53",4,2,6,1,8,0,2,5,3,5,18,17,8,5,9,12,14,17,51,49,1.36,0.75,1.90,1.65,2.41,52,69,42,32,10,31,63,42,69,7.06,4.69,2.45,3.10,3.00,1.40,2.20,4.20,8.50,1.91,1.91,Estadio de Gran Canaria (Las Palmas de Gran Canaria)
1737810000,Jan 25 2025 - 1:00pm,complete,19452,RCD Mallorca,Real Betis,Javier Alberola Rojas,21,1.50,0.90,1.43,1.15,0,1,1,0,0,0,"","90'6",4,4,2,1,2,0,0,3,1,1,23,12,4,4,13,5,12,18,48,52,1.20,1.23,1.75,1.09,2.10,50,60,35,10,10,30,55,35,70,9.00,5.30,2.40,3.10,3.20,1.48,2.63,4.75,10.00,2.05,1.70,Estadi Mallorca Son Moix (Palma de Mallorca)
1737818100,Jan 25 2025 - 3:15pm,complete,63596,Atlético Madrid,Villarreal,José María Sánchez Martínez,21,2.60,1.70,2.43,1.71,1,1,2,1,0,1,"58","29",5,6,4,0,2,0,1,3,1,1,24,12,9,2,12,9,10,14,59,41,1.67,1.53,2.47,1.09,2.80,55,80,55,20,10,30,75,50,90,10.70,5.50,1.62,4.00,5.25,1.19,1.62,2.55,4.50,1.67,2.10,Riyadh Air Metropolitano (Madrid)
1737826200,Jan 25 2025 - 5:30pm,complete,33602,Sevilla FC,RCD Espanyol,Adrián Cordero Vega,21,1.70,0.11,1.46,0.42,1,1,2,1,0,1,"61","15",5,1,1,0,4,0,0,1,1,3,29,8,5,2,21,5,13,14,75,25,1.35,0.85,2.50,0.69,2.18,42,52,32,22,17,22,58,26,74,9.24,6.41,1.70,3.75,5.00,1.40,2.20,4.33,8.50,2.10,1.67,Estadio Ramón Sánchez Pizjuán (Sevilla)
1737835200,Jan 25 2025 - 8:00pm,complete,26025,Real Valladolid,Real Madrid,Mateo Busquets Ferrer,21,1.20,1.90,1.00,1.64,0,3,3,1,0,1,"","30,57,90'1",1,7,2,1,3,0,2,1,1,2,7,26,3,5,4,16,10,12,32,68,1.01,1.59,0.87,2.12,2.40,55,75,50,10,10,10,55,65,80,8.10,5.10,10.00,5.75,1.27,1.13,1.44,2.10,3.60,1.80,1.95,Estadio Municipal José Zorrilla (Valladolid)
1737896400,Jan 26 2025 - 1:00pm,complete,12405,Rayo Vallecano,Girona FC,Isidro Díaz de Mera Escuderos,21,1.33,1.20,1.46,0.93,2,1,3,0,0,0,"80,83","58",4,1,3,0,1,0,1,2,0,1,20,16,8,6,10,7,19,9,57,43,1.57,1.10,2.13,1.47,2.61,65,80,49,22,6,16,85,43,90,9.72,5.34,2.75,2.88,2.80,1.40,2.20,4.00,8.00,1.80,1.95,Estadio de Vallecas (Madrid)
1737904500,Jan 26 2025 - 3:15pm,complete,30004,Real Sociedad,Getafe CF,Guillermo Cuadra Fernández,21,1.40,0.56,1.43,1.08,0,3,3,0,0,0,"","72,74,85",5,2,3,0,6,0,1,2,2,4,19,15,5,5,9,9,11,15,57,43,1.41,1.06,1.57,1.54,1.84,37,63,26,0,0,21,64,26,58,10.81,5.81,1.75,3.40,5.00,1.65,3.20,7.00,15.00,2.75,1.40,Reale Arena (Donostia-San Sebastián)
1737912600,Jan 26 2025 - 5:30pm,complete,47612,Athletic Club Bilbao,Leganés,Alejandro José Hernández Hernández,21,2.10,0.90,2.07,0.71,0,0,0,0,0,0,"","",16,1,1,0,1,0,1,0,1,0,35,7,4,3,26,3,10,8,68,32,1.31,0.90,2.80,0.73,2.35,65,75,25,20,10,20,65,40,75,7.50,5.00,1.38,5.00,7.50,1.38,2.10,4.00,8.00,2.63,1.44,San Mamés Barria (Bilbao)
1737921600,Jan 26 2025 - 8:00pm,complete,45312,FC Barcelona,Valencia CF,César Soto Grado,21,1.88,0.40,2.25,0.46,7,1,8,5,5,0,"3,8,14,24,45'4,66,75","59",14,4,0,0,1,0,0,0,0,1,26,10,12,3,11,5,10,12,72,28,2.02,0.92,2.69,0.97,2.80,57,73,58,24,13,35,84,40,73,11.95,2.75,1.22,7.50,9.50,1.12,1.40,2.05,3.40,1.95,1.80,Estadi Olímpic Lluís Companys (Barcelona)
1738008000,Jan 27 2025 - 8:00pm,complete,13612,Deportivo Alavés,Celta de Vigo,Francisco José Hernández Maeso,21,1.33,0.44,1.23,0.54,1,1,2,1,1,0,"6","66",3,4,2,0,3,0,0,2,1,2,4,7,2,3,2,4,15,14,50,50,1.16,1.32,0.63,0.96,2.84,56,73,56,34,17,39,67,45,84,9.44,5.22,2.75,2.80,2.90,1.40,2.20,4.00,8.50,1.80,1.95,Estadio de Mendizorroza (Vitoria-Gasteiz)
1738353600,Jan 31 2025 - 8:00pm,complete,11432,Leganés,Rayo Vallecano,Alejandro Quintero González,22,1.30,1.27,1.31,1.21,0,1,1,0,0,0,"","78",2,9,2,1,4,0,2,1,0,4,8,24,2,4,4,16,7,19,33,67,0.97,1.05,0.73,1.99,2.02,38,58,39,5,5,14,48,39,68,7.21,5.10,3.00,3.00,2.50,1.53,2.63,5.00,11.00,2.10,1.67,Estadio Municipal de Butarque (Leganés)
1738414800,Feb 01 2025 - 1:00pm,complete,11730,Getafe CF,Sevilla FC,Ricardo De Burgos Bengoetxea,22,1.36,0.90,1.36,1.21,0,0,0,0,0,0,"","",6,5,4,0,6,0,3,1,2,4,8,17,2,2,5,12,15,12,45,55,1.36,1.19,0.85,1.29,2.38,53,68,30,20,15,30,68,39,68,8.91,5.24,2.40,3.00,3.20,1.57,2.75,5.50,12.00,2.25,1.57,Estadio Coliseum (Getafe)
1738422900,Feb 01 2025 - 3:15pm,complete,17032,Villarreal,Real Valladolid,Isidro Díaz de Mera Escuderos,22,1.60,0.30,1.67,0.21,5,1,6,1,1,0,"42,64,70,86,90'1","90'4",3,6,1,0,2,0,1,0,1,1,26,9,9,3,14,5,9,14,53,47,1.55,0.94,2.50,0.93,3.65,65,95,80,45,20,50,90,65,80,8.67,5.90,1.22,6.50,12.00,1.13,1.50,2.15,3.75,1.95,1.80,Estadio de la Cerámica (Villarreal)
1738431000,Feb 01 2025 - 5:30pm,complete,60710,Atlético Madrid,RCD Mallorca,Víctor García Verdura,22,2.45,1.50,2.43,1.31,2,0,2,1,1,0,"26,90'3","",10,4,2,0,3,0,0,2,0,3,21,14,6,2,12,9,9,14,53,47,1.74,1.19,1.99,1.12,2.48,43,67,48,19,10,15,57,43,86,9.30,5.44,1.40,4.50,8.50,1.40,2.05,4.33,9.00,2.50,1.50,Riyadh Air Metropolitano (Madrid)
1738440000,Feb 01 2025 - 8:00pm,complete,33669,RCD Espanyol,Real Madrid,Alejandro Muñíz Ruiz,22,1.64,2.00,1.64,1.64,1,0,1,0,0,0,"85","",1,8,2,0,0,0,0,2,0,0,7,26,3,8,3,14,14,3,24,76,1.18,1.63,0.75,2.62,2.73,69,91,60,14,9,27,78,59,87,9.19,4.36,9.30,5.35,1.32,1.19,1.65,2.55,4.50,2.00,1.75,RCDE Stadium (Cornella de Llobregat)
1738501200,Feb 02 2025 - 1:00pm,complete,42900,FC Barcelona,Deportivo Alavés,José Luis Munuera Montero,22,2.00,0.73,2.25,0.71,1,0,1,0,0,0,"61","",5,2,5,0,2,0,2,3,0,2,14,6,5,0,7,4,8,20,71,29,2.09,1.17,1.44,0.49,3.68,70,85,80,45,26,46,90,65,89,11.53,3.76,1.20,7.28,13.28,1.11,1.36,2.01,3.25,1.91,1.91,Estadi Olímpic Lluís Companys (Barcelona)
1738509300,Feb 02 2025 - 3:15pm,complete,42273,Valencia CF,Celta de Vigo,Pablo González Fuertes,22,1.20,0.50,1.50,0.54,2,1,3,1,1,0,"44,68","65",5,2,1,0,2,0,0,1,0,2,10,4,6,3,3,1,9,17,46,54,1.30,1.28,1.28,0.81,3.05,65,75,60,40,20,45,80,50,75,9.80,5.70,2.49,3.10,3.24,1.44,2.20,4.33,9.00,1.95,1.80,Estadio de Mestalla (Valencia)
1738517400,Feb 02 2025 - 5:30pm,complete,N/A,CA Osasuna,Real Sociedad,Miguel Ángel Ortiz Arias,22,1.73,1.40,1.71,1.08,2,1,3,1,1,0,"34,74","90'4",3,5,3,0,3,0,1,2,1,2,14,16,5,4,7,10,10,8,37,63,1.48,1.08,1.39,1.62,2.15,41,56,37,18,9,28,81,28,61,10.66,5.05,3.00,3.00,2.50,1.50,2.75,5.50,12.00,2.10,1.67,Estadio El Sadar (Pamplona (Iruñea))
1738526400,Feb 02 2025 - 8:00pm,complete,49292,Real Betis,Athletic Club Bilbao,Juan Martínez Munuera,22,1.60,1.80,1.86,1.54,2,2,4,3,2,1,"15,45'2","33,69",3,7,3,0,1,0,0,3,0,1,11,14,7,5,4,8,10,20,52,48,1.72,1.36,1.50,1.48,2.60,75,85,55,20,5,35,65,50,90,10.90,4.40,3.00,3.20,2.40,1.40,2.20,4.20,8.50,1.95,1.80,Estadio Benito Villamarín (Sevilla)
1738612800,Feb 03 2025 - 8:00pm,complete,10088,Girona FC,UD Las Palmas,Mario Melero López,22,1.60,1.00,1.54,0.79,2,1,3,1,1,0,"8,79","82",11,3,2,0,3,0,1,1,2,1,16,15,5,3,8,8,12,12,47,53,1.35,1.03,1.52,1.20,3.25,60,85,75,40,25,40,80,50,85,8.52,5.00,1.63,4.13,5.50,1.26,1.84,3.10,5.50,1.91,1.91,Estadi Municipal de Montilivi (Girona)
1738958400,Feb 07 2025 - 8:00pm,complete,12286,Rayo Vallecano,Real Valladolid,Jesús Gil Manzano,23,1.50,0.27,1.46,0.21,1,0,1,0,0,0,"71","",4,2,2,0,2,0,1,1,1,1,26,9,7,4,14,5,11,15,69,31,1.62,0.94,2.27,1.04,3.37,73,91,76,33,19,33,81,67,96,9.00,5.32,1.48,4.00,7.00,1.33,2.10,3.60,7.00,2.20,1.62,Estadio de Vallecas (Madrid)
1739019600,Feb 08 2025 - 1:00pm,complete,22651,Celta de Vigo,Real Betis,Mateo Busquets Ferrer,23,1.82,1.09,2.07,1.15,3,2,5,2,0,2,"63,65,87","10,22",4,7,3,0,5,0,0,3,1,4,15,13,7,6,8,7,11,11,55,45,1.34,1.22,1.79,1.60,2.37,55,73,41,18,5,27,64,45,78,7.64,5.00,2.25,3.30,3.20,1.40,2.10,4.00,8.00,1.91,1.91,Estadio Abanca-Balaídos (Vigo)
1739027700,Feb 08 2025 - 3:15pm,complete,48261,Athletic Club Bilbao,Girona FC,José María Sánchez Martínez,23,2.00,1.09,2.07,0.93,3,0,3,2,2,0,"42,45'1,79","",11,2,0,0,4,0,0,0,0,4,30,4,9,2,16,2,7,12,45,55,1.44,1.13,2.59,0.54,2.14,50,69,32,14,5,14,69,32,78,9.45,4.91,1.67,3.75,5.00,1.36,2.10,3.75,7.50,2.10,1.67,San Mamés Barria (Bilbao)
1739035800,Feb 08 2025 - 5:30pm,complete,N/A,UD Las Palmas,Villarreal,Francisco José Hernández Maeso,23,1.18,1.64,1.00,1.71,1,2,3,0,0,0,"84","53,66",6,5,6,0,3,0,2,4,2,1,21,10,5,5,11,2,12,12,57,43,1.41,1.49,0.00,0.00,2.78,73,82,50,23,14,41,78,41,82,9.18,6.09,4.33,4.00,1.80,1.20,1.66,2.65,4.75,1.63,2.25,Estadio de Gran Canaria (Las Palmas de Gran Canaria)
1739044800,Feb 08 2025 - 8:00pm,complete,N/A,Real Madrid,Atlético Madrid,César Soto Grado,23,2.70,1.80,2.62,1.69,1,1,2,1,0,1,"50","35",6,1,1,0,3,0,1,0,1,2,29,13,10,2,14,9,14,13,60,40,1.93,1.17,2.83,1.07,2.95,40,75,50,40,25,35,60,45,85,10.90,3.70,1.80,3.60,4.50,1.25,1.73,2.95,5.50,1.67,2.10,Estadio Santiago Bernabéu (Madrid)
1739106000,Feb 09 2025 - 1:00pm,complete,16236,Deportivo Alavés,Getafe CF,Isidro Díaz de Mera Escuderos,23,1.30,0.80,1.23,1.08,0,1,1,1,0,1,"","44",8,3,2,0,6,0,1,1,1,5,16,5,5,4,8,1,16,16,66,34,1.10,1.11,1.71,0.78,2.00,45,65,30,5,5,15,60,30,70,9.80,5.80,2.30,2.90,3.50,1.61,3.20,6.50,15.00,2.38,1.53,Estadio de Mendizorroza (Vitoria-Gasteiz)
1739114100,Feb 09 2025 - 3:15pm,complete,N/A,Valencia CF,Leganés,Guillermo Cuadra Fernández,23,1.36,0.91,1.50,0.71,2,0,2,2,2,0,"30,41","",9,3,1,0,1,0,1,0,1,0,22,14,5,5,14,8,14,9,44,56,1.30,0.88,1.77,1.49,2.46,64,73,37,23,14,27,69,50,64,9.45,5.28,1.80,3.10,5.50,1.53,2.63,5.00,11.00,2.25,1.57,Estadio de Mestalla (Valencia)
1739122200,Feb 09 2025 - 5:30pm,complete,N/A,Real Sociedad,RCD Espanyol,Javier Alberola Rojas,23,1.27,0.20,1.43,0.42,2,1,3,1,1,0,"1,84","53",6,0,1,0,2,0,0,1,1,1,18,6,4,2,10,3,11,17,70,30,1.42,0.83,1.71,0.60,2.25,39,62,38,20,15,29,58,28,67,9.75,5.93,1.57,3.90,5.75,1.42,2.20,4.33,9.00,2.25,1.57,Reale Arena (Donostia-San Sebastián)
1739131200,Feb 09 2025 - 8:00pm,complete,N/A,Sevilla FC,FC Barcelona,Alejandro José Hernández Hernández,23,1.64,2.00,1.46,2.14,1,4,5,2,1,1,"8","7,46,55,89",5,6,5,0,2,1,2,3,1,2,9,12,5,7,4,4,14,6,40,60,1.46,1.70,1.14,1.54,2.87,60,78,51,29,17,34,78,47,79,10.98,5.67,5.50,4.33,1.53,1.14,1.44,2.15,3.60,1.53,2.38,Estadio Ramón Sánchez Pizjuán (Sevilla)
1739217600,Feb 10 2025 - 8:00pm,complete,15378,RCD Mallorca,CA Osasuna,Adrián Cordero Vega,23,1.36,0.80,1.43,0.75,1,1,2,0,0,0,"81","90'4",7,11,1,0,4,0,0,1,1,3,13,22,3,5,8,15,7,11,46,54,1.25,0.84,1.14,2.04,2.01,43,58,33,20,5,24,53,34,72,7.32,5.23,2.00,3.00,4.33,1.55,2.75,5.50,13.00,2.25,1.57,Estadi Mallorca Son Moix (Palma de Mallorca)
1739563200,Feb 14 2025 - 8:00pm,complete,10354,Girona FC,Getafe CF,Alejandro Quintero González,24,1.73,1.00,1.54,1.08,1,2,3,1,0,1,"54","3,62",3,3,2,1,3,0,0,3,0,3,19,13,5,7,10,4,11,23,71,29,1.36,1.08,1.76,1.36,2.59,46,69,55,18,14,27,78,41,69,9.62,5.73,1.90,3.30,4.20,1.48,2.50,4.75,10.00,2.20,1.62,Estadi Municipal de Montilivi (Girona)
1739624400,Feb 15 2025 - 1:00pm,complete,10681,Leganés,Deportivo Alavés,Pablo González Fuertes,24,1.18,0.67,1.31,0.71,3,3,6,3,2,1,"10,37,88","25,50,68",3,2,4,1,5,0,0,5,3,2,9,20,4,8,5,9,18,15,42,58,0.95,1.12,1.06,1.91,2.72,43,69,60,26,13,21,60,61,91,5.27,5.27,3.15,2.89,2.63,1.50,2.75,5.50,12.00,2.10,1.67,Estadio Municipal de Butarque (Leganés)
1739632500,Feb 15 2025 - 3:15pm,complete,22390,CA Osasuna,Real Madrid,José Luis Munuera Montero,24,1.83,1.83,1.71,1.64,1,1,2,1,0,1,"58","15",6,2,3,0,1,1,0,3,1,1,13,23,5,6,7,12,16,7,46,54,1.47,1.72,1.54,1.96,2.92,71,88,63,21,13,25,80,63,96,10.00,4.50,5.75,3.90,1.57,1.20,1.67,2.65,4.75,1.70,2.05,Estadio El Sadar (Pamplona (Iruñea))
1739640600,Feb 15 2025 - 5:30pm,complete,64211,Atlético Madrid,Celta de Vigo,Juan Martínez Munuera,24,2.50,0.45,2.43,0.54,1,1,2,0,0,0,"81","68",2,7,3,1,5,0,1,3,1,4,11,14,4,5,6,7,8,18,33,67,1.76,1.24,1.10,1.63,2.93,58,79,58,31,13,27,75,53,92,9.51,5.31,1.42,4.50,7.00,1.28,1.80,3.10,6.00,2.10,1.67,Riyadh Air Metropolitano (Madrid)
1739649600,Feb 15 2025 - 8:00pm,complete,N/A,Villarreal,Valencia CF,Ricardo De Burgos Bengoetxea,24,1.73,0.36,1.67,0.46,1,1,2,1,1,0,"32","84",4,5,0,0,5,0,0,0,0,5,15,14,5,4,9,9,6,17,50,50,1.64,0.93,1.63,1.37,3.37,69,87,64,41,18,36,91,50,73,9.00,4.73,1.50,4.20,6.25,1.22,1.67,2.75,5.00,1.80,1.95,Estadio de la Cerámica (Villarreal)
1739710800,Feb 16 2025 - 1:00pm,complete,26645,RCD Espanyol,Athletic Club Bilbao,Guillermo Cuadra Fernández,24,1.75,1.73,1.64,1.54,1,1,2,0,0,0,"62","77",2,7,1,0,1,0,0,1,1,0,17,19,5,6,8,9,12,8,38,62,1.14,1.37,1.42,1.79,2.58,75,83,57,18,9,44,70,39,83,9.88,4.16,4.75,3.50,1.75,1.44,2.30,4.33,9.50,2.10,1.67,RCDE Stadium (Cornella de Llobregat)
1739718900,Feb 16 2025 - 3:15pm,complete,22123,Real Valladolid,Sevilla FC,Javier Alberola Rojas,24,1.09,0.91,1.00,1.21,0,4,4,2,0,2,"","5,45'1,67,84",3,2,4,0,2,0,0,4,1,1,11,12,3,7,5,5,11,10,52,48,1.00,1.20,0.94,1.47,2.55,50,64,50,23,18,27,59,55,69,8.55,6.00,3.90,3.40,1.95,1.40,2.20,4.20,8.50,1.95,1.80,Estadio Municipal José Zorrilla (Valladolid)
1739727000,Feb 16 2025 - 5:30pm,complete,18475,RCD Mallorca,UD Las Palmas,Miguel Ángel Ortiz Arias,24,1.33,0.91,1.43,0.79,3,1,4,3,3,0,"7,28,35","62",3,5,1,0,4,0,0,1,3,1,18,11,6,5,9,5,7,13,49,51,1.24,1.04,1.78,1.34,2.51,62,71,53,22,13,26,62,40,83,8.27,5.49,1.73,3.40,5.25,1.50,2.50,4.50,9.50,2.20,1.62,Estadi Mallorca Son Moix (Palma de Mallorca)
1739736000,Feb 16 2025 - 8:00pm,complete,48758,Real Betis,Real Sociedad,Jesús Gil Manzano,24,1.55,1.27,1.86,1.08,3,0,3,0,0,0,"51,64,69","",5,5,0,0,2,2,0,0,3,1,33,5,9,0,16,5,9,15,69,31,1.70,1.13,2.77,0.54,2.05,41,59,37,18,0,23,73,32,64,10.54,5.00,2.40,3.10,3.10,1.47,2.38,4.25,8.30,2.00,1.75,Estadio Benito Villamarín (Sevilla)
1739822400,Feb 17 2025 - 8:00pm,complete,45296,FC Barcelona,Rayo Vallecano,Mario Melero López,24,2.10,1.42,2.25,1.21,1,0,1,1,1,0,"28","",4,5,2,0,3,0,1,1,2,1,17,9,6,5,9,4,11,9,60,40,2.03,1.13,1.71,1.23,2.64,55,60,48,20,15,34,65,34,69,13.35,4.18,1.19,7.51,12.03,1.08,1.30,1.77,2.80,1.75,2.00,Estadi Olímpic Lluís Companys (Barcelona)
1740168000,Feb 21 2025 - 8:00pm,complete,22005,Celta de Vigo,CA Osasuna,José María Sánchez Martínez,25,1.92,0.82,2.07,0.75,1,0,1,0,0,0,"69","",5,4,1,0,0,0,1,0,0,0,13,23,6,2,7,17,11,13,46,54,1.38,0.95,1.48,1.73,2.46,56,78,43,30,4,26,64,53,78,6.85,5.06,1.85,3.60,4.10,1.33,2.00,3.60,7.00,1.91,1.91,Estadio Abanca-Balaídos (Vigo)
1740229200,Feb 22 2025 - 1:00pm,complete,17068,Deportivo Alavés,RCD Espanyol,Juan Luis Pulido Santana,25,1.18,0.18,1.23,0.42,0,1,1,0,0,0,"","86",7,0,2,0,2,0,1,1,1,1,17,11,5,3,9,7,13,17,62,38,1.16,0.81,1.64,1.09,2.28,50,60,36,23,18,23,64,27,73,9.00,5.45,1.83,3.25,5.00,1.50,2.63,5.50,11.00,2.25,1.57,Estadio de Mendizorroza (Vitoria-Gasteiz)
1740237300,Feb 22 2025 - 3:15pm,complete,13373,Rayo Vallecano,Villarreal,Víctor García Verdura,25,1.64,1.75,1.46,1.71,0,1,1,0,0,0,"","66",3,5,1,1,4,0,1,1,1,3,11,13,6,6,5,5,15,12,51,49,1.68,1.49,1.50,1.37,2.92,79,87,61,22,9,30,78,49,96,9.75,5.37,2.90,3.50,2.30,1.26,1.80,2.95,5.50,1.67,2.10,Estadio de Vallecas (Madrid)
1740245400,Feb 22 2025 - 5:30pm,complete,46297,Valencia CF,Atlético Madrid,Mateo Busquets Ferrer,25,1.50,1.73,1.50,1.69,0,3,3,2,0,2,"","12,30,86",7,0,1,0,3,0,1,0,2,1,22,16,3,4,16,8,18,16,49,51,1.34,1.16,1.98,1.47,2.38,52,65,39,22,13,30,74,34,70,10.49,4.76,4.20,3.40,1.91,1.42,2.20,4.33,8.50,2.00,1.75,Estadio de Mestalla (Valencia)
1740254400,Feb 22 2025 - 8:00pm,complete,N/A,UD Las Palmas,FC Barcelona,Adrián Cordero Vega,25,1.08,2.08,1.00,2.14,0,2,2,0,0,0,"","62,90'5",5,3,1,0,1,0,0,1,0,1,14,17,3,6,8,10,13,4,30,70,1.41,1.69,1.08,1.95,3.34,76,84,68,44,28,48,75,60,76,9.89,6.11,9.50,6.00,1.25,1.08,1.33,1.80,2.80,1.67,2.10,Estadio de Gran Canaria (Las Palmas de Gran Canaria)
1740315600,Feb 23 2025 - 1:00pm,complete,47715,Athletic Club Bilbao,Real Valladolid,César Soto Grado,25,2.08,0.25,2.07,0.21,7,1,8,4,4,0,"10,35,43,45'2,66,69,87","47",4,4,2,0,2,1,0,2,1,2,31,6,17,4,13,2,10,5,57,43,1.54,0.95,3.43,0.76,2.80,50,75,54,25,17,34,71,46,84,9.48,4.75,1.18,7.00,12.00,1.20,1.67,2.75,5.00,2.63,1.44,San Mamés Barria (Bilbao)
1740323700,Feb 23 2025 - 3:15pm,complete,74028,Real Madrid,Girona FC,Guillermo Cuadra Fernández,25,2.55,1.00,2.62,0.93,2,0,2,1,1,0,"41,83","",11,5,0,0,2,0,0,0,0,2,29,9,6,3,17,4,1,7,63,37,2.01,1.08,2.34,0.96,2.95,44,88,53,32,18,31,70,49,87,10.64,4.38,1.30,6.00,8.00,1.12,1.40,2.05,3.40,1.75,2.00,Estadio Santiago Bernabéu (Madrid)
1740331800,Feb 23 2025 - 5:30pm,complete,13964,Getafe CF,Real Betis,Javier Alberola Rojas,25,1.33,1.00,1.36,1.15,1,2,3,1,0,1,"82","18,77",2,5,2,1,0,1,0,3,0,1,13,15,5,7,6,7,17,20,49,51,1.32,1.25,1.40,1.62,1.79,42,59,17,9,9,21,50,34,63,8.41,5.58,2.50,3.25,2.80,1.50,2.63,5.00,11.00,2.20,1.62,Estadio Coliseum (Getafe)
1740340800,Feb 23 2025 - 8:00pm,complete,N/A,Real Sociedad,Leganés,Francisco José Hernández Maeso,25,1.42,0.83,1.43,0.71,3,0,3,1,1,0,"12,48,80","",3,3,3,0,3,0,0,3,1,2,13,10,6,3,7,6,13,13,56,44,1.44,0.93,1.53,1.02,2.13,46,75,30,9,4,25,58,42,63,9.58,5.00,1.53,3.75,7.50,1.48,2.50,5.00,10.00,2.50,1.50,Reale Arena (Donostia-San Sebastián)
1740427200,Feb 24 2025 - 8:00pm,complete,N/A,Sevilla FC,RCD Mallorca,Alejandro Muñíz Ruiz,25,1.50,1.36,1.46,1.31,1,1,2,1,1,0,"45'2","90'1",4,4,1,0,3,0,0,1,1,2,20,14,5,3,15,11,11,12,54,46,1.43,1.18,1.93,1.37,2.22,43,66,35,13,9,18,61,30,83,9.03,6.07,2.05,3.20,3.80,1.52,2.63,5.00,11.00,2.10,1.67,Estadio Ramón Sánchez Pizjuán (Sevilla)
1740772800,Feb 28 2025 - 8:00pm,complete,9756,Real Valladolid,UD Las Palmas,Ricardo De Burgos Bengoetxea,26,1.00,0.83,1.00,0.79,1,1,2,1,0,1,"63","22",13,4,2,0,1,1,0,2,2,0,25,5,8,4,15,1,11,8,65,35,0.99,1.07,2.56,0.90,2.67,54,75,63,30,13,25,63,54,80,6.92,6.17,3.00,3.20,2.40,1.40,2.20,4.20,8.50,1.95,1.80,Estadio Municipal José Zorrilla (Valladolid)
1740834000,Mar 01 2025 - 1:00pm,complete,N/A,Girona FC,Celta de Vigo,Miguel Ángel Ortiz Arias,26,1.58,0.50,1.54,0.54,2,2,4,2,1,1,"21,68","36,51",4,2,0,0,0,0,0,0,0,0,11,13,7,7,3,4,8,17,51,49,1.40,1.27,1.39,1.41,3.29,67,83,75,38,21,42,84,58,88,9.05,5.17,2.10,3.50,3.40,1.30,1.91,3.25,6.00,1.70,2.05,Estadi Municipal de Montilivi (Girona)
1740842100,Mar 01 2025 - 3:15pm,complete,N/A,Rayo Vallecano,Sevilla FC,Pablo González Fuertes,26,1.50,1.08,1.46,1.21,1,1,2,0,0,0,"55","81",6,6,1,0,0,0,0,1,0,0,25,13,9,6,12,5,14,9,64,36,1.67,1.22,2.35,1.38,2.96,67,75,58,34,17,34,71,54,88,9.58,5.33,2.20,3.25,3.30,1.42,2.10,4.33,9.00,1.91,1.91,Estadio de Vallecas (Madrid)
1740850200,Mar 01 2025 - 5:30pm,complete,19559,Real Betis,Real Madrid,Alejandro José Hernández Hernández,26,1.67,1.77,1.86,1.64,2,1,3,2,1,1,"34,54","10",9,2,3,0,4,0,0,3,1,3,26,14,4,3,15,7,17,12,42,58,1.79,1.74,1.83,1.23,2.72,65,88,56,21,4,21,68,60,96,9.87,4.25,4.50,3.90,1.70,1.18,1.53,2.35,4.00,1.53,2.38,Estadio Benito Villamarín (Sevilla)
1740859200,Mar 01 2025 - 8:00pm,complete,60823,Atlético Madrid,Athletic Club Bilbao,Jesús Gil Manzano,26,2.38,1.67,2.43,1.54,1,0,1,0,0,0,"66","",6,2,2,0,3,0,0,2,1,2,13,18,5,4,8,12,7,8,51,49,1.71,1.41,1.45,1.61,2.57,65,85,48,16,8,25,60,52,92,11.67,4.60,2.05,3.40,3.60,1.40,2.10,4.00,8.00,1.95,1.80,Riyadh Air Metropolitano (Madrid)
1740920400,Mar 02 2025 - 1:00pm,complete,N/A,Leganés,Getafe CF,Alejandro Muñíz Ruiz,26,1.17,1.17,1.31,1.08,1,0,1,0,0,0,"90'2","",2,6,1,0,1,0,0,1,0,1,7,13,2,0,5,10,15,15,59,41,0.96,1.10,0.81,1.00,2.25,34,58,42,9,9,13,55,46,71,6.08,6.16,3.20,2.70,2.60,1.70,3.40,7.00,15.00,2.50,1.50,Estadio Municipal de Butarque (Leganés)
1740928500,Mar 02 2025 - 3:15pm,complete,63208,FC Barcelona,Real Sociedad,Alejandro Quintero González,26,2.18,1.17,2.25,1.08,4,0,4,2,2,0,"25,29,56,60","",12,0,0,0,0,1,0,0,1,0,44,0,11,0,23,0,15,6,76,24,2.00,1.08,3.75,0.08,2.48,32,53,45,18,14,27,75,35,58,12.98,4.01,1.25,5.50,11.00,1.19,1.57,2.45,4.33,2.05,1.70,Estadi Olímpic Lluís Companys (Barcelona)
1740936600,Mar 02 2025 - 5:30pm,complete,7316,RCD Mallorca,Deportivo Alavés,César Soto Grado,26,1.46,0.69,1.43,0.71,1,1,2,1,1,0,"9","68",3,9,0,0,2,0,0,0,0,2,18,23,5,7,11,12,20,14,44,56,1.28,1.18,1.58,2.10,2.73,62,70,58,31,16,35,70,46,89,7.77,5.61,2.20,3.10,3.60,1.55,2.75,5.50,13.00,2.25,1.57,Estadi Mallorca Son Moix (Palma de Mallorca)
1740945600,Mar 02 2025 - 8:00pm,complete,5219,CA Osasuna,Valencia CF,Mario Melero López,26,1.77,0.42,1.71,0.46,3,3,6,5,3,2,"26,39,45","14,32,87",3,3,2,0,1,0,0,2,0,1,12,13,6,6,6,7,10,7,51,49,1.48,0.97,1.55,1.50,2.79,72,80,52,24,12,32,88,40,84,9.48,4.79,2.25,3.10,3.30,1.45,2.30,4.50,9.50,2.00,1.75,Estadio El Sadar (Pamplona (Iruñea))
1741032000,Mar 03 2025 - 8:00pm,suspended,-1,Villarreal,RCD Espanyol,José Luis Munuera Montero,26,1.67,0.42,1.67,0.42,0,0,0,0,0,0,"","",-1,-1,-1,-1,-1,-1,-1,-1,-1,-1,-1,-1,-1,-1,-1,-1,-1,-1,-1,-1,1.64,0.83,0.00,0.00,3.17,67,75,59,46,25,34,79,42,75,7.42,5.58,1.42,4.75,7.00,1.22,1.67,2.80,5.00,1.95,1.80,Estadio de la Cerámica (Villarreal)
1741438800,Mar 08 2025 - 1:00pm,complete,53870,Celta de Vigo,Leganés,Isidro Díaz de Mera Escuderos,27,2.00,0.77,2.07,0.71,2,1,3,3,2,1,"26,45'1","19",2,5,3,0,2,0,0,3,1,1,9,14,5,7,3,6,10,9,56,44,1.39,0.94,1.04,1.63,2.46,58,77,39,23,8,27,70,46,74,6.77,4.77,1.57,3.80,6.00,1.33,2.00,3.60,7.00,2.05,1.70,Estadio Abanca-Balaídos (Vigo)
1741446900,Mar 08 2025 - 3:15pm,complete,18153,Deportivo Alavés,Villarreal,Miguel Ángel Ortiz Arias,27,1.08,1.85,1.23,1.71,1,0,1,1,1,0,"11","",1,6,3,2,1,0,0,5,0,1,7,26,4,3,2,21,11,13,31,69,1.20,1.48,0.90,2.35,2.35,56,72,40,12,8,28,68,32,84,10.94,5.33,3.10,3.20,2.38,1.36,2.10,3.75,7.50,1.80,1.95,Estadio de Mendizorroza (Vitoria-Gasteiz)
1741455000,Mar 08 2025 - 5:30pm,complete,45882,Valencia CF,Real Valladolid,Juan Luis Pulido Santana,27,1.38,0.23,1.50,0.21,2,1,3,2,1,1,"7,58","40",5,4,1,0,3,0,0,1,1,2,21,13,5,5,13,7,11,10,62,38,1.39,0.93,1.95,1.35,3.23,54,81,66,31,23,46,81,58,77,10.37,5.23,1.36,4.50,9.00,1.42,2.10,4.50,9.50,2.50,1.50,Estadio de Mestalla (Valencia)
1741464000,Mar 08 2025 - 8:00pm,suspended,N/A,FC Barcelona,CA Osasuna,N/A,27,2.25,0.75,2.25,0.75,0,0,0,0,0,0,"","",-1,-1,-1,-1,-1,-1,-1,-1,-1,-1,-1,-1,-1,-1,-1,-1,-1,-1,-1,-1,2.14,1.02,0.00,0.00,2.75,46,67,46,34,13,34,63,50,75,11.41,3.50,1.20,7.00,12.00,1.06,1.29,1.65,2.50,1.67,2.10,Estadi Olímpic Lluís Companys (Barcelona)
1741525200,Mar 09 2025 - 1:00pm,complete,12862,Getafe CF,Atlético Madrid,Guillermo Cuadra Fernández,27,1.23,1.83,1.36,1.69,2,1,3,0,0,0,"88,90'2","75",4,4,6,0,2,1,1,5,1,2,15,6,4,3,8,2,10,14,39,61,1.32,1.19,1.35,0.77,1.78,40,56,21,9,4,17,61,20,69,7.50,5.02,4.33,3.10,2.00,1.55,2.75,5.50,13.00,2.25,1.57,Estadio Coliseum (Getafe)
1741533300,Mar 09 2025 - 3:15pm,complete,74170,Real Madrid,Rayo Vallecano,Francisco José Hernández Maeso,27,2.58,1.31,2.62,1.21,2,1,3,3,2,1,"30,34","45'2",4,6,3,0,1,0,0,3,0,1,13,25,6,7,5,14,12,17,46,54,2.04,1.14,1.40,2.06,2.52,44,73,41,25,17,29,61,37,73,12.23,4.50,1.29,5.75,9.00,1.17,1.53,2.30,4.20,1.95,1.80,Estadio Santiago Bernabéu (Madrid)
1741541400,Mar 09 2025 - 5:30pm,complete,48203,Athletic Club Bilbao,RCD Mallorca,Alejandro José Hernández Hernández,27,2.15,1.33,2.07,1.31,1,1,2,0,0,0,"58","56",3,3,1,0,3,0,1,0,0,3,10,10,3,3,6,7,6,13,56,44,1.69,1.20,1.15,1.01,2.48,48,68,40,20,12,24,64,28,80,9.04,4.83,1.60,3.75,6.00,1.33,2.20,3.60,7.00,2.10,1.67,San Mamés Barria (Bilbao)
1741541400,Mar 09 2025 - 5:30pm,complete,49292,Real Betis,UD Las Palmas,José María Sánchez Martínez,27,1.77,0.85,1.86,0.79,1,0,1,0,0,0,"65","",11,1,2,0,7,1,1,1,3,5,18,10,7,2,8,7,12,14,67,33,1.79,1.06,1.95,0.91,2.93,73,89,66,35,8,35,73,46,92,9.00,5.31,1.42,4.75,7.00,1.26,1.73,3.00,5.50,1.95,1.80,Estadio Benito Villamarín (Sevilla)
1741550400,Mar 09 2025 - 8:00pm,complete,N/A,Real Sociedad,Sevilla FC,Víctor García Verdura,27,1.54,1.08,1.43,1.21,0,1,1,0,0,0,"","46",6,3,2,0,1,0,0,2,0,1,8,11,3,5,5,5,14,12,61,39,1.45,1.23,1.21,1.14,2.62,47,77,50,19,12,35,66,54,73,11.08,5.24,2.10,3.20,3.70,1.40,2.30,4.00,8.00,2.00,1.75,Reale Arena (Donostia-San Sebastián)
1741636800,Mar 10 2025 - 8:00pm,complete,23997,RCD Espanyol,Girona FC,Adrián Cordero Vega,27,1.69,0.92,1.64,0.93,1,1,2,0,0,0,"49","88",4,9,3,0,3,0,3,0,1,2,9,21,5,5,3,14,11,13,33,67,1.16,1.07,1.06,2.05,2.31,54,77,42,12,4,27,73,35,81,8.23,4.92,3.10,3.20,2.35,1.33,2.20,3.60,7.00,1.91,1.91,RCDE Stadium (Cornella de Llobregat)
1741982400,Mar 14 2025 - 8:00pm,incomplete,N/A,UD Las Palmas,Deportivo Alavés,N/A,28,1.00,0.71,1.00,0.71,0,0,0,0,0,0,"","",-1,-1,-1,-1,-1,-1,-1,-1,-1,-1,-1,-1,-1,-1,-1,-1,-1,-1,-1,-1,1.38,1.24,0.00,0.00,2.96,70,82,59,33,18,34,70,59,89,7.98,6.30,2.80,3.00,2.62,1.50,2.63,5.00,9.50,2.10,1.67,Estadio de Gran Canaria (Las Palmas de Gran Canaria)
1742043600,Mar 15 2025 - 1:00pm,incomplete,N/A,Real Valladolid,Celta de Vigo,N/A,28,1.00,0.54,1.00,0.54,0,0,0,0,0,0,"","",-1,-1,-1,-1,-1,-1,-1,-1,-1,-1,-1,-1,-1,-1,-1,-1,-1,-1,-1,-1,1.11,1.28,0.00,0.00,2.73,58,74,58,31,12,31,66,58,81,7.61,5.77,4.80,3.75,1.70,1.30,1.91,3.35,6.50,1.91,1.91,Estadio Municipal José Zorrilla (Valladolid)
1742051700,Mar 15 2025 - 3:15pm,incomplete,-1,RCD Mallorca,RCD Espanyol,N/A,28,1.43,0.42,1.43,0.42,0,0,0,0,0,0,"","",-1,-1,-1,-1,-1,-1,-1,-1,-1,-1,-1,-1,-1,-1,-1,-1,-1,-1,-1,-1,1.30,0.83,0.00,0.00,2.25,54,54,39,24,16,27,58,23,77,7.38,5.29,1.80,3.40,4.60,1.48,2.37,5.00,9.50,2.20,1.62,Estadi Mallorca Son Moix (Palma de Mallorca)
1742059800,Mar 15 2025 - 5:30pm,incomplete,N/A,Villarreal,Real Madrid,N/A,28,1.67,1.64,1.67,1.64,0,0,0,0,0,0,"","",-1,-1,-1,-1,-1,-1,-1,-1,-1,-1,-1,-1,-1,-1,-1,-1,-1,-1,-1,-1,1.64,1.70,0.00,0.00,3.32,74,97,66,33,16,28,86,61,88,9.18,4.72,3.25,3.90,2.00,1.15,1.50,2.15,3.70,1.44,2.63,Estadio de la Cerámica (Villarreal)
1742068800,Mar 15 2025 - 8:00pm,incomplete,N/A,Girona FC,Valencia CF,N/A,28,1.54,0.46,1.54,0.46,0,0,0,0,0,0,"","",-1,-1,-1,-1,-1,-1,-1,-1,-1,-1,-1,-1,-1,-1,-1,-1,-1,-1,-1,-1,1.40,1.01,0.00,0.00,3.12,62,81,66,31,19,39,89,47,81,9.57,4.16,2.00,3.40,3.70,1.35,2.00,3.70,7.50,1.91,1.91,Estadi Municipal de Montilivi (Girona)
1742130000,Mar 16 2025 - 1:00pm,incomplete,N/A,Leganés,Real Betis,N/A,28,1.31,1.15,1.31,1.15,0,0,0,0,0,0,"","",-1,-1,-1,-1,-1,-1,-1,-1,-1,-1,-1,-1,-1,-1,-1,-1,-1,-1,-1,-1,0.95,1.28,0.00,0.00,2.42,39,62,42,15,15,23,46,54,81,6.69,5.23,3.90,3.30,2.00,1.40,2.10,4.00,8.00,1.95,1.80,Estadio Municipal de Butarque (Leganés)
1742138100,Mar 16 2025 - 3:15pm,incomplete,N/A,Sevilla FC,Athletic Club Bilbao,N/A,28,1.46,1.54,1.46,1.54,0,0,0,0,0,0,"","",-1,-1,-1,-1,-1,-1,-1,-1,-1,-1,-1,-1,-1,-1,-1,-1,-1,-1,-1,-1,1.47,1.42,0.00,0.00,2.31,66,77,39,12,8,27,62,39,89,10.92,5.00,2.90,3.20,2.45,1.44,2.25,4.33,8.50,1.95,1.80,Estadio Ramón Sánchez Pizjuán (Sevilla)
1742146200,Mar 16 2025 - 5:30pm,incomplete,N/A,Rayo Vallecano,Real Sociedad,N/A,28,1.46,1.08,1.46,1.08,0,0,0,0,0,0,"","",-1,-1,-1,-1,-1,-1,-1,-1,-1,-1,-1,-1,-1,-1,-1,-1,-1,-1,-1,-1,1.72,1.00,0.00,0.00,2.19,43,62,43,16,4,15,66,43,73,9.77,5.15,2.50,3.00,3.00,1.55,2.75,5.50,10.00,2.20,1.62,Estadio de Vallecas (Madrid)
1742146200,Mar 16 2025 - 5:30pm,incomplete,N/A,CA Osasuna,Getafe CF,N/A,28,1.71,1.08,1.71,1.08,0,0,0,0,0,0,"","",-1,-1,-1,-1,-1,-1,-1,-1,-1,-1,-1,-1,-1,-1,-1,-1,-1,-1,-1,-1,1.48,1.10,0.00,0.00,2.53,62,70,48,18,11,26,78,37,78,8.99,5.95,2.30,2.87,3.50,1.67,3.20,6.50,11.00,2.38,1.53,Estadio El Sadar (Pamplona (Iruñea))
1742155200,Mar 16 2025 - 8:00pm,incomplete,N/A,Atlético Madrid,FC Barcelona,N/A,28,2.43,2.14,2.43,2.14,0,0,0,0,0,0,"","",-1,-1,-1,-1,-1,-1,-1,-1,-1,-1,-1,-1,-1,-1,-1,-1,-1,-1,-1,-1,1.69,1.71,0.00,0.00,3.11,57,82,58,36,22,32,72,61,86,11.14,5.28,2.87,3.60,2.25,1.20,1.55,2.48,4.20,1.50,2.50,Estádio Cívitas Metropolitano (Madrid)
1743289200,Mar 29 2025 - 11:00pm,incomplete,N/A,Athletic Club Bilbao,CA Osasuna,N/A,29,2.07,0.75,2.07,0.75,0,0,0,0,0,0,"","",-1,-1,-1,-1,-1,-1,-1,-1,-1,-1,-1,-1,-1,-1,-1,-1,-1,-1,-1,-1,1.65,1.02,0.00,0.00,2.29,50,69,31,23,7,23,53,43,77,8.76,4.35,0.00,0.00,0.00,0.00,0.00,0.00,0.00,0.00,0.00,San Mamés Barria (Bilbao)
1743289200,Mar 29 2025 - 11:00pm,incomplete,N/A,FC Barcelona,Girona FC,N/A,29,2.25,0.93,2.25,0.93,0,0,0,0,0,0,"","",-1,-1,-1,-1,-1,-1,-1,-1,-1,-1,-1,-1,-1,-1,-1,-1,-1,-1,-1,-1,2.14,1.14,0.00,0.00,2.86,47,73,52,25,13,32,77,43,81,12.51,3.87,0.00,0.00,0.00,0.00,0.00,0.00,0.00,0.00,0.00,Estadi Olímpic Lluís Companys (Barcelona)
1743289200,Mar 29 2025 - 11:00pm,incomplete,N/A,Real Betis,Sevilla FC,N/A,29,1.86,1.21,1.86,1.21,0,0,0,0,0,0,"","",-1,-1,-1,-1,-1,-1,-1,-1,-1,-1,-1,-1,-1,-1,-1,-1,-1,-1,-1,-1,1.80,1.23,0.00,0.00,2.79,61,75,54,33,11,40,64,50,86,10.64,4.79,0.00,0.00,0.00,0.00,0.00,0.00,0.00,0.00,0.00,Estadio Benito Villamarín (Sevilla)
1743289200,Mar 29 2025 - 11:00pm,incomplete,N/A,Celta de Vigo,UD Las Palmas,N/A,29,2.07,0.79,2.07,0.79,0,0,0,0,0,0,"","",-1,-1,-1,-1,-1,-1,-1,-1,-1,-1,-1,-1,-1,-1,-1,-1,-1,-1,-1,-1,1.36,1.05,0.00,0.00,2.82,68,83,61,33,11,33,75,43,86,6.86,5.72,0.00,0.00,0.00,0.00,0.00,0.00,0.00,0.00,0.00,Estadio Abanca-Balaídos (Vigo)
1743289200,Mar 29 2025 - 11:00pm,incomplete,N/A,Getafe CF,Villarreal,N/A,29,1.36,1.71,1.36,1.71,0,0,0,0,0,0,"","",-1,-1,-1,-1,-1,-1,-1,-1,-1,-1,-1,-1,-1,-1,-1,-1,-1,-1,-1,-1,1.33,1.55,0.00,0.00,2.07,54,68,32,7,4,22,65,33,72,8.79,5.86,0.00,0.00,0.00,0.00,0.00,0.00,0.00,0.00,0.00,Estadio Coliseum (Getafe)
1743289200,Mar 29 2025 - 11:00pm,incomplete,N/A,Real Sociedad,Real Valladolid,N/A,29,1.43,0.21,1.43,0.21,0,0,0,0,0,0,"","",-1,-1,-1,-1,-1,-1,-1,-1,-1,-1,-1,-1,-1,-1,-1,-1,-1,-1,-1,-1,1.43,0.96,0.00,0.00,2.89,43,79,61,18,15,36,68,54,82,9.98,5.36,0.00,0.00,0.00,0.00,0.00,0.00,0.00,0.00,0.00,Reale Arena (Donostia-San Sebastián)
1743289200,Mar 29 2025 - 11:00pm,incomplete,N/A,Deportivo Alavés,Rayo Vallecano,N/A,29,1.23,1.21,1.23,1.21,0,0,0,0,0,0,"","",-1,-1,-1,-1,-1,-1,-1,-1,-1,-1,-1,-1,-1,-1,-1,-1,-1,-1,-1,-1,1.18,1.20,0.00,0.00,1.75,44,52,26,4,4,18,60,19,60,11.06,5.55,0.00,0.00,0.00,0.00,0.00,0.00,0.00,0.00,0.00,Estadio de Mendizorroza (Vitoria-Gasteiz)
1743289200,Mar 29 2025 - 11:00pm,incomplete,N/A,Valencia CF,RCD Mallorca,N/A,29,1.50,1.31,1.50,1.31,0,0,0,0,0,0,"","",-1,-1,-1,-1,-1,-1,-1,-1,-1,-1,-1,-1,-1,-1,-1,-1,-1,-1,-1,-1,1.43,1.18,0.00,0.00,2.51,52,74,48,18,11,33,70,37,75,9.88,5.21,0.00,0.00,0.00,0.00,0.00,0.00,0.00,0.00,0.00,Estadio de Mestalla (Valencia)
1743289200,Mar 29 2025 - 11:00pm,incomplete,N/A,Real Madrid,Leganés,N/A,29,2.62,0.71,2.62,0.71,0,0,0,0,0,0,"","",-1,-1,-1,-1,-1,-1,-1,-1,-1,-1,-1,-1,-1,-1,-1,-1,-1,-1,-1,-1,1.99,0.99,0.00,0.00,2.88,52,90,46,30,19,38,67,49,71,9.98,3.97,0.00,0.00,0.00,0.00,0.00,0.00,0.00,0.00,0.00,Estadio Santiago Bernabéu (Madrid)
1743289200,Mar 29 2025 - 11:00pm,incomplete,-1,RCD Espanyol,Atlético Madrid,N/A,29,1.64,1.69,1.64,1.69,0,0,0,0,0,0,"","",-1,-1,-1,-1,-1,-1,-1,-1,-1,-1,-1,-1,-1,-1,-1,-1,-1,-1,-1,-1,1.15,1.16,0.00,0.00,2.30,59,71,41,15,8,30,63,33,82,7.76,4.59,0.00,0.00,0.00,0.00,0.00,0.00,0.00,0.00,0.00,N/A
1743890400,Apr 05 2025 - 10:00pm,incomplete,N/A,FC Barcelona,Real Betis,N/A,30,2.25,1.15,2.25,1.15,0,0,0,0,0,0,"","",-1,-1,-1,-1,-1,-1,-1,-1,-1,-1,-1,-1,-1,-1,-1,-1,-1,-1,-1,-1,2.14,1.28,0.00,0.00,2.94,52,68,53,29,20,41,69,52,76,12.46,3.85,0.00,0.00,0.00,0.00,0.00,0.00,0.00,0.00,0.00,Estadi Olímpic Lluís Companys (Barcelona)
1743890400,Apr 05 2025 - 10:00pm,incomplete,N/A,Real Madrid,Valencia CF,N/A,30,2.62,0.46,2.62,0.46,0,0,0,0,0,0,"","",-1,-1,-1,-1,-1,-1,-1,-1,-1,-1,-1,-1,-1,-1,-1,-1,-1,-1,-1,-1,1.99,1.01,0.00,0.00,3.16,54,89,54,35,23,39,77,43,81,10.92,3.62,0.00,0.00,0.00,0.00,0.00,0.00,0.00,0.00,0.00,Estadio Santiago Bernabéu (Madrid)
1743890400,Apr 05 2025 - 10:00pm,incomplete,N/A,UD Las Palmas,Real Sociedad,N/A,30,1.00,1.08,1.00,1.08,0,0,0,0,0,0,"","",-1,-1,-1,-1,-1,-1,-1,-1,-1,-1,-1,-1,-1,-1,-1,-1,-1,-1,-1,-1,1.38,1.00,0.00,0.00,2.16,39,62,39,16,8,23,62,43,62,9.47,6.00,0.00,0.00,0.00,0.00,0.00,0.00,0.00,0.00,0.00,Estadio de Gran Canaria (Las Palmas de Gran Canaria)
1743890400,Apr 05 2025 - 10:00pm,incomplete,N/A,Leganés,CA Osasuna,N/A,30,1.31,0.75,1.31,0.75,0,0,0,0,0,0,"","",-1,-1,-1,-1,-1,-1,-1,-1,-1,-1,-1,-1,-1,-1,-1,-1,-1,-1,-1,-1,0.95,1.02,0.00,0.00,2.23,33,61,36,20,8,16,40,52,80,5.64,4.88,0.00,0.00,0.00,0.00,0.00,0.00,0.00,0.00,0.00,Estadio Municipal de Butarque (Leganés)
1743890400,Apr 05 2025 - 10:00pm,incomplete,N/A,Villarreal,Athletic Club Bilbao,N/A,30,1.67,1.54,1.67,1.54,0,0,0,0,0,0,"","",-1,-1,-1,-1,-1,-1,-1,-1,-1,-1,-1,-1,-1,-1,-1,-1,-1,-1,-1,-1,1.64,1.42,0.00,0.00,3.23,80,93,65,37,17,40,77,52,84,10.13,4.50,0.00,0.00,0.00,0.00,0.00,0.00,0.00,0.00,0.00,Estadio de la Cerámica (Villarreal)
1743890400,Apr 05 2025 - 10:00pm,incomplete,N/A,Sevilla FC,Atlético Madrid,N/A,30,1.46,1.69,1.46,1.69,0,0,0,0,0,0,"","",-1,-1,-1,-1,-1,-1,-1,-1,-1,-1,-1,-1,-1,-1,-1,-1,-1,-1,-1,-1,1.47,1.16,0.00,0.00,2.16,50,66,31,12,8,19,66,27,85,9.16,5.46,0.00,0.00,0.00,0.00,0.00,0.00,0.00,0.00,0.00,Estadio Ramón Sánchez Pizjuán (Sevilla)
1743890400,Apr 05 2025 - 10:00pm,incomplete,N/A,RCD Mallorca,Celta de Vigo,N/A,30,1.43,0.54,1.43,0.54,0,0,0,0,0,0,"","",-1,-1,-1,-1,-1,-1,-1,-1,-1,-1,-1,-1,-1,-1,-1,-1,-1,-1,-1,-1,1.30,1.28,0.00,0.00,2.69,67,71,53,30,11,38,67,42,86,8.09,4.98,0.00,0.00,0.00,0.00,0.00,0.00,0.00,0.00,0.00,Estadi Mallorca Son Moix (Palma de Mallorca)
1743890400,Apr 05 2025 - 10:00pm,incomplete,N/A,Real Valladolid,Getafe CF,N/A,30,1.00,1.08,1.00,1.08,0,0,0,0,0,0,"","",-1,-1,-1,-1,-1,-1,-1,-1,-1,-1,-1,-1,-1,-1,-1,-1,-1,-1,-1,-1,1.11,1.10,0.00,0.00,2.00,38,58,39,8,4,12,58,43,66,8.15,6.46,0.00,0.00,0.00,0.00,0.00,0.00,0.00,0.00,0.00,Estadio Municipal José Zorrilla (Valladolid)
1743890400,Apr 05 2025 - 10:00pm,incomplete,N/A,Girona FC,Deportivo Alavés,N/A,30,1.54,0.71,1.54,0.71,0,0,0,0,0,0,"","",-1,-1,-1,-1,-1,-1,-1,-1,-1,-1,-1,-1,-1,-1,-1,-1,-1,-1,-1,-1,1.40,1.24,0.00,0.00,3.34,67,86,78,41,22,41,89,63,93,8.78,5.15,0.00,0.00,0.00,0.00,0.00,0.00,0.00,0.00,0.00,Estadi Municipal de Montilivi (Girona)
1743890400,Apr 05 2025 - 10:00pm,incomplete,-1,Rayo Vallecano,RCD Espanyol,N/A,30,1.46,0.42,1.46,0.42,0,0,0,0,0,0,"","",-1,-1,-1,-1,-1,-1,-1,-1,-1,-1,-1,-1,-1,-1,-1,-1,-1,-1,-1,-1,1.72,0.83,0.00,0.00,2.56,64,64,48,28,17,20,60,40,88,7.59,5.38,0.00,0.00,0.00,0.00,0.00,0.00,0.00,0.00,0.00,Estadio de Vallecas (Madrid)
1744495200,Apr 12 2025 - 10:00pm,incomplete,N/A,Athletic Club Bilbao,Rayo Vallecano,N/A,31,2.07,1.21,2.07,1.21,0,0,0,0,0,0,"","",-1,-1,-1,-1,-1,-1,-1,-1,-1,-1,-1,-1,-1,-1,-1,-1,-1,-1,-1,-1,1.65,1.20,0.00,0.00,2.11,54,61,33,11,7,25,61,25,65,10.72,4.86,0.00,0.00,0.00,0.00,0.00,0.00,0.00,0.00,0.00,San Mamés Barria (Bilbao)
1744495200,Apr 12 2025 - 10:00pm,incomplete,N/A,Atlético Madrid,Real Valladolid,N/A,31,2.43,0.21,2.43,0.21,0,0,0,0,0,0,"","",-1,-1,-1,-1,-1,-1,-1,-1,-1,-1,-1,-1,-1,-1,-1,-1,-1,-1,-1,-1,1.69,0.96,0.00,0.00,3.04,50,79,58,25,18,29,68,57,93,9.77,5.50,0.00,0.00,0.00,0.00,0.00,0.00,0.00,0.00,0.00,Estádio Cívitas Metropolitano (Madrid)
1744495200,Apr 12 2025 - 10:00pm,incomplete,N/A,Real Betis,Villarreal,N/A,31,1.86,1.71,1.86,1.71,0,0,0,0,0,0,"","",-1,-1,-1,-1,-1,-1,-1,-1,-1,-1,-1,-1,-1,-1,-1,-1,-1,-1,-1,-1,1.80,1.55,0.00,0.00,2.64,64,79,54,22,4,36,72,40,90,10.79,5.15,0.00,0.00,0.00,0.00,0.00,0.00,0.00,0.00,0.00,Estadio Benito Villamarín (Sevilla)
1744495200,Apr 12 2025 - 10:00pm,incomplete,N/A,Getafe CF,UD Las Palmas,N/A,31,1.36,0.79,1.36,0.79,0,0,0,0,0,0,"","",-1,-1,-1,-1,-1,-1,-1,-1,-1,-1,-1,-1,-1,-1,-1,-1,-1,-1,-1,-1,1.33,1.05,0.00,0.00,2.22,57,72,39,18,7,18,61,36,75,7.22,6.36,0.00,0.00,0.00,0.00,0.00,0.00,0.00,0.00,0.00,Estadio Coliseum (Getafe)
1744495200,Apr 12 2025 - 10:00pm,incomplete,N/A,Deportivo Alavés,Real Madrid,N/A,31,1.23,1.64,1.23,1.64,0,0,0,0,0,0,"","",-1,-1,-1,-1,-1,-1,-1,-1,-1,-1,-1,-1,-1,-1,-1,-1,-1,-1,-1,-1,1.18,1.70,0.00,0.00,2.28,51,74,40,8,8,15,67,44,85,10.20,4.76,0.00,0.00,0.00,0.00,0.00,0.00,0.00,0.00,0.00,Estadio de Mendizorroza (Vitoria-Gasteiz)
1744495200,Apr 12 2025 - 10:00pm,incomplete,N/A,Leganés,FC Barcelona,N/A,31,1.31,2.14,1.31,2.14,0,0,0,0,0,0,"","",-1,-1,-1,-1,-1,-1,-1,-1,-1,-1,-1,-1,-1,-1,-1,-1,-1,-1,-1,-1,0.95,1.71,0.00,0.00,3.16,47,74,63,36,26,36,62,63,82,7.45,5.03,0.00,0.00,0.00,0.00,0.00,0.00,0.00,0.00,0.00,Estadio Municipal de Butarque (Leganés)
1744495200,Apr 12 2025 - 10:00pm,incomplete,N/A,CA Osasuna,Girona FC,N/A,31,1.71,0.93,1.71,0.93,0,0,0,0,0,0,"","",-1,-1,-1,-1,-1,-1,-1,-1,-1,-1,-1,-1,-1,-1,-1,-1,-1,-1,-1,-1,1.48,1.14,0.00,0.00,2.71,65,83,50,22,11,29,82,40,90,9.50,5.36,0.00,0.00,0.00,0.00,0.00,0.00,0.00,0.00,0.00,Estadio El Sadar (Pamplona (Iruñea))
1744495200,Apr 12 2025 - 10:00pm,incomplete,N/A,Real Sociedad,RCD Mallorca,N/A,31,1.43,1.31,1.43,1.31,0,0,0,0,0,0,"","",-1,-1,-1,-1,-1,-1,-1,-1,-1,-1,-1,-1,-1,-1,-1,-1,-1,-1,-1,-1,1.43,1.18,0.00,0.00,2.19,38,70,41,8,4,18,56,37,78,9.59,5.42,0.00,0.00,0.00,0.00,0.00,0.00,0.00,0.00,0.00,Reale Arena (Donostia-San Sebastián)
1744495200,Apr 12 2025 - 10:00pm,incomplete,N/A,Valencia CF,Sevilla FC,N/A,31,1.50,1.21,1.50,1.21,0,0,0,0,0,0,"","",-1,-1,-1,-1,-1,-1,-1,-1,-1,-1,-1,-1,-1,-1,-1,-1,-1,-1,-1,-1,1.43,1.23,0.00,0.00,2.82,57,75,54,29,18,47,75,50,72,11.21,4.86,0.00,0.00,0.00,0.00,0.00,0.00,0.00,0.00,0.00,Estadio de Mestalla (Valencia)
1744495200,Apr 12 2025 - 10:00pm,incomplete,-1,Celta de Vigo,RCD Espanyol,N/A,31,2.07,0.42,2.07,0.42,0,0,0,0,0,0,"","",-1,-1,-1,-1,-1,-1,-1,-1,-1,-1,-1,-1,-1,-1,-1,-1,-1,-1,-1,-1,1.36,0.83,0.00,0.00,2.57,57,65,50,31,16,31,69,34,77,6.24,5.36,0.00,0.00,0.00,0.00,0.00,0.00,0.00,0.00,0.00,Estadio Abanca-Balaídos (Vigo)
1745100000,Apr 19 2025 - 10:00pm,incomplete,N/A,FC Barcelona,Celta de Vigo,N/A,32,2.25,0.54,2.25,0.54,0,0,0,0,0,0,"","",-1,-1,-1,-1,-1,-1,-1,-1,-1,-1,-1,-1,-1,-1,-1,-1,-1,-1,-1,-1,2.14,1.28,0.00,0.00,3.41,64,76,68,44,20,48,80,56,84,11.46,3.77,0.00,0.00,0.00,0.00,0.00,0.00,0.00,0.00,0.00,Estadi Olímpic Lluís Companys (Barcelona)
1745100000,Apr 19 2025 - 10:00pm,incomplete,N/A,Rayo Vallecano,Valencia CF,N/A,32,1.46,0.46,1.46,0.46,0,0,0,0,0,0,"","",-1,-1,-1,-1,-1,-1,-1,-1,-1,-1,-1,-1,-1,-1,-1,-1,-1,-1,-1,-1,1.72,1.01,0.00,0.00,2.77,70,77,50,23,12,23,74,43,89,9.07,4.46,0.00,0.00,0.00,0.00,0.00,0.00,0.00,0.00,0.00,Estadio de Vallecas (Madrid)
1745100000,Apr 19 2025 - 10:00pm,incomplete,N/A,Real Madrid,Athletic Club Bilbao,N/A,32,2.62,1.54,2.62,1.54,0,0,0,0,0,0,"","",-1,-1,-1,-1,-1,-1,-1,-1,-1,-1,-1,-1,-1,-1,-1,-1,-1,-1,-1,-1,1.99,1.42,0.00,0.00,3.00,62,93,58,31,20,42,62,50,89,12.15,3.46,0.00,0.00,0.00,0.00,0.00,0.00,0.00,0.00,0.00,Estadio Santiago Bernabéu (Madrid)
1745100000,Apr 19 2025 - 10:00pm,incomplete,N/A,UD Las Palmas,Atlético Madrid,N/A,32,1.00,1.69,1.00,1.69,0,0,0,0,0,0,"","",-1,-1,-1,-1,-1,-1,-1,-1,-1,-1,-1,-1,-1,-1,-1,-1,-1,-1,-1,-1,1.38,1.16,0.00,0.00,2.43,58,70,42,19,12,27,58,39,81,8.24,5.61,0.00,0.00,0.00,0.00,0.00,0.00,0.00,0.00,0.00,Estadio de Gran Canaria (Las Palmas de Gran Canaria)
1745100000,Apr 19 2025 - 10:00pm,incomplete,N/A,Girona FC,Real Betis,N/A,32,1.54,1.15,1.54,1.15,0,0,0,0,0,0,"","",-1,-1,-1,-1,-1,-1,-1,-1,-1,-1,-1,-1,-1,-1,-1,-1,-1,-1,-1,-1,1.40,1.28,0.00,0.00,2.88,58,77,62,27,19,39,73,58,81,9.80,4.85,0.00,0.00,0.00,0.00,0.00,0.00,0.00,0.00,0.00,Estadi Municipal de Montilivi (Girona)
1745100000,Apr 19 2025 - 10:00pm,incomplete,N/A,Real Valladolid,CA Osasuna,N/A,32,1.00,0.75,1.00,0.75,0,0,0,0,0,0,"","",-1,-1,-1,-1,-1,-1,-1,-1,-1,-1,-1,-1,-1,-1,-1,-1,-1,-1,-1,-1,1.11,1.02,0.00,0.00,2.08,40,65,36,20,4,16,48,52,72,7.56,5.50,0.00,0.00,0.00,0.00,0.00,0.00,0.00,0.00,0.00,Estadio Municipal José Zorrilla (Valladolid)
1745100000,Apr 19 2025 - 10:00pm,incomplete,N/A,Villarreal,Real Sociedad,N/A,32,1.67,1.08,1.67,1.08,0,0,0,0,0,0,"","",-1,-1,-1,-1,-1,-1,-1,-1,-1,-1,-1,-1,-1,-1,-1,-1,-1,-1,-1,-1,1.64,1.00,0.00,0.00,2.81,46,73,53,33,13,29,85,45,61,9.60,5.35,0.00,0.00,0.00,0.00,0.00,0.00,0.00,0.00,0.00,Estadio de la Cerámica (Villarreal)
1745100000,Apr 19 2025 - 10:00pm,incomplete,N/A,Sevilla FC,Deportivo Alavés,N/A,32,1.46,0.71,1.46,0.71,0,0,0,0,0,0,"","",-1,-1,-1,-1,-1,-1,-1,-1,-1,-1,-1,-1,-1,-1,-1,-1,-1,-1,-1,-1,1.47,1.24,0.00,0.00,2.69,63,78,47,26,15,26,78,48,93,8.90,6.15,0.00,0.00,0.00,0.00,0.00,0.00,0.00,0.00,0.00,Estadio Ramón Sánchez Pizjuán (Sevilla)
1745100000,Apr 19 2025 - 10:00pm,incomplete,N/A,RCD Mallorca,Leganés,N/A,32,1.43,0.71,1.43,0.71,0,0,0,0,0,0,"","",-1,-1,-1,-1,-1,-1,-1,-1,-1,-1,-1,-1,-1,-1,-1,-1,-1,-1,-1,-1,1.30,0.99,0.00,0.00,2.18,57,68,33,14,7,29,61,32,68,7.92,4.72,0.00,0.00,0.00,0.00,0.00,0.00,0.00,0.00,0.00,Estadi Mallorca Son Moix (Palma de Mallorca)
1745100000,Apr 19 2025 - 10:00pm,incomplete,-1,RCD Espanyol,Getafe CF,N/A,32,1.64,1.08,1.64,1.08,0,0,0,0,0,0,"","",-1,-1,-1,-1,-1,-1,-1,-1,-1,-1,-1,-1,-1,-1,-1,-1,-1,-1,-1,-1,1.15,1.10,0.00,0.00,2.11,55,67,37,7,4,22,63,37,71,8.06,5.59,0.00,0.00,0.00,0.00,0.00,0.00,0.00,0.00,0.00,N/A
1745359200,Apr 22 2025 - 10:00pm,incomplete,N/A,Athletic Club Bilbao,UD Las Palmas,N/A,33,2.07,0.79,2.07,0.79,0,0,0,0,0,0,"","",-1,-1,-1,-1,-1,-1,-1,-1,-1,-1,-1,-1,-1,-1,-1,-1,-1,-1,-1,-1,1.65,1.05,0.00,0.00,2.75,64,79,50,29,14,29,68,40,86,8.72,5.29,0.00,0.00,0.00,0.00,0.00,0.00,0.00,0.00,0.00,San Mamés Barria (Bilbao)
1745359200,Apr 22 2025 - 10:00pm,incomplete,N/A,Atlético Madrid,Rayo Vallecano,N/A,33,2.43,1.21,2.43,1.21,0,0,0,0,0,0,"","",-1,-1,-1,-1,-1,-1,-1,-1,-1,-1,-1,-1,-1,-1,-1,-1,-1,-1,-1,-1,1.69,1.20,0.00,0.00,2.00,47,61,33,7,4,14,57,32,72,11.29,5.64,0.00,0.00,0.00,0.00,0.00,0.00,0.00,0.00,0.00,Estádio Cívitas Metropolitano (Madrid)
1745359200,Apr 22 2025 - 10:00pm,incomplete,N/A,FC Barcelona,RCD Mallorca,N/A,33,2.25,1.31,2.25,1.31,0,0,0,0,0,0,"","",-1,-1,-1,-1,-1,-1,-1,-1,-1,-1,-1,-1,-1,-1,-1,-1,-1,-1,-1,-1,2.14,1.18,0.00,0.00,2.91,48,68,53,29,17,33,69,41,80,11.46,3.93,0.00,0.00,0.00,0.00,0.00,0.00,0.00,0.00,0.00,Estadi Olímpic Lluís Companys (Barcelona)
1745359200,Apr 22 2025 - 10:00pm,incomplete,N/A,Real Betis,Real Valladolid,N/A,33,1.86,0.21,1.86,0.21,0,0,0,0,0,0,"","",-1,-1,-1,-1,-1,-1,-1,-1,-1,-1,-1,-1,-1,-1,-1,-1,-1,-1,-1,-1,1.80,0.96,0.00,0.00,3.18,61,83,68,33,15,43,72,54,93,9.70,5.08,0.00,0.00,0.00,0.00,0.00,0.00,0.00,0.00,0.00,Estadio Benito Villamarín (Sevilla)
1745359200,Apr 22 2025 - 10:00pm,incomplete,N/A,Celta de Vigo,Villarreal,N/A,33,2.07,1.71,2.07,1.71,0,0,0,0,0,0,"","",-1,-1,-1,-1,-1,-1,-1,-1,-1,-1,-1,-1,-1,-1,-1,-1,-1,-1,-1,-1,1.36,1.55,0.00,0.00,2.68,64,79,54,22,7,36,79,40,83,8.43,5.22,0.00,0.00,0.00,0.00,0.00,0.00,0.00,0.00,0.00,Estadio Abanca-Balaídos (Vigo)
1745359200,Apr 22 2025 - 10:00pm,incomplete,N/A,Getafe CF,Real Madrid,N/A,33,1.36,1.64,1.36,1.64,0,0,0,0,0,0,"","",-1,-1,-1,-1,-1,-1,-1,-1,-1,-1,-1,-1,-1,-1,-1,-1,-1,-1,-1,-1,1.33,1.70,0.00,0.00,2.11,54,75,36,4,4,11,61,47,79,8.36,5.14,0.00,0.00,0.00,0.00,0.00,0.00,0.00,0.00,0.00,Estadio Coliseum (Getafe)
1745359200,Apr 22 2025 - 10:00pm,incomplete,N/A,CA Osasuna,Sevilla FC,N/A,33,1.71,1.21,1.71,1.21,0,0,0,0,0,0,"","",-1,-1,-1,-1,-1,-1,-1,-1,-1,-1,-1,-1,-1,-1,-1,-1,-1,-1,-1,-1,1.48,1.23,0.00,0.00,3.07,72,79,57,36,21,43,79,50,86,9.78,5.07,0.00,0.00,0.00,0.00,0.00,0.00,0.00,0.00,0.00,Estadio El Sadar (Pamplona (Iruñea))
1745359200,Apr 22 2025 - 10:00pm,incomplete,N/A,Deportivo Alavés,Real Sociedad,N/A,33,1.23,1.08,1.23,1.08,0,0,0,0,0,0,"","",-1,-1,-1,-1,-1,-1,-1,-1,-1,-1,-1,-1,-1,-1,-1,-1,-1,-1,-1,-1,1.18,1.00,0.00,0.00,1.77,23,50,27,8,4,15,66,27,58,10.62,5.39,0.00,0.00,0.00,0.00,0.00,0.00,0.00,0.00,0.00,Estadio de Mendizorroza (Vitoria-Gasteiz)
1745359200,Apr 22 2025 - 10:00pm,incomplete,N/A,Leganés,Girona FC,N/A,33,1.31,0.93,1.31,0.93,0,0,0,0,0,0,"","",-1,-1,-1,-1,-1,-1,-1,-1,-1,-1,-1,-1,-1,-1,-1,-1,-1,-1,-1,-1,0.95,1.14,0.00,0.00,2.34,33,67,41,11,8,15,55,45,86,6.74,5.25,0.00,0.00,0.00,0.00,0.00,0.00,0.00,0.00,0.00,Estadio Municipal de Butarque (Leganés)
1745359200,Apr 22 2025 - 10:00pm,incomplete,-1,Valencia CF,RCD Espanyol,N/A,33,1.50,0.42,1.50,0.42,0,0,0,0,0,0,"","",-1,-1,-1,-1,-1,-1,-1,-1,-1,-1,-1,-1,-1,-1,-1,-1,-1,-1,-1,-1,1.43,0.83,0.00,0.00,2.57,54,65,50,27,20,38,72,34,70,9.17,5.36,0.00,0.00,0.00,0.00,0.00,0.00,0.00,0.00,0.00,Estadio de Mestalla (Valencia)
1746309600,May 03 2025 - 10:00pm,incomplete,N/A,Girona FC,RCD Mallorca,N/A,34,1.54,1.31,1.54,1.31,0,0,0,0,0,0,"","",-1,-1,-1,-1,-1,-1,-1,-1,-1,-1,-1,-1,-1,-1,-1,-1,-1,-1,-1,-1,1.40,1.18,0.00,0.00,2.85,54,77,62,27,16,31,73,47,85,8.80,4.93,0.00,0.00,0.00,0.00,0.00,0.00,0.00,0.00,0.00,Estadi Municipal de Montilivi (Girona)
1746309600,May 03 2025 - 10:00pm,incomplete,N/A,UD Las Palmas,Valencia CF,N/A,34,1.00,0.46,1.00,0.46,0,0,0,0,0,0,"","",-1,-1,-1,-1,-1,-1,-1,-1,-1,-1,-1,-1,-1,-1,-1,-1,-1,-1,-1,-1,1.38,1.01,0.00,0.00,2.74,66,77,46,23,15,31,70,43,77,8.77,5.31,0.00,0.00,0.00,0.00,0.00,0.00,0.00,0.00,0.00,Estadio de Gran Canaria (Las Palmas de Gran Canaria)
1746309600,May 03 2025 - 10:00pm,incomplete,N/A,Deportivo Alavés,Atlético Madrid,N/A,34,1.23,1.69,1.23,1.69,0,0,0,0,0,0,"","",-1,-1,-1,-1,-1,-1,-1,-1,-1,-1,-1,-1,-1,-1,-1,-1,-1,-1,-1,-1,1.18,1.16,0.00,0.00,2.04,42,58,31,12,8,19,62,23,77,9.39,5.00,0.00,0.00,0.00,0.00,0.00,0.00,0.00,0.00,0.00,Estadio de Mendizorroza (Vitoria-Gasteiz)
1746309600,May 03 2025 - 10:00pm,incomplete,N/A,Real Sociedad,Athletic Club Bilbao,N/A,34,1.43,1.54,1.43,1.54,0,0,0,0,0,0,"","",-1,-1,-1,-1,-1,-1,-1,-1,-1,-1,-1,-1,-1,-1,-1,-1,-1,-1,-1,-1,1.43,1.42,0.00,0.00,2.31,53,78,49,8,4,30,56,45,82,11.59,4.49,0.00,0.00,0.00,0.00,0.00,0.00,0.00,0.00,0.00,Reale Arena (Donostia-San Sebastián)
1746309600,May 03 2025 - 10:00pm,incomplete,N/A,Real Valladolid,FC Barcelona,N/A,34,1.00,2.14,1.00,2.14,0,0,0,0,0,0,"","",-1,-1,-1,-1,-1,-1,-1,-1,-1,-1,-1,-1,-1,-1,-1,-1,-1,-1,-1,-1,1.11,1.71,0.00,0.00,3.01,55,78,63,36,22,36,70,63,74,9.37,5.65,0.00,0.00,0.00,0.00,0.00,0.00,0.00,0.00,0.00,Estadio Municipal José Zorrilla (Valladolid)
1746309600,May 03 2025 - 10:00pm,incomplete,N/A,Real Madrid,Celta de Vigo,N/A,34,2.62,0.54,2.62,0.54,0,0,0,0,0,0,"","",-1,-1,-1,-1,-1,-1,-1,-1,-1,-1,-1,-1,-1,-1,-1,-1,-1,-1,-1,-1,1.99,1.28,0.00,0.00,3.39,62,93,66,46,23,46,73,58,89,10.15,4.23,0.00,0.00,0.00,0.00,0.00,0.00,0.00,0.00,0.00,Estadio Santiago Bernabéu (Madrid)
1746309600,May 03 2025 - 10:00pm,incomplete,N/A,Rayo Vallecano,Getafe CF,N/A,34,1.46,1.08,1.46,1.08,0,0,0,0,0,0,"","",-1,-1,-1,-1,-1,-1,-1,-1,-1,-1,-1,-1,-1,-1,-1,-1,-1,-1,-1,-1,1.72,1.10,0.00,0.00,2.27,58,66,43,12,4,12,62,43,81,8.84,5.76,0.00,0.00,0.00,0.00,0.00,0.00,0.00,0.00,0.00,Estadio de Vallecas (Madrid)
1746309600,May 03 2025 - 10:00pm,incomplete,N/A,Villarreal,CA Osasuna,N/A,34,1.67,0.75,1.67,0.75,0,0,0,0,0,0,"","",-1,-1,-1,-1,-1,-1,-1,-1,-1,-1,-1,-1,-1,-1,-1,-1,-1,-1,-1,-1,1.64,1.02,0.00,0.00,2.96,63,84,50,42,13,30,71,54,75,8.08,5.00,0.00,0.00,0.00,0.00,0.00,0.00,0.00,0.00,0.00,Estadio de la Cerámica (Villarreal)
1746309600,May 03 2025 - 10:00pm,incomplete,N/A,Sevilla FC,Leganés,N/A,34,1.46,0.71,1.46,0.71,0,0,0,0,0,0,"","",-1,-1,-1,-1,-1,-1,-1,-1,-1,-1,-1,-1,-1,-1,-1,-1,-1,-1,-1,-1,1.47,0.99,0.00,0.00,2.19,56,74,26,11,8,22,67,37,71,8.75,5.51,0.00,0.00,0.00,0.00,0.00,0.00,0.00,0.00,0.00,Estadio Ramón Sánchez Pizjuán (Sevilla)
1746309600,May 03 2025 - 10:00pm,incomplete,-1,RCD Espanyol,Real Betis,N/A,34,1.64,1.15,1.64,1.15,0,0,0,0,0,0,"","",-1,-1,-1,-1,-1,-1,-1,-1,-1,-1,-1,-1,-1,-1,-1,-1,-1,-1,-1,-1,1.15,1.28,0.00,0.00,2.37,63,74,41,15,11,34,59,49,78,8.52,4.98,0.00,0.00,0.00,0.00,0.00,0.00,0.00,0.00,0.00,N/A
1746914400,May 10 2025 - 10:00pm,incomplete,N/A,Atlético Madrid,Real Sociedad,N/A,35,2.43,1.08,2.43,1.08,0,0,0,0,0,0,"","",-1,-1,-1,-1,-1,-1,-1,-1,-1,-1,-1,-1,-1,-1,-1,-1,-1,-1,-1,-1,1.69,1.00,0.00,0.00,2.03,26,59,34,11,4,11,63,41,70,10.85,5.48,0.00,0.00,0.00,0.00,0.00,0.00,0.00,0.00,0.00,Estádio Cívitas Metropolitano (Madrid)
1746914400,May 10 2025 - 10:00pm,incomplete,N/A,FC Barcelona,Real Madrid,N/A,35,2.25,1.64,2.25,1.64,0,0,0,0,0,0,"","",-1,-1,-1,-1,-1,-1,-1,-1,-1,-1,-1,-1,-1,-1,-1,-1,-1,-1,-1,-1,2.14,1.70,0.00,0.00,3.11,57,80,62,25,16,32,77,57,88,12.51,3.22,0.00,0.00,0.00,0.00,0.00,0.00,0.00,0.00,0.00,Estadi Olímpic Lluís Companys (Barcelona)
1746914400,May 10 2025 - 10:00pm,incomplete,N/A,Real Betis,CA Osasuna,N/A,35,1.86,0.75,1.86,0.75,0,0,0,0,0,0,"","",-1,-1,-1,-1,-1,-1,-1,-1,-1,-1,-1,-1,-1,-1,-1,-1,-1,-1,-1,-1,1.80,1.02,0.00,0.00,2.32,53,73,41,27,0,27,53,47,84,9.26,4.71,0.00,0.00,0.00,0.00,0.00,0.00,0.00,0.00,0.00,Estadio Benito Villamarín (Sevilla)
1746914400,May 10 2025 - 10:00pm,incomplete,N/A,Celta de Vigo,Sevilla FC,N/A,35,2.07,1.21,2.07,1.21,0,0,0,0,0,0,"","",-1,-1,-1,-1,-1,-1,-1,-1,-1,-1,-1,-1,-1,-1,-1,-1,-1,-1,-1,-1,1.36,1.23,0.00,0.00,2.82,61,75,54,33,14,40,72,50,79,8.28,4.86,0.00,0.00,0.00,0.00,0.00,0.00,0.00,0.00,0.00,Estadio Abanca-Balaídos (Vigo)
1746914400,May 10 2025 - 10:00pm,incomplete,N/A,Girona FC,Villarreal,N/A,35,1.54,1.71,1.54,1.71,0,0,0,0,0,0,"","",-1,-1,-1,-1,-1,-1,-1,-1,-1,-1,-1,-1,-1,-1,-1,-1,-1,-1,-1,-1,1.40,1.55,0.00,0.00,3.01,63,82,68,26,15,41,86,49,86,10.28,4.94,0.00,0.00,0.00,0.00,0.00,0.00,0.00,0.00,0.00,Estadi Municipal de Montilivi (Girona)
1746914400,May 10 2025 - 10:00pm,incomplete,N/A,RCD Mallorca,Real Valladolid,N/A,35,1.43,0.21,1.43,0.21,0,0,0,0,0,0,"","",-1,-1,-1,-1,-1,-1,-1,-1,-1,-1,-1,-1,-1,-1,-1,-1,-1,-1,-1,-1,1.30,0.96,0.00,0.00,2.89,57,72,58,25,18,40,68,43,86,8.48,5.08,0.00,0.00,0.00,0.00,0.00,0.00,0.00,0.00,0.00,Estadi Mallorca Son Moix (Palma de Mallorca)
1746914400,May 10 2025 - 10:00pm,incomplete,N/A,UD Las Palmas,Rayo Vallecano,N/A,35,1.00,1.21,1.00,1.21,0,0,0,0,0,0,"","",-1,-1,-1,-1,-1,-1,-1,-1,-1,-1,-1,-1,-1,-1,-1,-1,-1,-1,-1,-1,1.38,1.20,0.00,0.00,2.13,60,64,38,12,8,26,56,34,64,9.91,6.16,0.00,0.00,0.00,0.00,0.00,0.00,0.00,0.00,0.00,Estadio de Gran Canaria (Las Palmas de Gran Canaria)
1746914400,May 10 2025 - 10:00pm,incomplete,N/A,Valencia CF,Getafe CF,N/A,35,1.50,1.08,1.50,1.08,0,0,0,0,0,0,"","",-1,-1,-1,-1,-1,-1,-1,-1,-1,-1,-1,-1,-1,-1,-1,-1,-1,-1,-1,-1,1.43,1.10,0.00,0.00,2.28,48,67,44,11,7,29,74,37,63,10.42,5.74,0.00,0.00,0.00,0.00,0.00,0.00,0.00,0.00,0.00,Estadio de Mestalla (Valencia)
1746914400,May 10 2025 - 10:00pm,incomplete,N/A,Athletic Club Bilbao,Deportivo Alavés,N/A,35,2.07,0.71,2.07,0.71,0,0,0,0,0,0,"","",-1,-1,-1,-1,-1,-1,-1,-1,-1,-1,-1,-1,-1,-1,-1,-1,-1,-1,-1,-1,1.65,1.24,0.00,0.00,2.93,64,79,54,32,18,33,75,50,90,8.79,5.00,0.00,0.00,0.00,0.00,0.00,0.00,0.00,0.00,0.00,San Mamés Barria (Bilbao)
1746914400,May 10 2025 - 10:00pm,incomplete,-1,Leganés,RCD Espanyol,N/A,35,1.31,0.42,1.31,0.42,0,0,0,0,0,0,"","",-1,-1,-1,-1,-1,-1,-1,-1,-1,-1,-1,-1,-1,-1,-1,-1,-1,-1,-1,-1,0.95,0.83,0.00,0.00,2.44,37,52,44,24,20,20,48,40,80,4.98,5.46,0.00,0.00,0.00,0.00,0.00,0.00,0.00,0.00,0.00,Estadio Municipal de Butarque (Leganés)
1747173600,May 13 2025 - 10:00pm,incomplete,N/A,Deportivo Alavés,Valencia CF,N/A,36,1.23,0.46,1.23,0.46,0,0,0,0,0,0,"","",-1,-1,-1,-1,-1,-1,-1,-1,-1,-1,-1,-1,-1,-1,-1,-1,-1,-1,-1,-1,1.18,1.01,0.00,0.00,2.35,50,66,35,16,12,23,74,27,73,9.92,4.70,0.00,0.00,0.00,0.00,0.00,0.00,0.00,0.00,0.00,Estadio de Mendizorroza (Vitoria-Gasteiz)
1747173600,May 13 2025 - 10:00pm,incomplete,N/A,Getafe CF,Athletic Club Bilbao,N/A,36,1.36,1.54,1.36,1.54,0,0,0,0,0,0,"","",-1,-1,-1,-1,-1,-1,-1,-1,-1,-1,-1,-1,-1,-1,-1,-1,-1,-1,-1,-1,1.33,1.42,0.00,0.00,2.02,60,71,34,8,4,23,52,38,75,9.31,4.92,0.00,0.00,0.00,0.00,0.00,0.00,0.00,0.00,0.00,Estadio Coliseum (Getafe)
1747173600,May 13 2025 - 10:00pm,incomplete,N/A,CA Osasuna,Atlético Madrid,N/A,36,1.71,1.69,1.71,1.69,0,0,0,0,0,0,"","",-1,-1,-1,-1,-1,-1,-1,-1,-1,-1,-1,-1,-1,-1,-1,-1,-1,-1,-1,-1,1.48,1.16,0.00,0.00,2.72,66,74,51,26,15,33,78,33,89,8.69,4.95,0.00,0.00,0.00,0.00,0.00,0.00,0.00,0.00,0.00,Estadio El Sadar (Pamplona (Iruñea))
1747173600,May 13 2025 - 10:00pm,incomplete,N/A,Rayo Vallecano,Real Betis,N/A,36,1.46,1.15,1.46,1.15,0,0,0,0,0,0,"","",-1,-1,-1,-1,-1,-1,-1,-1,-1,-1,-1,-1,-1,-1,-1,-1,-1,-1,-1,-1,1.72,1.28,0.00,0.00,2.54,66,73,46,19,12,23,58,54,89,9.30,5.15,0.00,0.00,0.00,0.00,0.00,0.00,0.00,0.00,0.00,Estadio de Vallecas (Madrid)
1747173600,May 13 2025 - 10:00pm,incomplete,N/A,Real Sociedad,Celta de Vigo,N/A,36,1.43,0.54,1.43,0.54,0,0,0,0,0,0,"","",-1,-1,-1,-1,-1,-1,-1,-1,-1,-1,-1,-1,-1,-1,-1,-1,-1,-1,-1,-1,1.43,1.28,0.00,0.00,2.69,53,78,56,23,8,34,67,53,82,9.59,5.26,0.00,0.00,0.00,0.00,0.00,0.00,0.00,0.00,0.00,Reale Arena (Donostia-San Sebastián)
1747173600,May 13 2025 - 10:00pm,incomplete,N/A,Real Valladolid,Girona FC,N/A,36,1.00,0.93,1.00,0.93,0,0,0,0,0,0,"","",-1,-1,-1,-1,-1,-1,-1,-1,-1,-1,-1,-1,-1,-1,-1,-1,-1,-1,-1,-1,1.11,1.14,0.00,0.00,2.18,41,71,41,11,4,15,63,45,78,8.66,5.87,0.00,0.00,0.00,0.00,0.00,0.00,0.00,0.00,0.00,Estadio Municipal José Zorrilla (Valladolid)
1747173600,May 13 2025 - 10:00pm,incomplete,N/A,Real Madrid,RCD Mallorca,N/A,36,2.62,1.31,2.62,1.31,0,0,0,0,0,0,"","",-1,-1,-1,-1,-1,-1,-1,-1,-1,-1,-1,-1,-1,-1,-1,-1,-1,-1,-1,-1,1.99,1.18,0.00,0.00,2.89,46,85,50,31,20,31,62,43,85,10.15,4.39,0.00,0.00,0.00,0.00,0.00,0.00,0.00,0.00,0.00,Estadio Santiago Bernabéu (Madrid)
1747173600,May 13 2025 - 10:00pm,incomplete,N/A,Sevilla FC,UD Las Palmas,N/A,36,1.46,0.79,1.46,0.79,0,0,0,0,0,0,"","",-1,-1,-1,-1,-1,-1,-1,-1,-1,-1,-1,-1,-1,-1,-1,-1,-1,-1,-1,-1,1.47,1.05,0.00,0.00,2.51,63,78,44,22,11,22,70,37,89,8.83,6.44,0.00,0.00,0.00,0.00,0.00,0.00,0.00,0.00,0.00,Estadio Ramón Sánchez Pizjuán (Sevilla)
1747173600,May 13 2025 - 10:00pm,incomplete,N/A,Villarreal,Leganés,N/A,36,1.67,0.71,1.67,0.71,0,0,0,0,0,0,"","",-1,-1,-1,-1,-1,-1,-1,-1,-1,-1,-1,-1,-1,-1,-1,-1,-1,-1,-1,-1,1.64,0.99,0.00,0.00,3.11,70,90,52,36,16,36,82,51,66,7.96,5.01,0.00,0.00,0.00,0.00,0.00,0.00,0.00,0.00,0.00,Estadio de la Cerámica (Villarreal)
1747173600,May 13 2025 - 10:00pm,incomplete,-1,RCD Espanyol,FC Barcelona,N/A,36,1.64,2.14,1.64,2.14,0,0,0,0,0,0,"","",-1,-1,-1,-1,-1,-1,-1,-1,-1,-1,-1,-1,-1,-1,-1,-1,-1,-1,-1,-1,1.15,1.71,0.00,0.00,3.11,71,86,61,36,22,47,75,57,79,9.28,4.78,0.00,0.00,0.00,0.00,0.00,0.00,0.00,0.00,0.00,N/A
1747519200,May 17 2025 - 10:00pm,incomplete,N/A,Atlético Madrid,Real Betis,N/A,37,2.43,1.15,2.43,1.15,0,0,0,0,0,0,"","",-1,-1,-1,-1,-1,-1,-1,-1,-1,-1,-1,-1,-1,-1,-1,-1,-1,-1,-1,-1,1.69,1.28,0.00,0.00,2.37,49,70,37,15,11,19,56,52,85,10.38,5.48,0.00,0.00,0.00,0.00,0.00,0.00,0.00,0.00,0.00,Estádio Cívitas Metropolitano (Madrid)
1747519200,May 17 2025 - 10:00pm,incomplete,N/A,FC Barcelona,Villarreal,N/A,37,2.25,1.71,2.25,1.71,0,0,0,0,0,0,"","",-1,-1,-1,-1,-1,-1,-1,-1,-1,-1,-1,-1,-1,-1,-1,-1,-1,-1,-1,-1,2.14,1.55,0.00,0.00,3.07,57,73,59,28,16,43,81,43,81,12.94,3.94,0.00,0.00,0.00,0.00,0.00,0.00,0.00,0.00,0.00,Estadi Olímpic Lluís Companys (Barcelona)
1747519200,May 17 2025 - 10:00pm,incomplete,N/A,Celta de Vigo,Rayo Vallecano,N/A,37,2.07,1.21,2.07,1.21,0,0,0,0,0,0,"","",-1,-1,-1,-1,-1,-1,-1,-1,-1,-1,-1,-1,-1,-1,-1,-1,-1,-1,-1,-1,1.36,1.20,0.00,0.00,2.18,57,65,43,15,4,29,68,29,65,8.86,5.29,0.00,0.00,0.00,0.00,0.00,0.00,0.00,0.00,0.00,Estadio Abanca-Balaídos (Vigo)
1747519200,May 17 2025 - 10:00pm,incomplete,N/A,Valencia CF,Athletic Club Bilbao,N/A,37,1.50,1.54,1.50,1.54,0,0,0,0,0,0,"","",-1,-1,-1,-1,-1,-1,-1,-1,-1,-1,-1,-1,-1,-1,-1,-1,-1,-1,-1,-1,1.43,1.42,0.00,0.00,2.63,67,82,56,18,11,44,70,45,78,11.88,4.28,0.00,0.00,0.00,0.00,0.00,0.00,0.00,0.00,0.00,Estadio de Mestalla (Valencia)
1747519200,May 17 2025 - 10:00pm,incomplete,N/A,RCD Mallorca,Getafe CF,N/A,37,1.43,1.08,1.43,1.08,0,0,0,0,0,0,"","",-1,-1,-1,-1,-1,-1,-1,-1,-1,-1,-1,-1,-1,-1,-1,-1,-1,-1,-1,-1,1.30,1.10,0.00,0.00,1.96,48,56,34,7,4,19,60,26,71,8.63,5.67,0.00,0.00,0.00,0.00,0.00,0.00,0.00,0.00,0.00,Estadi Mallorca Son Moix (Palma de Mallorca)
1747519200,May 17 2025 - 10:00pm,incomplete,N/A,Real Sociedad,Girona FC,N/A,37,1.43,0.93,1.43,0.93,0,0,0,0,0,0,"","",-1,-1,-1,-1,-1,-1,-1,-1,-1,-1,-1,-1,-1,-1,-1,-1,-1,-1,-1,-1,1.43,1.14,0.00,0.00,2.14,36,75,40,4,0,18,64,40,79,10.64,5.36,0.00,0.00,0.00,0.00,0.00,0.00,0.00,0.00,0.00,Reale Arena (Donostia-San Sebastián)
1747519200,May 17 2025 - 10:00pm,incomplete,N/A,Sevilla FC,Real Madrid,N/A,37,1.46,1.64,1.46,1.64,0,0,0,0,0,0,"","",-1,-1,-1,-1,-1,-1,-1,-1,-1,-1,-1,-1,-1,-1,-1,-1,-1,-1,-1,-1,1.47,1.70,0.00,0.00,2.40,59,81,40,8,8,15,70,48,93,9.97,5.22,0.00,0.00,0.00,0.00,0.00,0.00,0.00,0.00,0.00,Estadio Ramón Sánchez Pizjuán (Sevilla)
1747519200,May 17 2025 - 10:00pm,incomplete,N/A,Real Valladolid,Deportivo Alavés,N/A,37,1.00,0.71,1.00,0.71,0,0,0,0,0,0,"","",-1,-1,-1,-1,-1,-1,-1,-1,-1,-1,-1,-1,-1,-1,-1,-1,-1,-1,-1,-1,1.11,1.24,0.00,0.00,2.72,55,74,59,29,15,26,70,59,85,7.59,6.15,0.00,0.00,0.00,0.00,0.00,0.00,0.00,0.00,0.00,Estadio Municipal José Zorrilla (Valladolid)
1747519200,May 17 2025 - 10:00pm,incomplete,N/A,UD Las Palmas,Leganés,N/A,37,1.00,0.71,1.00,0.71,0,0,0,0,0,0,"","",-1,-1,-1,-1,-1,-1,-1,-1,-1,-1,-1,-1,-1,-1,-1,-1,-1,-1,-1,-1,1.38,0.99,0.00,0.00,2.46,63,78,38,19,11,30,59,49,67,7.83,5.66,0.00,0.00,0.00,0.00,0.00,0.00,0.00,0.00,0.00,Estadio de Gran Canaria (Las Palmas de Gran Canaria)
1747519200,May 17 2025 - 10:00pm,incomplete,-1,CA Osasuna,RCD Espanyol,N/A,37,1.71,0.42,1.71,0.42,0,0,0,0,0,0,"","",-1,-1,-1,-1,-1,-1,-1,-1,-1,-1,-1,-1,-1,-1,-1,-1,-1,-1,-1,-1,1.48,0.83,0.00,0.00,2.82,68,68,53,35,23,34,76,34,84,7.74,5.57,0.00,0.00,0.00,0.00,0.00,0.00,0.00,0.00,0.00,Estadio El Sadar (Pamplona (Iruñea))
1748124000,May 24 2025 - 10:00pm,incomplete,N/A,Athletic Club Bilbao,FC Barcelona,N/A,38,2.07,2.14,2.07,2.14,0,0,0,0,0,0,"","",-1,-1,-1,-1,-1,-1,-1,-1,-1,-1,-1,-1,-1,-1,-1,-1,-1,-1,-1,-1,1.65,1.71,0.00,0.00,3.22,64,82,58,39,25,43,75,54,79,10.57,4.50,0.00,0.00,0.00,0.00,0.00,0.00,0.00,0.00,0.00,San Mamés Barria (Bilbao)
1748124000,May 24 2025 - 10:00pm,incomplete,N/A,Real Betis,Valencia CF,N/A,38,1.86,0.46,1.86,0.46,0,0,0,0,0,0,"","",-1,-1,-1,-1,-1,-1,-1,-1,-1,-1,-1,-1,-1,-1,-1,-1,-1,-1,-1,-1,1.80,1.01,0.00,0.00,2.75,63,78,52,26,8,34,75,37,85,10.08,4.37,0.00,0.00,0.00,0.00,0.00,0.00,0.00,0.00,0.00,Estadio Benito Villamarín (Sevilla)
1748124000,May 24 2025 - 10:00pm,incomplete,N/A,Real Madrid,Real Sociedad,N/A,38,2.62,1.08,2.62,1.08,0,0,0,0,0,0,"","",-1,-1,-1,-1,-1,-1,-1,-1,-1,-1,-1,-1,-1,-1,-1,-1,-1,-1,-1,-1,1.99,1.00,0.00,0.00,2.58,27,73,47,27,16,31,69,43,66,11.62,4.31,0.00,0.00,0.00,0.00,0.00,0.00,0.00,0.00,0.00,Estadio Santiago Bernabéu (Madrid)
1748124000,May 24 2025 - 10:00pm,incomplete,N/A,Deportivo Alavés,CA Osasuna,N/A,38,1.23,0.75,1.23,0.75,0,0,0,0,0,0,"","",-1,-1,-1,-1,-1,-1,-1,-1,-1,-1,-1,-1,-1,-1,-1,-1,-1,-1,-1,-1,1.18,1.02,0.00,0.00,1.93,40,61,24,17,4,16,52,37,72,9.10,5.04,0.00,0.00,0.00,0.00,0.00,0.00,0.00,0.00,0.00,Estadio de Mendizorroza (Vitoria-Gasteiz)
1748124000,May 24 2025 - 10:00pm,incomplete,N/A,Leganés,Real Valladolid,N/A,38,1.31,0.21,1.31,0.21,0,0,0,0,0,0,"","",-1,-1,-1,-1,-1,-1,-1,-1,-1,-1,-1,-1,-1,-1,-1,-1,-1,-1,-1,-1,0.95,0.96,0.00,0.00,3.09,40,70,63,26,22,33,59,59,89,6.08,5.25,0.00,0.00,0.00,0.00,0.00,0.00,0.00,0.00,0.00,Estadio Municipal de Butarque (Leganés)
1748124000,May 24 2025 - 10:00pm,incomplete,N/A,Girona FC,Atlético Madrid,N/A,38,1.54,1.69,1.54,1.69,0,0,0,0,0,0,"","",-1,-1,-1,-1,-1,-1,-1,-1,-1,-1,-1,-1,-1,-1,-1,-1,-1,-1,-1,-1,1.40,1.16,0.00,0.00,2.81,54,74,62,27,16,35,77,43,85,9.04,4.46,0.00,0.00,0.00,0.00,0.00,0.00,0.00,0.00,0.00,Estadi Municipal de Montilivi (Girona)
1748124000,May 24 2025 - 10:00pm,incomplete,N/A,Getafe CF,Celta de Vigo,N/A,38,1.36,0.54,1.36,0.54,0,0,0,0,0,0,"","",-1,-1,-1,-1,-1,-1,-1,-1,-1,-1,-1,-1,-1,-1,-1,-1,-1,-1,-1,-1,1.33,1.28,0.00,0.00,2.41,60,71,42,23,8,27,64,46,75,7.31,5.69,0.00,0.00,0.00,0.00,0.00,0.00,0.00,0.00,0.00,Estadio Coliseum (Getafe)
1748124000,May 24 2025 - 10:00pm,incomplete,N/A,Rayo Vallecano,RCD Mallorca,N/A,38,1.46,1.31,1.46,1.31,0,0,0,0,0,0,"","",-1,-1,-1,-1,-1,-1,-1,-1,-1,-1,-1,-1,-1,-1,-1,-1,-1,-1,-1,-1,1.72,1.18,0.00,0.00,2.50,62,73,46,19,8,15,58,43,93,8.30,5.23,0.00,0.00,0.00,0.00,0.00,0.00,0.00,0.00,0.00,Estadio de Vallecas (Madrid)
1748124000,May 24 2025 - 10:00pm,incomplete,N/A,Villarreal,Sevilla FC,N/A,38,1.67,1.21,1.67,1.21,0,0,0,0,0,0,"","",-1,-1,-1,-1,-1,-1,-1,-1,-1,-1,-1,-1,-1,-1,-1,-1,-1,-1,-1,-1,1.64,1.23,0.00,0.00,3.43,70,86,63,47,23,43,82,58,77,9.46,5.08,0.00,0.00,0.00,0.00,0.00,0.00,0.00,0.00,0.00,Estadio de la Cerámica (Villarreal)
1748124000,May 24 2025 - 10:00pm,incomplete,-1,RCD Espanyol,UD Las Palmas,N/A,38,1.64,0.79,1.64,0.79,0,0,0,0,0,0,"","",-1,-1,-1,-1,-1,-1,-1,-1,-1,-1,-1,-1,-1,-1,-1,-1,-1,-1,-1,-1,1.15,1.05,0.00,0.00,2.65,71,83,54,25,11,33,68,43,86,7.43,5.57,0.00,0.00,0.00,0.00,0.00,0.00,0.00,0.00,0.00,N/A
