timestamp,date_GMT,status,attendance,home_team_name,away_team_name,referee,Game Week,Pre-Match PPG (Home),Pre-Match PPG (Away),home_ppg,away_ppg,home_team_goal_count,away_team_goal_count,total_goal_count,total_goals_at_half_time,home_team_goal_count_half_time,away_team_goal_count_half_time,home_team_goal_timings,away_team_goal_timings,home_team_corner_count,away_team_corner_count,home_team_yellow_cards,home_team_red_cards,away_team_yellow_cards,away_team_red_cards,home_team_first_half_cards,home_team_second_half_cards,away_team_first_half_cards,away_team_second_half_cards,home_team_shots,away_team_shots,home_team_shots_on_target,away_team_shots_on_target,home_team_shots_off_target,away_team_shots_off_target,home_team_fouls,away_team_fouls,home_team_possession,away_team_possession,Home Team Pre-Match xG,Away Team Pre-Match xG,team_a_xg,team_b_xg,average_goals_per_match_pre_match,btts_percentage_pre_match,over_15_percentage_pre_match,over_25_percentage_pre_match,over_35_percentage_pre_match,over_45_percentage_pre_match,over_15_HT_FHG_percentage_pre_match,over_05_HT_FHG_percentage_pre_match,over_15_2HG_percentage_pre_match,over_05_2HG_percentage_pre_match,average_corners_per_match_pre_match,average_cards_per_match_pre_match,odds_ft_home_team_win,odds_ft_draw,odds_ft_away_team_win,odds_ft_over15,odds_ft_over25,odds_ft_over35,odds_ft_over45,odds_btts_yes,odds_btts_no,stadium_name
1723226400,Aug 09 2024 - 6:00pm,complete,N/A,Sakaryaspor,Keçiörengücü,Ozan Ergün,1,0.00,0.00,1.84,1.53,1,1,2,0,0,0,"55","49",4,4,1,0,2,0,0,1,0,2,9,7,4,3,5,4,3,2,59,41,0.00,0.00,1.00,0.80,0.00,0,0,0,0,0,0,0,0,0,0.00,0.00,1.84,3.01,3.44,1.32,1.98,3.49,6.94,1.85,1.90,Siltaş Yapı Pendik Stadyumu (İstanbul)
1723306500,Aug 10 2024 - 4:15pm,complete,N/A,İstanbulspor,Manisa BBSK,Ömer Tolga Güldibi,1,0.00,0.00,2.28,1.32,3,2,5,3,2,1,"15,44,52","25,83",9,4,1,0,3,0,1,0,2,1,12,9,7,4,2,1,12,23,54,46,0.00,0.00,1.58,1.07,0.00,0,0,0,0,0,0,0,0,0,0.00,0.00,1.65,3.80,4.33,1.25,1.75,3.00,5.50,1.73,2.00,Esenyurt Necmi Kadıoğlu Stadyumu (İstanbul)
1723306500,Aug 10 2024 - 4:15pm,complete,N/A,Yeni Malatyaspor,Pendikspor,Ömer Faruk Gültekin,1,0.00,0.00,0.00,1.11,0,3,3,0,0,0,"","",-1,-1,-1,-1,-1,-1,-1,-1,-1,-1,-1,-1,-1,-1,-1,-1,-1,-1,-1,-1,0.00,0.00,0.00,0.00,0.00,0,0,0,0,0,0,0,0,0,0.00,0.00,0.00,0.00,0.00,0.00,0.00,0.00,0.00,0.00,0.00,Spoint Ümraniye Stadyumu (İstanbul)
1723315500,Aug 10 2024 - 6:45pm,complete,N/A,Kocaelispor,Gençlerbirliği,Yasin Kol,1,0.00,0.00,2.11,1.47,2,1,3,1,0,1,"49,57","31",3,8,3,0,3,0,2,1,0,3,12,12,8,6,4,3,9,13,51,49,0.00,0.00,1.67,1.34,0.00,0,0,0,0,0,0,0,0,0,0.00,0.00,1.67,3.40,4.33,1.36,2.00,3.75,7.50,1.90,1.86,Yıldız Entegre Kocaeli Stadyumu (Kocaeli)
1723315500,Aug 10 2024 - 6:45pm,complete,N/A,Adanaspor,Erokspor,Erdem Mertoğlu,1,0.00,0.00,0.89,1.21,2,1,3,1,1,0,"14,55","78",3,2,2,0,2,0,0,2,1,1,10,18,6,6,4,6,12,6,37,63,0.00,0.00,1.33,1.55,0.00,0,0,0,0,0,0,0,0,0,0.00,0.00,2.38,3.18,2.86,1.36,2.10,4.00,8.00,1.83,1.83,Yeni Adana Stadyumu (Adana)
1723384800,Aug 11 2024 - 2:00pm,complete,N/A,Bandırmaspor,BB Erzurumspor,Burak Olcar,1,0.00,0.00,2.11,1.58,3,2,5,0,0,0,"54,71,82","59,69",4,6,3,1,1,0,0,4,0,1,12,10,7,4,4,4,8,21,62,38,0.00,0.00,1.53,1.11,0.00,0,0,0,0,0,0,0,0,0,0.00,0.00,1.73,3.12,4.73,1.36,2.04,3.75,7.50,1.95,1.83,Bandırma 17 Eylül Stadı (Bandırma)
1723392900,Aug 11 2024 - 4:15pm,complete,N/A,Boluspor,76 Iğdır Belediyespor,Ayberk Demirbaş,1,0.00,0.00,1.79,1.26,0,1,1,1,0,1,"","36",4,2,1,0,4,0,0,1,0,4,11,5,0,2,7,3,10,16,60,40,0.00,0.00,1.00,0.68,0.00,0,0,0,0,0,0,0,0,0,0.00,0.00,1.80,3.40,3.70,1.44,2.21,4.50,9.50,2.00,1.73,Bolu Atatürk Stadyumu (Bolu)
1723392900,Aug 11 2024 - 4:15pm,complete,N/A,Fatih Karagümrük,Amed,Kadir Sağlam,1,0.00,0.00,2.00,1.26,0,0,0,0,0,0,"","",1,3,1,0,2,0,0,1,2,0,14,3,4,2,6,1,14,14,48,52,0.00,0.00,1.29,0.59,0.00,0,0,0,0,0,0,0,0,0,0.00,0.00,1.65,3.70,4.10,1.21,1.72,2.75,5.00,1.80,1.91,Atatürk Olimpiyat Stadı (İstanbul)
1723401900,Aug 11 2024 - 6:45pm,complete,N/A,Ankaragücü,Şanlıurfaspor,Oğuzhan Aksu,1,0.00,0.00,1.74,0.84,2,0,2,0,0,0,"51,77","",5,0,1,0,0,0,0,1,0,0,17,6,7,3,5,2,8,9,65,35,0.00,0.00,1.64,0.66,0.00,0,0,0,0,0,0,0,0,0,0.00,0.00,1.29,5.10,9.35,1.18,1.65,2.60,4.60,2.00,1.73,Eryaman Stadyumu (Ankara)
1723485600,Aug 12 2024 - 6:00pm,complete,N/A,Ümraniyespor,Çorum Belediyespor,Süleyman Bahadır,1,0.00,0.00,1.68,1.11,3,0,3,1,1,0,"28,55,86","",3,3,0,0,1,0,0,0,0,1,11,8,4,0,3,5,13,11,42,58,0.00,0.00,1.08,0.80,0.00,0,0,0,0,0,0,0,0,0,0.00,0.00,2.75,3.10,2.38,1.33,1.91,3.60,6.50,1.78,2.00,Spoint Ümraniye Stadyumu (İstanbul)
1723831200,Aug 16 2024 - 6:00pm,complete,N/A,Pendikspor,Kocaelispor,Ömer Faruk Turtay,2,0.00,0.00,1.42,1.68,1,2,3,1,0,1,"66","37,86",5,3,0,0,3,0,0,0,1,2,11,8,4,3,6,3,9,10,62,38,0.00,0.00,1.36,0.93,0.00,0,0,0,0,0,0,0,0,0,0.00,0.00,2.00,3.35,3.45,1.28,1.86,3.25,5.80,1.73,2.00,Siltaş Yapı Pendik Stadyumu (İstanbul)
1723903200,Aug 17 2024 - 2:00pm,complete,N/A,Keçiörengücü,Bandırmaspor,Yiğit Arslan,2,0.00,0.00,1.16,1.26,1,2,3,2,1,1,"2","28,90'6",6,7,0,0,1,0,0,0,0,1,10,15,3,8,5,4,9,9,52,48,0.00,0.00,1.15,1.84,0.00,0,0,0,0,0,0,0,0,0,0.00,0.00,2.45,3.20,2.50,1.29,1.85,3.20,5.75,1.71,1.97,Aktepe Stadı (Ankara)
1723911300,Aug 17 2024 - 4:15pm,complete,N/A,BB Erzurumspor,Ankaragücü,Ozan Ergün,2,0.00,0.00,1.79,0.79,1,0,1,1,1,0,"35","",4,3,4,0,2,0,1,3,0,2,11,16,2,2,7,7,11,13,27,73,0.00,0.00,0.90,1.14,0.00,0,0,0,0,0,0,0,0,0,0.00,0.00,3.50,3.30,1.91,1.36,1.91,3.75,7.50,1.83,1.83,Kazım Karabekir Stadyumu (Erzurum)
1723920300,Aug 17 2024 - 6:45pm,complete,N/A,Manisa BBSK,Sakaryaspor,Alpaslan Şen,2,0.00,0.00,1.21,0.84,2,2,4,1,0,1,"48,61","23,90'1",4,6,6,0,3,1,1,5,0,4,12,10,8,3,1,5,18,14,56,44,0.00,0.00,1.46,1.14,0.00,0,0,0,0,0,0,0,0,0,0.00,0.00,3.10,3.10,2.20,1.28,1.96,3.30,6.50,1.80,1.99,Manisa 19 Mayıs Stadyumu (Manisa)
1723989600,Aug 18 2024 - 2:00pm,complete,N/A,76 Iğdır Belediyespor,Adanaspor,Burak Pakkan,2,0.00,0.00,1.79,0.68,6,1,7,4,3,1,"23,27,34,51,85,90'3","42",6,10,5,0,3,1,3,2,1,3,13,13,7,3,4,7,16,10,55,45,0.00,0.00,1.52,1.26,0.00,0,0,0,0,0,0,0,0,0,0.00,0.00,1.94,3.35,3.07,1.30,1.95,3.42,6.50,1.83,1.83,Aktepe Stadı (Ankara)
1723997700,Aug 18 2024 - 4:15pm,complete,N/A,Gençlerbirliği,Boluspor,Çağdaş Altay,2,0.00,0.00,2.11,1.42,1,1,2,1,0,1,"46","7",6,2,1,0,1,0,1,0,0,1,20,8,5,4,13,4,14,9,64,36,0.00,0.00,2.13,1.03,0.00,0,0,0,0,0,0,0,0,0,0.00,0.00,2.12,3.10,3.30,1.36,2.05,3.60,7.00,1.87,1.89,Eryaman Stadyumu (Ankara)
1723997700,Aug 18 2024 - 4:15pm,complete,N/A,Çorum Belediyespor,Fatih Karagümrük,Gürcan Hasova,2,0.00,0.00,1.79,1.47,2,2,4,1,1,0,"8,79","56,69",2,6,2,0,2,0,0,2,0,2,10,14,5,5,1,4,9,18,49,51,0.00,0.00,1.03,1.35,0.00,0,0,0,0,0,0,0,0,0,0.00,0.00,2.63,3.06,2.31,1.26,1.80,3.08,5.80,1.67,2.10,Çorum Şehir Stadyumu (Çorum)
1724006700,Aug 18 2024 - 6:45pm,complete,N/A,Şanlıurfaspor,Ümraniyespor,Furkan Aksuoğlu,2,0.00,0.00,1.26,1.11,3,1,4,2,2,0,"3,18,90","76",4,5,1,0,0,0,0,1,0,0,11,12,4,3,5,4,14,9,48,52,0.00,0.00,1.22,1.14,0.00,0,0,0,0,0,0,0,0,0,0.00,0.00,2.50,3.30,2.50,1.30,1.91,3.50,6.50,1.75,2.00,Şanlıurfa 11 Nisan Stadyumu (Şanlıurfa)
1724090400,Aug 19 2024 - 6:00pm,complete,N/A,Amed,İstanbulspor,Fatih Tokail,2,0.00,0.00,1.74,1.05,0,1,1,0,0,0,"","77",2,4,2,1,2,0,2,1,0,2,11,12,3,6,6,4,8,14,45,55,0.00,0.00,1.28,1.69,0.00,0,0,0,0,0,0,0,0,0,0.00,0.00,2.19,3.06,2.57,1.22,1.70,2.70,4.70,1.62,2.20,Diyarbakır Stadyumu (Diyarbakır)
1724436000,Aug 23 2024 - 6:00pm,complete,N/A,Kocaelispor,BB Erzurumspor,Furkan Aksuoğlu,3,3.00,0.00,2.11,1.58,1,0,1,1,1,0,"44","",4,5,1,0,0,0,0,1,0,0,10,9,7,3,2,2,15,15,61,39,1.67,1.11,1.41,0.85,4.00,100,100,100,50,50,0,50,100,100,9.00,4.00,1.60,3.65,5.75,1.33,2.05,3.65,7.10,1.92,1.75,Yıldız Entegre Kocaeli Stadyumu (Kocaeli)
1724508000,Aug 24 2024 - 2:00pm,complete,N/A,76 Iğdır Belediyespor,Gençlerbirliği,Süleyman Bahadır,3,3.00,0.00,1.79,1.47,0,0,0,0,0,0,"","",2,5,3,0,1,0,1,2,1,0,8,10,4,2,2,5,13,16,62,38,1.52,1.34,1.00,0.98,5.00,100,100,100,50,50,50,100,100,100,14.00,8.00,1.73,3.50,4.20,1.33,2.11,3.60,6.50,2.00,1.73,Iğdır Şehir Stadyumu (Iğdır)
1724516100,Aug 24 2024 - 4:15pm,complete,N/A,Fatih Karagümrük,Manisa BBSK,Erdem Mertoğlu,3,1.00,0.00,2.00,1.32,0,2,2,2,0,2,"","23,43",6,2,0,0,1,0,0,0,1,0,7,10,0,5,4,4,6,12,49,51,1.29,1.07,0.68,1.26,2.50,50,50,50,50,50,50,50,50,50,5.00,4.00,1.50,4.00,5.30,1.28,1.93,3.30,6.20,2.10,1.67,Atatürk Olimpiyat Stadı (İstanbul)
1724525100,Aug 24 2024 - 6:45pm,complete,N/A,Boluspor,Erokspor,Adnan Deniz Kayatepe,3,0.00,0.00,1.79,1.21,2,1,3,1,1,0,"45,81","72",6,2,1,0,1,0,0,1,1,0,15,11,6,4,7,5,9,13,46,54,1.00,1.55,1.66,1.27,2.00,50,50,50,0,0,0,100,50,50,6.00,3.00,2.06,3.34,3.40,1.35,2.02,3.70,7.00,2.00,1.73,Bolu Atatürk Stadyumu (Bolu)
1724525100,Aug 24 2024 - 6:45pm,complete,N/A,Ankaragücü,Ümraniyespor,Yasin Kol,3,3.00,0.00,1.74,1.11,0,1,1,1,0,1,"","40",8,1,3,0,5,0,0,3,2,3,17,9,7,6,6,1,12,16,61,39,1.64,1.14,1.82,1.22,3.00,50,100,50,50,0,50,50,100,100,10.00,1.00,1.47,4.15,6.37,1.27,1.87,3.20,5.80,2.00,1.73,Eryaman Stadyumu (Ankara)
1724594400,Aug 25 2024 - 2:00pm,complete,N/A,Bandırmaspor,Çorum Belediyespor,Mehmet Ali Özer,3,3.00,0.00,2.11,1.11,0,0,0,0,0,0,"","",4,0,1,0,6,0,0,1,0,6,13,7,3,4,7,1,9,15,53,47,1.53,0.80,1.26,0.82,4.00,50,100,100,50,50,0,50,100,100,7.00,5.00,2.15,3.20,2.90,1.27,1.90,3.40,6.20,1.70,2.00,Bandırma 17 Eylül Stadı (Bandırma)
1724611500,Aug 25 2024 - 6:45pm,complete,N/A,Adanaspor,Pendikspor,Feridun Daldaş,3,3.00,3.00,0.89,1.11,3,4,7,3,1,2,"42,67,87","22,40,53,88",1,5,3,0,3,0,0,3,1,2,9,18,4,7,2,6,13,19,44,56,1.33,0.00,0.98,1.67,3.00,50,100,100,0,0,0,50,50,50,3.00,2.00,4.00,3.40,1.77,1.30,1.97,3.40,6.20,1.91,1.80,Yeni Adana Stadyumu (Adana)
1724611500,Aug 25 2024 - 6:45pm,complete,N/A,Yeni Malatyaspor,Keçiörengücü,İlker Yasin Avcı,3,0.00,1.00,0.00,1.53,0,1,1,0,0,0,"","56",1,7,3,0,2,0,0,3,0,2,3,23,0,9,3,11,11,14,33,67,0.00,0.80,0.37,2.26,2.50,50,100,50,0,0,0,0,50,50,4.00,2.00,0.00,0.00,0.00,0.00,0.00,0.00,0.00,0.00,0.00,Şanlıurfa 11 Nisan Stadyumu (Şanlıurfa)
1724695200,Aug 26 2024 - 6:00pm,complete,N/A,İstanbulspor,Şanlıurfaspor,Davut Dakul Çelik,3,3.00,0.00,2.28,0.84,3,0,3,2,2,0,"14,23,90'6","",3,1,2,0,2,0,2,0,1,1,19,6,10,3,6,2,17,11,41,59,1.58,0.66,2.14,0.97,3.50,50,100,50,50,50,50,50,100,100,9.00,1.00,1.50,4.00,5.40,1.28,1.89,3.30,6.50,1.91,1.80,Esenyurt Necmi Kadıoğlu Stadyumu (İstanbul)
1724868000,Aug 28 2024 - 6:00pm,complete,N/A,Sakaryaspor,Amed,Yiğit Arslan,3,1.00,1.00,1.84,1.26,0,0,0,0,0,0,"","",4,3,2,0,3,0,1,1,3,0,20,13,7,6,7,5,11,9,52,48,1.00,0.59,2.00,1.71,1.00,50,50,0,0,0,0,0,50,50,7.00,3.00,2.20,3.00,3.25,1.30,2.00,3.50,6.50,1.83,1.83,Esenyurt Necmi Kadıoğlu Stadyumu (İstanbul)
1725040800,Aug 30 2024 - 6:00pm,complete,N/A,Erokspor,Gençlerbirliği,Ömer Tolga Güldibi,4,0.00,0.50,1.53,1.47,1,2,3,3,1,2,"38","4,21",3,2,2,0,2,0,1,1,0,2,8,9,2,4,3,4,14,14,49,51,0.00,1.16,0.82,1.05,0.75,25,25,25,0,0,0,25,25,25,6.50,2.00,2.35,3.15,2.85,1.35,2.06,3.80,7.40,1.83,1.83,Esenler Erokspor Stadyumu (İstanbul)
1725040800,Aug 30 2024 - 6:00pm,complete,N/A,Manisa BBSK,Adanaspor,Ömer Faruk Gültekin,4,1.00,0.00,1.21,0.68,0,0,0,0,0,0,"","",15,3,2,0,3,0,1,1,1,2,18,8,9,3,5,5,12,6,62,38,1.46,1.26,2.07,0.93,5.50,100,100,100,100,50,50,100,100,100,14.00,10.00,1.70,3.50,4.70,1.29,1.97,3.34,6.40,1.90,1.77,Manisa 19 Mayıs Stadyumu (Manisa)
1725112800,Aug 31 2024 - 2:00pm,complete,N/A,Keçiörengücü,Boluspor,Oğuzhan Uğurlu,4,0.00,1.00,1.16,1.42,1,1,2,2,1,1,"17","39",6,4,2,0,1,0,1,1,1,0,21,14,5,5,10,8,9,8,63,37,1.15,1.03,1.96,1.61,2.50,100,100,50,0,0,50,100,0,100,8.00,1.00,2.94,1.93,4.02,1.29,2.18,3.60,7.50,1.73,2.00,Aktepe Stadı (Ankara)
1725120900,Aug 31 2024 - 4:15pm,complete,N/A,Ümraniyespor,Fatih Karagümrük,Çağdaş Altay,4,3.00,1.00,1.68,1.47,2,2,4,2,2,0,"4,8","53,79",3,4,2,0,0,0,2,0,0,0,15,13,7,5,7,4,6,17,61,39,1.08,1.35,1.70,1.35,3.50,50,100,100,50,0,0,100,100,100,9.00,2.00,2.35,3.20,2.85,1.30,1.93,3.25,6.05,1.73,2.00,Spoint Ümraniye Stadyumu (İstanbul)
1725129900,Aug 31 2024 - 6:45pm,complete,N/A,Şanlıurfaspor,Bandırmaspor,Alper Akarsu,4,3.00,3.00,1.26,1.26,3,2,5,4,2,2,"32,38,78","44,45'1",3,4,1,0,3,0,1,0,2,1,15,14,4,7,7,5,18,13,53,47,1.22,1.84,1.36,1.60,3.50,100,100,100,50,0,100,100,50,100,11.00,2.00,3.00,3.25,2.13,1.25,1.90,3.04,5.70,1.68,2.01,Şanlıurfa 11 Nisan Stadyumu (Şanlıurfa)
1725129900,Aug 31 2024 - 6:45pm,complete,N/A,Çorum Belediyespor,Sakaryaspor,Ayberk Demirbaş,4,1.00,1.00,1.79,0.84,1,1,2,1,0,1,"90'1","16",17,1,1,0,3,1,0,1,2,2,40,2,8,2,24,0,5,9,77,23,1.03,1.14,3.48,0.39,4.00,100,100,100,100,0,0,100,100,100,8.00,7.00,2.08,3.32,3.05,1.25,1.86,3.04,5.70,1.70,2.05,Çorum Şehir Stadyumu (Çorum)
1725207300,Sep 01 2024 - 4:15pm,complete,N/A,Ankaragücü,İstanbulspor,Arda Kardeşler,4,1.50,3.00,1.74,1.05,2,1,3,1,1,0,"39,89","68",6,6,2,0,1,0,0,2,0,1,13,7,4,2,6,3,14,11,41,59,1.73,1.69,1.33,0.90,1.25,0,25,0,0,0,0,25,25,75,10.50,4.00,1.75,3.60,3.80,1.25,1.80,2.90,5.25,1.83,1.83,Eryaman Stadyumu (Ankara)
1725207300,Sep 01 2024 - 4:15pm,complete,N/A,BB Erzurumspor,Yeni Malatyaspor,Raşit Yorgancılar,4,3.00,0.00,1.79,0.00,3,0,3,1,1,0,"31,76,87","",9,1,1,0,1,0,0,1,0,1,33,4,17,0,11,3,18,7,60,40,0.90,0.00,3.55,0.31,0.50,0,0,0,0,0,0,50,0,0,4.00,4.00,1.40,3.99,6.48,1.33,2.00,3.70,8.00,2.20,1.55,Kazım Karabekir Stadyumu (Erzurum)
1725216300,Sep 01 2024 - 6:45pm,complete,N/A,Pendikspor,76 Iğdır Belediyespor,Ali Yılmaz,4,0.00,3.00,1.42,1.26,0,2,2,1,0,1,"","31,83",8,0,0,0,5,0,0,0,3,2,26,4,8,4,8,0,13,15,67,33,1.36,0.68,2.24,0.71,2.00,50,50,50,0,0,0,100,50,50,7.00,4.00,2.00,3.31,3.13,1.30,1.91,3.30,6.00,1.80,1.91,Siltaş Yapı Pendik Stadyumu (İstanbul)
1725300000,Sep 02 2024 - 6:00pm,complete,N/A,Amed,Kocaelispor,Oğuzhan Aksu,4,0.00,3.00,1.74,1.68,3,0,3,1,1,0,"32,63,86","",4,2,1,0,1,2,0,1,2,1,21,4,8,0,9,4,8,10,73,27,1.28,0.93,2.24,0.43,2.00,50,50,50,0,0,0,50,50,100,5.00,6.00,2.57,1.85,5.58,1.29,2.25,3.25,6.50,1.67,2.10,Şanlıurfa 11 Nisan Stadyumu (Şanlıurfa)
1726246800,Sep 13 2024 - 5:00pm,complete,N/A,Boluspor,Pendikspor,Erkan Özdamar,5,1.50,3.00,1.79,1.11,1,2,3,1,0,1,"80","43,49",1,4,3,0,2,1,1,2,0,3,4,16,3,8,1,4,10,23,50,50,1.33,1.67,0.82,1.74,3.50,50,75,75,25,25,25,75,50,50,10.00,4.00,3.45,3.45,1.97,1.28,1.93,3.25,6.50,1.70,1.95,Bolu Atatürk Stadyumu (Bolu)
1726318800,Sep 14 2024 - 1:00pm,complete,N/A,Bandırmaspor,Amed,Erdem Mertoğlu,5,2.00,1.00,2.11,1.26,0,1,1,1,0,1,"","2",6,4,1,1,3,0,1,1,2,1,11,12,3,3,7,7,13,16,58,42,1.40,1.15,1.36,1.14,1.25,25,25,25,25,25,0,0,25,25,7.00,5.00,2.20,3.30,2.90,1.25,1.81,3.10,6.50,1.73,2.00,Bandırma 17 Eylül Stadı (Bandırma)
1726318800,Sep 14 2024 - 1:00pm,complete,N/A,Yeni Malatyaspor,Çorum Belediyespor,Batuhan Kolak,5,0.00,0.50,0.00,1.11,0,4,4,2,0,2,"","31,38,55,85",2,6,0,0,1,0,0,0,1,0,8,20,2,11,3,6,12,10,35,65,0.37,0.81,0.60,2.09,1.75,0,50,50,0,0,0,25,25,50,2.50,6.50,7.40,3.80,1.30,0.00,1.85,1.95,0.00,0.00,0.00,Aktepe Stadı (Ankara)
1726329600,Sep 14 2024 - 4:00pm,complete,N/A,İstanbulspor,Ümraniyespor,Alper Akarsu,5,3.00,1.50,2.28,1.11,3,0,3,1,1,0,"4,69,84","",2,6,3,0,0,0,1,2,0,0,15,7,9,3,5,2,15,11,43,57,1.86,1.18,2.02,1.09,3.25,50,75,75,50,25,75,100,50,75,9.00,4.00,1.83,3.60,3.60,1.22,1.73,2.88,6.00,1.67,2.10,Esenyurt Necmi Kadıoğlu Stadyumu (İstanbul)
1726329600,Sep 14 2024 - 4:00pm,complete,N/A,Sakaryaspor,Şanlıurfaspor,Volkan Bayarslan,5,1.00,0.00,1.84,0.84,2,0,2,0,0,0,"55,60","",3,6,3,0,2,0,2,1,1,1,13,10,4,3,7,5,12,13,41,59,1.50,0.81,1.30,1.14,1.75,25,75,25,0,0,25,25,50,75,4.50,2.50,1.95,3.30,3.50,1.25,1.91,3.30,7.00,1.73,2.00,Spoi̇nt İnşaat Ümrani̇yespor Stadyumu (İstanbul)
1726405200,Sep 15 2024 - 1:00pm,complete,N/A,76 Iğdır Belediyespor,Erokspor,Ömer Faruk Turtay,5,2.00,0.00,1.79,1.21,1,2,3,1,1,0,"24","53,88",7,0,3,0,5,0,1,2,0,5,13,6,4,3,7,3,8,10,69,31,1.26,1.41,1.46,0.78,3.25,75,75,75,25,25,25,75,75,75,6.00,5.50,1.60,3.60,4.60,1.25,1.86,3.30,7.00,1.83,1.83,Iğdır Şehir Stadyumu (Iğdır)
1726405200,Sep 15 2024 - 1:00pm,complete,N/A,Fatih Karagümrük,Ankaragücü,Yiğit Arslan,5,0.50,0.00,2.00,0.79,3,2,5,2,2,0,"4,11,82","64,84",1,7,0,0,4,0,0,0,0,4,12,16,7,6,5,8,21,12,46,54,0.98,1.14,1.47,1.79,1.00,0,25,0,0,0,25,75,0,0,6.50,2.50,2.43,3.20,2.51,1.25,1.86,3.30,7.00,1.73,2.00,Atatürk Olimpiyat Stadı (İstanbul)
1726416000,Sep 15 2024 - 4:00pm,complete,N/A,Gençlerbirliği,BB Erzurumspor,Ümit Öztürk,5,1.00,0.00,2.11,1.58,1,0,1,0,0,0,"69","",1,6,1,0,3,0,0,1,1,2,9,9,5,3,2,4,10,15,38,62,2.13,0.98,1.03,1.03,2.50,75,75,25,25,25,0,75,25,75,11.50,1.50,2.02,3.15,3.15,1.33,1.96,4.00,8.00,1.83,1.83,Eryaman Stadyumu (Ankara)
1726416000,Sep 15 2024 - 4:00pm,complete,N/A,Kocaelispor,Manisa BBSK,Burak Pakkan,5,3.00,1.50,2.11,1.32,1,2,3,1,1,0,"45'4","58,71",4,4,2,2,3,1,2,2,4,0,14,10,5,5,5,3,11,11,47,53,1.54,1.17,1.29,1.22,2.75,50,75,50,25,25,50,100,50,50,6.50,4.00,1.74,3.50,3.85,1.29,1.87,3.20,5.50,1.74,2.04,Yıldız Entegre Kocaeli Stadyumu (Kocaeli)
1726506000,Sep 16 2024 - 5:00pm,complete,N/A,Adanaspor,Keçiörengücü,Mustafa Kürşad Filiz,5,1.50,2.00,0.89,1.53,1,1,2,0,0,0,"81","56",5,1,1,0,1,0,0,1,0,1,12,8,6,3,5,4,9,17,57,43,1.16,1.53,1.80,1.19,3.25,75,75,50,25,25,25,50,75,100,7.50,4.50,2.78,3.28,2.30,1.27,1.89,3.18,6.00,1.70,1.98,Yeni Adana Stadyumu (Adana)
1726851600,Sep 20 2024 - 5:00pm,complete,N/A,BB Erzurumspor,Erokspor,Mehmet Ali Özer,6,3.00,1.00,1.79,1.21,2,0,2,0,0,0,"67,86","",6,5,4,0,5,0,1,3,0,5,17,8,7,3,8,5,19,9,60,40,2.22,1.20,1.81,1.04,2.50,50,75,75,0,0,0,100,75,75,7.83,5.17,2.06,3.30,3.58,1.33,2.10,3.80,8.00,1.80,1.91,Kazım Karabekir Stadyumu (Erzurum)
1726851600,Sep 20 2024 - 5:00pm,complete,N/A,Manisa BBSK,Yeni Malatyaspor,Burak Olcar,6,1.00,0.00,1.21,0.00,5,1,6,4,3,1,"11,26,40,58,66","17",11,1,1,0,2,0,0,1,0,2,32,7,15,4,13,1,19,7,58,42,1.77,0.31,0.00,0.00,2.50,25,75,75,25,0,0,75,75,75,10.50,5.00,1.20,5.75,14.00,1.22,1.84,3.10,6.00,2.38,1.53,Manisa 19 Mayıs Stadyumu (Manisa)
1726923600,Sep 21 2024 - 1:00pm,complete,N/A,Pendikspor,Gençlerbirliği,Alpaslan Şen,6,0.00,1.33,1.42,1.47,0,1,1,0,0,0,"","48",5,5,2,0,3,0,0,2,1,2,11,10,6,5,2,2,12,9,66,34,1.80,1.12,1.45,1.16,2.25,59,84,59,0,0,17,84,42,67,11.50,2.00,1.67,3.60,4.58,1.26,1.93,3.14,5.95,1.86,1.90,Siltaş Yapı Pendik Stadyumu (İstanbul)
1726934400,Sep 21 2024 - 4:00pm,complete,N/A,Ankaragücü,Sakaryaspor,Erdem Mertoğlu,6,2.00,1.00,1.74,0.84,2,1,3,2,1,1,"35,83","42",4,5,3,0,5,0,1,2,2,3,16,12,5,4,4,5,9,13,49,51,1.59,0.76,1.30,1.27,2.50,67,84,42,25,0,0,84,59,84,9.83,7.00,1.62,3.75,4.75,1.28,1.85,3.20,6.00,1.85,1.90,Eryaman Stadyumu (Ankara)
1726934400,Sep 21 2024 - 4:00pm,complete,N/A,Amed,Boluspor,Süleyman Bahadır,6,1.50,1.00,1.74,1.42,1,1,2,0,0,0,"65","90'5",6,3,2,0,0,0,1,1,0,0,11,14,4,5,2,7,14,8,64,36,1.76,1.32,0.97,1.32,2.00,50,75,25,0,0,25,75,25,75,6.00,3.00,1.65,3.50,4.75,1.36,2.10,3.75,7.50,2.00,1.80,Diyarbakır Stadyumu (Diyarbakır)
1727010000,Sep 22 2024 - 1:00pm,complete,N/A,Ümraniyespor,Adanaspor,Fatih Tokail,6,2.00,0.50,1.68,0.68,5,2,7,4,3,1,"13,18,24,56,79","35,90",6,5,0,0,3,0,0,0,1,2,18,8,11,6,6,2,18,12,55,45,1.39,1.09,2.32,1.28,3.50,50,75,75,50,25,50,75,75,75,9.50,4.50,1.50,3.90,5.00,1.20,1.70,3.00,5.50,1.80,1.91,Spoi̇nt İnşaat Ümrani̇yespor Stadyumu (İstanbul)
1727010000,Sep 22 2024 - 1:00pm,complete,N/A,Keçiörengücü,76 Iğdır Belediyespor,Raşit Yorgancılar,6,0.50,3.00,1.16,1.26,2,0,2,2,2,0,"20,42","",2,3,1,0,2,0,1,0,1,1,10,12,6,2,1,6,18,12,39,61,1.55,0.70,1.25,1.10,2.00,50,75,25,0,0,50,100,0,50,7.00,5.50,2.45,3.25,2.45,1.24,1.80,2.97,5.55,1.67,2.14,Aktepe Stadı (Ankara)
1727020800,Sep 22 2024 - 4:00pm,complete,N/A,İstanbulspor,Bandırmaspor,Saperbaris Saka,6,3.00,1.50,2.28,1.26,0,0,0,0,0,0,"","",6,3,0,0,1,0,0,0,0,1,22,10,7,4,10,3,11,12,59,41,1.91,1.72,2.10,1.00,3.84,67,100,100,42,42,84,100,34,100,10.17,4.00,1.90,3.35,3.65,1.22,1.79,3.00,6.50,1.67,2.15,Esenyurt Necmi Kadıoğlu Stadyumu (İstanbul)
1727020800,Sep 22 2024 - 4:00pm,complete,N/A,Çorum Belediyespor,Kocaelispor,Adnan Deniz Kayatepe,6,1.00,1.50,1.79,1.68,0,2,2,0,0,0,"","78,90",3,4,0,1,1,0,0,1,0,1,9,14,4,3,2,8,9,7,42,58,2.26,0.68,1.05,1.32,3.00,75,100,75,25,0,0,100,75,100,12.00,5.50,2.15,3.20,3.10,1.27,2.10,3.50,6.50,1.76,2.01,Çorum Şehir Stadyumu (Çorum)
1727110800,Sep 23 2024 - 5:00pm,complete,N/A,Şanlıurfaspor,Fatih Karagümrük,Ömer Tolga Güldibi,6,3.00,1.00,1.26,1.47,1,3,4,2,1,1,"26","28,71,79",2,2,4,1,3,0,1,4,2,1,9,10,4,5,2,4,9,16,49,51,1.29,1.35,1.03,1.30,4.25,100,100,100,100,25,75,100,75,100,8.50,2.00,2.50,3.20,2.50,1.30,2.00,3.30,6.00,1.73,2.00,Şanlıurfa 11 Nisan Stadyumu (Şanlıurfa)
1727197200,Sep 24 2024 - 5:00pm,complete,N/A,Erokspor,Yeni Malatyaspor,Reşat Onur Coşkunses,2,0.00,0.00,1.53,0.00,2,1,3,1,1,0,"25,58","89",12,1,2,0,1,0,1,1,1,0,25,4,10,2,10,2,15,7,53,47,0.82,0.31,2.33,0.58,3.75,75,100,100,25,25,75,100,50,50,4.00,3.50,2.49,3.45,2.46,0.00,1.93,0.00,0.00,0.00,0.00,Esenler Erokspor Stadyumu (İstanbul)
1727456400,Sep 27 2024 - 5:00pm,complete,N/A,76 Iğdır Belediyespor,BB Erzurumspor,Yasin Kol,7,1.33,0.00,1.79,1.58,1,2,3,0,0,0,"90'1","63,85",6,2,4,1,4,0,4,1,2,2,12,11,3,5,3,2,14,21,43,57,1.33,1.00,0.84,0.96,2.83,50,50,50,33,33,17,50,50,67,10.67,5.00,1.74,3.52,4.55,1.26,1.90,3.14,5.90,1.84,1.82,Iğdır Şehir Stadyumu (Iğdır)
1727528400,Sep 28 2024 - 1:00pm,complete,N/A,Bandırmaspor,Ankaragücü,Ayberk Demirbaş,7,1.33,0.00,2.11,0.79,2,0,2,1,1,0,"37,51","",7,2,3,0,4,0,1,2,4,0,14,7,8,2,3,4,11,12,44,56,1.39,1.46,1.75,0.94,2.50,42,42,42,42,42,25,67,42,42,9.67,5.33,2.66,3.30,2.40,1.23,1.85,2.97,5.45,1.66,2.04,Bandırma 17 Eylül Stadı (Bandırma)
1727539200,Sep 28 2024 - 4:00pm,complete,N/A,Boluspor,Manisa BBSK,Davut Dakul Çelik,7,1.00,2.00,1.79,1.32,2,0,2,0,0,0,"64,90'4","",2,5,3,0,1,0,0,3,0,1,10,12,7,5,3,4,8,13,36,64,1.16,1.19,1.39,1.42,2.83,67,84,67,17,17,34,100,67,67,7.00,4.67,2.70,3.30,2.30,1.30,2.02,3.44,6.55,1.80,1.86,Bolu Atatürk Stadyumu (Bolu)
1727539200,Sep 28 2024 - 4:00pm,complete,N/A,Gençlerbirliği,Keçiörengücü,Alper Akarsu,7,2.00,1.67,2.11,1.53,0,1,1,1,0,1,"","43",5,7,2,0,2,0,0,2,0,2,12,8,3,4,8,1,11,8,61,39,1.58,1.42,1.54,1.01,1.59,59,59,0,0,0,0,25,34,100,7.50,2.67,2.05,3.25,3.30,1.28,2.03,3.34,6.25,1.78,1.88,Eryaman Stadyumu (Ankara)
1727614800,Sep 29 2024 - 1:00pm,complete,N/A,Sakaryaspor,Ümraniyespor,Saperbaris Saka,7,1.67,1.00,1.84,1.11,1,3,4,2,0,2,"48","14,30,90'5",9,1,1,0,4,0,0,1,1,3,14,10,5,4,8,3,16,21,56,44,1.43,1.15,1.64,0.96,2.00,33,67,34,17,0,17,50,67,67,7.67,3.67,2.15,3.30,3.00,1.25,1.91,3.08,5.75,1.71,1.97,Aktepe Stadı (Ankara)
1727614800,Sep 29 2024 - 1:00pm,complete,N/A,Yeni Malatyaspor,Amed,Erkan Özdamar,7,0.00,1.67,0.00,1.26,2,4,6,2,0,2,"82,90","3,39,49,88",1,5,0,0,3,0,0,0,1,2,6,15,4,8,1,6,3,13,38,62,0.48,1.15,0.84,2.00,1.50,0,34,34,17,0,17,33,17,34,4.83,4.17,8.25,6.00,1.22,1.14,1.53,2.30,4.33,1.83,1.91,Şanlıurfa 11 Nisan Stadyumu (Şanlıurfa)
1727625600,Sep 29 2024 - 4:00pm,complete,N/A,Erokspor,Pendikspor,Yiğit Arslan,7,1.50,3.00,1.53,1.11,4,0,4,2,2,0,"13,23,77,84","",3,7,2,0,2,0,2,0,1,1,15,18,8,4,4,6,11,11,36,64,1.57,1.71,1.60,1.43,3.67,84,100,100,17,17,42,84,59,59,12.00,5.50,3.50,3.40,1.95,1.30,1.81,3.30,6.50,1.75,2.05,Esenler Erokspor Stadyumu (İstanbul)
1727625600,Sep 29 2024 - 4:00pm,complete,N/A,Adanaspor,Çorum Belediyespor,İlker Yasin Avcı,7,1.33,1.33,0.89,1.11,0,2,2,2,0,2,"","19,27",4,2,3,0,3,0,1,2,2,1,11,12,5,5,4,3,14,14,59,41,1.37,1.24,1.34,1.15,3.17,50,84,67,33,17,33,67,84,84,6.00,4.67,3.25,3.25,2.10,1.30,1.86,3.30,6.50,1.78,2.00,Yeni Adana Stadyumu (Adana)
1727715600,Sep 30 2024 - 5:00pm,complete,N/A,Fatih Karagümrük,İstanbulspor,Mustafa Kürşad Filiz,N/A,1.33,1.50,2.00,1.05,1,0,1,1,1,0,"30","",5,7,3,0,1,0,1,2,1,0,16,14,8,3,6,8,15,11,36,64,1.15,1.30,1.81,1.43,2.17,42,59,42,17,17,34,59,42,67,7.67,1.83,2.10,3.25,2.95,1.23,1.88,2.94,5.40,1.67,2.10,N/A
1727715600,Sep 30 2024 - 5:00pm,complete,N/A,Kocaelispor,Şanlıurfaspor,Muhammetali Metoğlu,7,2.00,0.00,2.11,0.84,0,0,0,0,0,0,"","",9,3,3,0,4,0,0,3,0,4,18,5,7,2,8,2,14,10,67,33,1.46,0.92,2.00,0.61,2.33,34,84,50,0,0,17,67,67,84,6.00,4.66,1.55,3.70,4.80,1.24,1.89,3.02,5.60,1.91,1.80,Yıldız Entegre Kocaeli Stadyumu (Kocaeli)
1728061200,Oct 04 2024 - 5:00pm,complete,N/A,BB Erzurumspor,Boluspor,Ömer Faruk Gültekin,N/A,3.00,1.00,1.79,1.42,1,0,1,1,1,0,"11","",4,3,2,1,1,0,1,2,0,1,11,9,4,3,5,4,26,13,48,52,2.09,1.32,1.11,0.91,2.00,50,84,17,0,0,17,67,50,67,9.33,3.67,1.68,3.20,4.30,1.34,2.01,3.63,6.30,1.88,1.88,N/A
1728061200,Oct 04 2024 - 5:00pm,complete,N/A,Çorum Belediyespor,76 Iğdır Belediyespor,Oğuzhan Uğurlu,N/A,0.67,2.00,1.79,1.26,0,0,0,0,0,0,"","",8,3,2,0,3,0,1,1,0,3,17,9,3,3,8,4,14,22,53,47,1.86,0.83,1.32,0.99,2.17,34,84,17,17,0,17,84,34,67,9.00,5.34,2.05,3.10,3.00,1.26,1.85,3.14,5.89,1.67,2.14,N/A
1728124200,Oct 05 2024 - 10:30am,complete,N/A,Ümraniyespor,Bandırmaspor,Reşat Onur Coşkunses,8,2.33,1.33,1.68,1.26,1,1,2,0,0,0,"84","90'3",3,4,3,0,1,0,0,3,0,1,5,10,3,4,2,6,13,9,39,61,1.70,1.48,0.00,0.00,3.67,67,84,84,50,33,67,84,50,84,8.67,2.34,2.40,3.25,2.60,1.21,1.84,2.78,5.00,1.61,2.12,Spoi̇nt İnşaat Ümrani̇yespor Stadyumu (İstanbul)
1728133200,Oct 05 2024 - 1:00pm,complete,N/A,Ankaragücü,Adanaspor,Ali Yılmaz,8,2.25,0.33,1.74,0.68,0,0,0,0,0,0,"","",9,2,1,0,0,0,0,1,0,0,11,6,4,2,7,4,16,13,68,32,1.52,1.15,1.53,0.70,3.46,59,71,59,34,34,46,71,59,71,11.75,5.58,1.25,5.00,10.00,1.17,1.83,2.54,4.50,2.09,1.70,Eryaman Stadyumu (Ankara)
1728144000,Oct 05 2024 - 4:00pm,complete,N/A,Şanlıurfaspor,Yeni Malatyaspor,Adnan Deniz Kayatepe,8,2.00,0.00,1.26,0.00,3,0,3,0,0,0,"53,73,79","",10,4,0,1,2,0,0,1,1,1,17,10,7,6,10,4,16,6,64,36,1.21,0.45,2.09,1.32,4.17,84,100,100,67,33,67,100,84,100,4.00,4.00,1.14,6.89,12.81,1.11,1.52,2.35,4.00,2.38,1.48,Şanlıurfa 11 Nisan Stadyumu (Şanlıurfa)
1728144000,Oct 05 2024 - 4:00pm,complete,N/A,Fatih Karagümrük,Sakaryaspor,N/A,8,1.75,0.67,2.00,0.84,4,0,4,1,1,0,"41,54,73,86","",2,4,2,0,2,1,1,1,2,1,8,5,3,4,5,1,9,13,47,53,1.31,0.93,0.96,0.95,2.50,63,75,46,29,13,42,88,29,63,7.25,6.00,1.84,3.42,3.63,1.25,1.88,3.08,5.70,1.75,1.92,N/A
1728210600,Oct 06 2024 - 10:30am,complete,N/A,Keçiörengücü,Pendikspor,Mehmet Özer,8,1.33,2.25,1.16,1.11,1,1,2,1,0,1,"76","35",1,1,3,0,3,0,0,3,2,1,6,8,3,6,3,2,9,14,53,47,1.45,1.61,0.00,0.00,3.29,59,100,67,25,13,75,88,38,54,10.00,4.00,2.63,3.10,2.45,1.25,1.91,3.02,5.60,1.68,2.01,Aktepe Stadı (Ankara)
1728219600,Oct 06 2024 - 1:00pm,complete,N/A,Manisa BBSK,Gençlerbirliği,Süleyman Bahadır,8,1.67,1.75,1.21,1.47,1,0,1,1,1,0,"30","",2,4,2,0,5,0,1,1,1,4,6,8,5,6,1,2,11,13,51,49,1.77,1.13,1.20,1.35,2.54,59,59,59,34,17,29,59,46,59,15.00,5.25,2.00,3.20,3.20,1.27,1.95,3.22,6.10,1.77,1.89,Manisa 19 Mayıs Stadyumu (Manisa)
1728230400,Oct 06 2024 - 4:00pm,complete,N/A,İstanbulspor,Kocaelispor,Erdem Mertoğlu,8,2.50,2.00,2.28,1.68,0,3,3,2,0,2,"","8,36,63",5,2,2,0,0,0,1,1,0,0,8,15,4,7,4,8,7,9,59,41,1.96,0.89,1.33,1.83,2.71,29,88,71,13,13,25,71,75,88,8.00,4.50,2.25,3.15,2.85,1.24,1.91,2.97,5.55,1.68,2.01,N/A
1728230400,Oct 06 2024 - 4:00pm,complete,N/A,Amed,Erokspor,Batuhan Kolak,8,1.33,0.75,1.74,1.21,0,4,4,2,0,2,"","21,36,53,58",10,3,2,0,4,0,0,2,2,2,11,9,3,6,8,3,8,13,61,39,1.50,1.16,0.00,0.00,2.38,54,84,54,0,0,0,54,84,100,6.25,5.25,1.69,3.54,4.65,1.28,2.01,3.35,6.30,1.91,1.76,Corendon Airlines Park (Antalya)
1729270800,Oct 18 2024 - 5:00pm,complete,N/A,Yeni Malatyaspor,Ankaragücü,Feridun Daldaş,9,0.00,0.00,0.00,0.79,0,3,3,2,0,2,"","10,39,90'2",2,7,3,0,3,0,1,2,1,2,4,25,2,13,2,10,10,19,33,67,0.60,1.29,0.59,2.75,3.09,29,71,54,42,29,42,75,42,71,5.33,4.33,14.00,8.00,1.15,0.00,1.90,0.00,0.00,0.00,0.00,Eryaman Stadyumu (Ankara)
1729333800,Oct 19 2024 - 10:30am,complete,N/A,Bandırmaspor,Fatih Karagümrük,Alpaslan Şen,9,1.75,1.67,2.11,1.47,1,0,1,1,1,0,"33","",3,3,2,0,6,0,1,1,3,3,12,9,5,5,6,3,15,20,48,52,1.48,1.33,1.53,1.31,3.00,63,75,63,63,13,34,75,63,75,9.25,4.17,2.31,2.93,2.53,1.33,2.00,3.50,6.50,1.78,2.00,Bandırma 17 Eylül Stadı (Bandırma)
1729342800,Oct 19 2024 - 1:00pm,complete,N/A,Gençlerbirliği,Amed,Direnç Tonusluoğlu,9,1.33,2.00,2.11,1.26,1,1,2,2,1,1,"45'1","28",7,2,3,0,5,0,3,0,3,2,16,11,7,6,5,4,19,13,62,38,1.56,1.36,1.74,1.25,1.54,29,29,13,13,13,13,59,13,46,7.75,4.08,2.27,2.92,2.58,1.40,2.37,4.20,8.10,1.97,1.71,Eryaman Stadyumu (Ankara)
1729353600,Oct 19 2024 - 4:00pm,complete,N/A,Kocaelispor,Ümraniyespor,Yiğit Arslan,9,1.75,1.50,2.11,1.11,1,0,1,0,0,0,"57","",4,2,1,0,4,0,1,0,2,2,8,4,4,0,4,4,12,11,50,50,1.59,1.10,1.28,0.48,2.38,50,63,63,25,0,25,88,63,63,8.25,5.50,1.67,3.75,4.56,1.28,1.78,3.20,6.00,1.83,1.95,Yıldız Entegre Kocaeli Stadyumu (Kocaeli)
1729353600,Oct 19 2024 - 4:00pm,complete,N/A,Adanaspor,Şanlıurfaspor,Gürcan Hasova,9,1.00,0.25,0.89,0.84,1,4,5,2,0,2,"86","1,41,51,80",6,1,0,1,2,0,0,1,1,1,5,4,3,0,2,4,16,9,69,31,1.37,0.84,1.06,0.51,2.63,38,88,38,13,13,38,50,63,75,5.75,4.25,2.72,3.20,2.47,1.31,1.90,3.48,6.77,1.67,2.10,Yeni Adana Stadyumu (Adana)
1729420200,Oct 20 2024 - 10:30am,complete,N/A,Pendikspor,BB Erzurumspor,Oğuzhan Aksu,9,0.00,0.75,1.42,1.58,0,0,0,0,0,0,"","",0,3,2,0,4,0,0,2,1,3,5,12,0,4,3,8,16,15,38,62,1.68,0.99,0.41,1.45,2.25,42,59,42,13,13,0,46,42,88,10.75,2.67,2.05,3.27,3.68,1.36,2.10,3.85,6.85,1.83,1.83,N/A
1729429200,Oct 20 2024 - 1:00pm,complete,N/A,Boluspor,Çorum Belediyespor,Mustafa Kürşad Filiz,9,1.50,1.75,1.79,1.11,2,0,2,1,1,0,"20,76","",5,3,2,0,2,1,1,1,2,1,18,9,10,3,4,3,17,10,55,45,1.22,1.21,1.96,0.97,2.25,25,75,50,13,0,25,75,63,63,6.00,4.75,2.90,3.12,2.25,1.40,2.13,4.17,7.30,1.83,1.83,N/A
1729429200,Oct 20 2024 - 1:00pm,complete,N/A,76 Iğdır Belediyespor,Manisa BBSK,Ozan Ergün,9,1.00,1.50,1.79,1.32,1,0,1,1,1,0,"29","",4,6,3,0,2,1,2,1,1,2,11,11,5,4,6,4,13,13,68,32,1.20,1.24,1.42,1.11,3.13,63,88,63,25,25,38,63,75,75,9.00,6.75,1.90,3.33,3.52,1.29,1.95,3.35,6.41,1.80,1.91,Iğdır Şehir Stadyumu (Iğdır)
1729440000,Oct 20 2024 - 4:00pm,complete,N/A,Sakaryaspor,İstanbulspor,Emre Kargin,9,1.25,1.00,1.84,1.05,3,1,4,2,1,1,"37,61,90'3","42",1,7,4,0,4,0,0,4,1,3,16,11,7,7,7,3,15,9,49,51,1.49,1.34,1.80,1.54,1.84,42,54,29,13,0,13,46,54,71,10.67,3.08,2.62,3.20,2.37,1.23,1.83,2.94,5.40,1.66,2.04,Yeni Sakarya Atatürk Stadyumu (Adapazarı)
1729530000,Oct 21 2024 - 5:00pm,complete,N/A,Erokspor,Keçiörengücü,Ömer Faruk Gültekin,9,2.00,2.00,1.53,1.53,2,2,4,3,2,1,"25,37","10,90'6",4,3,3,0,3,0,0,3,1,2,15,15,5,7,4,5,13,10,47,53,1.58,1.32,1.17,1.69,2.42,59,75,50,17,0,34,63,59,71,10.75,3.75,2.13,3.34,3.12,1.25,1.90,3.08,5.75,1.72,1.95,Esenler Erokspor Stadyumu (İstanbul)
1729875600,Oct 25 2024 - 5:00pm,complete,N/A,Fatih Karagümrük,Adanaspor,Turgut Doman,10,2.00,0.50,2.00,0.68,4,0,4,2,2,0,"31,38,81,90'2","",3,3,3,0,1,0,1,2,0,1,15,11,8,5,5,3,16,22,51,49,1.24,1.04,1.81,1.29,2.95,35,55,45,45,35,45,65,45,45,8.00,3.70,1.35,5.00,8.50,1.18,1.68,2.61,4.60,2.00,1.69,Atatürk Olimpiyat Stadı (İstanbul)
1729938600,Oct 26 2024 - 10:30am,complete,N/A,Ümraniyespor,Yeni Malatyaspor,Yusuf Ziya Gündüz,10,2.00,0.00,1.68,0.00,2,0,2,1,1,0,"8,64","",7,1,2,0,3,0,0,2,1,2,20,6,7,0,8,4,18,17,70,30,1.70,0.74,1.95,0.45,3.88,63,100,88,38,25,38,75,100,100,5.50,2.75,1.09,9.25,21.00,1.08,1.35,1.87,3.00,2.35,1.48,Spoi̇nt İnşaat Ümrani̇yespor Stadyumu (İstanbul)
1729938600,Oct 26 2024 - 10:30am,complete,N/A,Çorum Belediyespor,Gençlerbirliği,Ali Yılmaz,10,0.75,1.40,1.79,1.47,1,0,1,0,0,0,"62","",7,8,2,0,2,0,0,2,0,2,7,18,4,7,0,7,14,7,44,56,1.72,1.18,0.83,1.87,1.80,45,58,33,13,0,10,55,35,58,12.30,4.55,1.93,3.30,3.30,1.30,2.00,3.44,6.50,1.84,1.82,Çorum Şehir Stadyumu (Çorum)
1729947600,Oct 26 2024 - 1:00pm,complete,N/A,Şanlıurfaspor,76 Iğdır Belediyespor,Batuhan Kolak,10,2.25,1.75,1.26,1.26,3,3,6,0,0,0,"62,87,90'3","48,58,72",4,5,5,0,6,0,1,4,2,4,12,15,8,8,3,4,15,13,42,58,1.43,0.87,1.58,1.60,2.63,38,75,50,38,13,50,75,38,63,6.75,6.00,2.65,3.25,2.40,1.32,1.98,3.54,6.30,1.77,1.89,Şanlıurfa 11 Nisan Stadyumu (Şanlıurfa)
1729958400,Oct 26 2024 - 4:00pm,complete,N/A,Ankaragücü,Kocaelispor,Ali Şansalan,N/A,2.00,2.25,1.74,1.68,4,2,6,3,2,1,"14,28,75,88","23,56",2,3,3,0,2,0,0,3,1,1,17,13,11,6,3,4,10,11,49,51,1.52,1.13,2.00,1.39,2.28,33,80,58,0,0,23,68,58,80,9.15,4.25,2.05,3.05,3.25,1.32,2.10,3.54,6.70,1.84,1.82,N/A
1730025000,Oct 27 2024 - 10:30am,complete,N/A,Bandırmaspor,Sakaryaspor,Oğuzhan Aksu,10,2.00,0.50,2.11,0.84,3,2,5,4,2,2,"29,45'3,50","32,44",1,5,5,1,4,0,1,5,2,2,10,17,5,6,2,7,18,14,42,58,1.49,0.94,1.04,1.73,2.53,48,70,48,35,10,13,80,35,70,8.80,7.15,1.89,3.48,3.78,1.30,1.87,3.30,6.50,1.73,2.00,N/A
1730034000,Oct 27 2024 - 1:00pm,complete,N/A,BB Erzurumspor,Keçiörengücü,Ayberk Demirbaş,10,3.00,1.80,1.79,1.53,4,0,4,2,2,0,"7,43,64,81","",3,8,0,0,1,0,0,0,0,1,8,8,7,2,1,3,10,9,49,51,1.84,1.39,1.34,0.84,1.88,30,55,23,10,0,10,58,45,65,10.15,5.00,1.83,3.32,3.82,1.42,2.18,4.33,8.50,2.00,1.73,Kazım Karabekir Stadyumu (Erzurum)
1730034000,Oct 27 2024 - 1:00pm,complete,N/A,Amed,Pendikspor,Erdem Mertoğlu,N/A,1.00,2.00,1.74,1.11,0,1,1,1,0,1,"","15",6,3,3,0,2,0,2,1,1,1,13,8,5,2,4,5,9,12,70,30,1.50,1.61,1.48,0.89,3.15,43,88,65,33,10,33,65,68,90,9.75,5.00,2.22,3.26,3.13,1.33,1.95,3.50,6.50,1.73,2.00,N/A
1730044800,Oct 27 2024 - 4:00pm,complete,N/A,İstanbulspor,Boluspor,Furkan Aksuoğlu,10,2.00,0.75,2.28,1.42,1,2,3,3,1,2,"29","14,16",4,6,2,0,1,0,1,1,0,1,21,11,6,6,8,3,14,14,62,38,1.83,1.22,1.86,1.36,2.28,48,78,40,10,10,43,78,33,65,8.00,2.35,1.62,3.62,4.66,1.30,1.86,3.50,6.50,1.83,1.83,Esenyurt Necmi Kadıoğlu Stadyumu (İstanbul)
1730134800,Oct 28 2024 - 5:00pm,complete,N/A,Manisa BBSK,Erokspor,Ömer Tolga Güldibi,10,2.00,1.20,1.21,1.21,0,1,1,1,0,1,"","39",9,4,1,0,2,0,0,1,1,1,13,4,7,2,6,2,18,10,56,44,1.58,1.16,1.97,0.71,2.88,55,75,65,35,13,23,78,75,75,10.40,6.15,1.78,3.75,3.85,1.20,1.78,2.73,4.95,1.73,2.00,Manisa 19 Mayıs Stadyumu (Manisa)
1730480400,Nov 01 2024 - 5:00pm,complete,N/A,Boluspor,Ümraniyespor,Ali Yılmaz,11,1.80,1.20,1.79,1.11,3,0,3,1,1,0,"18,75,90'7","",5,7,0,0,2,1,0,0,1,2,27,10,16,3,5,5,17,14,45,55,1.36,0.98,2.95,1.10,2.40,40,70,50,20,0,20,80,60,80,6.60,4.60,2.40,3.10,2.62,1.29,1.91,3.60,7.50,1.73,2.00,Bolu Atatürk Stadyumu (Bolu)
1730543400,Nov 02 2024 - 10:30am,complete,N/A,Keçiörengücü,Çorum Belediyespor,Saperbaris Saka,11,1.25,1.40,1.16,1.11,2,3,5,3,2,1,"11,36","26,75,90'1",4,4,2,0,2,0,0,2,0,2,9,13,6,6,3,6,17,7,47,53,1.45,1.16,1.30,1.45,2.23,38,90,33,10,0,58,90,20,55,6.55,4.50,2.42,3.12,2.66,1.32,2.09,3.60,6.80,1.82,1.84,Aktepe Stadı (Ankara)
1730552400,Nov 02 2024 - 1:00pm,complete,N/A,Erokspor,Şanlıurfaspor,Erdem Mertoğlu,11,1.75,0.80,1.53,0.84,1,1,2,2,1,1,"12","18",8,2,0,0,4,0,0,0,1,3,15,10,5,4,6,5,13,10,69,31,1.48,0.78,1.61,1.08,2.95,48,90,70,35,10,58,70,55,78,7.70,4.25,2.04,3.25,3.20,1.30,1.89,3.40,6.50,1.75,2.05,Esenler Erokspor Stadyumu (İstanbul)
1730552400,Nov 02 2024 - 1:00pm,complete,N/A,Adanaspor,Bandırmaspor,Yusuf Ziya Gündüz,11,0.80,1.25,0.89,1.26,0,1,1,1,0,1,"","28",4,4,2,0,2,0,2,0,1,1,15,8,3,3,7,5,17,13,58,42,1.30,1.48,1.42,1.03,3.15,78,88,55,33,33,55,65,53,78,8.30,3.70,3.78,3.47,1.80,1.23,1.86,2.94,5.40,1.76,1.91,Yeni Adana Stadyumu (Adana)
1730563200,Nov 02 2024 - 4:00pm,complete,N/A,Kocaelispor,Fatih Karagümrük,Halil Umut Meler,11,2.00,1.25,2.11,1.47,2,1,3,0,0,0,"53,90'3","57",7,2,3,0,3,0,0,3,0,3,20,9,7,4,9,5,15,19,63,37,1.53,1.33,2.08,1.36,2.43,58,58,58,38,0,25,80,58,68,8.55,5.55,1.89,3.36,3.65,1.25,1.88,3.02,5.70,1.75,1.92,Yıldız Entegre Kocaeli Stadyumu (Kocaeli)
1730629800,Nov 03 2024 - 10:30am,complete,N/A,Yeni Malatyaspor,Sakaryaspor,Fatih Tokail,11,0.00,0.40,0.00,0.84,0,2,2,1,0,1,"","20,90'1",2,5,2,0,2,0,0,2,0,2,10,17,4,5,5,6,14,16,40,60,0.60,1.09,1.02,1.58,3.50,50,90,80,50,20,50,80,40,90,5.70,6.10,9.40,6.60,1.22,1.03,1.35,1.86,2.80,1.75,1.90,Kalyon Stadyumu (Gaziantep)
1730638800,Nov 03 2024 - 1:00pm,complete,N/A,BB Erzurumspor,Amed,Çağdaş Altay,11,3.00,1.80,1.79,1.26,2,0,2,1,1,0,"35,53","",3,2,2,0,3,1,0,2,1,3,15,9,7,2,2,4,21,13,39,61,1.74,1.34,1.41,0.83,2.00,20,50,30,20,10,30,70,40,40,8.60,5.60,2.08,3.25,3.32,1.32,2.10,3.60,6.85,1.85,1.81,Kazım Karabekir Stadyumu (Erzurum)
1730649600,Nov 03 2024 - 4:00pm,complete,N/A,76 Iğdır Belediyespor,Ankaragücü,Furkan Aksuoğlu,11,1.40,0.75,1.79,0.79,1,0,1,1,1,0,"43","",2,6,2,0,2,0,1,1,0,2,9,16,2,8,3,3,14,11,35,65,1.25,1.65,0.74,1.88,2.78,43,68,55,23,23,35,80,43,68,9.75,7.25,2.69,3.22,2.45,1.25,2.00,3.08,5.70,1.73,1.94,Iğdır Şehir Stadyumu (Iğdır)
1730739600,Nov 04 2024 - 5:00pm,complete,N/A,Gençlerbirliği,İstanbulspor,N/A,N/A,1.25,0.75,2.11,1.05,2,1,3,1,0,1,"57,90'3","26",4,3,4,0,3,1,3,1,1,3,16,9,6,3,6,3,10,17,56,44,1.61,1.39,1.67,0.93,1.88,50,50,25,13,0,25,75,25,63,10.75,3.75,2.52,3.08,2.83,1.38,2.05,4.00,8.00,1.90,1.87,N/A
1730739600,Nov 04 2024 - 5:00pm,complete,N/A,Pendikspor,Manisa BBSK,Batuhan Kolak,11,0.25,1.20,1.42,1.32,1,0,1,0,0,0,"50","",5,3,2,0,4,0,0,2,1,3,12,13,5,7,5,6,13,18,39,61,1.36,1.22,1.36,1.74,2.05,33,65,33,10,10,20,65,43,68,8.70,3.80,1.79,3.56,4.13,1.30,1.88,3.30,6.50,1.80,1.95,Siltaş Yapı Pendik Stadyumu (İstanbul)
1731085200,Nov 08 2024 - 5:00pm,complete,N/A,Ümraniyespor,76 Iğdır Belediyespor,Gürcan Hasova,N/A,2.20,1.60,1.68,1.26,0,1,1,1,0,1,"","41",4,2,2,1,1,0,2,1,0,1,16,11,5,4,3,3,21,14,54,46,1.76,1.02,1.34,1.14,2.90,40,80,40,30,20,30,70,50,70,7.00,5.40,2.40,3.05,2.65,1.31,1.95,3.46,6.51,1.76,2.01,N/A
1731085200,Nov 08 2024 - 5:00pm,complete,N/A,Ankaragücü,Erokspor,Yiğit Arslan,N/A,2.17,1.50,1.74,1.21,3,0,3,0,0,0,"54,90'5,90'7","",4,4,1,0,1,0,1,0,0,1,13,12,7,4,4,7,15,8,52,48,1.60,1.07,1.76,1.34,2.59,50,75,59,17,9,25,75,67,75,8.34,5.34,1.44,4.00,6.00,1.20,1.75,2.88,5.50,1.83,1.83,N/A
1731148200,Nov 09 2024 - 10:30am,complete,N/A,İstanbulspor,Adanaspor,Yasin Kol,12,1.67,0.40,2.28,0.68,0,0,0,0,0,0,"","",6,7,1,0,4,0,0,1,2,2,9,11,3,2,3,5,9,16,63,37,1.84,1.09,1.14,0.99,3.22,37,72,72,39,29,64,72,47,64,9.43,3.87,1.30,4.75,7.00,1.18,1.57,2.55,4.50,2.00,1.80,Esenyurt Necmi Kadıoğlu Stadyumu (İstanbul)
1731157200,Nov 09 2024 - 1:00pm,complete,N/A,Fatih Karagümrük,Yeni Malatyaspor,Ali Yılmaz,12,2.17,0.00,2.00,0.00,6,1,7,5,4,1,"5,12,36,45'3,49,69","34",6,3,2,0,4,1,1,1,0,5,15,9,8,3,4,6,15,14,57,43,1.34,0.67,1.73,1.00,3.04,29,84,65,35,19,35,82,65,75,4.60,3.30,1.03,14.00,46.00,1.06,1.26,1.73,2.10,2.75,1.40,Atatürk Olimpiyat Stadı (İstanbul)
1731157200,Nov 09 2024 - 1:00pm,complete,N/A,Amed,Keçiörengücü,Volkan Bayarslan,12,0.80,1.50,1.74,1.53,0,0,0,0,0,0,"","",3,1,1,0,2,0,0,1,1,1,18,5,8,2,6,2,9,13,59,41,1.49,1.30,1.89,0.77,2.27,35,64,37,27,0,27,55,55,82,10.60,4.03,1.75,3.30,4.20,1.28,2.00,3.44,6.80,1.83,1.83,Diyarbakır Stadyumu (Diyarbakır)
1731168000,Nov 09 2024 - 4:00pm,complete,N/A,Çorum Belediyespor,Pendikspor,Eren Özyemişçioğlu,N/A,1.20,2.17,1.79,1.11,1,0,1,1,1,0,"45'3","",4,9,4,1,4,0,0,5,1,3,7,11,2,6,5,4,12,11,46,54,1.54,1.43,0.92,1.57,2.57,45,72,44,27,9,17,62,45,74,11.40,4.60,2.25,3.30,2.99,1.30,1.92,3.40,6.50,1.75,2.05,N/A
1731234600,Nov 10 2024 - 10:30am,complete,N/A,Şanlıurfaspor,Gençlerbirliği,Ozan Ergün,12,2.00,1.17,1.26,1.47,3,1,4,0,0,0,"61,68,70","52",1,5,0,0,3,1,0,0,1,3,9,9,4,5,1,3,8,13,47,53,1.46,1.29,0.88,1.11,2.95,57,67,67,40,20,39,55,49,75,9.93,5.67,0.00,0.00,0.00,0.00,0.00,0.00,0.00,0.00,0.00,Şanlıurfa 11 Nisan Stadyumu (Şanlıurfa)
1731234600,Nov 10 2024 - 10:30am,complete,N/A,Bandırmaspor,Boluspor,Batuhan Kolak,12,2.17,1.20,2.11,1.42,2,0,2,1,1,0,"45'2,76","",4,9,4,0,4,0,2,2,2,2,10,12,5,2,4,7,15,10,34,66,1.41,1.25,1.21,1.12,2.17,57,65,27,17,17,29,74,19,45,7.77,3.80,0.00,0.00,0.00,0.00,0.00,0.00,0.00,0.00,0.00,Bandırma 17 Eylül Stadı (Bandırma)
1731243600,Nov 10 2024 - 1:00pm,complete,N/A,Manisa BBSK,BB Erzurumspor,Ümit Öztürk,12,1.60,0.80,1.21,1.58,2,0,2,1,1,0,"1,56","",3,4,6,0,0,0,3,3,0,0,17,10,6,3,6,3,17,5,38,62,1.68,1.08,1.41,1.01,2.20,40,40,40,30,20,10,50,40,50,12.60,4.80,0.00,0.00,0.00,0.00,0.00,0.00,0.00,0.00,0.00,Manisa 19 Mayıs Stadyumu (Manisa)
1731254400,Nov 10 2024 - 4:00pm,complete,N/A,Sakaryaspor,Kocaelispor,Erdem Mertoğlu,N/A,1.60,1.80,1.84,1.68,0,1,1,1,0,1,"","34",7,1,3,1,5,0,0,4,1,4,11,11,3,3,5,5,15,10,52,48,1.55,1.18,1.28,1.05,2.90,50,90,60,30,10,40,60,80,90,7.00,4.40,3.02,3.30,2.22,1.22,1.80,2.97,5.70,1.68,2.01,N/A
1732294800,Nov 22 2024 - 5:00pm,complete,N/A,Pendikspor,Ümraniyespor,Yunus Dursun,13,0.80,1.00,1.42,1.11,2,2,4,2,2,0,"3,45'1","67,82",5,4,4,0,2,0,1,3,0,2,7,7,4,4,3,3,12,14,44,56,1.36,1.00,1.13,1.22,2.04,27,54,44,17,0,17,62,44,82,8.27,3.87,1.74,3.50,4.20,1.28,1.94,3.60,7.00,1.87,1.87,Siltaş Yapı Pendik Stadyumu (İstanbul)
1732357800,Nov 23 2024 - 10:30am,complete,N/A,Keçiörengücü,Manisa BBSK,Furkan Aksuoğlu,13,1.00,1.00,1.16,1.32,4,0,4,1,1,0,"29,47,51,90'2","",4,5,0,0,2,1,0,0,2,1,18,18,7,4,8,11,11,16,51,49,1.41,1.30,1.81,1.70,2.57,57,84,37,19,19,57,84,35,64,7.80,4.60,2.45,3.20,2.50,1.30,2.00,3.75,7.00,1.80,1.95,Aktepe Stadı (Ankara)
1732357800,Nov 23 2024 - 10:30am,complete,N/A,Yeni Malatyaspor,İstanbulspor,Erkan Özdamar,13,0.00,0.60,0.00,1.05,1,4,5,2,0,2,"90","11,40,49,76",2,10,1,1,2,0,0,2,2,0,-1,-1,-1,-1,-1,-1,-1,-1,-1,-1,0.68,1.30,0.00,0.00,2.79,39,72,64,27,9,35,74,47,82,7.00,4.20,16.00,8.60,1.11,1.11,1.50,2.05,2.25,2.70,1.36,Yeni Malatya Stadyumu (Malatya)
1732366800,Nov 23 2024 - 1:00pm,complete,N/A,Boluspor,Şanlıurfaspor,Süleyman Bahadır,13,2.00,0.83,1.79,0.84,1,0,1,1,1,0,"40","",6,7,2,0,1,1,1,1,0,2,18,21,8,2,7,9,10,12,51,49,1.63,0.83,1.92,1.40,2.33,33,83,42,9,9,25,67,59,75,6.00,4.00,1.98,3.07,3.20,1.36,2.00,3.75,7.50,1.85,1.90,Bolu Atatürk Stadyumu (Bolu)
1732377600,Nov 23 2024 - 4:00pm,complete,N/A,Gençlerbirliği,Ankaragücü,Adnan Deniz Kayatepe,13,1.60,0.60,2.11,0.79,1,0,1,0,0,0,"63","",4,6,4,0,1,0,2,2,0,1,8,20,5,6,1,10,13,5,38,62,1.62,1.70,0.98,1.73,2.10,40,60,30,10,10,30,90,20,60,9.60,5.20,2.92,3.40,2.16,1.33,1.85,4.00,8.00,1.87,1.90,Eryaman Stadyumu (Ankara)
1732444200,Nov 24 2024 - 10:30am,complete,N/A,BB Erzurumspor,Fatih Karagümrük,Cihan Aydın,13,3.00,1.00,1.79,1.47,1,3,4,2,0,2,"90'7","30,44,83",2,3,3,1,3,0,0,4,2,1,11,12,3,7,8,3,14,19,59,41,1.69,1.33,1.23,1.43,2.69,40,74,57,39,0,29,82,65,74,8.23,5.13,2.16,3.15,2.99,1.40,2.10,4.20,8.00,1.91,1.80,Kazım Karabekir Stadyumu (Erzurum)
1732453200,Nov 24 2024 - 1:00pm,complete,N/A,Erokspor,Çorum Belediyespor,Reşat Onur Coşkunses,13,1.60,1.67,1.53,1.11,2,2,4,2,0,2,"75,90'6","3,27",4,1,3,1,2,0,1,3,0,2,19,9,7,4,8,4,11,10,60,40,1.51,1.21,2.08,1.04,2.94,49,92,65,37,9,65,92,45,64,9.00,4.63,2.46,3.15,2.53,1.33,1.98,3.60,7.00,1.80,1.91,Esenler Erokspor Stadyumu (İstanbul)
1732453200,Nov 24 2024 - 1:00pm,complete,N/A,Adanaspor,Sakaryaspor,Emre Kargin,13,0.67,0.83,0.89,0.84,1,1,2,0,0,0,"68","90'5",3,9,0,0,5,1,0,0,0,6,10,9,6,3,4,6,-1,-1,57,43,1.32,1.18,1.39,1.22,3.33,67,92,59,42,25,42,92,50,84,8.16,6.34,3.35,3.30,1.93,1.30,1.92,3.40,6.50,1.80,1.91,Yeni Adana Stadyumu (Adana)
1732464000,Nov 24 2024 - 4:00pm,complete,N/A,Kocaelispor,Bandırmaspor,Kadir Sağlam,13,2.17,1.60,2.11,1.26,2,2,4,2,1,1,"32,90'3","39,56",6,4,2,0,3,0,1,1,1,2,12,7,5,4,7,3,-1,-1,65,35,1.62,1.37,1.80,1.12,2.02,55,55,45,10,10,20,55,35,64,9.57,4.43,1.87,3.04,3.61,1.38,2.10,4.00,8.00,2.00,1.73,Yıldız Entegre Kocaeli Stadyumu (Kocaeli)
1732554000,Nov 25 2024 - 5:00pm,complete,N/A,76 Iğdır Belediyespor,Amed,Davut Dakul Çelik,13,1.67,1.50,1.79,1.26,1,1,2,1,1,0,"4","78",3,4,1,0,1,0,0,1,0,1,17,15,6,5,6,8,9,11,44,56,1.16,1.25,1.54,1.68,2.17,42,50,34,17,17,25,67,34,42,7.67,7.00,2.00,3.05,3.45,1.40,2.20,4.20,8.00,1.95,1.83,Iğdır Şehir Stadyumu (Iğdır)
1732899600,Nov 29 2024 - 5:00pm,complete,N/A,Kocaelispor,Adanaspor,Yiğit Arslan,14,2.00,0.50,2.11,0.68,2,0,2,1,1,0,"45'6,61","",3,3,2,0,4,0,1,1,2,2,20,10,9,3,8,6,11,10,59,41,1.65,1.07,2.05,0.97,2.57,45,54,54,32,17,32,54,54,61,10.29,5.21,1.29,4.85,8.50,1.23,1.84,2.78,4.80,2.07,1.64,Yıldız Entegre Kocaeli Stadyumu (Kocaeli)
1732962600,Nov 30 2024 - 10:30am,complete,N/A,Bandırmaspor,Yeni Malatyaspor,Ömer Faruk Gültekin,14,2.29,0.00,2.11,0.00,2,0,2,1,1,0,"45'6,61","",8,0,1,0,5,0,0,1,3,2,19,6,8,4,6,1,16,22,67,33,1.38,0.73,2.16,0.82,3.15,40,79,56,31,31,24,77,49,79,5.97,5.64,1.03,13.00,41.00,1.03,1.30,1.80,2.70,3.00,1.30,Bandırma 17 Eylül Stadı (Bandırma)
1732962600,Nov 30 2024 - 10:30am,complete,N/A,Amed,Manisa BBSK,Gürcan Hasova,14,0.83,0.86,1.74,1.32,3,2,5,2,2,0,"15,45'1,55","54,63",1,6,3,0,1,0,0,3,0,1,16,12,4,6,8,4,6,20,54,46,1.57,1.36,1.35,1.41,2.20,23,61,38,23,7,23,61,54,69,9.31,5.14,2.10,3.20,3.20,1.30,2.00,3.44,7.00,1.83,1.83,Diyarbakır Stadyumu (Diyarbakır)
1732971600,Nov 30 2024 - 1:00pm,complete,N/A,İstanbulspor,76 Iğdır Belediyespor,Zorbay Küçük,14,1.57,1.83,2.28,1.26,4,0,4,2,2,0,"4,33,72,87","",3,4,3,0,2,0,3,0,2,0,12,17,10,5,2,8,16,10,38,62,1.74,1.04,1.73,1.48,2.22,23,61,44,16,16,37,69,23,45,7.50,5.07,2.14,3.40,3.15,1.29,1.94,3.30,6.27,1.73,2.00,Esenyurt Necmi Kadıoğlu Stadyumu (İstanbul)
1732982400,Nov 30 2024 - 4:00pm,complete,N/A,Çorum Belediyespor,BB Erzurumspor,Erdem Mertoğlu,N/A,1.50,0.67,1.79,1.58,0,1,1,1,0,1,"","32",10,4,4,0,3,0,2,2,1,2,9,11,5,4,1,4,11,21,57,43,1.44,1.07,1.15,1.09,1.84,33,50,25,17,9,0,42,33,67,11.16,4.33,2.21,3.20,3.20,1.33,2.10,3.70,7.00,1.86,1.80,Çorum Şehir Stadyumu (Çorum)
1733049000,Dec 01 2024 - 10:30am,complete,N/A,Ümraniyespor,Gençlerbirliği,Ömer Tolga Güldibi,14,1.83,1.00,1.68,1.47,3,3,6,1,1,0,"41,71,90'5","56,63,84",5,1,5,0,1,0,2,3,0,1,11,11,6,5,4,4,18,17,52,48,1.68,1.27,1.27,1.15,2.52,47,63,47,24,9,24,63,48,70,9.62,4.53,2.33,3.25,2.90,1.32,2.00,3.75,7.50,1.83,1.95,Spoi̇nt İnşaat Ümrani̇yespor Stadyumu (İstanbul)
1733058000,Dec 01 2024 - 1:00pm,complete,N/A,Şanlıurfaspor,Keçiörengücü,Batuhan Kolak,14,2.17,1.43,1.26,1.53,0,2,2,0,0,0,"","60,63",2,2,2,0,3,0,2,0,2,1,12,10,3,6,6,1,11,14,51,49,1.36,1.22,1.10,1.17,3.17,63,79,65,56,17,40,47,63,86,8.43,4.36,2.21,3.20,3.15,1.32,2.00,3.75,7.00,1.83,1.95,Şanlıurfa 11 Nisan Stadyumu (Şanlıurfa)
1733058000,Dec 01 2024 - 1:00pm,complete,N/A,Ankaragücü,Pendikspor,Ayberk Demirbaş,14,2.29,1.86,1.74,1.11,1,1,2,1,1,0,"9","57",9,3,1,0,1,0,0,1,1,0,17,9,6,3,8,1,7,12,59,41,1.62,1.46,1.76,0.79,2.79,43,71,57,22,14,29,72,50,64,10.26,5.00,1.82,3.45,4.10,1.33,1.95,3.60,6.50,1.87,1.90,Eryaman Stadyumu (Ankara)
1733068800,Dec 01 2024 - 4:00pm,complete,N/A,Fatih Karagümrük,Erokspor,Mustafa Kürşad Filiz,14,2.29,1.29,2.00,1.21,1,0,1,0,0,0,"81","",3,8,1,0,1,0,1,0,0,1,14,7,4,2,4,2,9,15,53,47,1.39,1.12,1.09,0.70,3.00,36,79,64,36,15,36,79,72,72,6.29,4.43,1.56,4.00,5.20,1.22,1.72,2.95,5.50,1.80,1.95,Atatürk Olimpiyat Stadı (İstanbul)
1733158800,Dec 02 2024 - 5:00pm,complete,N/A,Sakaryaspor,Boluspor,Ali Şansalan,14,1.33,1.00,1.84,1.42,2,1,3,2,1,1,"44,47","33",3,3,2,0,4,0,2,0,2,2,11,10,6,3,4,6,12,16,41,59,1.50,1.23,1.30,1.02,2.09,59,75,25,17,0,33,67,42,59,9.17,4.00,2.65,3.20,2.60,1.32,2.05,3.35,6.00,1.83,1.83,Yeni Sakarya Atatürk Stadyumu (Adapazarı)
1733567400,Dec 07 2024 - 10:30am,complete,N/A,BB Erzurumspor,Adanaspor,Fatih Tokail,15,2.57,0.43,1.79,0.68,1,0,1,0,0,0,"53","",3,0,3,0,1,0,1,2,1,0,15,9,5,2,5,3,15,15,56,44,1.62,1.06,1.34,0.75,2.65,22,64,43,36,15,36,72,50,64,9.14,5.42,1.36,4.33,9.28,1.37,2.17,3.89,6.51,2.48,1.45,Kazım Karabekir Stadyumu (Erzurum)
1733567400,Dec 07 2024 - 10:30am,complete,N/A,Yeni Malatyaspor,Kocaelispor,Süleyman Bahadır,15,0.00,2.00,0.00,1.68,1,3,4,2,0,2,"82","13,23,74",1,7,2,0,2,0,0,2,1,1,6,15,4,7,2,5,16,10,29,71,0.68,1.16,0.84,1.76,3.22,31,85,69,30,23,45,77,55,85,4.10,4.50,16.49,10.06,1.02,1.08,1.44,2.05,3.50,3.35,1.25,Yeni Malatya Stadyumu (Malatya)
1733576400,Dec 07 2024 - 1:00pm,complete,N/A,Manisa BBSK,Çorum Belediyespor,Mehmet Ali Özer,15,1.83,1.57,1.21,1.11,0,1,1,1,0,1,"","13",7,3,3,1,4,0,3,1,2,2,23,12,7,6,7,4,18,12,56,44,1.62,1.19,1.75,1.21,2.60,31,68,45,38,16,37,85,45,61,10.04,5.71,2.34,3.20,2.86,1.31,2.10,3.66,7.20,1.83,1.83,Manisa 19 Mayıs Stadyumu (Manisa)
1733587200,Dec 07 2024 - 4:00pm,complete,N/A,76 Iğdır Belediyespor,Bandırmaspor,Yasin Kol,15,1.57,1.50,1.79,1.26,0,1,1,1,0,1,"","6",7,0,2,0,3,1,0,2,0,4,18,12,4,5,7,5,13,15,70,30,1.22,1.32,1.30,1.15,2.47,62,62,47,24,16,32,69,38,62,8.62,5.12,2.38,3.25,2.77,1.27,2.01,3.44,7.10,1.77,1.89,Iğdır Şehir Stadyumu (Iğdır)
1733653800,Dec 08 2024 - 10:30am,complete,N/A,Keçiörengücü,İstanbulspor,Ömer Tolga Güldibi,15,1.33,1.00,1.16,1.05,2,1,3,2,2,0,"21,35","61",6,4,1,0,4,0,0,1,1,3,11,12,3,7,6,4,9,19,43,57,1.49,1.30,1.05,1.66,2.92,67,84,59,33,17,50,92,50,75,9.23,3.83,2.55,3.30,2.75,1.30,1.95,3.40,6.50,1.72,2.05,Aktepe Stadı (Ankara)
1733662800,Dec 08 2024 - 1:00pm,complete,N/A,Boluspor,Ankaragücü,Volkan Bayarslan,15,2.14,0.50,1.79,0.79,2,3,5,3,1,2,"35,52","3,27,90'3",3,1,0,0,2,0,0,0,1,1,12,13,4,5,6,6,9,16,56,44,1.67,1.71,1.25,1.23,2.16,23,61,38,9,9,17,85,37,69,9.31,4.38,3.50,3.20,2.15,1.40,2.20,4.00,8.00,1.90,1.83,Bolu Atatürk Stadyumu (Bolu)
1733662800,Dec 08 2024 - 1:00pm,complete,N/A,Gençlerbirliği,Fatih Karagümrük,Ayberk Demirbaş,15,1.83,1.33,2.11,1.47,1,0,1,0,0,0,"75","",6,1,3,1,1,0,1,3,1,0,-1,-1,-1,-1,-1,-1,-1,-1,-1,-1,1.51,1.35,0.00,0.00,2.50,67,67,50,34,0,34,75,50,75,7.83,5.33,2.45,3.25,2.90,1.33,2.05,3.60,7.00,1.80,1.95,Eryaman Stadyumu (Ankara)
1733673600,Dec 08 2024 - 4:00pm,complete,N/A,Pendikspor,Sakaryaspor,Ümit Öztürk,15,0.83,0.86,1.42,0.84,3,0,3,3,3,0,"21,45'2,45'5","",3,5,5,0,1,0,2,3,0,1,12,8,8,2,3,2,13,11,45,55,1.32,1.18,1.49,0.81,2.49,52,75,45,30,7,23,68,38,92,9.67,6.24,1.75,3.75,4.50,1.30,1.90,3.40,6.50,1.83,1.95,Siltaş Yapı Pendik Stadyumu (İstanbul)
1733763600,Dec 09 2024 - 5:00pm,complete,N/A,Erokspor,Ümraniyespor,Burak Olcar,N/A,1.50,1.00,1.53,1.11,0,1,1,0,0,0,"","63",3,4,0,1,1,0,0,1,0,1,13,18,6,10,7,7,7,12,55,45,1.60,1.03,1.77,2.05,3.10,63,86,77,47,0,63,93,61,77,9.38,4.90,2.20,3.60,3.10,1.22,1.70,2.75,5.00,1.57,2.30,Esenler Erokspor Stadyumu (İstanbul)
1733763600,Dec 09 2024 - 5:00pm,complete,N/A,Amed,Şanlıurfaspor,Reşat Onur Coşkunses,15,1.14,0.71,1.74,0.84,2,1,3,2,1,1,"12,69","44",4,1,1,0,2,0,1,0,1,1,13,10,7,3,5,5,8,12,60,40,1.54,0.91,1.81,1.04,2.22,29,64,36,22,14,36,57,50,64,7.43,4.57,1.87,3.50,4.20,1.36,2.10,3.75,7.50,1.95,1.83,Diyarbakır Stadyumu (Diyarbakır)
1734109200,Dec 13 2024 - 5:00pm,complete,N/A,Ankaragücü,Manisa BBSK,Mustafa Kürşad Filiz,16,2.13,0.75,1.74,1.32,0,1,1,0,0,0,"","76",11,6,2,0,0,0,1,1,0,0,23,13,5,5,10,7,10,14,59,41,1.64,1.37,1.71,1.34,2.69,44,75,50,26,19,32,69,57,75,10.26,4.76,1.63,3.83,5.06,1.21,1.91,2.88,5.40,1.80,1.86,Eryaman Stadyumu (Ankara)
1734109200,Dec 13 2024 - 5:00pm,complete,N/A,Adanaspor,Yeni Malatyaspor,İlker Yasin Avcı,16,0.71,0.00,0.89,0.00,3,1,4,1,0,1,"63,65,75","12",5,0,0,0,7,0,0,0,2,5,20,5,11,2,6,3,13,22,66,34,1.33,0.75,2.24,0.58,3.43,57,93,57,29,29,36,79,71,86,5.28,4.72,0.00,0.00,0.00,0.00,0.00,0.00,0.00,0.00,0.00,Yeni Adana Stadyumu (Adana)
1734172200,Dec 14 2024 - 10:30am,complete,N/A,Şanlıurfaspor,Pendikspor,Davut Dakul Çelik,N/A,1.86,1.75,1.26,1.11,2,1,3,2,1,1,"36,85","27",6,2,1,0,3,0,1,0,0,3,17,9,6,5,7,3,2,13,58,42,1.32,1.35,1.65,1.07,3.44,61,88,68,48,21,34,66,62,82,8.28,5.14,3.10,3.25,2.10,1.33,2.00,3.60,7.00,1.80,1.91,N/A
1734172200,Dec 14 2024 - 10:30am,complete,N/A,İstanbulspor,BB Erzurumspor,Adnan Deniz Kayatepe,16,1.75,1.00,2.28,1.58,3,2,5,2,1,1,"27,72,90'3","23,77",4,6,0,0,1,0,0,0,0,1,14,13,6,4,5,6,8,8,58,42,1.74,1.07,1.46,1.24,2.25,27,59,52,20,14,32,59,34,60,9.04,3.89,2.18,3.24,3.10,1.28,2.05,3.62,7.40,1.81,1.85,Esenyurt Necmi Kadıoğlu Stadyumu (İstanbul)
1734181200,Dec 14 2024 - 1:00pm,complete,N/A,Fatih Karagümrük,Boluspor,Gürcan Hasova,16,2.38,0.86,2.00,1.42,2,2,4,2,0,2,"48,90'3","6,11",7,3,4,0,3,0,2,2,0,3,16,13,7,6,6,2,18,16,60,40,1.36,1.20,1.77,1.18,2.57,48,75,40,25,13,47,81,32,60,7.67,3.21,1.62,3.74,4.95,1.27,1.89,3.02,5.25,1.87,1.79,Atatürk Olimpiyat Stadı (İstanbul)
1734192000,Dec 14 2024 - 4:00pm,complete,N/A,Sakaryaspor,76 Iğdır Belediyespor,Mehmet Ali Özer,16,1.57,1.57,1.84,1.26,2,1,3,3,2,1,"33,36","18",9,3,3,0,2,0,2,1,1,1,16,4,6,3,7,1,18,15,33,67,1.47,1.10,1.57,0.66,2.29,36,64,36,29,7,36,64,43,57,7.14,5.86,2.51,3.22,2.62,1.30,2.01,3.22,5.75,1.77,1.89,Yeni Sakarya Atatürk Stadyumu (Adapazarı)
1734258600,Dec 15 2024 - 10:30am,complete,N/A,Bandırmaspor,Gençlerbirliği,Yiğit Arslan,16,2.38,1.00,2.11,1.47,2,2,4,2,1,1,"45,53","32,81",10,2,3,0,2,0,0,3,1,1,15,15,7,4,7,8,11,11,54,46,1.48,1.25,1.79,1.30,2.32,38,57,38,25,19,13,63,26,63,9.38,5.51,2.05,3.40,3.60,1.33,2.00,3.60,7.00,1.83,1.95,Bandırma 17 Eylül Stadı (Bandırma)
1734267600,Dec 15 2024 - 1:00pm,complete,N/A,Ümraniyespor,Keçiörengücü,Oğuzhan Aksu,16,1.71,1.63,1.68,1.53,1,2,3,1,1,0,"16","65,83",3,3,3,0,2,0,0,3,1,1,10,14,3,5,7,6,10,10,54,46,1.61,1.22,1.21,1.44,2.79,48,75,41,34,15,27,62,61,81,8.56,4.14,2.20,3.30,2.80,1.30,1.94,3.50,6.50,1.73,2.00,Spoi̇nt İnşaat Ümrani̇yespor Stadyumu (İstanbul)
1734267600,Dec 15 2024 - 1:00pm,complete,N/A,Çorum Belediyespor,Amed,Batuhan Kolak,16,1.29,1.43,1.79,1.26,1,1,2,0,0,0,"68","74",8,4,2,1,4,0,0,3,2,2,16,8,4,4,6,4,14,15,58,42,1.40,1.31,1.34,1.11,1.72,36,50,14,14,7,15,64,22,50,10.58,5.57,2.20,3.10,3.00,1.42,2.25,4.33,8.50,1.91,1.80,Çorum Şehir Stadyumu (Çorum)
1734278400,Dec 15 2024 - 4:00pm,complete,N/A,Kocaelispor,Erokspor,Ümit Öztürk,16,2.13,1.13,2.11,1.21,0,2,2,1,0,1,"","36,51",5,3,1,0,2,0,0,1,0,2,17,12,5,8,8,3,11,17,57,43,1.70,1.06,1.64,1.40,2.32,44,69,57,13,0,13,63,63,82,8.50,5.26,1.44,4.00,6.00,1.25,1.80,3.10,5.50,1.91,1.80,Yıldız Entegre Kocaeli Stadyumu (Kocaeli)
1734777000,Dec 21 2024 - 10:30am,complete,N/A,76 Iğdır Belediyespor,Yeni Malatyaspor,Alpaslan Şen,17,1.38,0.00,1.79,0.00,3,0,3,2,2,0,"8,28,58","",11,0,1,0,0,0,0,1,0,0,23,3,7,0,8,3,15,10,80,20,1.23,0.73,2.03,0.31,3.00,50,75,57,26,19,19,82,57,75,6.01,6.51,1.02,9.71,18.30,1.16,1.57,2.24,3.58,3.74,1.21,Iğdır Şehir Stadyumu (Iğdır)
1734777000,Dec 21 2024 - 10:30am,complete,N/A,BB Erzurumspor,Sakaryaspor,Saperbaris Saka,17,2.63,0.75,1.79,0.84,0,0,0,0,0,0,"","",5,2,1,0,1,0,1,0,0,1,8,9,3,0,5,5,17,11,48,52,1.59,1.14,0.86,0.58,2.69,38,82,51,32,7,32,82,44,82,9.25,6.88,1.77,3.48,4.17,1.26,1.93,3.28,6.35,1.81,1.85,Kazım Karabekir Stadyumu (Erzurum)
1734786000,Dec 21 2024 - 1:00pm,complete,N/A,Manisa BBSK,Şanlıurfaspor,Volkan Bayarslan,17,1.57,0.63,1.21,0.84,2,1,3,1,1,0,"19,60","78",5,9,1,0,4,0,0,1,0,4,14,18,6,5,5,8,13,14,50,50,1.65,0.93,1.36,1.44,2.20,34,59,34,21,14,32,75,34,53,9.92,5.52,1.81,3.50,3.98,1.27,1.96,3.42,6.85,1.82,1.84,Manisa 19 Mayıs Stadyumu (Manisa)
1734796800,Dec 21 2024 - 4:00pm,complete,N/A,Pendikspor,İstanbulspor,Batuhan Kolak,17,1.14,0.86,1.42,1.05,1,1,2,1,0,1,"85","9",3,3,3,0,1,0,2,1,0,1,10,19,4,8,4,10,15,8,54,46,1.35,1.36,1.17,2.05,2.43,50,64,57,22,7,36,72,43,79,9.60,4.85,1.90,3.48,3.62,1.25,1.89,3.14,6.15,1.75,1.92,Siltaş Yapı Pendik Stadyumu (İstanbul)
1734863400,Dec 22 2024 - 10:30am,complete,N/A,Keçiörengücü,Fatih Karagümrük,Yasin Kol,17,1.57,1.14,1.16,1.47,0,1,1,1,0,1,"","31",5,4,6,1,2,0,1,6,0,2,12,9,5,6,6,3,13,14,55,45,1.42,1.35,1.39,1.31,3.00,71,86,64,43,7,57,86,50,79,7.47,3.86,2.85,3.40,2.40,1.30,1.90,3.30,6.50,1.72,2.10,Aktepe Stadı (Ankara)
1734872400,Dec 22 2024 - 1:00pm,complete,N/A,Boluspor,Kocaelispor,Yiğit Arslan,17,1.88,2.14,1.79,1.68,1,3,4,1,1,0,"39","71,90'6,90'8",2,10,4,1,2,0,0,5,2,0,12,24,6,8,5,10,10,9,45,55,1.62,1.24,1.30,2.19,2.82,41,81,61,21,14,28,87,67,81,7.14,4.07,3.30,3.30,2.20,1.40,2.20,4.20,8.00,1.90,1.83,Bolu Atatürk Stadyumu (Bolu)
1734872400,Dec 22 2024 - 1:00pm,complete,N/A,Erokspor,Bandırmaspor,Erdem Mertoğlu,17,1.29,1.71,1.53,1.26,1,1,2,1,0,1,"67","13",10,6,2,0,1,0,1,1,1,0,16,10,8,4,6,2,13,10,54,46,1.63,1.29,1.90,1.06,2.65,64,72,57,36,7,57,79,36,64,9.00,4.43,2.75,3.50,2.45,1.28,1.83,3.10,6.00,1.68,2.15,Esenler Erokspor Stadyumu (İstanbul)
1734883200,Dec 22 2024 - 4:00pm,complete,N/A,Çorum Belediyespor,Ankaragücü,Oğuzhan Aksu,17,1.25,0.86,1.79,0.79,1,1,2,0,0,0,"51","89",4,3,5,0,2,1,2,3,3,0,8,6,5,3,1,2,16,11,63,37,1.39,1.64,1.07,0.69,2.10,34,54,28,21,15,22,68,34,67,11.95,5.32,2.90,3.25,2.45,1.35,2.05,3.75,7.00,1.80,1.95,Çorum Şehir Stadyumu (Çorum)
1734973200,Dec 23 2024 - 5:00pm,complete,N/A,Gençlerbirliği,Adanaspor,Mustafa Kürşad Filiz,17,2.00,0.38,2.11,0.68,0,2,2,1,0,1,"","12,67",7,1,2,0,4,0,0,2,0,4,16,9,6,5,7,3,16,16,65,35,1.51,1.02,1.72,1.14,2.10,34,47,26,19,13,26,54,26,67,8.63,5.36,1.47,4.33,6.50,1.28,1.87,3.30,6.50,2.00,1.75,Eryaman Stadyumu (Ankara)
1734973200,Dec 23 2024 - 5:00pm,complete,N/A,Amed,Ümraniyespor,Adnan Deniz Kayatepe,17,1.38,1.25,1.74,1.11,2,0,2,2,2,0,"2,45'8","",3,7,2,0,2,1,0,2,0,3,12,7,7,5,5,1,14,14,49,51,1.57,1.16,1.61,1.11,2.51,38,63,57,32,7,38,69,57,82,8.25,4.38,1.87,3.60,4.00,1.33,2.00,3.60,7.00,1.90,1.87,Diyarbakır Stadyumu (Diyarbakır)
1735923600,Jan 03 2025 - 5:00pm,complete,N/A,Kocaelispor,76 Iğdır Belediyespor,Erdem Mertoğlu,18,1.89,1.38,2.11,1.26,3,0,3,2,2,0,"34,42,76","",3,4,1,0,2,0,0,1,0,2,13,8,5,0,4,4,21,13,32,68,1.69,1.05,1.11,0.53,2.25,35,65,41,18,7,25,71,35,58,7.75,5.57,1.95,3.80,3.45,1.38,2.35,4.00,8.00,1.83,1.83,Yıldız Entegre Kocaeli Stadyumu (Kocaeli)
1735986600,Jan 04 2025 - 10:30am,complete,N/A,Şanlıurfaspor,Çorum Belediyespor,Ümit Öztürk,18,2.00,1.75,1.26,1.11,0,0,0,0,0,0,"","",5,6,2,0,4,0,0,2,1,3,13,12,3,5,7,3,14,7,42,58,1.37,1.19,1.19,1.23,3.26,50,88,69,51,19,50,69,63,82,6.75,5.13,2.30,3.30,2.60,1.26,1.91,3.08,5.80,1.73,2.00,Şanlıurfa 11 Nisan Stadyumu (Şanlıurfa)
1735986600,Jan 04 2025 - 10:30am,complete,N/A,Yeni Malatyaspor,Boluspor,Burak Pakkan,18,0.00,0.88,0.00,1.42,2,4,6,3,1,2,"26,89","10,15,60,80",1,9,1,0,4,0,1,0,3,1,12,20,6,11,3,7,11,11,47,53,0.71,1.19,1.17,2.56,2.94,57,88,57,32,13,57,82,38,76,5.63,3.74,0.00,0.00,0.00,0.00,0.00,0.00,0.00,0.00,0.00,Yeni Malatya Stadyumu (Malatya)
1735995600,Jan 04 2025 - 1:00pm,complete,N/A,Ankaragücü,Keçiörengücü,Kadir Sağlam,18,1.89,1.78,1.74,1.53,2,0,2,1,1,0,"39,55","",4,3,2,0,2,0,0,2,0,2,10,10,5,2,4,4,10,12,43,57,1.65,1.24,1.15,0.94,2.22,44,67,39,17,6,22,50,50,78,10.44,3.89,2.00,3.40,3.10,1.27,1.95,3.34,6.85,1.83,1.83,Eryaman Stadyumu (Ankara)
1736006400,Jan 04 2025 - 4:00pm,complete,N/A,Fatih Karagümrük,Pendikspor,Çağdaş Altay,18,2.22,1.56,2.00,1.11,0,2,2,2,0,2,"","17,41",9,4,5,0,4,0,2,3,2,2,11,14,2,4,5,8,11,13,66,34,1.40,1.31,1.00,1.29,3.00,45,73,56,39,17,45,84,45,67,8.03,4.53,1.75,3.29,3.76,1.30,1.80,3.40,6.50,1.80,1.91,Atatürk Olimpiyat Stadı (İstanbul)
1736073000,Jan 05 2025 - 10:30am,complete,N/A,Ümraniyespor,BB Erzurumspor,Batuhan Kolak,18,1.50,0.88,1.68,1.58,0,0,0,0,0,0,"","",6,3,0,0,1,0,0,0,0,1,16,11,6,3,7,6,11,14,43,57,1.55,1.09,1.45,1.16,2.88,51,69,51,32,25,19,69,57,76,8.75,4.25,2.75,3.30,2.55,1.35,2.05,3.75,7.50,1.91,1.80,Spoi̇nt İnşaat Ümrani̇yespor Stadyumu (İstanbul)
1736073000,Jan 05 2025 - 10:30am,complete,N/A,Bandırmaspor,Manisa BBSK,Ömer Faruk Turtay,18,2.22,1.00,2.11,1.32,2,3,5,3,0,3,"67,70","15,28,37",9,1,3,0,3,0,1,2,2,1,30,8,10,7,13,1,16,15,59,41,1.51,1.36,2.83,1.22,2.56,33,67,39,33,22,28,73,39,73,9.78,5.45,1.75,3.75,4.50,1.28,1.87,3.30,6.00,1.80,1.91,Bandırma 17 Eylül Stadı (Bandırma)
1736082000,Jan 05 2025 - 1:00pm,complete,N/A,İstanbulspor,Erokspor,Mustafa Kürşad Filiz,18,1.89,1.33,2.28,1.21,4,0,4,1,1,0,"23,48,90'1,90'6","",4,2,2,0,1,0,1,1,0,1,25,12,14,4,7,6,14,7,51,49,1.71,1.10,2.62,1.22,2.67,33,78,67,22,11,39,73,56,78,8.11,4.12,2.35,3.50,2.85,1.25,1.80,3.10,5.50,1.80,1.91,Esenyurt Necmi Kadıoğlu Stadyumu (İstanbul)
1736092800,Jan 05 2025 - 4:00pm,complete,N/A,Adanaspor,Amed,Ali Yılmaz,18,1.00,1.38,0.89,1.26,0,0,0,0,0,0,"","",2,5,3,0,2,1,2,1,0,3,13,5,3,0,8,3,13,16,44,56,1.45,1.29,1.21,0.54,2.57,63,76,32,26,19,32,69,50,63,7.26,4.76,4.75,3.50,1.78,1.38,2.15,4.00,8.00,2.00,1.73,Yeni Adana Stadyumu (Adana)
1736182800,Jan 06 2025 - 5:00pm,complete,N/A,Sakaryaspor,Gençlerbirliği,Furkan Aksuoğlu,18,1.75,1.00,1.84,1.47,0,0,0,0,0,0,"","",4,3,0,0,3,0,0,0,2,1,12,5,4,4,4,0,10,16,52,48,1.49,1.26,1.13,0.72,2.47,60,66,53,29,6,36,60,47,65,9.44,5.19,2.50,3.30,2.80,1.30,1.95,3.40,6.50,1.73,2.00,Yeni Sakarya Atatürk Stadyumu (Adapazarı)
1736528400,Jan 10 2025 - 5:00pm,complete,N/A,Pendikspor,Bandırmaspor,Emre Kargin,19,1.13,1.63,1.42,1.26,1,1,2,1,1,0,"31","90'6",4,9,4,0,1,0,3,1,0,1,13,16,5,6,4,6,14,8,46,54,1.33,1.26,1.23,1.46,2.13,51,63,38,19,7,32,69,25,69,8.25,4.25,2.00,3.25,3.30,1.25,1.91,3.30,7.00,1.67,2.10,Siltaş Yapı Pendik Stadyumu (İstanbul)
1736591400,Jan 11 2025 - 10:30am,complete,N/A,76 Iğdır Belediyespor,Fatih Karagümrük,Batuhan Kolak,19,1.56,1.38,1.79,1.47,0,1,1,0,0,0,"","53",6,4,3,1,3,0,1,3,1,2,14,10,6,5,3,3,14,18,70,30,1.31,1.34,1.34,1.04,2.54,54,60,54,31,6,30,77,48,66,8.76,5.39,2.56,3.27,2.55,1.29,1.95,3.30,7.00,1.67,2.10,Iğdır Şehir Stadyumu (Iğdır)
1736600400,Jan 11 2025 - 1:00pm,complete,N/A,Erokspor,Sakaryaspor,Ali Yılmaz,19,1.25,0.78,1.53,0.84,1,1,2,1,1,0,"16","82",4,2,1,0,4,0,0,1,1,3,10,11,3,4,2,3,12,13,54,46,1.66,1.07,0.92,1.02,2.83,66,89,60,36,6,48,83,36,77,10.55,6.03,1.98,3.42,3.42,1.24,1.87,3.14,6.25,1.71,1.97,Esenler Erokspor Stadyumu (İstanbul)
1736677800,Jan 12 2025 - 10:30am,complete,N/A,Keçiörengücü,Kocaelispor,Mustafa Kürşad Filiz,19,1.38,2.25,1.16,1.68,0,1,1,1,0,1,"","22",7,7,1,0,1,0,0,1,0,1,16,15,4,2,9,6,6,10,56,44,1.42,1.36,1.55,0.96,3.00,57,88,63,32,13,51,94,50,76,8.25,4.50,3.20,3.20,2.30,1.36,2.10,3.75,7.50,1.85,1.90,Aktepe Stadı (Ankara)
1736677800,Jan 12 2025 - 10:30am,complete,N/A,BB Erzurumspor,Şanlıurfaspor,Gürcan Hasova,19,2.44,0.56,1.79,0.84,0,1,1,0,0,0,"","57",3,3,3,1,2,0,2,2,1,1,11,6,6,2,4,4,16,9,66,34,1.50,0.98,1.58,0.71,2.17,28,67,39,17,6,33,67,44,67,7.66,5.12,1.66,3.75,5.00,1.36,2.05,3.75,7.50,2.00,1.75,Kazım Karabekir Stadyumu (Erzurum)
1736686800,Jan 12 2025 - 1:00pm,complete,N/A,Boluspor,Adanaspor,Oğuzhan Aksu,19,1.67,0.67,1.79,0.68,3,1,4,2,2,0,"39,43,72","68",5,4,1,0,3,1,1,0,1,3,27,9,14,3,5,4,13,14,64,36,1.58,1.03,2.57,0.92,2.62,33,67,45,28,17,22,73,50,73,7.56,4.56,1.67,3.60,4.50,1.29,2.00,3.60,7.50,1.91,1.80,Bolu Atatürk Stadyumu (Bolu)
1736686800,Jan 12 2025 - 1:00pm,complete,N/A,Amed,Ankaragücü,Çağdaş Altay,19,1.56,0.88,1.74,0.79,1,0,1,0,0,0,"90'6","",7,4,3,0,1,0,0,3,0,1,20,10,7,4,10,5,9,8,65,35,1.58,1.52,2.14,1.19,2.42,36,65,41,24,18,41,71,41,71,8.71,4.75,2.66,3.18,2.51,1.33,2.10,3.60,7.00,1.83,1.83,Diyarbakır Stadyumu (Diyarbakır)
1736697600,Jan 12 2025 - 4:00pm,complete,N/A,Gençlerbirliği,Yeni Malatyaspor,Reşat Onur Coşkunses,19,1.75,0.00,2.11,0.00,3,0,3,1,1,0,"28,50,65","",5,0,0,0,0,2,0,0,0,2,27,0,9,0,18,0,6,15,77,23,1.54,0.67,2.93,0.07,2.65,41,75,46,17,11,23,76,40,88,6.08,5.75,1.04,8.86,15.41,1.05,1.25,1.63,2.40,3.20,1.30,Eryaman Stadyumu (Ankara)
1736776800,Jan 13 2025 - 2:00pm,complete,N/A,Çorum Belediyespor,İstanbulspor,Yasin Kol,19,1.22,0.88,1.79,1.05,3,1,4,1,1,0,"45'1,58,89","53",5,12,3,0,0,0,1,2,0,0,10,17,6,5,4,12,9,14,52,48,1.36,1.46,1.30,1.86,2.21,60,66,37,18,7,19,66,47,78,11.86,5.50,2.23,3.30,2.95,1.27,1.94,3.28,6.40,1.73,1.95,Çorum Şehir Stadyumu (Çorum)
1736787600,Jan 13 2025 - 5:00pm,complete,N/A,Manisa BBSK,Ümraniyespor,Ömer Faruk Gültekin,19,1.75,1.11,1.21,1.11,0,3,3,3,0,3,"","8,10,22",9,6,0,0,3,0,0,0,1,2,25,13,10,9,15,4,11,14,67,33,1.60,1.15,2.78,1.68,2.41,36,59,47,29,7,29,83,47,64,11.11,5.32,1.96,3.40,3.50,1.28,1.95,3.28,6.15,1.77,1.89,Manisa 19 Mayıs Stadyumu (Manisa)
1737133200,Jan 17 2025 - 5:00pm,complete,N/A,Şanlıurfaspor,Ankaragücü,Ali Yılmaz,20,1.89,0.78,1.26,0.79,0,1,1,0,0,0,"","51",7,4,0,0,1,0,0,0,1,0,13,20,5,8,5,11,9,8,65,35,1.35,1.48,1.19,2.05,2.89,50,73,56,39,22,39,56,50,84,8.44,4.78,3.57,3.37,1.95,1.30,1.90,3.40,6.50,1.78,2.00,Şanlıurfa 11 Nisan Stadyumu (Şanlıurfa)
1737196200,Jan 18 2025 - 10:30am,complete,N/A,BB Erzurumspor,Bandırmaspor,Ozan Ergün,20,2.20,1.56,1.79,1.26,2,0,2,0,0,0,"81,86","",3,2,4,0,1,1,1,3,1,1,18,6,6,2,12,4,20,10,46,54,1.51,1.28,1.81,0.79,2.06,39,59,32,21,6,27,69,31,69,8.76,4.59,2.21,3.19,3.32,1.38,2.15,4.00,8.00,1.87,1.87,Kazım Karabekir Stadyumu (Erzurum)
1737205200,Jan 18 2025 - 1:00pm,complete,N/A,Amed,Fatih Karagümrük,Yiğit Arslan,20,1.70,1.56,1.74,1.47,1,1,2,1,0,1,"90'6","23",8,1,4,0,5,1,1,3,2,4,13,6,6,2,7,4,7,13,68,32,1.64,1.31,1.82,0.76,2.38,43,58,48,32,5,37,64,48,74,8.10,4.66,2.45,3.20,2.95,1.36,2.10,3.75,7.50,1.83,1.95,Diyarbakır Stadyumu (Diyarbakır)
1737205200,Jan 18 2025 - 1:00pm,complete,N/A,Erokspor,Adanaspor,Ömer Tolga Güldibi,20,1.22,0.60,1.53,0.68,1,0,1,0,0,0,"55","",1,5,3,0,3,0,0,3,0,3,8,7,3,4,5,3,13,15,48,52,1.58,1.02,0.99,1.06,2.74,54,75,48,37,10,48,75,37,74,9.47,5.01,1.66,4.00,5.00,1.28,1.85,3.20,6.00,1.85,1.95,Esenler Erokspor Stadyumu (İstanbul)
1737216000,Jan 18 2025 - 4:00pm,complete,N/A,Çorum Belediyespor,Ümraniyespor,Ömer Faruk Turtay,20,1.40,1.30,1.79,1.11,3,1,4,1,1,0,"9,47,82","70",2,5,2,0,3,0,0,2,1,2,9,17,6,5,3,12,15,13,43,57,1.35,1.20,1.22,1.90,2.25,40,65,40,25,0,25,65,50,70,11.10,5.50,1.87,3.48,3.74,1.26,1.88,3.08,5.80,1.75,1.92,Çorum Şehir Stadyumu (Çorum)
1737282600,Jan 19 2025 - 10:30am,complete,N/A,76 Iğdır Belediyespor,Boluspor,Gürcan Hasova,20,1.40,1.11,1.79,1.42,0,1,1,0,0,0,"","90'2",6,5,1,0,1,0,1,0,0,1,13,12,2,3,11,9,17,16,65,35,1.32,1.35,1.34,1.22,2.49,59,70,42,16,11,38,80,32,64,10.07,5.11,2.10,3.50,3.40,1.40,2.20,4.20,8.50,1.95,1.83,Iğdır Şehir Stadyumu (Iğdır)
1737282600,Jan 19 2025 - 10:30am,complete,N/A,Keçiörengücü,Sakaryaspor,Oğuzhan Aksu,20,1.22,0.80,1.16,0.84,2,3,5,3,1,2,"17,63","12,36,88",6,5,3,0,2,0,2,1,1,1,22,12,9,6,13,6,16,8,56,44,1.43,1.07,2.47,1.40,2.63,58,84,47,26,11,43,90,26,68,8.96,5.69,2.20,3.50,3.10,1.28,1.87,3.30,6.00,1.72,2.10,Aktepe Stadı (Ankara)
1737291600,Jan 19 2025 - 1:00pm,complete,N/A,Pendikspor,Yeni Malatyaspor,Alper Akarsu,20,1.11,0.00,1.42,0.00,4,0,4,0,0,0,"55,60,61,87","",11,1,2,0,0,0,2,0,0,0,2,2,0,2,2,0,16,13,66,34,1.32,0.61,0.17,0.27,2.80,42,84,57,21,10,26,79,46,89,5.32,5.54,1.02,9.79,17.56,0.00,2.10,1.95,0.00,0.00,0.00,Siltaş Yapı Pendik Stadyumu (İstanbul)
1737302400,Jan 19 2025 - 4:00pm,complete,N/A,Manisa BBSK,İstanbulspor,Erdem Mertoğlu,20,1.56,0.78,1.21,1.05,0,1,1,0,0,0,"","62",8,8,3,0,2,0,2,1,2,0,15,11,4,3,11,8,13,13,49,51,1.75,1.51,1.58,1.34,2.61,56,67,56,28,11,28,89,45,67,12.97,4.78,2.36,3.36,2.71,1.23,1.85,3.08,6.05,1.66,2.04,Manisa 19 Mayıs Stadyumu (Manisa)
1737392400,Jan 20 2025 - 5:00pm,complete,N/A,Gençlerbirliği,Kocaelispor,Adnan Deniz Kayatepe,20,1.89,2.33,2.11,1.68,1,0,1,1,1,0,"45'3","",3,7,3,0,3,0,0,3,1,2,9,18,5,3,4,15,20,9,41,59,1.72,1.32,1.20,1.76,2.39,39,67,45,17,6,22,78,45,78,9.21,4.77,2.98,3.22,2.26,1.33,2.08,3.58,6.95,1.82,1.84,Eryaman Stadyumu (Ankara)
1737738000,Jan 24 2025 - 5:00pm,complete,N/A,Ümraniyespor,Şanlıurfaspor,Alpaslan Şen,21,1.44,0.80,1.68,0.84,1,0,1,1,1,0,"30","",5,2,1,0,2,0,1,0,1,1,9,10,5,6,4,4,15,12,58,42,1.54,0.96,1.28,1.37,2.66,48,74,48,22,16,31,69,54,74,7.74,4.50,2.05,3.50,3.50,1.30,1.95,3.40,6.50,1.75,2.00,Spoi̇nt İnşaat Ümrani̇yespor Stadyumu (İstanbul)
1737801000,Jan 25 2025 - 10:30am,complete,N/A,Boluspor,Gençlerbirliği,Arda Kardeşler,21,1.80,1.00,1.79,1.47,0,2,2,0,0,0,"","64,86",7,2,3,0,2,0,1,2,0,2,12,12,2,4,10,8,9,14,61,39,1.68,1.20,1.23,1.27,2.55,50,65,55,30,10,20,70,55,70,8.20,4.40,2.48,2.99,2.86,1.42,2.25,4.33,8.50,1.91,1.80,Bolu Atatürk Stadyumu (Bolu)
1737801000,Jan 25 2025 - 10:30am,complete,N/A,Yeni Malatyaspor,Erokspor,Yusuf Ziya Gündüz,21,0.00,1.20,0.00,1.21,0,1,1,1,0,1,"","30",1,8,3,0,1,0,1,2,0,1,7,21,2,7,4,10,14,11,28,72,0.77,1.11,0.00,0.00,3.19,37,85,69,38,17,39,74,63,90,4.73,4.15,12.97,7.53,1.08,0.00,0.00,0.00,0.00,0.00,0.00,Yeni Malatya Stadyumu (Malatya)
1737810000,Jan 25 2025 - 1:00pm,complete,N/A,İstanbulspor,Amed,Mehmet Ali Özer,21,2.00,1.33,2.28,1.26,1,0,1,0,0,0,"48","",5,6,0,0,1,0,0,0,0,1,8,7,2,4,6,3,14,9,50,50,1.80,1.21,1.03,1.17,2.34,37,68,46,26,16,41,68,36,57,8.16,4.82,2.05,3.60,3.40,1.33,1.95,3.60,7.00,1.80,1.95,Esenyurt Necmi Kadıoğlu Stadyumu (İstanbul)
1737820800,Jan 25 2025 - 4:00pm,complete,N/A,Adanaspor,76 Iğdır Belediyespor,Süleyman Bahadır,21,1.00,1.22,0.89,1.26,0,0,0,0,0,0,"","",1,7,4,0,3,0,1,3,2,1,6,10,2,6,4,4,14,16,36,64,1.42,0.99,0.71,1.36,2.67,45,73,44,28,17,39,73,45,56,6.56,4.78,3.66,3.32,1.94,1.32,2.08,3.58,6.90,1.86,1.80,Yeni Adana Stadyumu (Adana)
1737887400,Jan 26 2025 - 10:30am,complete,N/A,Bandırmaspor,Keçiörengücü,Davut Dakul Çelik,21,2.00,1.60,2.11,1.53,1,2,3,1,0,1,"87","17,55",7,10,6,2,5,1,2,6,1,5,10,13,4,5,6,8,10,15,58,42,1.65,1.21,1.38,1.41,2.40,40,70,35,30,15,25,65,40,75,9.50,4.90,1.83,3.60,4.20,1.30,1.95,3.50,6.50,1.85,1.90,Bandırma 17 Eylül Stadı (Bandırma)
1737887400,Jan 26 2025 - 10:30am,complete,N/A,Ankaragücü,BB Erzurumspor,Fatih Tokail,21,2.00,0.89,1.74,1.58,1,2,3,1,0,1,"57","18,70",3,4,2,0,0,0,1,1,0,0,23,11,7,6,16,5,8,16,57,43,1.60,1.10,2.29,1.40,2.15,37,57,37,16,16,16,52,37,68,10.53,3.79,2.05,3.00,4.20,1.44,2.30,4.33,8.50,2.00,1.75,Eryaman Stadyumu (Ankara)
1737896400,Jan 26 2025 - 1:00pm,complete,N/A,Fatih Karagümrük,Çorum Belediyespor,Erdem Mertoğlu,21,2.00,1.67,2.00,1.11,1,0,1,1,1,0,"23","",4,10,4,2,1,0,0,6,1,0,7,10,3,4,4,6,14,16,35,65,1.36,1.19,0.84,1.38,2.67,26,69,47,42,16,52,79,47,58,7.41,5.10,2.00,3.40,3.75,1.36,2.05,3.75,7.50,1.87,1.90,Atatürk Olimpiyat Stadı (İstanbul)
1737907200,Jan 26 2025 - 4:00pm,complete,N/A,Kocaelispor,Pendikspor,Yiğit Arslan,21,2.00,1.70,2.11,1.11,3,0,3,0,0,0,"52,84,90'3","",4,2,3,0,2,1,1,2,3,0,16,7,5,4,11,3,16,7,59,41,1.63,1.31,1.75,0.84,2.50,45,75,50,15,5,30,80,35,70,9.02,5.19,1.80,3.43,4.11,1.28,1.97,3.28,6.25,1.83,1.83,Yıldız Entegre Kocaeli Stadyumu (Kocaeli)
1737997200,Jan 27 2025 - 5:00pm,complete,N/A,Sakaryaspor,Manisa BBSK,Raşit Yorgancılar,21,1.67,1.20,1.84,1.32,1,2,3,1,0,1,"90'2","29,65",2,4,3,0,3,0,0,3,1,2,18,11,7,5,11,6,13,13,55,45,1.45,1.35,2.05,1.24,2.51,48,69,47,31,15,42,63,52,68,9.09,4.93,2.32,3.18,2.92,1.33,1.96,3.60,7.00,1.80,1.91,Yeni Sakarya Atatürk Stadyumu (Adapazarı)
1738342800,Jan 31 2025 - 5:00pm,complete,N/A,Çorum Belediyespor,Bandırmaspor,Yiğit Arslan,22,1.55,1.40,1.79,1.26,4,0,4,2,2,0,"17,29,54,63","",8,8,2,0,1,0,0,2,0,1,22,17,11,6,11,11,15,5,49,51,1.34,1.23,2.42,1.79,2.15,58,67,29,24,5,15,63,43,72,10.66,4.81,2.30,3.10,2.88,1.30,2.10,3.80,8.00,1.73,2.00,Çorum Şehir Stadyumu (Çorum)
1738405800,Feb 01 2025 - 10:30am,complete,N/A,BB Erzurumspor,Kocaelispor,Safa Yılmaz,22,2.27,2.10,1.79,1.68,1,1,2,1,0,1,"60","16",1,1,4,0,1,0,3,1,0,1,9,4,3,2,6,2,8,13,60,40,1.54,1.36,1.06,0.61,2.36,25,63,44,24,5,24,73,53,72,8.69,5.22,2.52,3.04,2.75,1.41,2.40,4.60,10.00,1.98,1.70,Kazım Karabekir Stadyumu (Erzurum)
1738405800,Feb 01 2025 - 10:30am,complete,N/A,Keçiörengücü,Yeni Malatyaspor,Melih Aldemir,22,1.10,0.00,1.16,0.00,7,0,7,2,2,0,"8,23,49,57,60,68,90","",7,2,0,0,0,0,0,0,0,0,22,2,11,0,9,2,9,8,72,28,1.55,0.57,0.00,0.00,3.22,48,90,66,33,19,44,91,52,80,5.79,4.82,1.04,8.85,16.40,0.00,0.00,0.00,1.75,0.00,0.00,Aktepe Stadı (Ankara)
1738414800,Feb 01 2025 - 1:00pm,complete,N/A,Gençlerbirliği,76 Iğdır Belediyespor,İlker Yasin Avcı,22,2.00,1.20,2.11,1.26,2,0,2,1,1,0,"4,86","",6,6,2,0,3,0,0,2,0,3,13,14,4,4,9,10,15,10,27,73,1.66,1.03,1.30,1.53,1.95,25,55,30,10,5,25,70,20,55,7.97,5.50,2.26,3.02,3.17,1.36,2.25,4.50,9.00,2.00,1.73,Eryaman Stadyumu (Ankara)
1738425600,Feb 01 2025 - 4:00pm,complete,N/A,Pendikspor,Adanaspor,Alpaslan Şen,22,1.30,0.55,1.42,0.68,1,0,1,1,1,0,"11","",7,2,4,0,2,1,0,4,0,3,16,6,6,3,10,3,14,11,51,49,1.20,1.03,1.78,0.84,2.38,34,63,38,28,9,28,58,33,77,8.81,5.31,1.50,3.94,5.90,1.25,1.90,3.28,6.50,1.95,1.72,Siltaş Yapı Pendik Stadyumu (İstanbul)
1738492200,Feb 02 2025 - 10:30am,complete,N/A,Ümraniyespor,Ankaragücü,Oğuzhan Aksu,22,1.60,1.00,1.68,0.79,2,1,3,2,1,1,"25,48","6",6,0,2,0,2,1,0,2,1,2,12,11,7,3,5,8,13,13,45,55,1.51,1.54,1.53,1.20,2.55,40,60,40,25,20,25,70,45,75,8.80,4.30,3.06,3.40,2.13,1.23,1.84,3.04,5.75,1.67,2.03,Spoi̇nt İnşaat Ümrani̇yespor Stadyumu (İstanbul)
1738492200,Feb 02 2025 - 10:30am,complete,N/A,Şanlıurfaspor,İstanbulspor,Furkan Aksuoğlu,22,1.70,1.00,1.26,1.05,1,0,1,0,0,0,"90'2","",2,4,0,0,0,0,0,0,0,0,10,16,4,7,6,9,10,8,36,64,1.33,1.49,1.08,1.93,2.95,65,75,65,40,15,35,60,55,90,10.40,4.20,3.70,3.52,1.87,1.24,1.86,3.08,5.90,1.73,1.95,Şanlıurfa 11 Nisan Stadyumu (Şanlıurfa)
1738501200,Feb 02 2025 - 1:00pm,complete,N/A,Manisa BBSK,Fatih Karagümrük,Ömer Tolga Güldibi,22,1.40,1.50,1.21,1.47,2,2,4,4,2,2,"8,18","34,38",3,9,3,1,0,0,0,4,0,0,12,12,7,3,5,9,11,8,47,53,1.73,1.25,1.47,1.41,2.35,45,55,45,30,5,25,75,40,65,10.52,5.50,2.75,3.10,2.40,1.29,2.00,3.60,7.50,1.73,2.00,Manisa 19 Mayıs Stadyumu (Manisa)
1738501200,Feb 02 2025 - 1:00pm,complete,N/A,Amed,Sakaryaspor,Abdullah Buğra Taşkınsoy,22,1.64,1.00,1.74,0.84,2,2,4,1,0,1,"49,72","5,90'6",3,3,3,0,3,0,1,2,2,1,12,6,7,4,5,2,16,14,60,40,1.66,1.10,1.68,0.95,2.55,50,78,46,27,14,36,73,36,78,9.36,5.91,1.70,3.75,5.00,1.36,2.05,3.75,7.50,2.00,1.78,Diyarbakır Stadyumu (Diyarbakır)
1738512000,Feb 02 2025 - 4:00pm,complete,N/A,Erokspor,Boluspor,Fatih Tokail,22,1.40,1.30,1.53,1.42,1,1,2,1,1,0,"19","75",4,8,4,0,3,0,1,3,1,2,12,20,7,13,5,7,17,14,40,60,1.52,1.33,1.49,2.66,2.60,70,80,45,25,5,50,80,30,75,9.90,4.20,2.16,3.20,3.18,1.33,2.15,3.92,8.20,1.86,1.80,Esenler Erokspor Stadyumu (İstanbul)
1738947600,Feb 07 2025 - 5:00pm,complete,N/A,Gençlerbirliği,Erokspor,Oğuzhan Aksu,23,2.09,1.36,2.11,1.21,1,1,2,1,0,1,"75","8",9,4,2,0,5,1,1,1,0,6,18,7,4,2,14,5,18,13,66,34,1.62,1.11,1.96,0.76,2.09,27,64,37,9,0,9,73,41,78,8.53,4.72,1.75,3.56,4.20,1.27,1.92,3.28,6.35,1.82,1.84,Eryaman Stadyumu (Ankara)
1739010600,Feb 08 2025 - 10:30am,complete,N/A,76 Iğdır Belediyespor,Pendikspor,Furkan Aksuoğlu,23,1.27,1.55,1.79,1.11,1,0,1,0,0,0,"90","",5,5,0,0,4,0,0,0,2,2,16,7,4,3,12,4,16,15,64,36,1.32,1.26,1.62,0.81,2.46,41,64,46,14,9,27,73,32,64,9.45,5.82,2.29,3.19,3.17,1.30,2.05,3.58,7.50,1.80,1.86,Iğdır Şehir Stadyumu (Iğdır)
1739010600,Feb 08 2025 - 10:30am,complete,N/A,Yeni Malatyaspor,BB Erzurumspor,Süleyman Bahadır,23,0.00,1.10,0.00,1.58,0,7,7,3,0,3,"","1,20,30,46,65,79,89",4,7,3,0,0,0,1,2,0,0,8,27,3,15,3,6,14,17,44,56,0.77,1.13,0.00,0.00,2.80,40,65,55,35,25,35,65,45,70,5.68,3.59,14.97,9.10,1.04,0.00,0.00,1.00,0.00,0.00,0.00,Yeni Malatya Stadyumu (Malatya)
1739019600,Feb 08 2025 - 1:00pm,complete,N/A,Adanaspor,Manisa BBSK,İlker Yasin Avcı,23,1.00,1.36,0.89,1.32,2,1,3,1,1,0,"19,81","64",8,3,2,0,4,0,2,0,3,1,13,10,5,7,8,3,11,13,42,58,1.35,1.34,1.54,1.35,2.76,53,72,48,33,24,33,67,62,71,7.58,4.64,2.59,3.32,2.65,1.28,2.01,3.34,6.55,1.74,1.93,Yeni Adana Stadyumu (Adana)
1739019600,Feb 08 2025 - 1:00pm,complete,N/A,Sakaryaspor,Çorum Belediyespor,Fatih Tokail,23,1.50,1.50,1.84,1.11,2,1,3,2,1,1,"33,47","13",4,3,2,0,2,1,0,2,1,2,11,15,7,4,4,9,12,20,40,60,1.51,1.21,1.49,1.46,2.20,40,65,45,25,5,40,70,45,55,8.40,5.20,2.24,3.29,3.17,1.29,2.03,3.34,6.40,1.77,1.89,Yeni Sakarya Atatürk Stadyumu (Adapazarı)
1739030400,Feb 08 2025 - 4:00pm,complete,N/A,Kocaelispor,Amed,Gürcan Hasova,23,2.09,1.20,2.11,1.26,1,0,1,1,1,0,"21","",3,1,3,0,0,0,1,2,0,0,11,2,6,2,5,0,14,10,45,55,1.64,1.20,1.44,0.66,1.94,38,62,33,10,5,19,57,33,66,8.53,5.36,1.83,3.49,4.25,1.29,2.05,3.72,7.90,1.90,1.77,Yıldız Entegre Kocaeli Stadyumu (Kocaeli)
1739097000,Feb 09 2025 - 10:30am,complete,N/A,Bandırmaspor,Şanlıurfaspor,Abdullah Buğra Taşkınsoy,23,1.82,0.73,2.11,0.84,3,2,5,3,1,2,"5,67,90'5","30,45'1",6,6,2,0,2,0,0,2,1,1,17,8,10,4,7,4,6,10,64,36,1.62,0.99,2.33,1.01,2.41,41,69,41,23,18,32,73,36,69,8.91,5.90,1.80,3.60,4.33,1.30,1.95,3.50,6.50,1.85,1.90,Bandırma 17 Eylül Stadı (Bandırma)
1739097000,Feb 09 2025 - 10:30am,complete,N/A,Boluspor,Keçiörengücü,Mehmet Ali Özer,23,1.64,1.73,1.79,1.53,1,1,2,1,0,1,"82","16",5,1,1,0,3,1,0,1,1,3,2,2,2,2,0,0,10,12,69,31,1.64,1.23,0.00,0.00,2.46,45,78,46,23,5,18,69,64,82,8.63,4.36,2.10,3.25,3.60,1.40,2.20,4.20,8.00,1.95,1.83,Bolu Atatürk Stadyumu (Bolu)
1739106000,Feb 09 2025 - 1:00pm,complete,N/A,İstanbulspor,Ankaragücü,Raşit Yorgancılar,23,2.09,0.91,2.28,0.79,1,0,1,0,0,0,"68","",7,7,2,0,0,0,1,1,0,0,21,12,7,3,14,9,16,9,55,45,1.73,1.51,2.26,1.32,2.55,32,64,55,27,18,46,69,36,78,8.55,4.00,2.65,3.40,2.60,1.30,1.90,3.30,6.00,1.70,2.10,Esenyurt Necmi Kadıoğlu Stadyumu (İstanbul)
1739116800,Feb 09 2025 - 4:00pm,complete,N/A,Fatih Karagümrük,Ümraniyespor,Adnan Deniz Kayatepe,23,2.09,1.18,2.00,1.11,1,0,1,0,0,0,"85","",2,5,2,0,2,0,0,2,1,1,10,14,5,2,5,12,11,14,55,45,1.31,1.27,1.41,1.31,2.78,32,69,55,41,9,50,82,50,64,8.63,5.10,1.72,3.75,4.75,1.28,1.85,3.20,6.00,1.83,1.95,Atatürk Olimpiyat Stadı (İstanbul)
1739282400,Feb 11 2025 - 2:00pm,complete,N/A,Çorum Belediyespor,Yeni Malatyaspor,Alpaslan Şen,24,1.67,0.00,1.79,0.00,2,0,2,1,1,0,"14,49","",11,0,1,0,0,0,0,1,0,0,24,2,12,0,8,2,15,10,75,25,1.43,0.57,0.00,0.00,3.09,42,84,58,38,13,21,71,67,88,7.67,5.41,1.01,12.08,22.00,0.00,0.00,0.00,0.00,0.00,0.00,Çorum Şehir Stadyumu (Çorum)
1739293200,Feb 11 2025 - 5:00pm,complete,N/A,Manisa BBSK,Kocaelispor,Batuhan Kolak,24,1.36,2.00,1.21,1.68,0,2,2,0,0,0,"","62,90'1",2,8,1,0,2,0,0,1,0,2,6,20,3,8,3,12,11,11,45,55,1.71,1.29,0.79,2.20,2.55,41,64,50,27,9,27,87,41,59,11.18,5.09,2.83,3.34,2.42,1.22,1.88,3.08,6.05,1.70,2.00,Manisa 19 Mayıs Stadyumu (Manisa)
1739358000,Feb 12 2025 - 11:00am,complete,N/A,BB Erzurumspor,Gençlerbirliği,Ömer Tolga Güldibi,24,2.17,1.18,1.79,1.47,1,2,3,2,1,1,"34","1,77",8,4,2,0,2,0,1,1,2,0,15,13,3,3,12,10,12,15,62,38,1.50,1.21,1.46,1.28,2.10,31,57,35,22,5,18,52,44,70,7.92,5.47,1.98,3.15,4.06,1.43,2.40,4.50,8.70,2.15,1.61,Kazım Karabekir Stadyumu (Erzurum)
1739358000,Feb 12 2025 - 11:00am,complete,N/A,Keçiörengücü,Adanaspor,Fatih Tokail,24,1.27,0.50,1.16,0.68,3,0,3,1,1,0,"17,55,90'2","",6,3,3,0,2,0,2,1,1,1,18,8,8,4,10,4,10,13,57,43,1.55,1.01,2.06,0.98,2.80,40,66,44,35,22,49,79,35,66,8.66,4.82,1.60,4.00,5.25,1.20,1.80,2.88,5.50,1.82,1.85,Aktepe Stadı (Ankara)
1739368800,Feb 12 2025 - 2:00pm,complete,N/A,Erokspor,76 Iğdır Belediyespor,Mehmet Özer,24,1.36,1.09,1.53,1.26,3,1,4,1,0,1,"48,68,88","12",5,2,1,0,2,2,1,0,4,0,17,9,7,4,10,5,13,11,65,35,1.52,1.07,2.08,1.11,2.37,46,73,41,23,5,41,78,23,64,8.64,5.36,2.97,3.21,2.40,1.27,2.01,3.42,6.95,1.77,1.90,Esenler Erokspor Stadyumu (İstanbul)
1739379600,Feb 12 2025 - 5:00pm,complete,N/A,Amed,Bandırmaspor,Reşat Onur Coşkunses,24,1.58,1.27,1.74,1.26,2,1,3,1,1,0,"10,90","81",6,6,5,0,3,0,1,4,1,2,15,10,4,5,11,5,10,16,50,50,1.66,1.28,1.58,1.40,2.35,49,70,39,26,9,35,70,39,74,9.39,4.15,2.00,3.30,3.75,1.31,2.08,3.50,6.65,1.85,1.82,Diyarbakır Stadyumu (Diyarbakır)
1739444400,Feb 13 2025 - 11:00am,complete,N/A,Pendikspor,Boluspor,Yunus Dursun,24,1.45,1.27,1.42,1.42,1,0,1,1,1,0,"16","",3,2,1,0,4,0,0,1,2,2,10,7,7,3,3,4,12,10,43,57,1.25,1.45,1.44,0.99,2.32,55,73,36,18,5,32,73,27,73,10.09,4.64,2.00,3.25,3.75,1.28,2.05,3.58,7.70,1.83,1.85,Siltaş Yapı Pendik Stadyumu (İstanbul)
1739455200,Feb 13 2025 - 2:00pm,complete,N/A,Şanlıurfaspor,Sakaryaspor,Ümit Öztürk,24,1.82,1.00,1.26,0.84,0,1,1,0,0,0,"","63",2,6,1,1,2,0,0,2,0,2,16,14,3,4,13,10,9,18,54,46,1.31,1.09,1.60,1.42,3.00,61,83,61,44,18,35,60,49,87,8.51,5.40,2.63,3.20,2.63,1.30,2.08,3.50,6.95,1.80,1.87,Şanlıurfa 11 Nisan Stadyumu (Şanlıurfa)
1739466000,Feb 13 2025 - 5:00pm,complete,N/A,Ümraniyespor,İstanbulspor,İlker Yasin Avcı,24,1.73,0.91,1.68,1.05,2,1,3,2,1,1,"27,79","45'1",5,6,2,1,1,0,0,3,1,0,18,15,6,6,12,9,12,13,37,63,1.51,1.53,1.91,1.86,2.73,60,69,55,27,14,27,78,50,82,10.44,3.91,2.50,3.32,2.74,1.22,1.81,2.83,5.20,1.65,2.10,Spoi̇nt İnşaat Ümrani̇yespor Stadyumu (İstanbul)
1739466000,Feb 13 2025 - 5:00pm,complete,N/A,Ankaragücü,Fatih Karagümrük,Muhammetali Metoğlu,24,1.82,1.45,1.74,1.47,0,1,1,0,0,0,"","81",3,5,4,0,2,0,1,3,1,1,3,8,0,7,3,1,13,13,51,49,1.66,1.26,0.45,1.28,2.50,55,69,50,27,5,27,69,45,78,9.71,4.55,1.87,3.48,4.05,1.26,1.99,3.42,7.20,1.83,1.85,Eryaman Stadyumu (Ankara)
1739624400,Feb 15 2025 - 1:00pm,complete,N/A,Yeni Malatyaspor,Manisa BBSK,Oğuzhan Aksu,25,0.00,1.25,0.00,1.32,0,6,6,2,0,2,"","33,44,55,59,71,74",3,4,2,0,1,0,2,0,1,0,4,21,2,11,2,7,9,17,31,69,0.77,1.34,0.00,0.00,3.37,43,79,66,44,31,49,79,61,83,5.75,4.75,16.09,10.08,1.04,0.00,0.00,0.00,0.00,0.00,0.00,Yeni Malatya Stadyumu (Malatya)
1739635200,Feb 15 2025 - 4:00pm,complete,N/A,Kocaelispor,Çorum Belediyespor,Ali Yılmaz,25,2.17,1.36,2.11,1.11,2,0,2,1,1,0,"2,71","",2,2,2,0,2,1,1,1,0,3,11,8,5,3,6,5,13,9,44,56,1.63,1.24,1.35,0.94,2.22,30,66,48,18,5,31,75,39,65,8.31,5.24,1.75,3.52,4.64,1.36,2.05,4.00,7.50,1.98,1.72,Yıldız Entegre Kocaeli Stadyumu (Kocaeli)
1739701800,Feb 16 2025 - 10:30am,complete,N/A,76 Iğdır Belediyespor,Keçiörengücü,Ayberk Demirbaş,25,1.42,1.67,1.79,1.53,3,0,3,1,1,0,"35,52,60","",5,5,0,0,0,0,0,0,0,0,12,11,6,4,6,7,16,9,50,50,1.34,1.23,1.44,1.34,2.09,42,59,33,13,4,17,58,38,75,9.59,5.16,1.83,3.43,4.11,1.28,1.98,3.50,7.10,1.88,1.80,Iğdır Şehir Stadyumu (Iğdır)
1739701800,Feb 16 2025 - 10:30am,complete,N/A,Boluspor,Amed,Furkan Aksuoğlu,25,1.58,1.09,1.79,1.26,0,0,0,0,0,0,"","",6,1,1,0,1,2,0,1,0,3,11,5,6,2,5,3,12,11,70,30,1.64,1.15,1.68,0.68,2.11,43,64,30,17,9,18,69,43,64,7.80,4.56,2.12,3.17,3.20,1.38,2.10,4.00,8.00,1.83,1.83,Bolu Atatürk Stadyumu (Bolu)
1739710800,Feb 16 2025 - 1:00pm,complete,N/A,Gençlerbirliği,Pendikspor,Mehmet Ali Özer,25,2.00,1.42,2.11,1.11,3,0,3,2,2,0,"35,45,76","",3,5,0,0,4,2,0,0,4,2,18,8,6,0,12,8,15,9,68,32,1.65,1.21,1.91,0.84,2.21,38,67,34,9,4,21,75,25,71,9.27,5.51,2.12,3.15,3.23,1.36,2.05,3.75,7.50,1.83,1.83,Eryaman Stadyumu (Ankara)
1739721600,Feb 16 2025 - 4:00pm,complete,N/A,Erokspor,BB Erzurumspor,Raşit Yorgancılar,25,1.50,1.27,1.53,1.58,1,2,3,2,0,2,"90'3","3,7",6,4,1,0,3,0,0,1,1,2,23,10,5,5,18,5,11,17,65,35,1.56,1.13,2.11,1.30,2.61,56,69,48,30,14,30,69,39,74,9.63,3.80,3.17,3.20,2.28,1.36,2.05,3.75,7.50,1.85,1.83,Esenler Erokspor Stadyumu (İstanbul)
1739790000,Feb 17 2025 - 11:00am,complete,N/A,Bandırmaspor,İstanbulspor,Gürcan Hasova,25,1.92,0.83,2.11,1.05,1,0,1,1,1,0,"26","",5,8,4,0,2,1,1,3,1,2,14,15,6,6,8,9,16,10,46,54,1.68,1.56,1.71,1.72,2.75,59,71,54,34,21,33,79,42,84,11.57,5.25,2.23,3.32,3.17,1.33,1.93,3.50,6.50,1.73,2.00,Bandırma 17 Eylül Stadı (Bandırma)
1739800800,Feb 17 2025 - 2:00pm,complete,N/A,Adanaspor,Ümraniyespor,Yusuf Ziya Gündüz,25,1.18,1.08,0.89,1.11,1,1,2,0,0,0,"85","49",11,3,3,0,3,1,0,3,2,2,27,9,6,3,21,6,11,16,66,34,1.37,1.27,2.71,0.99,2.61,49,70,52,30,9,35,70,57,70,8.24,4.50,2.78,3.37,2.44,1.30,1.97,3.30,6.50,1.73,2.00,Yeni Adana Stadyumu (Adana)
1739811600,Feb 17 2025 - 5:00pm,complete,N/A,Fatih Karagümrük,Şanlıurfaspor,Batuhan Kolak,25,2.17,0.67,2.00,0.84,1,1,2,1,1,0,"21","49",4,1,4,0,2,0,1,3,0,2,16,7,7,2,9,5,15,14,57,43,1.32,0.99,1.82,0.84,2.50,34,63,42,30,17,46,71,42,63,7.50,4.92,1.59,3.91,5.26,1.25,1.88,3.10,5.50,2.00,1.73,Atatürk Olimpiyat Stadı (İstanbul)
1739811600,Feb 17 2025 - 5:00pm,complete,N/A,Sakaryaspor,Ankaragücü,Alpaslan Şen,25,1.64,0.83,1.84,0.79,2,2,4,1,1,0,"21,84","59,61",3,0,2,0,7,2,0,2,0,9,6,5,2,4,4,1,18,19,45,55,1.50,1.49,0.81,0.75,2.22,49,62,44,18,9,39,61,35,74,8.72,4.69,2.52,3.22,2.79,1.33,1.95,3.60,7.00,1.80,1.91,Yeni Sakarya Atatürk Stadyumu (Adapazarı)
1740157200,Feb 21 2025 - 5:00pm,complete,N/A,Manisa BBSK,Boluspor,Burak Olcar,26,1.25,1.17,1.21,1.42,0,2,2,1,0,1,"","37,67",5,2,2,0,0,0,0,2,0,0,11,14,6,6,5,8,14,9,65,35,1.62,1.42,1.40,1.55,2.38,50,67,38,21,8,34,79,29,59,11.25,4.92,2.23,3.35,3.13,1.31,2.05,3.58,7.10,1.80,1.86,Manisa 19 Mayıs Stadyumu (Manisa)
1740220200,Feb 22 2025 - 10:30am,complete,N/A,Keçiörengücü,Gençlerbirliği,Burak Pakkan,26,1.42,1.33,1.16,1.47,3,3,6,4,1,3,"22,57,90","29,38,45'1",7,4,6,0,1,0,3,3,0,1,13,11,6,5,7,6,9,13,59,41,1.60,1.22,1.64,1.26,2.75,50,71,54,29,17,42,75,42,67,9.08,4.42,2.16,3.30,3.09,1.30,1.88,3.42,6.55,1.79,1.87,Aktepe Stadı (Ankara)
1740220200,Feb 22 2025 - 10:30am,complete,N/A,Şanlıurfaspor,Kocaelispor,Saperbaris Saka,26,1.67,2.08,1.26,1.68,0,0,0,0,0,0,"","",5,6,1,0,2,0,0,1,2,0,9,11,5,4,4,7,9,13,48,52,1.33,1.37,1.20,1.31,2.75,46,71,54,34,13,29,58,54,84,8.58,4.17,4.06,3.33,1.83,1.36,2.10,3.75,7.50,1.91,1.80,Şanlıurfa 11 Nisan Stadyumu (Şanlıurfa)
1740229200,Feb 22 2025 - 1:00pm,complete,N/A,Çorum Belediyespor,Adanaspor,Turgut Doman,26,1.77,0.46,1.79,0.68,1,1,2,1,0,1,"72","45'1",12,1,2,0,3,0,2,0,2,1,20,11,6,6,14,5,9,7,74,26,1.43,1.01,2.29,1.34,2.35,35,62,35,31,8,20,62,46,73,10.54,5.61,1.58,3.83,5.01,1.28,1.81,3.20,6.00,1.83,1.83,Çorum Şehir Stadyumu (Çorum)
1740240000,Feb 22 2025 - 4:00pm,complete,N/A,İstanbulspor,Fatih Karagümrük,Mehmet Türkmen,26,2.17,1.58,2.28,1.47,2,0,2,0,0,0,"49,83","",5,4,1,0,0,0,0,1,0,0,15,10,8,2,7,8,13,5,52,48,1.77,1.26,1.76,1.12,2.59,42,63,59,38,9,42,67,42,75,8.74,4.08,2.25,3.25,2.75,1.28,1.80,3.25,6.00,1.67,2.10,Esenyurt Necmi Kadıoğlu Stadyumu (İstanbul)
1740240000,Feb 22 2025 - 4:00pm,complete,N/A,Ankaragücü,Bandırmaspor,Batuhan Kolak,26,1.67,1.17,1.74,1.26,4,0,4,1,1,0,"7,76,90'1,90'3","",0,9,1,0,4,0,1,0,3,1,9,16,5,7,4,9,17,11,44,56,1.56,1.29,1.08,2.00,2.34,50,71,42,17,8,25,67,42,79,10.42,4.00,1.80,3.30,3.80,1.33,1.95,3.60,7.00,1.83,1.83,Eryaman Stadyumu (Ankara)
1740306600,Feb 23 2025 - 10:30am,complete,N/A,BB Erzurumspor,76 Iğdır Belediyespor,Arda Kardeşler,26,2.00,1.00,1.79,1.26,0,0,0,0,0,0,"","",4,3,1,0,1,0,0,1,0,1,4,3,3,0,1,3,15,13,47,53,1.50,1.08,0.76,0.57,2.17,24,65,37,20,4,28,69,32,64,7.57,6.10,2.20,3.10,3.60,1.47,2.40,4.75,9.50,2.05,1.75,Kazım Karabekir Stadyumu (Erzurum)
1740306600,Feb 23 2025 - 10:30am,complete,N/A,Pendikspor,Erokspor,İlker Yasin Avcı,26,1.58,1.33,1.42,1.21,2,2,4,3,2,1,"28,45'6","10,79",7,2,1,0,2,0,0,1,0,2,12,16,5,6,7,10,13,12,47,53,1.27,1.08,1.51,1.73,2.21,33,67,42,17,0,13,71,42,75,8.67,5.00,1.78,3.75,4.33,1.30,1.90,3.40,6.50,1.83,1.95,Siltaş Yapı Pendik Stadyumu (İstanbul)
1740315600,Feb 23 2025 - 1:00pm,complete,N/A,Amed,Yeni Malatyaspor,Melih Kurt,26,1.69,0.00,1.74,0.00,4,0,4,3,3,0,"14,29,38,47","",10,0,2,0,2,1,1,1,1,2,24,0,8,0,10,0,11,10,74,26,1.65,0.57,0.00,0.00,3.08,39,85,62,31,16,31,77,58,89,5.93,4.92,1.01,10.54,19.19,0.00,0.00,0.00,1.85,0.00,0.00,Diyarbakır Stadyumu (Diyarbakır)
1740326400,Feb 23 2025 - 4:00pm,complete,N/A,Ümraniyespor,Sakaryaspor,Davut Dakul Çelik,26,1.83,1.15,1.68,0.84,0,0,0,0,0,0,"","",4,2,3,0,1,0,1,2,1,0,10,7,3,3,7,4,16,18,47,53,1.55,1.11,1.08,1.02,2.89,60,80,56,32,16,32,80,44,80,9.13,5.54,2.20,3.20,3.00,1.30,1.89,3.30,6.50,1.67,2.10,Spoi̇nt İnşaat Ümrani̇yespor Stadyumu (İstanbul)
1740762000,Feb 28 2025 - 5:00pm,complete,N/A,Gençlerbirliği,Manisa BBSK,Alpaslan Şen,27,2.08,1.38,2.11,1.32,3,0,3,3,3,0,"6,11,23","",4,2,3,0,1,0,1,2,0,1,13,12,7,6,6,6,15,7,48,52,1.67,1.34,1.59,1.45,2.50,39,70,43,19,16,27,77,42,81,9.08,4.85,1.80,3.30,4.00,1.29,1.95,3.30,7.00,1.80,1.91,Eryaman Stadyumu (Ankara)
1740825000,Mar 01 2025 - 10:30am,complete,N/A,Yeni Malatyaspor,Şanlıurfaspor,Yunus Dursun,27,0.00,0.69,0.00,0.84,1,4,5,3,0,3,"82","7,22,39,79",1,8,3,0,3,1,2,1,3,1,10,20,3,10,5,8,12,16,45,55,0.77,0.98,0.00,0.00,3.16,40,76,57,37,29,53,76,48,76,5.03,4.38,14.44,8.80,1.04,0.00,0.00,1.06,0.00,0.00,0.00,Yeni Malatya Stadyumu (Malatya)
1740825000,Mar 01 2025 - 10:30am,complete,N/A,Erokspor,Amed,Saperbaris Saka,27,1.38,1.08,1.53,1.26,1,1,2,2,1,1,"9","33",5,4,0,0,0,0,0,0,0,0,11,14,7,11,4,3,15,6,52,48,1.61,1.11,1.49,2.08,2.06,55,64,31,20,4,32,68,24,64,8.48,4.98,2.66,3.21,2.64,1.29,2.00,3.60,7.50,1.76,2.01,Esenler Erokspor Stadyumu (İstanbul)
1740834000,Mar 01 2025 - 1:00pm,complete,N/A,76 Iğdır Belediyespor,Çorum Belediyespor,Süleyman Bahadır,27,1.54,1.25,1.79,1.11,1,0,1,1,1,0,"14","",4,2,4,0,2,0,0,4,2,0,14,6,5,2,9,4,16,13,43,57,1.35,1.21,1.53,0.69,2.17,28,57,40,17,8,29,73,32,64,8.96,5.30,1.92,3.35,3.70,1.31,2.07,3.58,7.20,1.86,1.80,Iğdır Şehir Stadyumu (Iğdır)
1740850200,Mar 01 2025 - 5:30pm,complete,N/A,Pendikspor,Keçiörengücü,Oğuzhan Aksu,27,1.54,1.54,1.42,1.53,0,2,2,0,0,0,"","48,74",5,4,4,0,3,0,2,2,1,2,11,13,2,7,9,6,13,13,61,39,1.29,1.24,1.18,1.51,2.19,42,70,38,19,0,19,66,39,77,9.31,4.69,2.05,3.30,3.10,1.25,1.91,3.30,7.00,1.67,2.10,Siltaş Yapı Pendik Stadyumu (İstanbul)
1740911400,Mar 02 2025 - 10:30am,complete,N/A,Bandırmaspor,Ümraniyespor,Ömer Faruk Turtay,27,2.00,1.08,2.11,1.11,2,0,2,1,1,0,"45'1,68","",7,4,2,0,2,0,1,1,1,1,11,6,5,3,6,3,12,17,49,51,1.68,1.25,1.43,0.78,2.66,42,69,50,35,16,35,77,46,73,10.00,6.07,1.89,3.52,3.62,1.22,1.86,3.14,6.40,1.71,1.97,Bandırma 17 Eylül Stadı (Balıkesir)
1740911400,Mar 02 2025 - 10:30am,complete,N/A,Boluspor,BB Erzurumspor,Abdullah Buğra Taşkınsoy,27,1.54,1.42,1.79,1.58,0,0,0,0,0,0,"","",1,4,2,0,4,0,1,1,1,3,10,8,3,3,7,5,9,19,53,47,1.64,1.15,1.13,1.03,2.52,44,68,48,24,17,20,68,52,72,8.88,3.44,2.60,3.00,2.95,1.47,2.40,4.75,9.50,2.00,1.75,Aktepe Stadı (Ankara)
1740920400,Mar 02 2025 - 1:00pm,complete,N/A,Adanaspor,Ankaragücü,Mehmet Ali Özer,27,1.17,0.85,0.89,0.79,2,0,2,1,1,0,"5,82","",0,8,2,0,0,0,0,2,0,0,10,13,3,5,7,8,13,9,33,67,1.48,1.44,1.15,1.65,2.45,53,65,40,24,16,28,60,49,76,8.27,5.00,3.60,3.40,2.05,1.33,2.00,3.60,7.00,1.83,1.95,Yeni Adana Stadyumu (Adana)
1740936600,Mar 02 2025 - 5:30pm,complete,N/A,Sakaryaspor,Fatih Karagümrük,Yiğit Arslan,27,1.58,1.46,1.84,1.47,1,3,4,1,1,0,"23","60,71,90'5",2,4,3,0,3,0,0,3,2,1,6,15,4,7,2,8,19,16,49,51,1.45,1.25,0.97,1.67,2.44,61,69,52,32,0,37,65,48,72,8.34,4.71,2.46,3.32,2.62,1.26,1.89,3.14,5.85,1.69,2.00,Yeni Sakarya Atatürk Stadyumu (Sakarya)
1741023000,Mar 03 2025 - 5:30pm,complete,N/A,Kocaelispor,İstanbulspor,Davut Dakul Çelik,27,2.23,0.77,2.11,1.05,1,1,2,1,1,0,"44","90'1",5,4,2,0,5,0,0,2,3,2,19,9,5,5,14,4,8,16,44,56,1.61,1.58,1.87,1.29,2.31,47,66,50,16,4,23,73,38,81,10.38,4.46,1.87,3.50,4.20,1.36,2.05,3.75,7.50,1.90,1.85,Yıldız Entegre Kocaeli Stadyumu (Kocaeli)
1741093200,Mar 04 2025 - 1:00pm,complete,N/A,Manisa BBSK,76 Iğdır Belediyespor,Turgut Doman,28,1.15,1.00,1.21,1.26,0,1,1,0,0,0,"","74",3,12,1,0,0,0,0,1,0,0,10,19,4,5,6,14,13,9,32,68,1.60,1.04,1.11,2.05,2.23,27,62,38,23,8,27,73,27,50,9.76,5.70,2.80,3.20,2.25,1.28,2.00,3.25,6.07,1.73,1.95,Manisa 19 Mayıs Stadyumu (Manisa)
1741109400,Mar 04 2025 - 5:30pm,complete,N/A,Amed,Gençlerbirliği,İlker Yasin Avcı,28,1.79,1.31,1.74,1.47,1,1,2,1,0,1,"79","41",8,1,2,0,4,0,1,1,1,3,19,10,8,3,11,7,11,10,64,36,1.65,1.22,2.34,1.11,2.56,49,67,52,30,11,34,63,45,74,9.29,4.88,2.13,3.20,3.52,1.39,2.20,4.11,8.00,1.98,1.73,Diyarbakır Stadyumu (Diyarbakır)
1741170600,Mar 05 2025 - 10:30am,complete,N/A,Keçiörengücü,Erokspor,Direnç Tonusluoğlu,28,1.38,1.31,1.16,1.21,2,2,4,1,1,0,"39,85","73,90'1",6,2,4,0,4,0,1,3,1,3,16,14,9,5,7,9,12,12,53,47,1.60,1.14,1.97,1.45,2.96,46,81,58,31,16,39,89,50,77,8.77,4.77,1.89,3.57,3.83,1.22,1.83,2.88,5.30,1.73,2.00,Aktepe Stadı (Ankara)
1741179600,Mar 05 2025 - 1:00pm,complete,N/A,Çorum Belediyespor,Boluspor,Alpaslan Şen,28,1.71,1.31,1.79,1.42,0,2,2,0,0,0,"","56,80",3,3,5,0,3,0,2,3,2,1,15,10,6,6,9,4,20,19,59,41,1.50,1.43,1.72,1.31,2.30,56,74,30,22,4,23,75,37,74,11.75,4.72,1.98,3.24,3.65,1.35,2.05,3.60,7.25,1.88,1.80,Çorum Şehir Stadyumu (Çorum)
1741179600,Mar 05 2025 - 1:00pm,complete,N/A,Şanlıurfaspor,Adanaspor,Reşat Onur Coşkunses,28,1.62,0.50,1.26,0.68,1,2,3,2,1,1,"14","33,50",7,2,3,0,5,0,2,1,2,3,14,5,5,3,9,2,13,16,66,34,1.32,1.03,1.63,0.72,2.53,38,60,45,34,15,30,48,41,78,7.58,4.78,2.05,3.36,3.55,1.32,2.04,3.54,6.75,1.83,1.85,Şanlıurfa 11 Nisan Stadyumu (Şanlıurfa)
1741195800,Mar 05 2025 - 5:30pm,complete,N/A,Fatih Karagümrük,Bandırmaspor,Atilla Karaoğlan,28,2.08,1.08,2.00,1.26,1,2,3,1,0,1,"90'5","9,90'6",6,5,1,0,5,0,0,1,3,2,14,12,5,5,9,7,14,20,67,33,1.36,1.35,1.69,1.31,2.58,43,70,42,35,12,39,77,42,70,9.16,4.70,1.97,3.48,3.67,1.23,1.88,3.08,6.05,1.73,2.00,Atatürk Olimpiyat Stadı (İstanbul)
1741257000,Mar 06 2025 - 10:30am,complete,N/A,BB Erzurumspor,Pendikspor,Saperbaris Saka,28,1.93,1.31,1.79,1.11,2,4,6,3,2,1,"3,12","17,47,69,90'12",3,8,6,1,5,0,3,4,0,5,10,17,7,12,3,5,18,16,31,69,1.44,1.18,1.38,2.29,2.28,30,67,42,15,4,30,67,34,70,8.31,6.13,2.04,3.15,3.56,1.38,2.10,3.75,7.50,1.93,1.77,Aktepe Stadı (Ankara)
1741266000,Mar 06 2025 - 1:00pm,complete,N/A,İstanbulspor,Sakaryaspor,Oğuzhan Aksu,28,2.23,1.14,2.28,0.84,3,0,3,2,2,0,"23,28,60","",5,5,3,0,0,0,3,0,0,0,13,12,7,7,6,5,10,5,45,55,1.77,1.11,1.60,1.56,2.63,40,74,56,34,15,38,67,41,78,9.14,4.75,1.89,3.56,3.86,1.28,1.85,3.00,5.55,1.73,2.00,Esenyurt Necmi Kadıoğlu Stadyumu (İstanbul)
1741266000,Mar 06 2025 - 1:00pm,complete,N/A,Ankaragücü,Yeni Malatyaspor,Yusuf Ziya Gündüz,28,1.77,0.00,1.74,0.00,3,0,3,2,2,0,"4,37,52","",10,0,1,0,1,0,0,1,0,1,21,4,6,0,7,4,13,15,67,33,1.52,0.57,0.00,0.00,3.09,34,85,63,29,15,26,74,55,93,6.23,4.43,1.01,10.65,19.00,0.00,0.00,0.00,2.15,0.00,0.00,Eryaman Stadyumu (Ankara)
1741282200,Mar 06 2025 - 5:30pm,complete,N/A,Ümraniyespor,Kocaelispor,Gürcan Hasova,28,1.77,2.00,1.68,1.68,1,1,2,1,1,0,"44","69",7,11,4,0,4,1,2,2,2,3,13,17,6,5,7,12,13,13,53,47,1.51,1.36,1.55,1.81,2.58,46,69,50,23,12,27,77,50,69,9.31,4.38,3.82,3.36,1.97,1.33,2.02,3.60,6.40,1.82,1.94,Spoi̇nt İnşaat Ümrani̇yespor Stadyumu (İstanbul)
1741429800,Mar 08 2025 - 10:30am,complete,N/A,76 Iğdır Belediyespor,Şanlıurfaspor,Davut Dakul Çelik,29,1.64,0.86,1.79,0.84,2,2,4,1,0,1,"75,90'14","42,60",11,3,2,0,4,0,1,1,0,4,16,14,4,11,12,3,9,9,73,27,1.36,0.98,1.72,1.83,2.25,40,57,40,14,14,29,68,36,68,8.86,5.07,1.73,3.50,4.75,0.00,2.15,0.00,0.00,2.00,1.73,Iğdır Şehir Stadyumu (Iğdır)
1741455000,Mar 08 2025 - 5:30pm,complete,N/A,Erokspor,Manisa BBSK,Ali Yılmaz,29,1.36,1.29,1.53,1.32,1,1,2,2,1,1,"44","23",4,4,0,0,1,0,0,0,1,0,8,12,2,3,6,7,10,11,65,35,1.60,1.35,1.19,1.10,2.89,61,83,57,33,15,47,83,47,79,9.07,4.50,2.10,3.25,3.40,0.00,1.90,0.00,0.00,1.73,2.00,Esenler Erokspor Stadyumu (İstanbul)
1741516200,Mar 09 2025 - 10:30am,complete,N/A,Yeni Malatyaspor,Ümraniyespor,Burak Olcar,29,0.00,1.00,0.00,1.11,0,5,5,2,0,2,"","17,24,83,87,90'4",2,5,0,0,0,0,0,0,0,0,4,24,3,11,0,5,10,12,38,62,0.77,1.22,0.00,0.00,3.29,37,78,64,46,23,53,78,56,82,6.02,4.72,15.47,9.72,1.03,0.00,0.00,0.00,2.20,0.00,0.00,Yeni Malatya Stadyumu (Malatya)
1741525200,Mar 09 2025 - 1:00pm,complete,N/A,Adanaspor,Fatih Karagümrük,Ömer Faruk Turtay,29,1.31,1.57,0.89,1.47,1,2,3,1,0,1,"71","38,77",6,3,3,0,1,0,2,1,0,1,14,7,6,5,8,2,11,13,55,45,1.45,1.28,1.78,1.04,2.56,60,71,44,33,8,26,63,56,74,8.00,4.51,4.10,3.50,1.83,0.00,2.08,3.90,0.00,1.91,1.80,Yeni Adana Stadyumu (Adana)
1741525200,Mar 09 2025 - 1:00pm,complete,N/A,Gençlerbirliği,Çorum Belediyespor,Ömer Tolga Güldibi,29,2.14,1.15,2.11,1.11,1,2,3,1,0,1,"71","32,53",9,6,2,0,2,0,0,2,1,1,23,8,6,3,17,5,10,6,60,40,1.67,1.17,2.35,0.91,2.04,26,63,34,12,4,30,82,23,63,8.38,5.14,1.92,3.28,3.77,0.00,2.15,3.17,0.00,1.91,1.80,Eryaman Stadyumu (Ankara)
1741541400,Mar 09 2025 - 5:30pm,complete,N/A,Sakaryaspor,Bandırmaspor,Saperbaris Saka,29,1.46,1.21,1.84,1.26,2,2,4,3,2,1,"8,13","3,69",4,2,1,0,2,0,0,1,0,2,10,12,4,8,6,4,10,13,52,48,1.41,1.35,1.27,1.62,2.56,63,78,56,30,4,34,74,52,74,9.30,4.67,1.80,3.28,3.59,1.29,1.90,3.30,2.51,1.83,1.83,Yeni Sakarya Atatürk Stadyumu (Sakarya)
1741602600,Mar 10 2025 - 10:30am,complete,N/A,Keçiörengücü,BB Erzurumspor,Oğuzhan Çakır,29,1.36,1.38,1.16,1.58,1,3,4,2,0,2,"65","16,40,87",5,6,6,0,2,0,1,5,0,2,11,9,3,5,8,4,20,16,58,42,1.63,1.14,1.44,1.09,2.91,48,70,55,33,26,40,77,44,67,9.67,4.21,2.47,3.06,2.81,1.36,2.10,3.70,6.85,1.83,1.83,Aktepe Stadı (Ankara)
1741611600,Mar 10 2025 - 1:00pm,complete,N/A,Boluspor,İstanbulspor,Yusuf Ziya Gündüz,29,1.50,0.79,1.79,1.05,1,0,1,1,1,0,"30","",0,7,1,0,2,0,1,0,0,2,7,11,4,2,3,9,15,17,41,59,1.60,1.56,0.89,1.37,2.36,54,68,47,21,7,22,75,47,79,9.99,4.08,2.48,3.08,2.78,1.36,2.15,3.70,6.80,1.83,1.83,Spoi̇nt İnşaat Ümrani̇yespor Stadyumu (İstanbul)
1741611600,Mar 10 2025 - 1:00pm,complete,N/A,Pendikspor,Amed,Batuhan Kolak,29,1.43,1.08,1.42,1.26,0,1,1,0,0,0,"","90'4",3,4,5,1,1,0,0,6,0,1,6,12,5,2,1,10,10,15,47,53,1.28,1.19,1.11,1.31,1.80,37,55,22,15,4,22,59,22,55,8.45,5.05,2.53,3.12,2.69,1.40,2.15,4.20,8.50,1.83,1.83,Siltaş Yapı Pendik Stadyumu (İstanbul)
1741627800,Mar 10 2025 - 5:30pm,complete,N/A,Kocaelispor,Ankaragücü,Yiğit Arslan,29,2.14,0.79,2.11,0.79,1,1,2,1,0,1,"79","26",2,1,3,0,3,0,3,0,0,3,16,11,5,6,11,5,8,13,63,37,1.62,1.45,1.79,1.29,2.22,36,64,40,14,7,22,68,33,83,8.57,5.07,1.70,3.70,4.75,1.33,2.05,3.60,7.10,2.00,1.73,Yıldız Entegre Kocaeli Stadyumu (Kocaeli)
1741957200,Mar 14 2025 - 1:00pm,complete,N/A,Bandırmaspor,Adanaspor,Gürcan Hasova,30,2.07,0.67,2.11,0.68,1,0,1,0,0,0,"55","",7,5,2,1,3,0,2,1,1,2,9,8,8,5,1,3,14,12,38,62,1.66,1.01,1.50,1.36,2.59,38,66,42,32,21,31,77,35,72,9.19,6.36,1.66,3.68,4.52,1.23,1.82,2.97,5.70,1.78,1.88,Bandırma 17 Eylül Stadı (Balıkesir)
1741973400,Mar 14 2025 - 5:30pm,complete,N/A,Şanlıurfaspor,Erokspor,Mehmet Ali Özer,30,1.50,1.29,1.26,1.21,0,2,2,1,0,1,"","45'3,50",2,3,0,0,6,0,0,0,0,6,9,11,3,6,6,5,4,12,70,30,1.34,1.16,1.52,1.38,2.64,47,72,57,33,7,25,58,50,86,7.79,4.57,2.44,3.29,2.85,1.24,1.95,3.28,6.75,1.69,2.00,Şanlıurfa 11 Nisan Stadyumu (Şanlıurfa)
1742034600,Mar 15 2025 - 10:30am,complete,N/A,Manisa BBSK,Pendikspor,Furkan Aksuoğlu,30,1.07,1.43,1.21,1.11,2,0,2,1,1,0,"24,74","",3,6,1,0,2,0,1,0,2,0,9,13,5,5,4,8,10,8,41,59,1.57,1.27,1.24,1.59,2.57,36,68,47,21,11,32,75,33,64,10.60,6.04,2.36,3.31,2.95,1.30,1.94,3.20,6.45,1.73,2.00,Manisa 19 Mayıs Stadyumu (Manisa)
1742043600,Mar 15 2025 - 1:00pm,complete,N/A,Ümraniyespor,Boluspor,Oğuzhan Aksu,30,1.71,1.43,1.68,1.42,1,0,1,0,0,0,"59","",3,3,5,0,5,1,3,2,3,3,6,10,3,3,3,7,22,11,45,55,1.51,1.42,0.93,1.18,2.50,57,75,40,18,11,33,79,36,71,9.22,4.43,2.25,3.10,2.80,1.33,1.91,3.55,6.65,1.73,2.00,Spoi̇nt İnşaat Ümrani̇yespor Stadyumu (İstanbul)
1742059800,Mar 15 2025 - 5:30pm,complete,N/A,Ankaragücü,76 Iğdır Belediyespor,Alpaslan Şen,30,1.86,1.14,1.74,1.26,0,4,4,1,0,1,"","15,58,62,70",7,2,3,0,0,0,0,3,0,0,15,12,5,7,10,5,7,13,54,46,1.52,1.11,1.88,1.73,2.25,29,64,43,18,7,25,64,32,68,9.57,4.79,2.38,3.00,2.90,1.29,2.05,3.50,7.30,1.80,1.91,Eryaman Stadyumu (Ankara)
1742059800,Mar 15 2025 - 5:30pm,complete,N/A,Sakaryaspor,Yeni Malatyaspor,Erdem Mertoğlu,30,1.43,0.00,1.84,0.00,5,0,5,3,3,0,"12,41,45'1,86,90","",8,0,0,0,2,0,0,0,1,1,22,4,8,0,7,3,12,7,63,37,1.40,0.57,0.00,0.00,3.19,49,90,72,38,10,42,79,55,86,5.14,4.62,1.01,10.62,18.98,0.00,0.00,1.55,0.00,0.00,0.00,Yeni Sakarya Atatürk Stadyumu (Sakarya)
1742121000,Mar 16 2025 - 10:30am,complete,N/A,İstanbulspor,Gençlerbirliği,Direnç Tonusluoğlu,30,2.29,1.29,2.28,1.47,5,0,5,2,2,0,"15,27,57,71,77","",2,3,1,0,2,0,1,0,2,0,16,6,8,2,8,4,8,13,45,55,1.76,1.21,1.99,0.92,2.61,39,68,57,29,14,40,61,43,75,8.72,4.07,2.15,3.25,3.30,1.28,2.00,3.20,6.05,1.80,1.91,Esenyurt Necmi Kadıoğlu Stadyumu (İstanbul)
1742121000,Mar 16 2025 - 10:30am,complete,N/A,Çorum Belediyespor,Keçiörengücü,Abdullah Buğra Taşkınsoy,30,1.60,1.64,1.79,1.53,3,2,5,3,1,2,"6,62,90'6","4,20",3,2,0,1,3,0,0,1,2,1,14,14,9,6,5,8,11,17,56,44,1.51,1.26,1.96,1.64,2.21,45,76,32,21,0,11,59,55,83,11.14,5.23,2.00,3.40,3.50,1.26,1.95,3.14,6.15,1.80,1.91,Çorum Şehir Stadyumu (Çorum)
1742130000,Mar 16 2025 - 1:00pm,complete,N/A,Amed,BB Erzurumspor,Fatih Tokail,30,1.73,1.50,1.74,1.58,1,2,3,1,0,1,"54","27,76",3,0,2,0,5,0,0,2,1,4,13,6,7,4,6,2,16,17,57,43,1.71,1.13,1.70,0.85,2.49,45,65,49,28,14,31,65,42,72,9.97,4.33,2.20,3.10,3.40,1.41,2.40,4.60,9.00,2.00,1.73,Diyarbakır Stadyumu (Diyarbakır)
1742146200,Mar 16 2025 - 5:30pm,complete,N/A,Fatih Karagümrük,Kocaelispor,Muhammetali Metoğlu,30,1.93,1.93,2.00,1.68,1,1,2,0,0,0,"69","46",5,1,3,2,4,0,0,5,0,4,7,10,4,6,3,4,19,17,59,41,1.38,1.40,1.17,1.28,2.54,40,68,43,29,11,32,79,47,68,9.35,4.93,2.63,3.20,2.63,1.28,2.05,3.42,6.70,1.80,1.91,Atatürk Olimpiyat Stadı (İstanbul)
1743166800,Mar 28 2025 - 1:00pm,complete,N/A,Boluspor,Bandırmaspor,Mehmet Özer,31,1.60,1.20,1.79,1.26,0,0,0,0,0,0,"","",3,2,2,0,4,0,0,2,1,3,10,5,2,3,8,2,12,13,61,39,1.55,1.37,1.06,0.82,2.44,50,74,47,27,7,23,77,50,74,8.74,4.00,2.25,3.32,3.13,1.30,2.10,3.72,7.70,1.83,1.83,Çorum Şehir Stadyumu (Çorum)
1743166800,Mar 28 2025 - 1:00pm,complete,N/A,BB Erzurumspor,Manisa BBSK,Oğuzhan Aksu,31,1.80,1.27,1.79,1.32,1,0,1,0,0,0,"84","",4,1,2,0,2,1,1,1,3,0,15,6,5,2,10,4,15,11,57,43,1.44,1.33,1.65,0.71,2.60,37,70,47,27,17,37,70,50,73,8.00,5.47,1.70,3.50,4.10,1.23,1.95,3.14,6.50,1.83,1.83,Kazım Karabekir Stadyumu (Erzurum)
1743183000,Mar 28 2025 - 5:30pm,complete,N/A,Gençlerbirliği,Şanlıurfaspor,Alpaslan Şen,31,2.00,0.87,2.11,0.84,1,0,1,0,0,0,"78","",4,4,3,0,1,0,1,2,1,0,15,8,5,2,9,6,10,6,55,45,1.72,1.04,1.53,1.02,2.30,43,70,40,14,10,30,77,34,73,8.74,4.94,1.70,3.79,4.55,1.31,2.08,3.50,6.70,2.00,1.73,Eryaman Stadyumu (Ankara)
1743183000,Mar 28 2025 - 5:30pm,complete,N/A,76 Iğdır Belediyespor,Ümraniyespor,Reşat Onur Coşkunses,31,1.60,1.13,1.79,1.11,0,0,0,0,0,0,"","",8,3,1,0,2,0,0,1,0,2,28,5,6,5,21,0,7,10,68,32,1.39,1.22,2.58,0.82,2.40,33,60,47,23,7,27,70,43,74,10.00,4.94,1.73,3.50,3.90,1.27,2.00,3.50,7.40,1.91,1.80,Iğdır Şehir Stadyumu (Iğdır)
1743244200,Mar 29 2025 - 10:30am,complete,N/A,Yeni Malatyaspor,Fatih Karagümrük,Ömer Faruk Gültekin,31,0.00,1.67,0.00,1.47,0,2,2,1,0,1,"","45'3,83",1,7,3,0,2,0,2,1,2,0,6,24,2,10,2,10,16,18,36,64,0.77,1.27,0.00,0.00,3.37,48,77,66,52,25,49,77,59,83,5.61,4.25,15.41,8.86,1.04,0.00,1.70,0.00,0.00,0.00,0.00,Yeni Malatya Stadyumu (Malatya)
1743244200,Mar 29 2025 - 10:30am,complete,N/A,Keçiörengücü,Amed,Ömer Tolga Güldibi,31,1.27,1.21,1.16,1.26,1,2,3,1,0,1,"84","17,90'1",5,2,5,0,4,1,3,2,2,3,17,11,7,7,10,4,18,7,63,37,1.62,1.20,2.02,1.35,2.45,48,65,37,27,17,41,75,34,58,8.63,5.10,2.22,3.36,3.14,1.30,2.08,3.50,6.95,1.83,1.83,Aktepe Stadı (Ankara)
1743253200,Mar 29 2025 - 1:00pm,complete,N/A,Adanaspor,İstanbulspor,Ümit Öztürk,31,1.21,0.73,0.89,1.05,0,2,2,0,0,0,"","67,83",1,6,3,0,4,0,2,1,1,3,10,25,0,9,10,16,14,14,37,63,1.48,1.54,0.86,2.59,2.45,62,70,45,21,11,24,72,49,76,10.14,4.41,3.38,3.46,2.07,1.20,1.82,2.97,5.95,1.67,2.10,Yeni Adana Stadyumu (Adana)
1743253200,Mar 29 2025 - 1:00pm,complete,N/A,Pendikspor,Çorum Belediyespor,Yunus Dursun,31,1.33,1.29,1.42,1.11,2,2,4,2,0,2,"60,80","30,38",5,1,3,0,0,0,2,1,0,0,21,9,8,6,12,3,8,11,65,35,1.27,1.15,2.38,1.15,2.14,31,62,38,21,4,28,73,32,65,8.57,5.46,2.44,3.14,2.98,1.34,2.20,3.88,7.80,1.91,1.80,Siltaş Yapı Pendik Stadyumu (İstanbul)
1743429600,Mar 31 2025 - 2:00pm,complete,N/A,Erokspor,Ankaragücü,Furkan Aksuoğlu,31,1.33,0.80,1.53,0.79,3,1,4,3,2,1,"18,35,69","28",4,5,2,0,3,1,1,1,1,3,12,14,7,5,5,9,11,13,47,53,1.57,1.44,1.46,1.51,2.44,60,74,40,24,7,40,77,27,80,9.00,4.60,2.48,3.31,2.78,1.21,1.79,2.74,4.95,1.59,2.15,Esenler Erokspor Stadyumu (İstanbul)
1743440400,Mar 31 2025 - 5:00pm,complete,N/A,Kocaelispor,Sakaryaspor,Direnç Tonusluoğlu,31,2.07,1.07,2.11,0.84,3,1,4,3,2,1,"22,36,71","12",3,0,3,0,2,0,0,3,0,2,18,7,10,3,8,4,17,12,53,47,1.64,1.14,2.07,0.83,2.40,47,77,47,20,7,23,73,33,80,8.60,5.47,1.61,3.71,4.88,1.25,1.90,3.20,6.45,1.86,1.80,Yıldız Entegre Kocaeli Stadyumu (Kocaeli)
1743775200,Apr 04 2025 - 2:00pm,complete,N/A,İstanbulspor,Yeni Malatyaspor,Ali Yılmaz,32,2.33,0.00,2.28,0.00,5,0,5,3,3,0,"16,26,29,60,69","",5,2,2,0,2,0,1,1,1,1,25,5,11,2,9,3,20,10,73,27,1.77,0.57,0.00,0.00,3.31,23,87,74,39,23,49,78,55,90,5.55,3.84,1.01,10.62,18.98,0.00,0.00,0.00,0.00,0.00,0.00,Esenyurt Necmi Kadıoğlu Stadyumu (İstanbul)
1743786000,Apr 04 2025 - 5:00pm,complete,N/A,Şanlıurfaspor,Boluspor,Turgut Doman,32,1.40,1.33,1.26,1.42,3,2,5,3,2,1,"6,45'1,55","38,77",4,3,0,0,2,0,0,0,0,2,7,8,7,2,0,6,6,10,44,56,1.36,1.40,1.11,0.99,2.44,50,70,40,23,10,33,57,34,80,8.46,4.20,2.66,3.16,2.53,1.33,2.10,3.58,7.00,1.82,1.84,Şanlıurfa 11 Nisan Stadyumu (Şanlıurfa)
1743786000,Apr 04 2025 - 5:00pm,complete,N/A,Amed,76 Iğdır Belediyespor,Yiğit Arslan,32,1.63,1.27,1.74,1.26,0,0,0,0,0,0,"","",2,4,1,0,2,0,0,1,0,2,15,12,3,6,11,5,8,12,58,42,1.71,1.15,1.36,1.26,2.35,35,68,45,26,7,29,71,36,67,9.12,5.11,2.08,3.21,3.37,1.33,2.18,3.98,8.40,1.88,1.78,Diyarbakır Stadyumu (Diyarbakır)
1743849000,Apr 05 2025 - 10:30am,complete,N/A,Manisa BBSK,Keçiörengücü,Erdem Mertoğlu,32,1.20,1.53,1.21,1.53,1,2,3,2,1,1,"41","44,74",8,5,1,0,2,0,0,1,0,2,10,14,3,8,7,6,4,11,67,33,1.54,1.29,1.19,1.64,2.30,37,70,37,20,7,20,67,44,74,10.00,4.87,2.54,3.16,2.64,1.28,1.86,2.90,5.96,1.67,2.10,Manisa 19 Mayıs Stadyumu (Manisa)
1743858000,Apr 05 2025 - 1:00pm,complete,N/A,Sakaryaspor,Adanaspor,Davut Dakul Çelik,32,1.53,0.63,1.84,0.68,2,1,3,0,0,0,"61,83","59",9,3,1,0,5,1,1,0,1,5,25,6,8,4,17,2,10,13,70,30,1.40,1.03,2.67,0.77,2.59,49,68,53,33,10,39,68,42,74,7.97,5.19,1.66,3.77,4.88,1.25,1.90,3.00,5.58,1.83,1.83,Yeni Sakarya Atatürk Stadyumu (Sakarya)
1743868800,Apr 05 2025 - 4:00pm,complete,N/A,Çorum Belediyespor,Erokspor,Saperbaris Saka,32,1.69,1.40,1.79,1.21,3,3,6,4,1,3,"23,47,88","7,13,32",6,1,6,0,3,1,2,4,0,4,18,9,10,5,8,3,7,8,57,43,1.54,1.18,2.25,1.10,2.49,45,78,42,29,3,13,72,55,84,10.16,5.62,2.03,3.41,3.57,1.29,1.93,3.40,6.29,1.80,1.91,Çorum Şehir Stadyumu (Çorum)
1743868800,Apr 05 2025 - 4:00pm,complete,N/A,Fatih Karagümrük,BB Erzurumspor,Yasin Kol,32,1.87,1.60,2.00,1.58,1,0,1,0,0,0,"90'6","",6,1,2,0,4,1,1,1,2,3,13,5,4,2,9,3,13,19,61,39,1.37,1.11,1.55,0.63,2.57,44,64,47,30,17,34,67,47,67,8.54,4.74,2.08,3.23,3.61,1.48,2.15,3.90,9.30,1.91,1.80,Atatürk Olimpiyat Stadı (İstanbul)
1743935400,Apr 06 2025 - 10:30am,complete,N/A,Ümraniyespor,Pendikspor,İlker Yasin Avcı,32,1.80,1.33,1.68,1.11,0,0,0,0,0,0,"","",5,5,1,0,0,0,1,0,0,0,7,10,3,2,4,8,12,14,54,46,1.47,1.29,0.97,1.11,2.70,47,74,50,20,13,34,77,37,73,9.24,5.90,2.37,3.35,2.90,1.30,1.98,3.34,6.45,1.77,1.89,Spoi̇nt İnşaat Ümrani̇yespor Stadyumu (İstanbul)
1743944400,Apr 06 2025 - 1:00pm,complete,N/A,Bandırmaspor,Kocaelispor,Batuhan Kolak,32,2.13,1.87,2.11,1.68,2,2,4,0,0,0,"83,90'4","55,79",3,2,4,0,2,0,0,4,0,2,6,15,3,6,3,9,12,16,56,44,1.65,1.39,0.85,1.68,2.50,44,70,40,27,17,24,77,43,73,10.74,5.86,3.16,3.18,2.30,1.30,1.98,3.50,6.90,1.80,1.91,Bandırma 17 Eylül Stadı (Balıkesir)
1743955200,Apr 06 2025 - 4:00pm,complete,N/A,Ankaragücü,Gençlerbirliği,Gürcan Hasova,32,1.73,1.20,1.74,1.47,0,3,3,3,0,3,"","14,27,39",7,7,2,0,0,0,1,1,0,0,10,15,5,9,5,6,14,12,57,43,1.55,1.19,1.32,1.88,2.63,43,70,53,27,14,27,64,47,80,9.47,4.47,2.26,3.28,3.15,1.30,2.02,3.50,6.90,1.81,1.85,Eryaman Stadyumu (Ankara)
1744110000,Apr 08 2025 - 11:00am,complete,N/A,Keçiörengücü,Şanlıurfaspor,Süleyman Bahadır,33,1.19,0.81,1.16,0.84,4,1,5,1,1,0,"45'2,49,51,61","65",5,4,3,0,1,0,1,2,1,0,14,8,8,3,6,5,14,8,48,52,1.65,1.04,1.68,1.12,2.97,57,79,57,35,22,47,85,50,75,8.75,5.31,1.83,3.59,4.09,1.26,1.89,3.11,5.85,1.75,1.92,Aktepe Stadı (Ankara)
1744120800,Apr 08 2025 - 2:00pm,complete,N/A,76 Iğdır Belediyespor,İstanbulspor,Raşit Yorgancılar,33,1.56,0.88,1.79,1.05,3,0,3,2,2,0,"6,28,90'2","",4,3,2,0,1,0,1,1,1,0,14,15,9,5,5,10,12,8,45,55,1.46,1.61,1.76,1.60,2.16,44,54,41,16,6,19,69,35,72,11.74,4.76,2.26,3.57,2.90,1.28,1.93,3.29,6.22,1.70,1.98,Iğdır Şehir Stadyumu (Iğdır)
1744131600,Apr 08 2025 - 5:00pm,complete,N/A,Manisa BBSK,Amed,Atilla Karaoğlan,33,1.13,1.33,1.21,1.26,2,2,4,2,0,2,"62,76","35,44",3,9,2,0,3,0,1,1,0,3,11,13,5,7,6,6,9,11,50,50,1.52,1.21,1.27,1.61,1.89,36,55,26,13,7,23,64,23,55,9.39,4.98,3.18,3.23,2.26,1.32,2.07,3.62,6.75,1.81,1.85,Manisa 19 Mayıs Stadyumu (Manisa)
1744196400,Apr 09 2025 - 11:00am,complete,N/A,BB Erzurumspor,Çorum Belediyespor,Mehmet Ali Özer,33,1.88,1.27,1.79,1.11,1,1,2,0,0,0,"62","74",5,3,4,0,3,0,1,3,1,2,8,11,3,3,5,8,16,9,51,49,1.45,1.15,1.05,1.11,2.20,29,62,39,23,7,33,72,39,68,7.53,5.60,2.12,3.18,3.55,1.40,2.20,4.14,8.20,2.00,1.73,Kazım Karabekir Stadyumu (Erzurum)
1744207200,Apr 09 2025 - 2:00pm,complete,N/A,Erokspor,Fatih Karagümrük,Abdullah Buğra Taşkınsoy,33,1.44,1.75,1.53,1.47,2,1,3,3,2,1,"24,45'5","37",2,8,2,1,1,0,0,3,1,0,9,23,4,6,5,17,12,10,46,54,1.56,1.27,0.98,2.43,2.63,69,79,50,35,0,41,79,38,78,9.07,4.19,2.70,3.31,2.55,1.28,1.94,3.27,6.15,1.73,2.00,Esenler Erokspor Stadyumu (İstanbul)
1744218000,Apr 09 2025 - 5:00pm,complete,N/A,Pendikspor,Ankaragücü,Ömer Faruk Turtay,33,1.31,0.75,1.42,0.79,2,1,3,3,2,1,"18,35","13",5,6,3,0,1,0,0,3,0,1,12,12,6,6,6,6,13,5,44,56,1.34,1.45,1.45,1.48,2.29,41,63,38,25,7,28,66,28,82,8.94,5.57,2.27,3.33,3.08,1.25,1.95,3.28,6.55,1.71,1.97,Siltaş Yapı Pendik Stadyumu (İstanbul)
1744218000,Apr 09 2025 - 5:00pm,complete,N/A,Boluspor,Sakaryaspor,Yunus Dursun,33,1.56,1.00,1.79,0.84,3,1,4,2,2,0,"12,23,90'1","53",3,2,1,0,3,0,0,1,1,2,9,8,6,5,3,3,9,14,39,61,1.52,1.12,1.26,1.18,2.41,47,72,47,29,10,26,72,41,72,7.87,4.75,2.13,3.30,3.40,1.31,2.07,3.58,7.20,1.83,1.83,Çorum Şehir Stadyumu (Çorum)
1744282800,Apr 10 2025 - 11:00am,complete,N/A,Yeni Malatyaspor,Bandırmaspor,Melih Aldemir,33,0.00,1.19,0.00,1.26,1,3,4,3,1,2,"3","10,45'1,80",2,14,3,0,1,0,1,2,1,0,4,30,2,12,2,10,13,9,32,68,0.77,1.33,0.00,0.00,3.25,45,81,62,46,27,49,81,52,81,6.38,4.38,17.89,10.27,1.01,0.00,0.00,0.00,2.30,0.00,0.00,Yeni Malatya Stadyumu (Malatya)
1744293600,Apr 10 2025 - 2:00pm,complete,N/A,Gençlerbirliği,Ümraniyespor,Fatih Tokail,33,2.06,1.13,2.11,1.11,2,1,3,0,0,0,"89,90'2","60",4,3,3,0,2,1,1,2,0,3,17,7,7,4,10,3,10,10,50,50,1.70,1.19,1.95,0.98,2.22,31,66,41,16,3,29,72,35,75,9.38,4.75,1.75,3.36,3.70,1.25,1.96,3.20,6.40,1.77,1.89,Eryaman Stadyumu (Ankara)
1744304400,Apr 10 2025 - 5:00pm,complete,N/A,Adanaspor,Kocaelispor,Burak Pakkan,33,1.13,1.81,0.89,1.68,1,4,5,3,0,3,"49","5,35,44,90'2",3,10,2,0,2,0,1,1,1,1,6,23,3,14,3,9,12,12,54,46,1.44,1.41,0.80,2.78,2.52,55,78,42,23,10,20,65,62,74,8.69,4.70,6.01,4.06,1.51,1.28,1.89,3.20,6.04,1.92,1.75,Yeni Adana Stadyumu (Adana)
1744462800,Apr 12 2025 - 1:00pm,complete,N/A,İstanbulspor,Keçiörengücü,Batuhan Kolak,34,2.38,1.63,2.28,1.53,0,2,2,0,0,0,"","81,83",7,3,2,0,2,0,0,2,2,0,15,18,4,7,6,3,12,14,60,40,1.77,1.31,1.40,1.36,2.69,35,78,57,29,16,41,66,53,85,8.82,4.00,1.64,3.86,4.65,0.00,1.70,2.55,0.00,1.73,2.00,Esenyurt Necmi Kadıoğlu Stadyumu (İstanbul)
1744473600,Apr 12 2025 - 4:00pm,complete,N/A,Şanlıurfaspor,Amed,Adnan Deniz Kayatepe,34,1.50,1.31,1.26,1.26,0,1,1,1,0,1,"","35",5,5,1,0,3,0,1,0,1,2,20,23,5,9,11,10,11,10,39,61,1.34,1.23,1.62,2.22,2.22,47,60,38,26,13,32,50,35,69,7.82,4.38,3.37,3.18,2.19,2.13,2.10,3.80,0.00,1.91,1.80,Şanlıurfa 11 Nisan Stadyumu (Şanlıurfa)
1744540200,Apr 13 2025 - 10:30am,complete,N/A,Sakaryaspor,Pendikspor,Yusuf Ziya Gündüz,34,1.63,1.31,1.84,1.11,1,0,1,0,0,0,"62","",2,7,4,0,3,0,2,2,0,3,5,14,2,7,3,7,12,10,30,70,1.48,1.28,0.70,1.75,2.75,54,78,60,29,10,41,72,44,72,9.35,5.26,2.12,3.34,3.38,1.27,1.97,3.00,5.98,1.73,2.00,Yeni Sakarya Atatürk Stadyumu (Sakarya)
1744549200,Apr 13 2025 - 1:00pm,complete,N/A,Fatih Karagümrük,Gençlerbirliği,Oğuzhan Çakır,34,1.94,1.31,2.00,1.47,0,0,0,0,0,0,"","",3,3,4,0,1,0,3,1,1,0,8,9,5,6,3,3,16,15,47,53,1.38,1.24,1.19,1.21,2.63,44,66,47,31,16,38,66,44,69,8.38,4.94,1.95,3.20,3.40,1.33,1.95,3.58,7.50,1.83,1.83,Atatürk Olimpiyat Stadı (İstanbul)
1744560000,Apr 13 2025 - 4:00pm,complete,N/A,Ankaragücü,Boluspor,Zorbay Küçük,34,1.63,1.25,1.74,1.42,2,2,4,3,1,2,"45'4,63","28,37",3,0,1,0,2,0,0,1,0,2,19,10,6,6,13,4,16,14,62,38,1.53,1.38,1.98,1.17,2.50,44,75,44,19,10,32,72,38,78,10.00,4.38,2.06,3.38,3.49,1.32,2.00,3.52,6.79,1.83,1.83,Eryaman Stadyumu (Ankara)
1744560000,Apr 13 2025 - 4:00pm,complete,N/A,Çorum Belediyespor,Manisa BBSK,Reşat Onur Coşkunses,34,1.65,1.19,1.79,1.32,3,2,5,3,2,1,"15,21,71","9,85",1,4,1,0,1,0,1,0,0,1,17,17,6,5,11,12,10,13,49,51,1.59,1.29,1.75,1.70,2.77,49,76,46,33,19,31,70,58,79,10.40,5.44,1.78,3.66,4.22,1.26,1.83,3.05,5.68,1.73,2.00,Çorum Şehir Stadyumu (Çorum)
1744628400,Apr 14 2025 - 11:00am,complete,N/A,Bandırmaspor,76 Iğdır Belediyespor,İlker Yasin Avcı,34,2.06,1.25,2.11,1.26,1,1,2,2,1,1,"22","7",4,9,1,0,5,1,0,1,5,1,11,9,3,2,8,7,15,13,34,66,1.60,1.16,1.18,1.04,2.38,32,63,41,32,16,25,69,32,63,9.57,6.01,2.52,3.14,2.86,1.30,2.05,3.35,6.25,1.67,2.10,Bandırma 17 Eylül Stadı (Balıkesir)
1744639200,Apr 14 2025 - 2:00pm,complete,N/A,Ümraniyespor,Erokspor,Erdem Mertoğlu,34,1.75,1.38,1.68,1.21,1,1,2,0,0,0,"66","85",5,6,1,0,1,0,0,1,0,1,10,14,4,3,6,11,7,5,45,55,1.44,1.17,1.28,1.35,2.60,47,72,50,25,10,22,75,47,79,8.00,5.32,2.05,3.25,3.10,1.28,1.80,3.00,5.40,1.67,2.10,Spoi̇nt İnşaat Ümrani̇yespor Stadyumu (İstanbul)
1744650000,Apr 14 2025 - 5:00pm,complete,N/A,Adanaspor,BB Erzurumspor,Alpaslan Şen,34,1.06,1.50,0.89,1.58,0,3,3,1,0,1,"","18,61,86",8,4,1,1,2,0,0,2,1,1,13,21,2,7,11,14,9,16,49,51,1.40,1.08,1.28,2.26,2.57,54,69,47,25,19,25,60,57,72,8.00,4.44,4.89,3.85,1.58,1.22,1.90,2.80,5.05,2.00,1.73,Yeni Adana Stadyumu (Adana)
1744650000,Apr 14 2025 - 5:00pm,complete,N/A,Kocaelispor,Yeni Malatyaspor,Melih Kurt,34,2.13,0.00,2.11,0.00,7,1,8,4,4,0,"7,20,41,45,57,76,88","90'2",10,0,2,0,2,0,0,2,0,2,30,6,13,6,11,0,12,9,73,27,1.66,0.57,0.00,0.00,3.07,34,88,63,30,15,33,82,48,91,5.13,4.73,1.01,15.00,26.15,0.00,0.00,0.00,0.00,0.00,0.00,Yıldız Entegre Kocaeli Stadyumu (Kocaeli)
1744995600,Apr 18 2025 - 5:00pm,complete,N/A,Manisa BBSK,Ankaragücü,Çağdaş Altay,35,1.12,0.71,1.21,0.79,2,1,3,2,2,0,"28,45","54",5,5,3,0,2,0,3,0,1,1,9,14,7,5,2,9,15,13,38,62,1.50,1.45,1.33,1.61,2.38,41,65,41,24,9,32,74,27,74,10.00,5.05,2.63,3.25,2.40,0.00,1.85,3.05,0.00,1.67,2.10,N/A
1745058600,Apr 19 2025 - 10:30am,complete,N/A,BB Erzurumspor,İstanbulspor,Direnç Tonusluoğlu,35,1.82,0.82,1.79,1.05,1,2,3,1,0,1,"72","27,65",8,5,5,1,6,0,1,5,1,5,24,8,10,5,14,3,15,12,64,36,1.43,1.61,2.61,1.07,2.21,41,62,38,18,6,27,65,38,79,9.87,5.35,2.20,3.30,2.88,0.00,2.00,3.20,0.00,1.80,1.91,N/A
1745067600,Apr 19 2025 - 1:00pm,complete,N/A,Pendikspor,Şanlıurfaspor,Arda Kardeşler,35,1.41,0.76,1.42,0.84,0,2,2,1,0,1,"","15,88",9,5,0,0,1,0,0,0,0,1,11,12,4,6,7,6,12,3,65,35,1.35,1.05,1.46,1.56,2.45,47,68,44,27,12,32,68,38,74,8.53,5.18,1.69,3.76,4.66,3.27,1.92,3.15,0.00,1.83,1.83,N/A
1745078400,Apr 19 2025 - 4:00pm,complete,N/A,Boluspor,Fatih Karagümrük,Saperbaris Saka,35,1.65,1.65,1.79,1.47,1,0,1,0,0,0,"66","",0,8,2,0,2,0,1,1,1,1,7,11,4,6,3,5,10,15,51,49,1.50,1.34,0.88,1.55,2.39,50,68,47,30,3,24,71,50,71,8.07,3.95,2.64,3.11,2.74,3.53,2.10,3.65,6.75,1.83,1.83,N/A
1745078400,Apr 19 2025 - 4:00pm,complete,N/A,Amed,Çorum Belediyespor,Muhammetali Metoğlu,35,1.59,1.25,1.74,1.11,1,0,1,1,1,0,"42","",7,5,4,0,3,0,0,4,0,3,15,14,5,2,10,10,11,5,55,45,1.68,1.15,1.68,1.12,2.33,43,70,46,25,6,34,76,43,70,8.50,4.98,1.79,3.55,4.32,3.51,2.01,3.30,6.10,1.83,1.83,N/A
1745145000,Apr 20 2025 - 10:30am,complete,N/A,Keçiörengücü,Ümraniyespor,Davut Dakul Çelik,35,1.29,1.06,1.16,1.11,0,1,1,0,0,0,"","62",6,6,3,0,1,0,2,1,1,0,8,18,4,5,4,13,13,12,43,57,1.65,1.18,1.10,1.78,3.03,50,80,62,38,18,44,83,56,76,9.36,5.29,2.03,3.53,3.42,1.25,1.75,2.90,5.00,1.67,2.10,N/A
1745145000,Apr 20 2025 - 10:30am,complete,N/A,Yeni Malatyaspor,Adanaspor,Yusuf Ziya Gündüz,35,0.00,0.59,0.00,0.68,0,4,4,3,0,3,"","8,44,45'1,87",1,5,3,1,3,0,1,3,0,3,9,30,0,15,8,12,14,14,34,66,0.77,1.02,0.00,0.00,3.21,37,74,58,44,28,49,74,46,82,5.18,5.31,150.00,10.56,1.00,0.00,0.00,1.06,1.80,0.00,0.00,N/A
1745154000,Apr 20 2025 - 1:00pm,complete,N/A,Erokspor,Kocaelispor,Cihan Aydın,35,1.53,1.88,1.53,1.68,3,1,4,2,1,1,"13,75,87","40",2,6,3,0,1,0,2,1,1,0,10,18,6,10,4,8,13,10,52,48,1.53,1.49,1.19,2.11,2.68,68,82,50,29,6,42,80,42,74,9.82,4.47,3.70,3.36,2.00,1.28,1.98,3.20,6.05,1.80,1.91,N/A
1745164800,Apr 20 2025 - 4:00pm,complete,N/A,Gençlerbirliği,Bandırmaspor,Yasin Kol,35,2.12,1.29,2.11,1.26,1,1,2,2,1,1,"4","32",6,3,1,0,3,0,0,1,0,3,12,13,5,4,7,9,9,12,48,52,1.72,1.33,1.52,1.36,2.30,47,71,44,18,3,27,74,33,76,10.30,4.64,1.89,3.53,3.89,1.28,1.89,3.30,5.75,1.80,1.91,N/A
1745254800,Apr 21 2025 - 5:00pm,complete,N/A,76 Iğdır Belediyespor,Sakaryaspor,Adnan Deniz Kayatepe,35,1.65,0.94,1.79,0.84,4,0,4,2,2,0,"3,28,61,89","",9,2,3,0,2,1,1,2,2,1,18,2,9,0,9,2,19,14,69,31,1.48,1.12,2.08,0.29,2.44,44,65,50,27,9,30,71,32,74,9.65,5.35,1.60,3.72,4.95,1.28,1.87,3.20,6.25,1.83,1.83,N/A
1745758800,Apr 27 2025 - 1:00pm,complete,N/A,Kocaelispor,Boluspor,Erdem Mertoğlu,36,2.18,1.24,2.11,1.42,3,4,7,4,1,3,"38,54,60","6,19,44,67",5,6,2,0,1,0,1,1,0,1,20,14,8,8,12,6,11,6,57,43,1.66,1.36,2.23,1.65,2.56,53,76,41,21,9,33,76,32,79,8.53,4.76,1.68,3.78,4.67,0.00,1.85,3.15,0.00,1.83,1.83,N/A
1745758800,Apr 27 2025 - 1:00pm,complete,N/A,Yeni Malatyaspor,76 Iğdır Belediyespor,Turgut Doman,36,0.00,1.24,0.00,1.26,0,9,9,3,0,3,"","7,9,31,50,52,67,71,74,81",-1,-1,2,0,2,0,1,1,2,0,0,3,0,3,0,0,1,0,50,50,0.77,1.15,0.00,0.00,3.03,30,74,56,45,24,50,77,39,68,5.85,5.07,24.97,13.50,1.03,0.00,1.25,1.61,0.00,0.00,0.00,N/A
1745758800,Apr 27 2025 - 1:00pm,complete,N/A,Adanaspor,Gençlerbirliği,Reşat Onur Coşkunses,36,1.00,1.29,0.89,1.47,0,5,5,1,0,1,"","30,49,59,88,90'2",4,10,3,0,1,0,2,1,0,1,6,40,3,14,3,26,7,10,49,51,1.39,1.23,0.79,3.89,2.65,53,74,50,27,18,30,62,56,71,8.12,4.48,11.05,5.45,1.25,0.00,1.70,2.30,2.00,2.20,1.62,N/A
1745758800,Apr 27 2025 - 1:00pm,complete,N/A,Bandırmaspor,Erokspor,Fatih Tokail,36,2.00,1.35,2.11,1.21,1,0,1,1,1,0,"17","",5,7,2,0,5,0,0,2,1,4,10,11,6,3,4,8,9,13,39,61,1.58,1.19,1.42,1.27,2.71,47,77,47,32,15,24,76,47,80,9.06,6.06,2.12,3.46,3.28,1.76,1.86,2.80,0.00,1.67,2.10,N/A
1745758800,Apr 27 2025 - 1:00pm,complete,N/A,İstanbulspor,Pendikspor,Ömer Faruk Gültekin,36,2.24,1.24,2.28,1.11,5,2,7,4,3,1,"11,31,38,73,89","18,71",3,6,1,0,2,0,1,0,0,2,12,11,9,4,3,7,13,20,47,53,1.75,1.31,1.65,1.29,2.74,27,74,56,27,18,44,68,41,77,9.57,4.78,1.72,3.76,4.43,0.00,1.81,2.80,0.00,1.73,2.00,N/A
1745758800,Apr 27 2025 - 1:00pm,complete,N/A,Fatih Karagümrük,Keçiörengücü,Ümit Öztürk,36,1.88,1.71,2.00,1.53,1,0,1,1,1,0,"44","",6,4,3,0,5,0,0,3,1,4,16,9,7,4,9,5,16,16,42,58,1.37,1.31,1.81,1.14,2.38,41,71,38,24,9,30,62,50,77,8.35,5.12,1.76,3.84,4.10,0.00,1.62,2.55,0.00,1.67,2.10,N/A
1745758800,Apr 27 2025 - 1:00pm,complete,N/A,Sakaryaspor,BB Erzurumspor,Oğuzhan Aksu,36,1.71,1.59,1.84,1.58,1,0,1,0,0,0,"52","",3,12,5,0,2,0,1,4,1,1,9,12,4,3,5,9,19,9,44,56,1.44,1.15,1.07,1.29,2.59,53,68,59,30,12,33,62,50,74,8.65,4.42,2.90,3.28,2.40,0.00,2.00,3.30,0.00,1.73,2.00,N/A
1745758800,Apr 27 2025 - 1:00pm,complete,N/A,Şanlıurfaspor,Manisa BBSK,Gürcan Hasova,36,1.41,1.12,1.26,1.32,1,3,4,0,0,0,"61","47,51,90'6",1,0,2,0,5,0,1,1,0,5,18,6,4,4,14,2,20,10,53,47,1.36,1.32,1.90,0.86,2.86,47,71,56,35,24,41,62,50,79,7.94,4.06,2.42,3.40,2.79,0.00,1.81,2.90,0.00,1.67,2.10,N/A
1745758800,Apr 27 2025 - 1:00pm,complete,N/A,Ümraniyespor,Amed,Burak Olcar,36,1.71,1.41,1.68,1.26,3,0,3,1,1,0,"40,52,58","",4,5,3,0,1,1,2,1,1,1,10,12,6,4,4,8,19,8,54,46,1.43,1.29,1.28,1.39,2.00,47,56,30,15,9,24,62,33,59,8.47,5.00,3.27,3.29,2.20,0.00,2.05,3.40,0.00,1.83,1.83,N/A
1745758800,Apr 27 2025 - 1:00pm,complete,N/A,Ankaragücü,Çorum Belediyespor,Alpaslan Şen,36,1.59,1.18,1.74,1.11,1,0,1,0,0,0,"76","",1,6,3,0,3,1,1,2,0,4,17,9,8,3,9,6,12,15,54,46,1.56,1.15,1.91,0.98,2.45,35,71,50,24,6,32,77,41,71,9.12,4.59,1.85,3.74,3.79,0.00,1.67,2.48,0.00,1.62,2.20,N/A
1746363600,May 04 2025 - 1:00pm,complete,N/A,Çorum Belediyespor,Şanlıurfaspor,İlker Yasin Avcı,37,1.72,0.89,1.79,0.84,2,1,3,1,0,1,"78,90'8","41",5,3,2,0,3,0,0,2,1,2,13,11,6,3,7,8,13,15,53,47,1.60,1.08,1.55,1.17,2.67,53,75,42,34,20,28,70,53,81,10.00,5.22,2.35,3.60,2.45,2.00,1.70,2.55,0.00,1.62,2.20,N/A
1746363600,May 04 2025 - 1:00pm,complete,N/A,BB Erzurumspor,Ümraniyespor,Turgut Doman,37,1.72,1.17,1.79,1.11,2,0,2,1,1,0,"24,46","",3,8,1,0,3,1,1,0,2,2,9,11,7,5,2,6,14,11,42,58,1.50,1.21,1.36,1.32,2.28,33,64,42,23,6,28,59,47,78,8.61,5.72,1.73,3.80,4.00,0.00,1.85,2.90,0.00,1.80,1.91,N/A
1746363600,May 04 2025 - 1:00pm,complete,N/A,Keçiörengücü,Ankaragücü,Burak Olcar,37,1.22,0.67,1.16,0.79,2,3,5,2,1,1,"45,90'8","42,62,65",3,1,3,1,0,0,0,4,0,0,8,14,4,7,4,7,7,13,54,46,1.62,1.46,0.97,1.62,2.92,56,75,56,33,20,45,83,39,81,9.39,5.50,7.50,4.75,1.30,0.00,1.53,2.25,1.71,1.83,1.83,N/A
1746363600,May 04 2025 - 1:00pm,complete,N/A,Erokspor,İstanbulspor,Oğuzhan Çakır,37,1.61,0.94,1.53,1.05,0,3,3,1,0,1,"","42,66,90'2",3,7,2,0,2,0,0,2,1,1,10,13,6,9,4,4,13,10,59,41,1.51,1.58,1.32,1.80,2.59,70,78,53,25,3,45,84,34,78,10.38,4.56,3.20,3.40,2.05,0.00,1.73,2.70,0.00,1.62,2.20,N/A
1746363600,May 04 2025 - 1:00pm,complete,N/A,Pendikspor,Fatih Karagümrük,Ömer Faruk Turtay,37,1.33,1.56,1.42,1.47,2,0,2,2,2,0,"19,29","",3,7,4,0,2,0,1,3,1,1,11,11,4,5,7,6,23,10,43,57,1.35,1.36,1.31,1.38,2.36,48,67,45,28,0,28,67,36,75,9.70,4.78,2.80,3.30,2.30,0.00,1.85,3.10,0.00,1.67,2.10,N/A
1746363600,May 04 2025 - 1:00pm,complete,N/A,Manisa BBSK,Bandırmaspor,Erdem Mertoğlu,37,1.22,1.28,1.21,1.26,1,1,2,0,0,0,"79","61",5,1,4,0,3,0,2,2,1,2,18,12,5,4,13,8,13,15,47,53,1.49,1.33,1.81,1.32,2.48,50,73,47,28,6,36,78,34,70,10.94,4.66,2.88,3.60,2.15,1.95,1.70,2.80,0.00,1.62,2.20,N/A
1746363600,May 04 2025 - 1:00pm,complete,N/A,Gençlerbirliği,Sakaryaspor,Zorbay Küçük,37,2.06,0.89,2.11,0.84,1,0,1,1,1,0,"38","",8,3,1,0,1,0,0,1,0,1,13,2,7,0,6,2,19,15,45,55,1.71,1.07,1.54,0.32,2.45,48,75,47,22,6,33,75,31,78,8.95,5.34,1.40,4.50,6.50,1.97,1.67,2.55,0.00,1.83,1.83,N/A
1746363600,May 04 2025 - 1:00pm,complete,N/A,76 Iğdır Belediyespor,Kocaelispor,Kadir Sağlam,37,1.72,1.78,1.79,1.68,4,0,4,4,4,0,"8,14,23,36","",4,3,1,0,0,0,0,1,0,0,19,7,6,2,13,5,10,10,67,33,1.51,1.52,1.92,0.75,2.45,42,64,47,25,9,25,70,47,73,10.95,4.78,1.42,4.20,6.00,0.00,1.67,2.65,0.00,1.83,1.83,N/A
1746363600,May 04 2025 - 1:00pm,complete,N/A,Amed,Adanaspor,Alper Akarsu,37,1.67,0.72,1.74,0.68,4,0,4,2,2,0,"21,23,58,89","",9,1,3,0,2,0,2,1,0,2,26,4,11,2,15,2,12,12,69,31,1.68,1.02,2.70,0.55,2.39,39,64,44,25,9,31,67,36,75,8.73,5.66,1.04,15.00,34.00,0.00,1.22,1.61,2.20,3.00,1.36,N/A
1746363600,May 04 2025 - 1:00pm,complete,N/A,Boluspor,Yeni Malatyaspor,Furkan Aksuoğlu,37,1.72,0.00,1.79,0.00,10,1,11,4,3,1,"11,19,28,60,76,78,85,90,90'4,90'7","45'3",10,0,3,0,4,1,1,2,1,4,29,5,18,4,8,1,13,13,71,29,1.47,0.57,0.00,0.00,3.11,34,81,61,36,20,34,78,59,84,4.45,4.00,1.01,15.00,26.15,0.00,0.00,0.00,0.00,0.00,0.00,N/A
1746882000,May 10 2025 - 1:00pm,complete,N/A,Adanaspor,Boluspor,Mehmet Ali Özer,38,0.94,1.33,0.89,1.42,0,7,7,6,0,6,"","16,22,25,34,36,45'3,64",1,10,5,0,1,0,1,4,1,0,10,28,2,11,7,11,13,3,32,68,1.36,1.38,0.00,0.00,2.81,59,81,45,28,20,33,73,53,78,8.28,4.56,11.50,6.25,1.16,0.00,0.00,2.05,0.00,0.00,0.00,N/A
1746882000,May 10 2025 - 1:00pm,complete,N/A,Fatih Karagümrük,76 Iğdır Belediyespor,Halil Umut Meler,38,1.94,1.33,2.00,1.26,2,1,3,2,1,1,"23,87","39",2,4,2,0,2,0,0,2,0,2,12,10,5,4,7,6,23,18,27,73,1.39,1.15,1.30,1.19,2.36,28,59,36,28,11,33,67,34,56,8.57,5.50,2.56,3.03,2.71,0.00,2.10,3.55,0.00,0.00,0.00,N/A
1746882000,May 10 2025 - 1:00pm,complete,N/A,Yeni Malatyaspor,Gençlerbirliği,Süleyman Bahadır,38,0.00,1.39,0.00,1.47,0,5,5,2,0,2,"","2,9,50,63,88",1,10,0,0,0,0,0,0,0,0,5,25,2,15,2,9,4,8,39,61,0.77,1.38,0.00,0.00,3.50,39,78,67,50,33,53,75,50,78,5.95,4.41,30.14,14.00,1.02,0.00,0.00,0.00,0.00,0.00,0.00,N/A
1746882000,May 10 2025 - 1:00pm,complete,N/A,Sakaryaspor,Erokspor,Davut Dakul Çelik,38,1.78,1.28,1.84,1.21,2,0,2,1,1,0,"13,67","",3,5,1,0,1,0,0,1,0,1,10,8,8,7,2,1,10,13,40,60,1.41,1.19,1.42,1.16,2.64,53,75,56,31,6,28,70,53,81,8.17,5.27,2.28,3.23,2.88,0.00,1.82,3.15,0.00,0.00,0.00,N/A
1746882000,May 10 2025 - 1:00pm,complete,N/A,Bandırmaspor,Pendikspor,Alpaslan Şen,38,2.06,1.17,2.11,1.11,2,1,3,2,1,1,"10,54","45'2",5,2,1,0,2,0,1,0,0,2,10,9,7,4,3,5,11,17,41,59,1.57,1.31,1.46,1.25,2.70,42,70,45,28,20,34,75,33,70,10.38,6.29,1.82,3.46,3.86,0.00,1.79,2.70,0.00,0.00,0.00,N/A
1746882000,May 10 2025 - 1:00pm,complete,N/A,Şanlıurfaspor,BB Erzurumspor,Reşat Onur Coşkunses,38,1.33,1.50,1.26,1.58,0,1,1,1,0,1,"","34",1,5,2,0,0,0,1,1,0,0,7,12,4,3,3,9,9,8,47,53,1.39,1.16,1.01,1.26,2.56,45,62,53,31,17,28,50,44,78,8.50,3.89,4.10,3.63,1.73,3.16,1.97,2.55,0.00,0.00,0.00,N/A
1746882000,May 10 2025 - 1:00pm,complete,N/A,Ümraniyespor,Manisa BBSK,Yunus Dursun,38,1.78,1.22,1.68,1.32,0,1,1,0,0,0,"","74",2,8,1,0,1,0,0,1,0,1,14,13,5,3,9,10,12,17,63,37,1.42,1.29,1.63,1.34,2.75,50,73,53,28,20,33,70,53,75,8.23,4.89,4.70,3.85,1.59,0.00,1.65,2.48,0.00,0.00,0.00,N/A
1746882000,May 10 2025 - 1:00pm,complete,N/A,Ankaragücü,Amed,Yiğit Arslan,38,1.67,1.33,1.74,1.26,2,0,2,1,1,0,"45'7,78","",2,7,2,1,1,0,1,2,1,0,8,20,5,5,3,15,12,8,43,57,1.58,1.30,1.08,2.01,2.14,36,61,39,17,6,25,64,34,67,9.16,4.72,1.82,3.71,3.57,0.00,1.78,2.90,0.00,0.00,0.00,N/A
1746968400,May 11 2025 - 1:00pm,complete,N/A,Kocaelispor,Keçiörengücü,Ömer Faruk Turtay,38,2.06,1.61,2.11,1.53,4,1,5,5,4,1,"28,30,36,45'2","43",6,3,1,0,1,0,1,0,1,0,15,7,8,5,7,2,11,13,55,45,1.70,1.30,1.77,1.02,2.58,47,78,45,20,9,25,70,48,83,8.62,4.95,1.55,4.25,5.14,0.00,1.47,2.30,0.00,0.00,0.00,N/A
1747314000,May 15 2025 - 1:00pm,incomplete,-1,Bandırmaspor,BB Erzurumspor,N/A,N/A,1.68,1.68,1.68,1.68,0,0,0,0,0,0,"","",-1,-1,-1,-1,-1,-1,-1,-1,-1,-1,-1,-1,-1,-1,-1,-1,-1,-1,-1,-1,1.45,1.33,0.00,0.00,2.38,45,66,42,25,12,28,67,40,73,9.60,5.34,2.55,3.08,2.86,1.36,2.20,4.10,8.00,1.80,1.91,Bandırma 17 Eylül Stadı (Balıkesir)
1747328400,May 15 2025 - 5:00pm,incomplete,N/A,İstanbulspor,Boluspor,Oğuzhan Aksu,38,2.28,1.42,2.28,1.42,0,0,0,0,0,0,"","",-1,-1,-1,-1,-1,-1,-1,-1,-1,-1,-1,-1,-1,-1,-1,-1,-1,-1,-1,-1,1.74,1.38,0.00,0.00,3.06,40,79,55,36,25,52,73,44,81,9.14,3.77,1.44,4.32,5.62,0.00,1.48,2.20,0.00,0.00,0.00,N/A
1747328400,May 15 2025 - 5:00pm,incomplete,-1,İstanbulspor,Boluspor,N/A,N/A,1.65,1.61,1.65,1.61,0,0,0,0,0,0,"","",-1,-1,-1,-1,-1,-1,-1,-1,-1,-1,-1,-1,-1,-1,-1,-1,-1,-1,-1,-1,1.67,1.42,0.00,0.00,2.78,44,72,51,28,16,38,74,46,79,9.41,4.03,1.85,3.66,3.92,1.20,1.67,2.70,5.50,1.57,2.25,Esenyurt Necmi Kadıoğlu Stadyumu (İstanbul)
