timestamp,date_GMT,status,attendance,home_team_name,away_team_name,referee,Game Week,Pre-Match PPG (Home),Pre-Match PPG (Away),home_ppg,away_ppg,home_team_goal_count,away_team_goal_count,total_goal_count,total_goals_at_half_time,home_team_goal_count_half_time,away_team_goal_count_half_time,home_team_goal_timings,away_team_goal_timings,home_team_corner_count,away_team_corner_count,home_team_yellow_cards,home_team_red_cards,away_team_yellow_cards,away_team_red_cards,home_team_first_half_cards,home_team_second_half_cards,away_team_first_half_cards,away_team_second_half_cards,home_team_shots,away_team_shots,home_team_shots_on_target,away_team_shots_on_target,home_team_shots_off_target,away_team_shots_off_target,home_team_fouls,away_team_fouls,home_team_possession,away_team_possession,Home Team Pre-Match xG,Away Team Pre-Match xG,team_a_xg,team_b_xg,average_goals_per_match_pre_match,btts_percentage_pre_match,over_15_percentage_pre_match,over_25_percentage_pre_match,over_35_percentage_pre_match,over_45_percentage_pre_match,over_15_HT_FHG_percentage_pre_match,over_05_HT_FHG_percentage_pre_match,over_15_2HG_percentage_pre_match,over_05_2HG_percentage_pre_match,average_corners_per_match_pre_match,average_cards_per_match_pre_match,odds_ft_home_team_win,odds_ft_draw,odds_ft_away_team_win,odds_ft_over15,odds_ft_over25,odds_ft_over35,odds_ft_over45,odds_btts_yes,odds_btts_no,stadium_name
1723226400,Aug 09 2024 - 6:00pm,complete,N/A,Galatasaray,Hatayspor,Turgut Doman,1,0.00,0.00,2.54,0.42,2,1,3,0,0,0,"80,90","52",12,2,0,0,3,0,0,0,0,3,27,11,10,5,11,5,11,15,71,29,0.00,0.00,2.66,1.13,0.00,0,0,0,0,0,0,0,0,0,0.00,0.00,1.22,6.63,9.93,1.09,1.34,1.99,3.25,1.77,1.95,RAMS Park (İstanbul)
1723306500,Aug 10 2024 - 4:15pm,complete,N/A,Kasımpaşa,Konyaspor,Muhammetali Metoğlu,1,0.00,0.00,1.17,0.79,2,3,5,1,0,1,"48,74","7,81,89",2,7,5,0,3,0,2,3,1,2,9,12,3,5,5,4,11,11,60,40,0.00,0.00,0.96,1.25,0.00,0,0,0,0,0,0,0,0,0,0.00,0.00,2.12,3.38,3.41,1.27,1.94,3.25,6.09,1.70,2.05,Recep Tayyip Erdoğan Stadyumu (İstanbul)
1723315500,Aug 10 2024 - 6:45pm,complete,N/A,Antalyaspor,Göztepe,Zorbay Küçük,1,0.00,0.00,1.85,0.54,0,0,0,0,0,0,"","",4,6,2,0,1,0,1,1,0,1,14,11,4,3,7,6,8,21,63,37,0.00,0.00,1.29,1.01,0.00,0,0,0,0,0,0,0,0,0,0.00,0.00,1.85,3.79,3.83,1.22,1.71,3.00,5.20,1.65,2.10,Corendon Airlines Park (Antalya)
1723315500,Aug 10 2024 - 6:45pm,complete,N/A,Fenerbahçe,Adana Demirspor,Atilla Karaoğlan,1,0.00,0.00,2.75,0.38,1,0,1,1,1,0,"34","",9,4,2,0,2,0,1,1,2,0,13,7,6,0,3,3,16,12,53,47,0.00,0.00,1.44,0.36,0.00,0,0,0,0,0,0,0,0,0,0.00,0.00,1.10,10.55,16.31,1.05,1.28,1.65,2.55,1.77,1.93,Ülker Stadyumu Fenerbahçe Şükrü Saracoğlu Spor Kompleksi (İstanbul)
1723392900,Aug 11 2024 - 4:15pm,complete,N/A,Sivasspor,Trabzonspor,Cihan Aydın,1,0.00,0.00,1.43,0.42,0,0,0,0,0,0,"","",5,7,1,0,0,0,1,0,0,0,15,17,6,3,7,9,12,11,32,68,0.00,0.00,1.50,1.46,0.00,0,0,0,0,0,0,0,0,0,0.00,0.00,2.94,3.48,2.31,1.27,1.82,3.25,6.09,1.73,2.00,BG Group 4 Eylül Stadyumu (Sivas)
1723401900,Aug 11 2024 - 6:45pm,complete,N/A,Alanyaspor,Eyüpspor,Oğuzhan Çakır,1,0.00,0.00,1.62,1.23,1,1,2,0,0,0,"76","64",6,1,1,0,1,0,0,1,1,0,15,7,8,3,5,3,6,12,62,38,0.00,0.00,1.78,0.73,0.00,0,0,0,0,0,0,0,0,0,0.00,0.00,1.93,3.60,3.77,1.25,1.76,3.06,5.70,1.65,2.10,Kırbıyık Holding Stadyumu (Alanya)
1723401900,Aug 11 2024 - 6:45pm,complete,N/A,Samsunspor,Beşiktaş,Ali Şansalan,1,0.00,0.00,2.00,1.50,0,2,2,2,0,2,"","31,36",6,2,2,0,1,0,2,0,1,0,20,11,5,3,12,4,11,10,58,42,0.00,0.00,1.86,0.86,0.00,0,0,0,0,0,0,0,0,0,0.00,0.00,3.92,3.73,1.86,1.29,1.82,3.33,6.89,1.80,1.91,Samsun Yeni 19 Mayıs Stadyumu (Samsun)
1723485600,Aug 12 2024 - 6:00pm,complete,N/A,Rizespor,İstanbul Başakşehir,Direnç Tonusluoğlu,1,0.00,0.00,1.50,0.92,1,1,2,2,1,1,"45'6","39",12,1,0,0,2,0,0,0,0,2,24,7,6,2,10,3,14,14,59,41,0.00,0.00,1.86,0.60,0.00,0,0,0,0,0,0,0,0,0,0.00,0.00,3.00,3.30,2.25,1.26,1.80,3.02,5.70,1.65,2.15,Çaykur Didi Stadyumu (Rize)
1723485600,Aug 12 2024 - 6:00pm,complete,N/A,BB Bodrumspor,Gazişehir Gaziantep,Mehmet Türkmen,1,0.00,0.00,1.38,0.67,0,1,1,0,0,0,"","90'7",4,1,2,0,1,1,1,1,0,2,17,8,4,2,12,4,13,9,62,38,0.00,0.00,1.83,0.68,0.00,0,0,0,0,0,0,0,0,0,0.00,0.00,2.38,3.40,2.94,1.29,1.91,3.44,6.89,1.70,2.00,Bodrum İlçe Stadı (Bodrum)
1723831200,Aug 16 2024 - 6:00pm,complete,N/A,Konyaspor,Galatasaray,Direnç Tonusluoğlu,2,0.00,0.00,1.42,2.69,1,2,3,2,1,1,"45","41,59",5,8,1,0,1,0,0,1,0,1,18,9,4,5,10,3,5,17,41,59,0.00,0.00,1.48,1.15,0.00,0,0,0,0,0,0,0,0,0,0.00,0.00,6.25,4.40,1.50,1.22,1.70,2.80,5.17,1.78,1.99,Medaş Konya Büyükşehir Stadyumu (Konya)
1723911300,Aug 17 2024 - 4:15pm,complete,N/A,Kayserispor,Sivasspor,Turgut Doman,2,0.00,0.00,1.23,0.58,1,2,3,2,1,1,"14","17,50",5,4,1,0,2,1,1,0,1,2,21,10,8,5,9,3,14,13,68,32,0.00,0.00,2.02,1.02,0.00,0,0,0,0,0,0,0,0,0,0.00,0.00,2.00,3.30,3.20,1.30,1.75,3.35,6.50,1.70,2.05,RHG Enertürk Enerji Stadyumu (Kayseri)
1723920300,Aug 17 2024 - 6:45pm,complete,N/A,Göztepe,Fenerbahçe,Kadir Sağlam,2,0.00,0.00,2.42,2.15,2,2,4,2,0,2,"68,90'5","45'3,45'7",5,5,3,0,3,0,0,3,0,3,16,15,8,6,6,6,19,12,45,55,0.00,0.00,1.71,1.43,0.00,0,0,0,0,0,0,0,0,0,0.00,0.00,8.35,1.77,2.34,1.25,1.85,3.12,6.09,2.20,1.60,Göztepe Gürsel Aksel Stadı (İzmir)
1723920300,Aug 17 2024 - 6:45pm,complete,N/A,Adana Demirspor,Rizespor,Cihan Aydın,2,0.00,0.00,0.38,1.07,1,2,3,1,0,1,"90'8","41,74",1,6,2,0,0,0,0,2,0,0,12,13,5,6,5,6,14,16,53,47,0.00,0.00,1.28,1.48,0.00,0,0,0,0,0,0,0,0,0,0.00,0.00,2.05,3.50,2.87,1.17,1.56,2.20,4.12,1.45,2.55,Yeni Adana Stadyumu (Adana)
1723997700,Aug 18 2024 - 4:15pm,complete,N/A,İstanbul Başakşehir,Alanyaspor,Arda Kardeşler,2,0.00,0.00,1.92,0.77,4,2,6,3,1,2,"17,53,90,90'5","26,45'3",4,4,4,0,3,0,2,2,1,2,12,15,8,5,3,5,17,11,47,53,0.00,0.00,1.45,1.27,0.00,0,0,0,0,0,0,0,0,0,0.00,0.00,1.82,3.43,3.47,1.29,1.83,3.44,6.89,1.75,1.95,Başakşehir Fatih Terim Stadyumu (İstanbul)
1724006700,Aug 18 2024 - 6:45pm,complete,N/A,Gazişehir Gaziantep,Samsunspor,Emre Kargin,2,0.00,0.00,2.08,1.85,0,1,1,1,0,1,"","5",6,3,3,0,3,0,2,1,0,3,18,14,7,5,4,7,10,12,48,52,0.00,0.00,1.55,1.45,0.00,0,0,0,0,0,0,0,0,0,0.00,0.00,2.11,3.21,2.91,1.34,2.00,3.82,7.76,1.80,1.91,Kalyon Stadyumu (Gaziantep)
1724006700,Aug 18 2024 - 6:45pm,complete,N/A,Beşiktaş,Antalyaspor,Mehmet Türkmen,2,0.00,0.00,2.00,0.69,4,2,6,3,2,1,"13,23,56,90'5","1,51",3,0,4,0,1,1,0,4,0,2,15,8,7,4,5,2,17,13,56,44,0.00,0.00,1.63,0.88,0.00,0,0,0,0,0,0,0,0,0,0.00,0.00,1.60,4.00,4.86,1.17,1.61,2.51,4.45,1.80,1.91,Tüpraş Stadyumu (İstanbul)
1724090400,Aug 19 2024 - 6:00pm,complete,N/A,Eyüpspor,BB Bodrumspor,Halil Umut Meler,2,0.00,0.00,2.08,0.69,4,1,5,1,0,1,"46,55,86,90'5","30",3,4,1,0,1,0,1,0,0,1,16,19,9,6,2,7,8,11,65,35,0.00,0.00,1.56,1.50,0.00,0,0,0,0,0,0,0,0,0,0.00,0.00,2.00,3.30,3.75,1.32,2.05,3.61,7.32,1.83,1.85,Recep Tayyip Erdoğan Stadyumu (İstanbul)
1724090400,Aug 19 2024 - 6:00pm,complete,N/A,Hatayspor,Kasımpaşa,Oğuzhan Çakır,2,0.00,0.00,0.85,1.29,1,1,2,1,1,0,"21","90'1",3,7,2,0,1,0,0,2,0,1,11,15,2,7,4,3,7,10,38,62,0.00,0.00,0.72,1.52,0.00,0,0,0,0,0,0,0,0,0,0.00,0.00,2.35,3.50,2.80,1.25,1.73,2.96,5.61,1.60,2.20,Mersin Stadyumu (Mersin)
1724436000,Aug 23 2024 - 6:00pm,complete,N/A,Alanyaspor,Göztepe,Muhammetali Metoğlu,3,1.00,1.00,1.62,0.54,1,1,2,1,0,1,"48","45",8,2,1,0,4,0,1,0,3,1,12,11,4,4,4,3,6,23,68,32,1.78,1.01,1.19,0.96,1.00,50,50,0,0,0,0,0,50,50,12.00,2.00,1.99,3.62,3.58,1.24,1.75,2.82,5.20,1.62,2.15,GAIN Park Stadium (Alanya)
1724516100,Aug 24 2024 - 4:15pm,complete,N/A,Sivasspor,Eyüpspor,Zorbay Küçük,3,1.00,1.00,1.43,1.23,0,1,1,1,0,1,"","8",4,4,2,0,3,0,0,2,1,2,12,13,4,4,4,8,14,15,46,54,1.50,0.73,1.08,1.34,1.00,50,50,0,0,0,0,0,50,50,6.00,2.00,2.26,3.35,2.96,1.27,1.99,3.07,5.80,1.65,2.10,BG Group 4 Eylül Stadyumu (Sivas)
1724525100,Aug 24 2024 - 6:45pm,complete,N/A,BB Bodrumspor,Konyaspor,Çağdaş Altay,3,0.00,3.00,1.38,0.79,3,1,4,3,2,1,"28,40,88","45'4",5,5,2,0,2,0,1,1,0,2,12,8,5,4,3,2,11,13,37,63,1.83,1.25,1.11,1.05,3.00,50,50,50,50,50,0,50,50,100,11.00,5.00,2.77,3.30,2.41,1.32,1.97,3.61,7.32,1.82,1.88,Bodrum İlçe Stadı (Bodrum)
1724602500,Aug 25 2024 - 4:15pm,complete,N/A,Kasımpaşa,Adana Demirspor,Abdullah Buğra Taşkınsoy,3,0.00,0.00,1.17,0.38,2,2,4,1,1,0,"30,59","65,90'3",8,4,1,0,0,0,0,1,0,0,22,12,7,4,9,7,11,11,53,47,0.96,0.36,1.84,1.17,3.00,50,50,50,50,50,0,100,50,50,6.00,7.00,1.73,4.10,4.00,1.17,1.55,2.25,4.22,1.60,2.20,Recep Tayyip Erdoğan Stadyumu (İstanbul)
1724611500,Aug 25 2024 - 6:45pm,complete,N/A,Antalyaspor,Hatayspor,Atilla Karaoğlan,3,1.00,0.00,1.85,0.42,3,2,5,2,0,2,"60,66,90'4","26,32",10,2,4,0,6,1,0,4,1,6,12,11,7,5,4,3,17,19,63,37,1.29,1.13,1.57,1.10,1.50,50,50,50,0,0,0,0,50,50,6.00,5.00,2.25,3.40,2.95,1.29,1.85,3.44,6.89,1.67,2.10,Corendon Airlines Park (Antalya)
1724611500,Aug 25 2024 - 6:45pm,complete,N/A,Rizespor,Fenerbahçe,Turgut Doman,3,1.00,1.00,1.50,2.15,0,5,5,1,0,1,"","15,53,60,64,66",1,6,3,0,2,0,2,1,2,0,10,20,4,9,4,8,13,19,48,52,1.86,1.43,1.12,2.12,3.00,100,100,50,50,0,100,100,50,50,17.00,3.00,4.60,4.20,1.63,1.21,1.70,2.80,5.17,1.73,2.00,Çaykur Didi Stadyumu (Rize)
1725040800,Aug 30 2024 - 6:00pm,complete,N/A,Fenerbahçe,Alanyaspor,Mehmet Türkmen,4,3.00,0.00,2.75,0.77,3,0,3,1,1,0,"43,65,67","",2,1,1,0,4,0,0,1,0,4,20,10,9,2,5,5,13,11,49,51,1.44,1.27,1.84,0.71,3.50,50,50,50,50,50,50,100,50,50,13.00,5.00,1.30,5.75,9.50,1.13,1.45,2.25,3.61,1.85,1.85,Ülker Stadyumu Fenerbahçe Şükrü Saracoğlu Spor Kompleksi (İstanbul)
1725120900,Aug 31 2024 - 4:15pm,complete,N/A,Rizespor,Kasımpaşa,Ali Şansalan,4,0.50,1.00,1.50,1.29,0,1,1,1,0,1,"","6",10,3,1,0,3,0,1,0,2,1,19,12,4,6,4,4,12,14,62,38,1.49,1.52,1.30,1.26,2.75,75,100,25,25,25,25,100,25,75,13.50,2.50,2.15,3.30,3.20,1.22,1.74,2.80,5.17,1.57,2.25,Çaykur Didi Stadyumu (Rize)
1725120900,Aug 31 2024 - 4:15pm,complete,N/A,Konyaspor,Kayserispor,Emre Kargin,4,0.00,0.00,1.42,0.92,0,0,0,0,0,0,"","",6,5,1,0,1,0,0,1,0,1,16,10,2,4,6,4,13,17,48,52,1.48,0.00,1.10,1.00,1.50,50,50,50,0,0,50,50,0,50,5.00,1.00,1.80,3.50,4.00,1.29,1.91,3.44,6.89,1.80,1.95,Medaş Konya Büyükşehir Stadyumu (Konya)
1725129900,Aug 31 2024 - 6:45pm,complete,N/A,Göztepe,BB Bodrumspor,Abdullah Buğra Taşkınsoy,4,1.00,0.00,2.42,0.69,2,0,2,2,2,0,"16,41","",6,2,4,0,1,0,3,1,0,1,15,16,5,4,6,7,13,4,49,51,1.71,1.50,1.38,1.25,4.50,100,100,100,100,50,50,100,100,100,9.00,4.00,2.05,3.10,3.50,1.30,1.78,3.80,8.00,1.90,1.90,Göztepe Gürsel Aksel Stadı (İzmir)
1725129900,Aug 31 2024 - 6:45pm,complete,N/A,Adana Demirspor,Galatasaray,Kadir Sağlam,4,0.00,3.00,0.38,2.69,1,5,6,4,0,4,"79","9,18,31,37,60",3,4,3,1,0,0,2,2,0,0,15,17,6,8,8,7,8,9,42,58,1.28,1.15,1.58,1.89,3.00,100,100,100,0,0,50,100,50,100,9.00,3.00,6.50,5.25,1.33,1.08,1.40,1.92,2.96,1.55,2.30,Yeni Adana Stadyumu (Adana)
1725207300,Sep 01 2024 - 4:15pm,complete,N/A,İstanbul Başakşehir,Antalyaspor,Oğuzhan Çakır,4,3.00,0.00,1.92,0.69,5,2,7,3,1,2,"43,62,64,72,80","2,41",3,5,1,0,2,0,0,1,1,1,15,11,8,4,2,3,16,14,55,45,1.45,0.88,1.51,0.96,6.00,100,100,100,100,100,100,100,100,100,4.00,7.00,1.62,4.00,5.00,1.29,1.85,3.33,6.89,1.83,1.95,Başakşehir Fatih Terim Stadyumu (İstanbul)
1725207300,Sep 01 2024 - 4:15pm,complete,N/A,Eyüpspor,Trabzonspor,Atilla Karaoğlan,4,3.00,1.00,2.08,0.42,0,0,0,0,0,0,"","",3,4,3,0,0,0,0,3,0,0,14,9,7,5,4,3,10,9,47,53,1.56,1.46,1.43,1.21,2.50,50,50,50,50,50,0,50,50,50,10.00,1.00,2.30,3.60,2.80,1.27,1.85,3.25,6.09,1.65,2.10,Recep Tayyip Erdoğan Stadyumu (İstanbul)
1725216300,Sep 01 2024 - 6:45pm,complete,N/A,Hatayspor,Samsunspor,Cihan Aydın,4,1.00,3.00,0.85,1.85,0,3,3,1,0,1,"","37,51,75",2,4,0,0,2,0,0,0,1,1,6,15,2,7,2,5,8,12,54,46,0.72,1.45,0.67,1.53,1.50,50,50,0,0,0,0,100,0,50,6.00,5.00,2.60,3.30,2.60,1.34,2.00,3.82,7.76,1.80,1.90,Mersin Stadyumu (Mersin)
1725216300,Sep 01 2024 - 6:45pm,complete,N/A,Beşiktaş,Sivasspor,Direnç Tonusluoğlu,4,3.00,3.00,2.00,0.58,2,0,2,1,1,0,"27,89","",5,5,4,0,5,0,1,3,2,3,13,8,9,2,4,3,15,9,67,33,1.63,1.02,1.86,0.71,4.50,100,100,100,50,50,100,100,50,100,7.00,7.00,1.50,4.40,6.00,1.21,1.65,2.74,5.17,1.80,1.90,Tüpraş Stadyumu (İstanbul)
1726322400,Sep 14 2024 - 2:00pm,complete,N/A,Sivasspor,Gazişehir Gaziantep,Muhammetali Metoğlu,5,0.50,3.00,1.43,0.67,3,2,5,2,1,1,"37,69,83","6,88",3,5,4,1,6,0,1,4,2,4,17,15,5,6,6,7,15,15,47,53,1.29,0.68,1.30,1.58,0.75,0,0,0,0,0,0,25,0,50,5.50,3.50,2.20,3.35,3.30,1.29,1.80,3.34,6.35,1.80,1.91,BG Group 4 Eylül Stadyumu (Sivas)
1726322400,Sep 14 2024 - 2:00pm,complete,N/A,Samsunspor,Konyaspor,Oğuzhan Çakır,5,0.00,1.50,2.00,0.79,0,1,1,1,0,1,"","30",12,1,0,0,2,0,0,0,0,2,15,7,3,4,5,1,11,14,67,33,1.86,1.15,1.23,0.82,3.25,50,100,50,50,25,75,100,25,50,12.00,4.50,1.83,3.50,4.50,1.35,2.10,3.75,7.30,2.00,1.73,Samsun Yeni 19 Mayıs Stadyumu (Samsun)
1726333200,Sep 14 2024 - 5:00pm,complete,N/A,Galatasaray,Rizespor,Arda Kardeşler,5,3.00,3.00,2.54,1.07,5,0,5,2,2,0,"3,25,49,61,80","",6,1,0,0,0,0,0,0,0,0,26,5,10,2,6,2,16,11,56,44,2.66,1.48,2.06,0.53,3.00,100,100,100,0,0,0,50,100,100,18.00,0.00,1.20,6.50,10.00,1.08,1.33,1.85,3.06,1.73,2.00,RAMS Park (İstanbul)
1726333200,Sep 14 2024 - 5:00pm,complete,N/A,BB Bodrumspor,İstanbul Başakşehir,Zorbay Küçük,5,1.50,1.00,1.38,0.92,0,1,1,0,0,0,"","90",5,7,0,1,0,1,0,1,0,1,11,14,4,6,5,5,22,14,36,64,1.47,0.60,1.21,1.40,2.25,75,75,25,25,0,75,75,0,50,5.50,4.00,3.00,3.10,2.30,1.43,2.25,4.50,9.80,2.00,1.73,Bodrum İlçe Stadı (Bodrum)
1726408800,Sep 15 2024 - 2:00pm,complete,N/A,Kasımpaşa,Fenerbahçe,Halil Umut Meler,5,0.50,2.00,1.17,2.15,0,2,2,2,0,2,"","22,39",6,5,3,0,1,0,3,0,0,1,16,7,3,3,10,4,11,16,58,42,1.40,1.78,1.54,0.89,4.50,75,100,100,100,50,25,100,100,100,10.50,5.50,5.50,4.30,1.50,1.16,1.47,2.25,3.93,1.65,2.18,Recep Tayyip Erdoğan Stadyumu (İstanbul)
1726408800,Sep 15 2024 - 2:00pm,complete,N/A,Kayserispor,Eyüpspor,Ömer Tolga Güldibi,5,0.00,2.00,1.23,1.23,2,2,4,2,0,2,"64,69","21,36",6,8,4,0,2,0,2,2,0,2,16,16,7,9,5,4,12,10,60,40,2.02,1.03,1.55,1.67,2.25,75,75,50,0,0,50,75,25,75,7.50,3.00,2.56,3.30,2.58,1.28,1.96,3.32,6.44,1.75,2.10,RHG Enertürk Enerji Stadyumu (Kayseri)
1726419600,Sep 15 2024 - 5:00pm,complete,N/A,Alanyaspor,Hatayspor,Ozan Ergün,5,1.00,0.00,1.62,0.42,0,0,0,0,0,0,"","",5,4,3,0,1,0,3,0,0,1,14,8,5,2,5,3,11,16,57,43,1.49,1.11,1.30,0.83,3.00,100,100,50,25,25,25,50,75,100,9.00,6.50,1.76,3.75,4.34,1.29,1.83,3.33,6.89,1.83,1.95,GAIN Park Stadium (Alanya)
1726419600,Sep 15 2024 - 5:00pm,complete,N/A,Trabzonspor,Beşiktaş,Ali Şansalan,5,0.00,3.00,2.08,1.50,1,1,2,2,1,1,"17","39",1,13,2,1,3,0,2,1,2,1,6,23,2,8,2,10,17,9,25,75,0.00,0.86,0.55,2.45,1.00,0,50,0,0,0,50,50,0,0,2.00,1.00,3.34,3.45,2.10,1.25,1.72,3.00,5.50,1.62,2.15,Papara Park (Trabzon)
1726506000,Sep 16 2024 - 5:00pm,complete,N/A,Antalyaspor,Adana Demirspor,Yasin Kol,5,2.00,0.50,1.85,0.38,2,1,3,0,0,0,"50,90'8","84",8,4,1,0,2,0,1,0,0,2,13,18,6,10,4,5,9,8,50,50,1.43,0.76,1.30,2.08,2.50,50,50,50,50,25,25,75,50,50,11.00,4.00,1.87,3.31,3.40,1.21,1.76,2.74,5.17,1.72,2.10,Corendon Airlines Park (Antalya)
1726592400,Sep 17 2024 - 5:00pm,complete,N/A,Galatasaray,Gazişehir Gaziantep,Cihan Aydın,3,3.00,1.50,2.54,0.67,3,1,4,2,2,0,"11,26,76","81",11,4,1,0,1,0,1,0,0,1,24,7,9,4,11,3,11,6,63,37,2.36,1.13,2.31,0.91,3.50,50,75,75,50,50,50,50,75,100,12.00,4.00,1.31,6.13,10.10,1.13,1.45,2.10,3.80,1.80,2.00,RAMS Park (İstanbul)
1726678800,Sep 18 2024 - 5:00pm,complete,N/A,Samsunspor,İstanbul Başakşehir,Direnç Tonusluoğlu,3,0.00,2.00,2.00,0.92,2,0,2,0,0,0,"65,72","",4,2,5,0,2,0,1,4,0,2,14,16,7,7,5,8,12,11,37,63,1.54,1.00,1.50,1.63,1.50,25,50,0,0,0,50,75,0,25,13.00,3.00,2.38,3.10,2.88,1.33,2.10,4.00,8.00,1.87,1.90,Samsun Yeni 19 Mayıs Stadyumu (Samsun)
1726765200,Sep 19 2024 - 5:00pm,complete,N/A,Trabzonspor,Kayserispor,Mehmet Türkmen,3,1.00,1.00,2.08,0.92,2,2,4,1,0,1,"89,90'8","12,63",8,3,0,0,5,1,0,0,1,5,26,14,9,6,11,5,6,11,66,34,0.55,1.00,2.52,1.34,1.00,50,50,0,0,0,50,50,0,0,6.00,5.00,1.57,4.10,4.60,1.20,1.65,2.95,5.50,1.75,2.05,Papara Park (Trabzon)
1726851600,Sep 20 2024 - 5:00pm,complete,N/A,Hatayspor,BB Bodrumspor,Ümit Öztürk,6,0.50,0.00,0.85,0.69,0,1,1,1,0,1,"","27",10,7,2,0,6,0,1,1,2,4,14,9,3,2,4,5,11,13,66,34,0.70,1.37,1.00,0.81,3.00,50,100,50,25,25,25,100,50,75,5.50,2.00,2.38,3.35,2.80,1.41,2.25,4.24,9.00,1.91,1.80,Mersin Stadyumu (Mersin)
1726927200,Sep 21 2024 - 2:00pm,complete,N/A,Konyaspor,Sivasspor,Yasin Kol,6,0.50,1.50,1.42,0.58,0,0,0,0,0,0,"","",7,4,5,0,4,0,1,4,1,3,16,11,6,6,6,3,17,14,55,45,1.29,0.87,1.59,1.30,2.00,50,75,50,0,0,50,75,0,75,10.00,5.00,2.10,3.25,3.50,1.36,2.05,3.80,7.50,1.85,1.85,Medaş Konya Büyükşehir Stadyumu (Konya)
1726938000,Sep 21 2024 - 5:00pm,complete,N/A,Fenerbahçe,Galatasaray,Atilla Karaoğlan,6,3.00,3.00,2.75,2.69,1,3,4,2,0,2,"63","20,28,59",10,2,3,0,6,0,1,2,3,3,25,14,11,7,8,7,13,23,56,44,1.64,1.52,2.42,1.62,3.25,50,75,75,25,25,50,100,50,75,11.50,2.00,2.10,3.40,3.10,1.14,1.60,2.25,3.70,1.48,2.66,Ülker Stadyumu Fenerbahçe Şükrü Saracoğlu Spor Kompleksi (İstanbul)
1727013600,Sep 22 2024 - 2:00pm,complete,N/A,Rizespor,Samsunspor,Kadir Sağlam,N/A,0.33,3.00,1.50,1.85,0,1,1,0,0,0,"","46",3,0,2,0,2,0,1,1,0,2,14,10,3,3,8,5,13,11,64,36,1.43,1.49,1.36,0.99,2.34,17,59,42,17,17,17,100,42,42,11.17,3.83,2.40,3.40,2.75,1.20,1.81,3.00,6.50,1.67,2.10,N/A
1727013600,Sep 22 2024 - 2:00pm,complete,N/A,Kasımpaşa,Antalyaspor,Burak Pakkan,6,0.33,0.00,1.17,0.69,0,0,0,0,0,0,"","",3,1,1,1,6,0,1,1,3,3,14,5,4,3,9,1,18,18,57,43,1.45,0.92,1.50,0.75,5.09,84,100,84,84,67,67,100,84,84,7.83,5.50,1.68,4.00,4.33,1.20,1.60,2.54,4.53,1.57,2.25,Recep Tayyip Erdoğan Stadyumu (İstanbul)
1727024400,Sep 22 2024 - 5:00pm,complete,N/A,Adana Demirspor,Alanyaspor,Emre Kargin,6,0.00,0.00,0.38,0.77,0,2,2,2,0,2,"","4,17",6,6,1,0,3,0,0,1,2,1,10,14,3,8,6,5,9,10,54,46,1.43,0.99,1.14,1.64,4.50,75,100,100,50,50,50,100,100,100,4.50,7.00,2.75,3.55,2.30,1.14,1.62,2.55,4.80,1.50,2.55,Yeni Adana Stadyumu (Adana)
1727024400,Sep 22 2024 - 5:00pm,complete,N/A,Beşiktaş,Eyüpspor,Zorbay Küçük,6,3.00,1.67,2.00,1.23,2,1,3,1,1,0,"20,90'3","64",8,4,1,0,4,0,0,1,1,3,16,12,7,5,6,4,11,14,62,38,1.74,1.25,1.82,1.27,3.17,59,84,42,42,25,42,84,59,84,8.33,6.00,1.44,4.60,6.10,1.20,1.60,2.65,4.75,1.80,1.90,Tüpraş Stadyumu (İstanbul)
1727110800,Sep 23 2024 - 5:00pm,complete,N/A,Gazişehir Gaziantep,Trabzonspor,Volkan Bayarslan,6,0.00,1.00,2.08,0.42,0,0,0,0,0,0,"","",9,2,5,0,4,0,1,4,1,3,13,13,5,4,7,4,16,13,36,64,1.55,1.33,1.48,1.08,0.50,0,0,0,0,0,0,50,0,0,11.50,3.00,3.05,3.50,2.17,1.25,1.84,3.20,6.00,1.65,2.10,Kalyon Stadyumu (Gaziantep)
1727110800,Sep 23 2024 - 5:00pm,complete,N/A,Göztepe,Kayserispor,Ozan Ergün,6,2.00,1.00,2.42,0.92,3,0,3,2,2,0,"13,45'3,90'4","",6,4,2,0,2,0,1,1,0,2,22,9,8,4,12,3,13,10,37,63,1.55,1.17,2.57,1.12,2.50,50,75,50,50,0,50,75,50,50,9.50,7.00,1.90,3.50,3.75,1.25,1.88,3.30,6.20,1.78,1.90,Göztepe Gürsel Aksel Stadı (İzmir)
1727456400,Sep 27 2024 - 5:00pm,complete,N/A,Sivasspor,İstanbul Başakşehir,Çağdaş Altay,7,1.33,1.33,1.43,0.92,1,2,3,1,0,1,"82","43,49",2,3,1,0,4,0,0,1,0,4,11,13,4,5,5,8,12,12,53,47,1.29,1.21,1.36,1.60,1.84,33,50,17,17,17,33,50,33,50,7.33,4.67,2.64,3.47,2.79,1.29,2.01,3.60,7.50,1.80,2.00,BG Group 4 Eylül Stadyumu (Sivas)
1727528400,Sep 28 2024 - 1:00pm,complete,N/A,Samsunspor,Göztepe,Mehmet Türkmen,7,1.00,1.00,2.00,0.54,4,3,7,3,1,2,"28,70,79,90'1","13,41,50",6,3,0,0,2,0,0,0,0,2,22,10,10,4,4,5,6,9,70,30,1.53,0.98,2.14,1.06,1.34,25,59,0,0,0,17,59,17,42,11.33,4.83,2.00,3.40,3.82,1.39,2.26,3.97,8.00,1.95,1.80,Samsun Yeni 19 Mayıs Stadyumu (Samsun)
1727539200,Sep 28 2024 - 4:00pm,complete,N/A,Alanyaspor,Rizespor,Abdullah Buğra Taşkınsoy,N/A,1.00,1.50,1.62,1.07,1,0,1,1,1,0,"33","",7,2,3,0,3,0,2,1,0,3,13,12,3,3,4,5,12,14,44,56,1.42,1.01,1.00,1.17,2.67,59,84,50,25,25,25,67,67,84,9.83,1.67,2.04,3.20,3.35,1.21,1.81,2.81,5.10,1.67,2.10,N/A
1727539200,Sep 28 2024 - 4:00pm,complete,N/A,Galatasaray,Kasımpaşa,Oğuzhan Çakır,7,3.00,2.00,2.54,1.29,3,3,6,4,3,1,"20,28,34","44,83,90'5",2,4,2,0,3,0,0,2,0,3,8,13,4,7,1,4,10,10,50,50,2.34,1.39,0.77,1.44,2.75,59,75,50,34,17,34,84,50,75,14.67,2.33,1.26,5.75,8.00,1.04,1.32,1.76,2.65,1.68,2.11,RAMS Park (İstanbul)
1727614800,Sep 29 2024 - 1:00pm,complete,N/A,Trabzonspor,Konyaspor,Halil Umut Meler,N/A,1.00,2.00,2.08,0.79,3,2,5,3,2,1,"16,45'4,54","24,89",4,2,4,0,1,0,0,4,0,1,16,13,6,5,6,5,18,11,66,34,1.54,1.04,1.50,1.26,3.17,84,84,59,59,17,42,100,42,59,8.83,4.33,1.80,3.30,3.75,1.28,1.91,3.50,6.50,1.75,1.93,N/A
1727614800,Sep 29 2024 - 1:00pm,complete,N/A,Eyüpspor,Gazişehir Gaziantep,Arda Kardeşler,7,2.00,1.00,2.08,0.67,3,2,5,2,1,1,"15,65,79","28,90'2",5,5,1,0,4,0,0,1,2,2,12,15,6,5,5,6,16,12,63,37,1.50,1.06,1.42,1.23,2.92,59,59,59,59,42,34,59,59,75,6.33,5.00,1.83,3.40,3.60,1.25,1.75,2.95,5.70,1.65,2.10,Recep Tayyip Erdoğan Stadyumu (İstanbul)
1727625600,Sep 29 2024 - 4:00pm,complete,N/A,Antalyaspor,Fenerbahçe,Cihan Aydın,7,2.33,2.33,1.85,2.15,0,2,2,0,0,0,"","63,81",2,5,1,0,1,0,1,0,1,0,12,15,2,7,8,5,10,13,51,49,1.38,1.48,1.01,1.48,3.17,50,84,67,50,33,50,67,67,67,12.66,4.33,6.75,4.60,1.37,1.18,1.57,2.45,4.35,1.83,2.00,Corendon Airlines Park (Antalya)
1727625600,Sep 29 2024 - 4:00pm,complete,N/A,BB Bodrumspor,Adana Demirspor,Turgut Doman,7,1.00,0.33,1.38,0.38,3,1,4,1,1,0,"13,54,82","60",7,6,2,0,5,0,0,2,0,5,19,17,8,6,4,6,14,12,47,53,1.38,1.20,1.66,1.41,2.34,50,50,50,33,0,17,50,34,84,8.67,3.33,1.78,3.55,3.90,1.25,1.84,3.30,7.00,1.75,2.05,Bodrum İlçe Stadı (Bodrum)
1727715600,Sep 30 2024 - 5:00pm,complete,N/A,Kayserispor,Beşiktaş,Atilla Karaoğlan,N/A,0.50,2.00,1.23,1.50,0,3,3,0,0,0,"","56,78,90'1",7,3,4,0,3,0,2,2,0,3,11,10,5,6,3,3,12,12,48,52,1.79,1.66,1.16,1.25,2.75,75,100,50,25,0,100,100,25,50,13.00,4.50,4.33,4.00,1.68,1.14,1.57,2.40,3.98,1.62,2.20,N/A
1728061200,Oct 04 2024 - 5:00pm,complete,N/A,Rizespor,Antalyaspor,Burak Pakkan,8,0.25,0.33,1.50,0.69,2,1,3,2,2,0,"38,44","87",3,3,6,0,2,0,3,3,0,2,8,17,3,4,2,9,13,10,33,67,1.41,0.86,0.64,1.67,3.29,46,59,46,46,46,46,71,46,59,8.50,5.17,1.92,3.70,3.50,1.25,1.82,3.00,5.75,1.70,2.05,Çaykur Didi Stadyumu (Rize)
1728124200,Oct 05 2024 - 10:30am,complete,N/A,Kasımpaşa,BB Bodrumspor,Direnç Tonusluoğlu,8,0.50,1.00,1.17,0.69,0,0,0,0,0,0,"","",5,0,0,0,3,1,0,0,2,2,18,5,10,3,8,2,8,16,66,34,1.46,1.18,0.00,0.00,2.71,42,71,42,42,29,29,88,42,42,9.08,5.67,1.91,3.60,3.70,1.25,1.90,3.30,7.00,1.75,2.05,Recep Tayyip Erdoğan Stadyumu (İstanbul)
1728133200,Oct 05 2024 - 1:00pm,complete,N/A,Göztepe,Sivasspor,Ali Şansalan,8,2.33,1.33,2.42,0.58,3,2,5,2,2,0,"6,10,90'4","55,57",4,4,3,0,2,0,0,3,0,2,12,9,3,5,9,4,18,6,59,41,1.89,1.01,1.44,1.18,2.34,33,84,50,17,0,67,84,17,67,10.00,7.00,1.75,3.70,4.40,1.33,1.97,3.50,7.00,1.85,1.85,N/A
1728144000,Oct 05 2024 - 4:00pm,complete,N/A,İstanbul Başakşehir,Kayserispor,Yasin Kol,8,3.00,0.67,1.92,0.92,1,1,2,1,0,1,"53","32",3,3,1,0,1,0,1,0,0,1,15,9,8,4,7,5,10,17,64,36,1.48,1.15,1.86,1.14,4.42,67,84,84,67,50,67,84,67,84,7.50,5.50,1.63,4.12,4.88,1.24,1.82,2.88,5.39,1.77,2.00,Başakşehir Fatih Terim Stadyumu (İstanbul)
1728144000,Oct 05 2024 - 4:00pm,complete,N/A,Hatayspor,Trabzonspor,Kadir Sağlam,8,0.33,1.00,0.85,0.42,1,1,2,1,1,0,"14","48",4,7,4,0,6,0,1,3,0,6,8,11,5,5,3,6,11,12,48,52,0.80,1.25,1.22,1.37,1.00,17,34,17,0,0,0,50,17,34,9.33,2.66,3.42,3.22,2.19,1.32,1.98,3.60,7.50,1.87,1.90,Mersin Stadyumu (Mersin)
1728210600,Oct 06 2024 - 10:30am,complete,N/A,Konyaspor,Eyüpspor,Erkan Özdamar,8,0.67,1.25,1.42,1.23,2,1,3,0,0,0,"72,90'7","65",5,2,5,0,2,0,2,3,2,0,7,6,4,5,3,1,12,10,39,61,1.39,1.25,0.00,0.00,1.75,54,54,42,13,0,29,54,38,54,10.25,4.83,2.15,3.25,3.30,1.38,2.10,3.80,7.50,1.83,1.83,Medaş Konya Büyükşehir Stadyumu (Konya)
1728219600,Oct 06 2024 - 1:00pm,complete,N/A,Adana Demirspor,Samsunspor,Alper Akarsu,8,0.00,3.00,0.38,1.85,1,3,4,1,1,0,"7","58,90'3,90'10",5,5,3,0,3,0,1,2,3,0,12,3,6,2,6,1,8,12,50,50,1.33,1.32,1.49,0.52,2.67,34,67,50,17,17,34,84,50,67,5.66,5.00,3.80,3.50,1.91,1.18,1.65,2.58,4.60,1.67,2.10,Yeni Adana Stadyumu (Adana)
1728230400,Oct 06 2024 - 4:00pm,complete,N/A,Gazişehir Gaziantep,Beşiktaş,Muhammetali Metoğlu,N/A,0.50,2.33,2.08,1.50,1,1,2,1,0,1,"90'5","31",4,4,4,0,2,0,3,1,1,1,10,8,5,3,5,5,13,15,45,55,1.52,1.52,1.30,1.00,1.42,17,50,17,0,0,34,59,17,17,13.50,6.33,4.60,3.70,1.64,1.25,1.73,2.90,5.50,1.75,1.95,N/A
1728230400,Oct 06 2024 - 4:00pm,complete,N/A,Galatasaray,Alanyaspor,Mehmet Türkmen,8,2.50,1.00,2.54,0.77,1,0,1,1,1,0,"28","",10,3,2,0,3,0,0,2,2,1,10,2,7,0,3,2,13,8,59,41,1.95,1.21,1.57,0.33,4.09,54,100,84,54,42,71,88,84,84,11.42,4.08,1.32,5.10,7.00,1.08,1.41,2.17,3.08,1.73,2.00,RAMS Park (İstanbul)
1729333800,Oct 19 2024 - 10:30am,complete,N/A,Kayserispor,Gazişehir Gaziantep,Halil Umut Meler,N/A,0.33,0.75,1.23,0.67,2,2,4,3,1,2,"24,57","22,45'1",13,0,3,0,1,0,2,1,1,0,16,9,5,4,7,4,12,13,61,39,1.58,1.10,1.67,0.95,3.54,71,88,88,54,25,71,71,71,100,9.75,6.25,2.11,3.35,3.04,1.22,1.73,2.87,5.17,1.62,2.20,N/A
1729342800,Oct 19 2024 - 1:00pm,complete,N/A,Trabzonspor,İstanbul Başakşehir,Zorbay Küçük,9,1.67,1.75,2.08,0.92,1,0,1,0,0,0,"90'1","",8,1,0,0,4,0,0,0,1,3,16,7,5,3,5,4,18,18,59,41,1.52,1.31,1.42,0.94,2.84,75,88,46,34,17,46,75,59,71,7.58,5.17,2.05,3.22,3.30,0.00,1.93,0.00,0.00,1.80,1.91,Papara Park (Trabzon)
1729353600,Oct 19 2024 - 4:00pm,complete,N/A,Antalyaspor,Galatasaray,Ali Şansalan,9,1.75,3.00,1.85,2.69,0,3,3,1,0,1,"","10,52,90'2",5,7,2,0,4,0,1,1,2,2,13,17,5,10,5,4,10,7,49,51,1.29,1.56,1.24,2.01,3.42,75,88,75,46,29,63,63,71,88,10.67,4.33,5.50,4.50,1.50,1.14,1.45,2.10,3.57,1.67,2.10,Corendon Airlines Park (Antalya)
1729353600,Oct 19 2024 - 4:00pm,complete,N/A,Eyüpspor,Göztepe,Turgut Doman,9,2.33,0.67,2.08,0.54,1,0,1,1,1,0,"19","",4,3,0,0,2,0,0,0,1,1,12,13,7,6,4,5,13,16,53,47,1.47,1.01,1.50,1.54,3.17,67,67,50,50,50,33,67,50,67,7.34,4.00,2.05,3.45,3.45,1.28,1.85,3.30,6.36,1.73,2.00,Recep Tayyip Erdoğan Stadyumu (İstanbul)
1729420200,Oct 20 2024 - 10:30am,complete,N/A,Sivasspor,Hatayspor,Mehmet Türkmen,9,1.00,0.33,1.43,0.42,3,2,5,2,1,1,"43,73,79","45'2,61",8,7,1,0,1,0,1,0,1,0,9,6,6,3,3,3,2,12,54,46,1.31,1.02,0.00,0.00,2.46,59,59,59,29,29,29,54,59,59,6.17,6.25,2.03,3.48,3.68,1.34,2.08,3.61,7.76,1.83,1.83,BG Group 4 Eylül Stadyumu (Sivas)
1729429200,Oct 20 2024 - 1:00pm,complete,N/A,Beşiktaş,Konyaspor,Kadir Sağlam,9,3.00,1.50,2.00,0.79,2,0,2,2,2,0,"29,45'2","",9,5,2,0,4,0,0,2,1,3,15,13,8,6,7,7,15,9,60,40,1.77,1.09,1.89,1.50,3.71,71,88,71,54,42,42,100,59,88,9.08,5.00,1.42,4.64,7.40,1.22,1.76,2.87,5.24,1.91,1.80,Tüpraş Stadyumu (İstanbul)
1729440000,Oct 20 2024 - 4:00pm,complete,N/A,Alanyaspor,Kasımpaşa,Cihan Aydın,9,1.50,1.67,1.62,1.29,1,2,3,2,0,2,"66","2,34",7,2,4,0,1,0,0,4,1,0,7,7,3,3,4,4,9,11,56,44,1.32,1.41,1.13,0.85,2.13,59,59,17,17,17,17,75,29,59,11.17,4.33,2.05,3.40,3.00,1.22,1.73,2.87,5.17,1.62,2.20,GAIN Park Stadium (Alanya)
1729440000,Oct 20 2024 - 4:00pm,complete,N/A,Samsunspor,Fenerbahçe,Muhammetali Metoğlu,9,1.50,2.50,2.00,2.15,2,2,4,1,0,1,"48,88","24,62",4,2,5,0,5,0,1,4,2,3,8,6,2,3,6,3,10,7,57,43,1.68,1.48,0.97,0.85,3.13,25,88,38,38,25,50,75,63,63,12.25,3.50,4.00,3.40,1.73,1.31,1.91,3.61,7.32,1.83,1.83,Samsun Yeni 19 Mayıs Stadyumu (Samsun)
1729530000,Oct 21 2024 - 5:00pm,complete,N/A,BB Bodrumspor,Rizespor,Oğuzhan Çakır,9,1.50,1.00,1.38,1.07,0,1,1,0,0,0,"","83",5,0,2,0,2,0,0,2,0,2,14,7,3,3,8,3,13,13,40,60,1.45,1.06,1.41,1.09,2.75,42,59,59,42,17,29,75,46,84,8.25,3.00,2.32,3.15,3.00,1.38,2.15,4.12,8.70,1.83,1.83,Bodrum İlçe Stadı (Bodrum)
1729875600,Oct 25 2024 - 5:00pm,complete,N/A,Adana Demirspor,Sivasspor,Atilla Karaoğlan,10,0.00,1.00,0.38,0.58,2,4,6,3,2,1,"13,16","38,61,66,88",4,6,1,0,3,0,1,0,2,1,14,12,8,7,4,2,15,16,56,44,1.37,1.05,1.62,1.36,3.13,63,88,63,38,25,50,88,50,75,8.00,6.25,3.11,3.57,2.17,1.21,1.72,2.74,5.17,1.55,2.30,Yeni Adana Stadyumu (Adana)
1729938600,Oct 26 2024 - 10:30am,complete,N/A,Hatayspor,Kayserispor,Zorbay Küçük,10,0.50,0.75,0.85,0.92,0,1,1,0,0,0,"","76",6,6,0,0,1,0,0,0,0,1,13,15,4,5,6,4,13,16,54,46,0.90,1.15,1.36,1.25,2.13,50,75,38,13,0,13,88,25,75,8.50,4.50,2.05,3.50,3.40,1.22,1.83,2.87,5.24,1.60,2.20,Mersin Stadyumu (Mersin)
1729947600,Oct 26 2024 - 1:00pm,complete,N/A,Kasımpaşa,Samsunspor,Çağdaş Altay,10,0.60,3.00,1.17,1.85,1,4,5,1,1,0,"31","68,71,77,86",0,5,4,0,2,0,3,1,1,1,11,16,4,6,6,6,14,10,55,45,1.46,1.12,1.24,1.47,2.23,33,55,45,33,10,10,68,45,58,7.80,4.90,2.55,3.30,2.60,1.29,1.87,3.44,6.89,1.70,2.05,Recep Tayyip Erdoğan Stadyumu (İstanbul)
1729958400,Oct 26 2024 - 4:00pm,complete,N/A,Göztepe,Trabzonspor,Cihan Aydın,10,2.50,1.00,2.42,0.42,2,1,3,0,0,0,"60,90'2","64",3,4,1,1,3,0,1,1,2,1,20,15,8,4,9,5,12,11,30,70,1.78,1.28,1.85,1.17,2.00,38,63,38,25,13,50,63,25,50,10.25,5.50,2.43,3.23,2.84,1.29,1.94,3.25,6.60,1.70,2.05,Göztepe Gürsel Aksel Stadı (İzmir)
1730025000,Oct 27 2024 - 10:30am,complete,N/A,Gazişehir Gaziantep,Konyaspor,Burak Pakkan,10,0.67,1.20,2.08,0.79,3,1,4,2,1,1,"28,61,81","13",8,3,2,0,3,0,1,1,1,2,15,10,6,3,4,6,14,16,54,46,1.44,1.17,1.42,1.00,2.20,47,57,30,30,20,30,84,20,47,10.33,6.40,2.64,3.18,2.78,1.38,2.16,4.12,8.70,1.91,1.80,Kalyon Stadyumu (Gaziantep)
1730034000,Oct 27 2024 - 1:00pm,complete,N/A,Alanyaspor,Antalyaspor,Yasin Kol,10,1.20,0.25,1.62,0.69,1,2,3,1,1,0,"25","62,75",7,3,2,0,1,0,1,1,0,1,18,7,3,4,11,1,10,13,53,47,1.28,1.07,1.31,0.88,2.80,68,68,48,25,25,48,68,35,68,8.85,5.65,1.88,3.68,3.98,1.29,1.88,3.44,6.89,1.73,2.00,GAIN Park Stadium (Alanya)
1730044800,Oct 27 2024 - 4:00pm,complete,N/A,Fenerbahçe,BB Bodrumspor,Mehmet Türkmen,10,2.00,1.00,2.75,0.69,2,0,2,1,1,0,"15,55","",9,1,2,0,1,0,1,1,1,0,20,9,6,2,10,4,15,8,66,34,1.90,1.18,1.87,0.73,2.34,29,59,46,29,13,29,88,46,46,10.25,5.00,1.23,6.30,12.37,1.20,1.62,2.60,4.75,2.25,1.57,Ülker Stadyumu Fenerbahçe Şükrü Saracoğlu Spor Kompleksi (İstanbul)
1730124000,Oct 28 2024 - 2:00pm,complete,N/A,İstanbul Başakşehir,Eyüpspor,Abdullah Buğra Taşkınsoy,10,2.33,1.00,1.92,1.23,1,1,2,1,0,1,"59","28",8,5,2,0,1,0,0,2,0,1,14,10,6,4,4,3,14,11,64,36,1.61,1.25,1.53,0.87,3.80,90,90,64,44,34,44,80,74,90,7.13,4.40,2.05,3.50,3.50,1.29,1.95,3.44,6.89,1.75,2.05,Başakşehir Fatih Terim Stadyumu (İstanbul)
1730134800,Oct 28 2024 - 5:00pm,complete,N/A,Galatasaray,Beşiktaş,Arda Kardeşler,10,2.60,2.00,2.54,1.50,2,1,3,1,1,0,"13,67","90'4",8,5,4,0,3,0,2,2,0,3,21,9,7,3,9,5,21,13,39,61,1.87,1.39,1.82,1.01,3.03,55,90,53,30,20,55,78,53,65,13.70,3.25,2.38,2.11,4.63,1.17,1.55,2.48,4.12,1.52,2.50,RAMS Park (İstanbul)
1730480400,Nov 01 2024 - 5:00pm,complete,N/A,Gazişehir Gaziantep,Göztepe,Kadir Sağlam,11,1.25,0.50,2.08,0.54,2,1,3,0,0,0,"77,82","64",1,3,2,0,2,0,2,0,1,1,17,16,7,6,7,9,11,20,53,47,1.44,1.14,1.57,1.75,2.13,50,50,25,25,13,25,75,25,50,10.25,5.75,2.50,3.10,2.50,1.35,1.95,3.65,7.00,1.77,1.95,Kalyon Stadyumu (Gaziantep)
1730543400,Nov 02 2024 - 10:30am,complete,N/A,Sivasspor,Rizespor,Cihan Aydın,11,1.40,1.50,1.43,1.07,2,1,3,1,0,1,"49,61","8",6,4,4,1,2,0,1,4,2,0,8,15,4,4,3,4,10,16,39,61,1.31,1.07,0.95,1.08,2.65,43,55,55,33,33,33,78,55,68,6.65,3.25,2.44,3.20,2.79,1.30,1.89,3.25,6.25,1.67,2.10,BG Group 4 Eylül Stadyumu (Sivas)
1730552400,Nov 02 2024 - 1:00pm,complete,N/A,Kayserispor,Adana Demirspor,Muhammetali Metoğlu,11,0.50,0.25,1.23,0.38,0,0,0,0,0,0,"","",7,7,4,0,3,0,2,2,1,2,15,10,5,5,9,3,12,13,59,41,1.60,1.25,1.80,1.03,3.25,75,88,88,50,0,38,75,63,88,12.25,5.25,1.77,3.90,3.85,1.17,1.54,2.39,3.95,1.57,2.25,RHG Enertürk Enerji Stadyumu (Kayseri)
1730563200,Nov 02 2024 - 4:00pm,complete,N/A,Beşiktaş,Kasımpaşa,Zorbay Küçük,11,3.00,2.00,2.00,1.29,1,3,4,1,1,0,"45'3","54,70,88",7,5,1,0,5,1,1,0,1,5,12,15,4,5,4,6,14,20,55,45,1.80,1.27,1.13,1.42,3.13,63,88,50,25,25,50,100,38,75,10.25,4.75,1.61,4.15,4.62,1.15,1.55,2.34,4.12,1.62,2.20,Tüpraş Stadyumu (İstanbul)
1730629800,Nov 03 2024 - 10:30am,complete,N/A,Konyaspor,İstanbul Başakşehir,Emre Kargin,11,1.25,1.40,1.42,0.92,3,2,5,2,1,1,"32,50,73","45'2,90'3",2,3,3,0,2,0,1,2,1,1,14,17,6,7,5,5,16,13,39,61,1.39,1.23,1.37,1.50,1.65,45,55,35,0,0,23,33,33,65,8.55,5.80,2.50,3.10,2.80,1.40,2.15,4.00,8.00,1.85,1.85,Medaş Konya Büyükşehir Stadyumu (Konya)
1730638800,Nov 03 2024 - 1:00pm,complete,N/A,Eyüpspor,Hatayspor,Yasin Kol,11,2.50,0.25,2.08,0.42,2,0,2,1,1,0,"11,60","",3,5,3,0,4,0,1,2,1,3,11,17,5,3,1,8,16,16,53,47,1.48,1.02,0.90,1.29,3.00,63,63,63,50,50,38,63,63,63,7.50,4.50,1.72,3.70,4.50,1.27,1.83,3.25,6.60,1.83,1.95,Recep Tayyip Erdoğan Stadyumu (İstanbul)
1730638800,Nov 03 2024 - 1:00pm,complete,N/A,BB Bodrumspor,Alanyaspor,Ali Şansalan,11,1.20,0.75,1.38,0.77,0,0,0,0,0,0,"","",2,5,3,1,1,0,0,4,0,1,10,9,0,4,6,4,13,7,33,67,1.44,0.99,0.59,1.18,2.60,33,58,45,33,13,35,70,35,75,8.70,5.25,2.35,3.25,2.90,1.53,2.20,4.75,9.50,2.00,1.73,Bodrum İlçe Stadı (Bodrum)
1730649600,Nov 03 2024 - 4:00pm,complete,N/A,Trabzonspor,Fenerbahçe,Oğuzhan Çakır,11,2.00,2.20,2.08,2.15,2,3,5,1,0,1,"59,67","42,75,90'12",9,10,7,0,2,0,2,5,0,2,15,21,5,10,7,7,13,12,48,52,1.50,1.36,1.42,2.16,3.20,58,88,55,55,23,45,78,65,78,9.85,4.40,4.32,3.99,1.84,1.22,1.74,2.80,5.25,1.65,2.10,Papara Park (Trabzon)
1730739600,Nov 04 2024 - 5:00pm,complete,N/A,Samsunspor,Antalyaspor,Direnç Tonusluoğlu,11,1.40,0.80,2.00,0.69,2,0,2,1,1,0,"45,49","",5,2,3,0,1,0,1,2,1,0,17,11,9,5,6,4,16,14,43,57,1.54,1.03,1.89,1.22,3.50,60,80,60,40,30,50,80,60,70,8.80,5.20,1.63,3.88,5.13,1.29,1.88,3.33,6.60,1.80,1.91,Samsun Yeni 19 Mayıs Stadyumu (Samsun)
1731085200,Nov 08 2024 - 5:00pm,complete,N/A,Kasımpaşa,Kayserispor,Mehmet Türkmen,N/A,0.50,1.20,1.17,0.92,1,2,3,1,0,1,"50","23,55",7,4,2,0,4,1,0,2,2,3,17,12,3,5,7,3,14,10,68,32,1.41,1.17,1.33,1.10,2.34,45,64,45,35,17,19,64,35,65,8.20,4.87,2.34,3.69,2.44,1.17,1.57,2.50,4.50,1.62,2.30,N/A
1731148200,Nov 09 2024 - 10:30am,complete,N/A,Antalyaspor,BB Bodrumspor,Alper Akarsu,12,1.40,0.80,1.85,0.69,3,2,5,4,3,1,"24,35,45'2","13,59",4,5,3,0,1,0,3,0,0,1,14,13,6,6,6,6,11,10,59,41,1.28,1.07,1.48,1.39,2.30,30,70,40,20,20,20,60,50,60,8.60,4.60,2.40,3.00,3.00,1.38,2.25,4.10,8.10,1.96,1.79,Corendon Airlines Park (Antalya)
1731157200,Nov 09 2024 - 1:00pm,complete,N/A,Hatayspor,Gazişehir Gaziantep,Cihan Aydın,12,0.40,0.80,0.85,0.67,3,1,4,3,2,1,"12,35,90'5","45'2",5,6,2,0,2,1,0,2,0,3,17,12,7,7,5,5,18,11,42,58,1.00,1.07,1.50,1.65,2.80,60,70,50,40,20,40,80,40,90,8.00,4.40,2.25,3.25,3.10,1.33,1.95,3.40,6.50,1.73,2.00,Mersin Stadyumu (Mersin)
1731168000,Nov 09 2024 - 4:00pm,complete,N/A,Rizespor,Trabzonspor,Zorbay Küçük,12,0.80,0.80,1.50,0.42,3,1,4,2,1,1,"45'10,71,81","23",1,5,2,0,3,0,2,0,1,2,12,12,7,4,4,5,14,17,51,49,1.26,1.26,1.42,1.26,1.70,40,50,30,10,10,20,50,20,50,10.60,5.00,2.75,3.66,2.57,1.25,1.79,2.90,5.50,1.60,2.20,Çaykur Didi Stadyumu (Rize)
1731168000,Nov 09 2024 - 4:00pm,complete,N/A,Adana Demirspor,Eyüpspor,Direnç Tonusluoğlu,12,0.00,1.00,0.38,1.23,0,1,1,1,0,1,"","9",9,2,2,0,3,0,2,0,1,2,8,7,2,2,3,2,10,20,44,56,1.42,1.17,0.86,0.71,3.35,82,92,65,39,20,39,84,74,82,7.80,4.57,3.35,3.85,2.14,1.20,1.69,2.50,4.33,1.57,2.25,N/A
1731234600,Nov 10 2024 - 10:30am,complete,N/A,Göztepe,Konyaspor,Muhammetali Metoğlu,12,2.60,1.00,2.42,0.79,2,0,2,0,0,0,"90'8,90'10","",5,7,3,0,3,0,2,1,1,2,18,13,6,4,7,6,13,9,50,50,1.79,1.14,1.62,1.23,3.45,64,92,74,54,27,74,90,55,74,8.63,5.50,1.32,5.06,6.45,1.36,2.10,3.80,7.50,1.85,1.85,Göztepe Gürsel Aksel Stadı (İzmir)
1731243600,Nov 10 2024 - 1:00pm,complete,N/A,Galatasaray,Samsunspor,Halil Umut Meler,12,2.67,3.00,2.54,1.85,3,2,5,1,1,0,"3,55,85","50,90'3",7,3,3,0,4,0,1,2,1,3,20,12,8,7,10,4,13,13,59,41,1.87,1.19,2.07,1.48,3.24,54,72,72,45,27,25,82,72,82,11.57,3.90,1.44,4.99,6.51,1.18,1.57,2.55,4.33,1.77,1.95,RAMS Park (İstanbul)
1731254400,Nov 10 2024 - 4:00pm,complete,N/A,İstanbul Başakşehir,Beşiktaş,Turgut Doman,12,2.00,1.60,1.92,1.50,0,0,0,0,0,0,"","",6,2,3,0,3,0,1,2,1,2,12,13,2,2,5,8,9,15,39,61,1.59,1.31,0.84,1.23,3.33,80,100,45,25,25,45,90,45,80,9.90,4.40,3.10,3.30,2.30,1.25,1.85,3.00,5.50,1.62,2.15,Başakşehir Fatih Terim Stadyumu (İstanbul)
1731254400,Nov 10 2024 - 4:00pm,complete,N/A,Fenerbahçe,Sivasspor,Kadir Sağlam,N/A,2.25,1.40,2.75,0.58,4,0,4,1,1,0,"24,54,82,90'4","",8,5,1,0,6,0,0,1,3,3,25,7,9,2,12,3,11,15,55,45,1.89,1.11,2.42,0.72,2.85,43,78,55,33,20,43,90,45,78,12.10,5.40,1.20,7.00,11.00,1.14,1.46,2.08,3.80,2.05,1.70,N/A
1732357800,Nov 23 2024 - 10:30am,complete,N/A,Eyüpspor,Rizespor,Ali Şansalan,13,2.60,1.20,2.08,1.07,1,2,3,1,1,0,"27","55,75",5,7,5,0,5,1,2,3,1,5,-1,-1,-1,-1,-1,-1,-1,-1,-1,-1,1.36,1.07,0.00,0.00,2.60,40,60,50,30,30,20,80,50,70,6.20,3.00,1.91,3.40,3.40,1.27,1.75,3.25,6.09,1.73,2.00,Recep Tayyip Erdoğan Stadyumu (İstanbul)
1732366800,Nov 23 2024 - 1:00pm,complete,N/A,Kayserispor,Fenerbahçe,Direnç Tonusluoğlu,13,0.60,2.33,1.23,2.15,2,6,8,4,1,3,"43,56","7,15,26,63,85,88",10,5,4,0,3,0,2,2,1,2,18,18,4,11,14,7,8,10,49,51,1.64,1.49,1.78,2.08,3.24,55,90,74,54,17,47,72,62,82,13.10,5.53,2.86,3.26,2.21,1.19,1.65,2.59,4.75,1.73,2.00,RHG Enertürk Enerji Stadyumu (Kayseri)
1732366800,Nov 23 2024 - 1:00pm,complete,N/A,Gazişehir Gaziantep,İstanbul Başakşehir,Ozan Ergün,13,1.60,1.17,2.08,0.92,3,0,3,2,2,0,"28,45'3,75","",2,6,2,0,1,0,0,2,0,1,17,17,9,8,8,9,15,11,42,58,1.46,1.28,1.98,2.10,2.17,55,64,37,19,9,27,55,45,72,8.43,5.87,2.30,3.64,2.51,1.27,1.88,3.15,6.09,1.67,2.10,Kalyon Stadyumu (Gaziantep)
1732377600,Nov 23 2024 - 4:00pm,complete,N/A,BB Bodrumspor,Galatasaray,Muhammetali Metoğlu,13,1.17,3.00,1.38,2.69,0,1,1,0,0,0,"","54",7,9,2,1,2,0,3,0,1,1,12,25,4,8,8,17,10,9,32,68,1.30,1.67,1.29,2.79,2.92,54,67,67,42,13,46,67,46,92,9.92,5.25,7.11,2.19,1.94,1.19,1.65,2.48,5.17,1.83,1.83,Bodrum İlçe Stadı (Bodrum)
1732444200,Nov 24 2024 - 10:30am,complete,N/A,Sivasspor,Kasımpaşa,Burak Pakkan,N/A,1.67,2.20,1.43,1.29,0,0,0,0,0,0,"","",5,4,3,0,1,0,1,2,0,1,12,21,6,3,3,9,22,12,34,66,1.24,1.30,1.21,1.39,3.02,74,74,64,37,27,37,92,54,74,8.87,5.30,2.61,3.45,2.46,1.25,1.73,3.06,5.61,1.62,2.20,N/A
1732453200,Nov 24 2024 - 1:00pm,complete,N/A,Konyaspor,Hatayspor,Oğuzhan Çakır,13,1.60,0.20,1.42,0.42,1,1,2,1,1,0,"17","90",2,8,4,0,3,0,2,2,1,2,11,15,3,4,4,9,13,15,44,56,1.38,1.09,0.90,1.44,2.60,60,70,60,30,30,40,50,50,70,9.00,6.40,1.98,3.35,3.60,1.32,2.10,3.61,7.32,1.83,1.83,Medaş Konya Büyükşehir Stadyumu (Konya)
1732453200,Nov 24 2024 - 1:00pm,complete,N/A,Samsunspor,Alanyaspor,Zorbay Küçük,13,1.67,0.80,2.00,0.77,1,1,2,1,1,0,"35","46",1,9,1,0,4,0,1,0,1,3,12,16,5,5,3,7,13,13,50,50,1.60,1.03,1.07,1.48,2.70,27,72,37,27,19,37,82,45,54,9.97,5.30,1.74,3.60,4.40,1.27,1.94,3.25,6.60,1.83,1.83,Samsun Yeni 19 Mayıs Stadyumu (Samsun)
1732464000,Nov 24 2024 - 4:00pm,complete,N/A,Beşiktaş,Göztepe,Alper Akarsu,13,2.40,0.40,2.00,0.54,2,4,6,4,2,2,"3,9","12,32,82,90'1",4,4,1,0,0,0,0,1,0,0,13,20,4,10,6,4,8,12,63,37,1.67,1.26,1.30,1.99,3.00,60,80,50,30,20,30,80,50,70,9.80,4.60,1.50,4.02,5.30,1.19,1.65,2.50,4.50,1.73,2.00,Tüpraş Stadyumu (İstanbul)
1732554000,Nov 25 2024 - 5:00pm,complete,N/A,Trabzonspor,Adana Demirspor,Mehmet Türkmen,13,1.60,0.40,2.08,0.38,5,0,5,1,1,0,"3,50,54,78,84","",8,1,1,0,2,0,1,0,1,1,24,11,9,4,7,5,20,9,60,40,1.48,1.21,2.00,1.07,2.90,70,70,60,50,20,20,70,60,70,11.00,5.40,1.40,4.75,6.00,1.13,1.45,2.40,3.82,1.73,2.00,Papara Park (Trabzon)
1732899600,Nov 29 2024 - 5:00pm,complete,N/A,Antalyaspor,Sivasspor,Yasin Kol,14,1.67,1.17,1.85,0.58,2,1,3,2,1,1,"40,66","43",9,5,4,0,0,0,0,4,0,0,17,18,8,5,8,8,16,14,58,42,1.31,1.05,1.92,1.42,3.17,50,83,67,42,33,42,67,59,83,10.17,6.00,2.01,3.50,3.40,1.29,1.97,3.44,6.89,1.75,1.95,Corendon Airlines Park (Antalya)
1732962600,Nov 30 2024 - 10:30am,complete,N/A,Samsunspor,BB Bodrumspor,Ozan Ergün,N/A,1.57,0.67,2.00,0.69,4,0,4,1,1,0,"6,51,55,90'3","",3,4,0,0,0,0,0,0,0,0,16,8,7,0,7,6,14,9,48,52,1.52,1.14,1.65,0.66,2.68,38,77,31,31,24,31,85,30,61,8.60,4.62,1.68,3.60,5.00,1.36,2.10,3.82,8.22,2.05,1.75,Samsun Yeni 19 Mayıs Stadyumu (Samsun)
1732971600,Nov 30 2024 - 1:00pm,complete,N/A,Adana Demirspor,Konyaspor,Atilla Karaoğlan,14,0.00,0.86,0.38,0.79,0,1,1,0,0,0,"","78",1,10,3,0,3,0,1,2,1,2,14,16,5,6,8,5,10,16,46,54,1.33,1.16,1.39,1.67,3.48,62,85,62,54,31,54,93,62,69,8.96,4.90,3.45,3.60,1.99,1.25,1.82,3.06,5.70,1.62,2.15,Yeni Adana Stadyumu (Adana)
1732982400,Nov 30 2024 - 4:00pm,complete,N/A,İstanbul Başakşehir,Göztepe,Çağdaş Altay,14,1.80,0.83,1.92,0.54,4,1,5,4,4,0,"8,10,37,43","61",5,5,2,0,3,0,0,2,1,2,14,7,8,3,4,3,6,19,56,44,1.44,1.39,1.64,0.92,3.29,74,74,45,37,37,37,74,45,74,8.30,4.03,2.19,3.30,3.20,1.31,1.98,3.44,6.89,1.73,2.00,Başakşehir Fatih Terim Stadyumu (İstanbul)
1732982400,Nov 30 2024 - 4:00pm,complete,N/A,Alanyaspor,Trabzonspor,Burak Pakkan,14,1.00,0.67,1.62,0.42,2,1,3,2,1,1,"44,50","8",5,10,4,1,3,0,3,2,1,2,13,18,5,5,5,7,15,15,48,52,1.28,1.26,1.34,1.43,1.67,59,59,33,9,0,17,50,33,59,11.50,5.00,2.55,3.30,2.80,1.29,1.95,3.44,6.89,1.70,2.05,GAIN Park Stadium (Alanya)
1733058000,Dec 01 2024 - 1:00pm,complete,N/A,Rizespor,Kayserispor,Emre Kargin,14,1.17,1.50,1.50,0.92,3,0,3,1,1,0,"41,71,81","",3,8,4,0,3,1,0,4,2,2,13,10,7,3,4,3,9,11,55,45,1.28,1.16,1.49,0.84,2.42,50,67,50,25,9,34,75,33,75,9.17,5.00,1.80,3.70,4.10,1.25,1.74,2.96,5.61,1.67,2.10,Çaykur Didi Stadyumu (Rize)
1733068800,Dec 01 2024 - 4:00pm,complete,N/A,Galatasaray,Eyüpspor,Oğuzhan Çakır,14,2.71,1.29,2.54,1.23,2,2,4,2,1,1,"45'5,47","13,71",11,1,3,0,4,0,2,1,2,2,30,6,15,5,12,1,10,22,66,34,1.89,1.10,3.34,0.90,3.08,71,79,65,36,22,29,79,72,79,11.71,4.00,1.25,6.20,9.00,1.09,1.40,1.95,3.12,1.73,2.00,RAMS Park (İstanbul)
1733158800,Dec 02 2024 - 5:00pm,complete,N/A,Hatayspor,Beşiktaş,Kadir Sağlam,14,0.83,1.50,0.85,1.50,1,1,2,2,1,1,"29","41",6,9,9,0,3,0,2,7,0,3,14,13,5,3,5,8,16,11,44,56,1.08,1.30,1.20,1.29,2.09,50,75,33,9,0,25,75,25,67,9.83,4.17,4.10,3.70,1.81,1.21,1.72,2.74,5.17,1.67,2.10,Mersin Stadyumu (Mersin)
1733158800,Dec 02 2024 - 5:00pm,complete,N/A,Fenerbahçe,Gazişehir Gaziantep,Alper Akarsu,14,2.40,0.67,2.75,0.67,3,1,4,2,1,1,"3,78,89","41",17,3,4,0,3,0,0,4,1,2,19,7,5,3,10,2,8,11,55,45,2.00,1.17,1.72,0.67,3.32,52,82,72,62,17,52,92,55,90,11.10,4.80,1.23,6.40,10.00,1.10,1.36,2.06,3.33,1.83,1.83,Ülker Stadyumu Fenerbahçe Şükrü Saracoğlu Spor Kompleksi (İstanbul)
1733504400,Dec 06 2024 - 5:00pm,complete,N/A,Trabzonspor,Kasımpaşa,Zorbay Küçük,15,1.83,2.00,2.08,1.29,2,2,4,1,0,1,"79,81","38,90'1",8,1,2,0,4,0,1,1,2,2,22,12,8,6,8,3,14,14,64,36,1.57,1.32,2.02,1.19,3.17,67,75,59,50,34,33,83,50,75,10.50,5.17,2.08,3.60,3.27,1.21,1.69,2.74,5.17,1.58,2.23,Papara Park (Trabzon)
1733567400,Dec 07 2024 - 10:30am,complete,N/A,Konyaspor,Antalyaspor,Halil Umut Meler,15,1.50,0.67,1.42,0.69,1,1,2,1,1,0,"16","90'1",5,3,3,0,1,0,0,3,0,1,18,12,6,3,10,6,20,13,40,60,1.29,1.06,1.76,1.00,2.84,67,75,59,25,25,42,67,42,75,6.83,5.67,2.07,3.33,3.57,1.32,1.99,3.61,7.32,1.83,1.95,Medaş Konya Büyükşehir Stadyumu (Konya)
1733576400,Dec 07 2024 - 1:00pm,complete,N/A,Göztepe,Adana Demirspor,Ali Şansalan,15,2.67,0.33,2.42,0.38,3,1,4,2,2,0,"39,42,59","87",7,6,1,1,1,0,1,1,1,0,28,13,8,6,13,3,16,4,46,54,1.76,1.19,2.29,1.25,3.00,50,84,67,42,17,34,67,67,75,9.16,5.33,1.29,5.21,10.09,1.19,1.63,2.65,4.75,1.95,1.77,Göztepe Gürsel Aksel Stadı (İzmir)
1733587200,Dec 07 2024 - 4:00pm,complete,N/A,Beşiktaş,Fenerbahçe,Mehmet Türkmen,15,2.00,2.43,2.00,2.15,1,0,1,0,0,0,"73","",1,3,1,1,1,0,1,1,0,1,13,13,6,3,5,6,12,14,49,51,1.61,1.57,1.40,1.12,4.06,62,100,69,61,38,47,93,77,85,11.43,4.60,3.61,3.85,1.90,1.19,1.63,2.59,4.75,1.57,2.35,Tüpraş Stadyumu (İstanbul)
1733653800,Dec 08 2024 - 10:30am,complete,N/A,Eyüpspor,Samsunspor,Atilla Karaoğlan,15,2.17,2.50,2.08,1.85,3,0,3,0,0,0,"54,64,69","",5,3,2,0,2,0,2,0,0,2,16,13,6,3,8,7,14,18,58,42,1.36,1.24,1.66,1.05,2.92,50,67,59,42,33,9,83,59,75,6.93,4.84,2.64,3.34,2.59,1.29,1.88,3.25,6.60,1.72,2.10,Recep Tayyip Erdoğan Stadyumu (İstanbul)
1733662800,Dec 08 2024 - 1:00pm,complete,N/A,Sivasspor,Galatasaray,Turgut Doman,N/A,1.57,3.00,1.43,2.69,2,3,5,3,1,2,"25,90'1","36,45'9,53",3,7,5,0,5,1,3,2,1,5,12,18,6,9,5,6,16,8,49,51,1.23,1.89,1.31,1.95,2.92,59,69,69,35,25,45,76,59,79,10.71,5.17,7.91,5.21,1.34,1.11,1.40,2.03,3.33,1.63,2.25,N/A
1733662800,Dec 08 2024 - 1:00pm,complete,N/A,Kayserispor,Alanyaspor,Ozan Ergün,15,0.50,0.83,1.23,0.77,2,0,2,0,0,0,"51,66","",5,10,5,0,3,0,0,5,2,1,12,10,7,6,3,1,16,10,39,61,1.67,1.10,1.29,1.17,3.00,50,75,58,34,17,50,75,42,67,12.67,6.33,2.36,3.43,2.87,1.25,1.79,3.06,5.61,1.65,2.20,RHG Enertürk Enerji Stadyumu (Kayseri)
1733673600,Dec 08 2024 - 4:00pm,complete,N/A,İstanbul Başakşehir,Hatayspor,Emre Kargin,N/A,2.00,0.33,1.92,0.42,3,0,3,0,0,0,"56,83,90'4","",7,5,1,0,3,0,1,0,0,3,21,9,7,2,9,3,12,19,51,49,1.47,1.16,1.89,0.71,3.25,75,83,50,42,42,42,75,42,83,9.50,5.50,1.77,3.59,4.52,1.29,1.93,3.44,6.89,1.87,1.90,Başakşehir Fatih Terim Stadyumu (İstanbul)
1733763600,Dec 09 2024 - 5:00pm,complete,N/A,Gazişehir Gaziantep,Rizespor,Direnç Tonusluoğlu,15,1.83,1.50,2.08,1.07,1,0,1,1,1,0,"4","",3,5,3,0,1,0,3,0,0,1,8,16,3,4,4,8,13,11,34,66,1.55,1.07,0.81,1.38,2.42,50,67,59,17,9,25,75,50,75,7.60,5.33,2.54,3.26,2.67,1.25,1.75,3.06,5.61,1.62,2.20,Kalyon Stadyumu (Gaziantep)
1734109200,Dec 13 2024 - 5:00pm,complete,N/A,BB Bodrumspor,Sivasspor,Cihan Aydın,16,1.00,1.00,1.38,0.58,2,0,2,0,0,0,"49,76","",4,2,3,0,1,1,1,2,0,2,11,8,6,0,3,3,17,11,44,56,1.30,1.10,1.24,0.68,2.50,43,58,50,36,15,36,58,29,86,9.71,5.86,2.18,3.26,3.36,1.38,2.16,4.04,8.22,1.90,1.90,Grey Beton Bodrum Stadyumu (Bodrum)
1734109200,Dec 13 2024 - 5:00pm,complete,N/A,Kasımpaşa,Eyüpspor,Halil Umut Meler,16,0.43,1.25,1.17,1.23,2,0,2,0,0,0,"57,82","",7,6,3,0,2,0,2,1,0,2,18,10,5,4,9,3,12,12,46,54,1.40,1.07,1.57,0.97,2.61,66,73,54,34,15,20,73,60,66,7.81,5.07,2.13,3.59,3.17,1.22,1.72,2.80,5.17,1.57,2.38,Recep Tayyip Erdoğan Stadyumu (İstanbul)
1734181200,Dec 14 2024 - 1:00pm,complete,N/A,Rizespor,Konyaspor,Alper Akarsu,16,1.43,1.13,1.50,0.79,1,1,2,1,1,0,"44","53",8,4,2,0,2,0,1,1,2,0,25,9,9,3,10,4,18,16,63,37,1.31,1.22,2.24,0.95,2.86,47,73,54,40,20,47,81,47,73,9.71,5.20,2.46,3.64,2.61,1.30,1.69,3.35,6.50,1.80,1.91,Çaykur Didi Stadyumu (Rize)
1734192000,Dec 14 2024 - 4:00pm,complete,N/A,Alanyaspor,Gazişehir Gaziantep,Emre Kargin,N/A,1.29,0.57,1.62,0.67,3,0,3,0,0,0,"54,88,90","",6,1,2,0,3,0,2,0,1,2,21,9,7,2,8,6,7,13,57,43,1.29,1.10,1.85,0.79,2.93,79,79,65,43,15,58,79,43,86,9.86,5.71,1.98,3.58,3.58,1.27,1.83,3.12,6.09,1.73,2.00,GAIN Park Stadium (Alanya)
1734258600,Dec 15 2024 - 10:30am,complete,N/A,Hatayspor,Göztepe,Atilla Karaoğlan,16,0.86,0.71,0.85,0.54,1,1,2,1,0,1,"52","12",7,6,1,0,3,0,0,1,2,1,20,17,6,7,7,7,8,14,63,37,1.10,1.32,1.61,1.65,2.79,64,71,43,29,22,36,79,29,71,8.85,4.71,3.01,3.45,2.34,1.29,1.95,3.44,6.89,1.75,2.05,Mersin Stadyumu (Mersin)
1734267600,Dec 15 2024 - 1:00pm,complete,N/A,Antalyaspor,Kayserispor,Ali Şansalan,16,1.86,1.29,1.85,0.92,2,0,2,1,1,0,"45'1,74","",4,9,1,0,3,0,1,0,1,2,12,8,5,3,6,1,13,17,51,49,1.40,1.11,1.25,0.77,2.65,50,79,64,22,15,29,64,50,86,10.71,5.29,2.07,3.44,3.44,1.25,1.79,3.06,5.61,1.68,2.15,Corendon Airlines Park (Antalya)
1734278400,Dec 15 2024 - 4:00pm,complete,N/A,Fenerbahçe,İstanbul Başakşehir,Ozan Ergün,16,2.50,1.00,2.75,0.92,3,1,4,1,1,0,"41,74,90","59",14,0,1,0,5,1,1,0,4,2,23,4,8,2,9,2,14,9,63,37,1.95,1.39,2.11,0.55,2.72,38,77,55,32,7,38,79,55,85,12.46,4.60,1.32,5.20,8.75,1.17,1.58,2.55,4.50,1.90,1.87,Ülker Stadyumu Fenerbahçe Şükrü Saracoğlu Spor Kompleksi (İstanbul)
1734364800,Dec 16 2024 - 4:00pm,complete,N/A,Adana Demirspor,Beşiktaş,Oğuzhan Çakır,16,0.00,1.43,0.38,1.50,2,1,3,2,2,0,"31,39","72",2,14,3,0,1,1,0,3,1,1,15,19,8,11,1,4,10,13,35,65,1.34,1.30,1.32,2.23,2.65,57,79,43,22,15,43,79,43,57,9.57,5.00,7.57,5.19,1.34,1.13,1.50,2.14,3.82,1.73,2.00,Yeni Adana Stadyumu (Adana)
1734372000,Dec 16 2024 - 6:00pm,complete,N/A,Galatasaray,Trabzonspor,Kadir Sağlam,16,2.50,0.57,2.54,0.42,4,3,7,3,2,1,"8,29,63,90'8","17,51,55",10,6,3,0,3,0,0,3,2,1,24,17,13,7,3,5,13,17,59,41,2.07,1.28,2.26,1.48,2.80,66,73,66,39,19,40,66,59,73,13.95,4.59,1.33,5.84,7.48,1.06,1.30,1.83,2.67,1.53,2.38,RAMS Park (İstanbul)
1734714000,Dec 20 2024 - 5:00pm,complete,N/A,Eyüpspor,Fenerbahçe,Emre Kargin,17,2.29,2.13,2.08,2.15,1,1,2,2,1,1,"26","45'4",3,9,6,0,4,0,4,2,0,4,14,15,4,10,5,3,12,10,42,58,1.41,1.52,1.09,2.02,3.30,47,80,60,46,34,26,73,66,80,8.96,4.39,5.16,4.48,1.55,1.19,1.61,2.59,4.75,1.65,2.10,Recep Tayyip Erdoğan Stadyumu (İstanbul)
1734786000,Dec 21 2024 - 1:00pm,complete,N/A,Sivasspor,Samsunspor,Ali Şansalan,17,1.38,2.14,1.43,1.85,0,0,0,0,0,0,"","",2,10,3,1,3,0,0,4,2,1,11,19,3,8,5,4,9,14,46,54,1.24,1.21,1.02,1.71,2.95,53,67,67,41,34,19,73,67,75,7.79,5.45,3.44,3.44,2.07,1.29,1.88,3.25,6.60,1.73,2.00,BG Group 4 Eylül Stadyumu (Sivas)
1734796800,Dec 21 2024 - 4:00pm,complete,N/A,Beşiktaş,Alanyaspor,Cihan Aydın,17,2.14,0.71,2.00,0.77,1,1,2,2,1,1,"7","5",6,7,1,0,2,0,0,1,0,2,13,11,6,3,2,4,16,16,56,44,1.58,1.11,1.27,0.93,2.86,43,79,43,29,22,36,79,50,72,10.72,5.14,1.59,4.11,5.17,1.19,1.65,2.74,4.75,1.70,2.05,Tüpraş Stadyumu (İstanbul)
1734863400,Dec 22 2024 - 10:30am,complete,N/A,Gazişehir Gaziantep,Antalyaspor,Oğuzhan Çakır,17,2.00,0.71,2.08,0.69,2,0,2,1,1,0,"42,66","",4,3,1,0,3,1,0,1,1,3,21,9,8,2,6,6,13,12,45,55,1.44,1.05,1.70,0.86,2.65,57,72,50,22,15,36,79,36,72,7.14,5.29,2.03,3.44,3.58,1.27,1.83,3.12,6.09,1.70,2.10,Kalyon Stadyumu (Gaziantep)
1734872400,Dec 22 2024 - 1:00pm,complete,N/A,Kayserispor,Galatasaray,Mehmet Türkmen,17,0.86,3.00,1.23,2.69,1,5,6,3,1,2,"14","4,29,51,71,87",7,7,1,0,0,0,0,1,0,0,16,21,7,12,5,5,7,5,50,50,1.61,1.90,1.56,2.18,3.55,62,85,77,47,24,62,70,62,93,13.74,6.90,7.03,5.67,1.34,1.08,1.32,1.88,2.96,1.55,2.29,RHG Enertürk Enerji Stadyumu (Kayseri)
1734872400,Dec 22 2024 - 1:00pm,complete,N/A,Göztepe,Rizespor,Zorbay Küçük,17,2.71,1.29,2.42,1.07,3,0,3,1,1,0,"25,71,78","",3,5,0,0,0,0,0,0,0,0,17,12,6,3,11,4,12,16,38,62,1.84,1.12,1.84,0.96,2.86,50,79,64,29,14,43,79,64,79,8.14,5.00,2.08,3.60,3.27,1.27,1.88,3.25,6.09,1.72,2.10,Göztepe Gürsel Aksel Stadı (İzmir)
1734883200,Dec 22 2024 - 4:00pm,complete,N/A,Trabzonspor,BB Bodrumspor,Ozan Ergün,17,1.71,0.57,2.08,0.69,1,0,1,0,0,0,"86","",8,4,4,0,2,0,1,3,0,2,15,14,6,7,6,3,16,12,74,26,1.63,1.06,1.79,1.20,3.21,50,79,57,57,36,29,86,50,72,9.86,4.57,1.59,4.11,5.17,1.25,1.82,3.06,5.70,1.80,1.90,Papara Park (Trabzon)
1734973200,Dec 23 2024 - 5:00pm,complete,N/A,Hatayspor,Adana Demirspor,Direnç Tonusluoğlu,17,0.88,0.29,0.85,0.38,1,3,4,1,1,0,"25","61,70,75",4,6,5,1,3,0,3,3,0,3,17,13,8,4,5,4,13,9,51,49,1.16,1.20,1.80,1.09,2.57,60,73,48,35,7,20,80,42,73,9.95,4.64,1.63,4.14,4.76,1.22,1.72,2.83,5.17,1.75,2.05,Mersin Stadyumu (Mersin)
1734973200,Dec 23 2024 - 5:00pm,complete,N/A,İstanbul Başakşehir,Kasımpaşa,Alper Akarsu,17,2.14,1.86,1.92,1.29,2,2,4,3,2,1,"9,42","3,68",4,4,2,0,4,0,0,2,1,3,21,14,10,5,6,5,17,19,49,51,1.53,1.30,1.97,1.35,3.22,71,79,57,43,29,36,79,43,79,8.85,4.71,2.07,3.57,3.33,1.27,1.83,3.12,6.09,1.70,2.10,Başakşehir Fatih Terim Stadyumu (İstanbul)
1735923600,Jan 03 2025 - 5:00pm,complete,N/A,Rizespor,Beşiktaş,Ozan Ergün,18,1.38,1.25,1.50,1.50,1,1,2,2,1,1,"38","45'3",6,2,4,0,2,0,2,2,1,1,24,10,7,3,8,5,17,15,47,53,1.43,1.42,1.79,0.88,2.38,57,82,44,13,7,44,82,32,63,11.63,5.13,2.69,3.43,2.50,1.25,1.79,3.06,5.61,1.62,2.15,Çaykur Didi Stadyumu (Rize)
1735923600,Jan 03 2025 - 5:00pm,complete,N/A,Alanyaspor,Konyaspor,Zorbay Küçük,18,1.50,1.11,1.62,0.79,2,1,3,1,1,0,"9,54","90'6",7,2,3,0,4,0,2,1,2,2,13,9,7,4,3,3,17,15,48,52,1.36,1.19,1.41,1.02,2.51,60,77,47,22,11,35,71,41,77,11.27,5.19,1.98,3.36,3.82,1.36,2.12,3.82,7.76,1.88,1.88,GAIN Park Stadium (Alanya)
1735986600,Jan 04 2025 - 10:30am,complete,N/A,Adana Demirspor,İstanbul Başakşehir,Erkan Özdamar,18,0.38,0.88,0.38,0.92,0,1,1,1,0,1,"","32",3,3,0,0,5,0,0,0,3,2,11,12,3,7,3,4,7,12,40,60,1.33,1.29,0.82,1.44,2.94,57,75,57,32,19,44,76,50,82,6.76,5.50,4.26,3.80,1.77,1.22,1.75,2.87,5.24,1.65,2.20,Yeni Adana Stadyumu (Adana)
1735995600,Jan 04 2025 - 1:00pm,complete,N/A,Antalyaspor,Eyüpspor,Muhammetali Metoğlu,18,2.00,1.11,1.85,1.23,1,4,5,3,0,3,"48","32,35,41,62",11,4,2,0,3,0,1,1,0,3,23,16,9,7,6,6,13,5,52,48,1.38,1.06,1.98,1.55,2.66,59,83,54,24,13,30,65,59,83,9.42,4.69,2.54,3.43,2.64,1.27,1.83,3.12,6.09,1.62,2.25,Corendon Airlines Park (Antalya)
1736006400,Jan 04 2025 - 4:00pm,complete,N/A,Galatasaray,Göztepe,Alper Akarsu,18,2.56,0.75,2.54,0.54,2,1,3,2,1,1,"10,61","27",10,4,1,0,2,0,0,1,2,0,14,8,5,3,4,3,12,15,59,41,2.09,1.36,1.20,0.79,3.74,77,82,70,53,41,47,82,64,82,12.56,4.13,1.29,5.66,8.78,1.10,1.38,1.98,3.25,1.60,2.30,RAMS Park (İstanbul)
1736010000,Jan 04 2025 - 5:00pm,complete,N/A,Samsunspor,Trabzonspor,Mehmet Türkmen,18,1.75,0.50,2.00,0.42,2,1,3,1,1,0,"30,75","49",2,8,1,0,1,0,1,0,1,0,10,15,4,6,6,6,7,8,36,64,1.54,1.31,1.08,1.45,2.69,51,76,44,32,13,32,69,44,69,10.76,4.75,2.03,3.58,3.44,1.22,1.72,2.83,5.17,1.57,2.38,Samsun Yeni 19 Mayıs Stadyumu (Samsun)
1736073000,Jan 05 2025 - 10:30am,complete,N/A,Kasımpaşa,Gazişehir Gaziantep,Cihan Aydın,18,0.75,0.50,1.17,0.67,2,2,4,3,2,1,"7,41","9,83",8,2,3,0,4,0,2,1,3,1,18,11,5,6,9,5,12,11,61,39,1.42,1.06,1.66,1.38,3.19,63,82,69,57,25,44,69,63,82,7.88,5.63,1.70,3.90,4.33,1.19,1.62,2.55,4.75,1.62,2.20,Recep Tayyip Erdoğan Stadyumu (İstanbul)
1736082000,Jan 05 2025 - 1:00pm,complete,N/A,BB Bodrumspor,Kayserispor,Yasin Kol,18,1.25,1.13,1.38,0.92,1,1,2,0,0,0,"76","48",6,6,2,0,4,0,1,1,0,4,15,9,5,4,6,2,10,13,50,50,1.29,1.07,1.35,0.93,2.00,32,57,38,19,0,13,50,32,88,10.13,5.51,2.15,3.25,3.30,1.31,2.00,3.44,6.89,1.80,1.91,Grey Beton Bodrum Stadyumu (Bodrum)
1736092800,Jan 05 2025 - 4:00pm,complete,N/A,Fenerbahçe,Hatayspor,Oğuzhan Çakır,18,2.57,0.29,2.75,0.42,2,1,3,3,2,1,"16,45'5","33",7,1,3,0,4,0,0,3,1,3,19,5,10,3,8,2,8,7,62,38,1.98,1.08,2.32,0.72,3.00,50,86,64,43,15,29,79,64,86,14.57,5.29,1.09,10.92,21.26,1.09,1.36,1.87,3.12,2.25,1.57,Ülker Stadyumu Fenerbahçe Şükrü Saracoğlu Spor Kompleksi (İstanbul)
1736591400,Jan 11 2025 - 10:30am,complete,N/A,Kayserispor,Samsunspor,Zorbay Küçük,19,0.75,2.00,1.23,1.85,0,1,1,1,0,1,"","1",5,3,1,0,2,0,0,1,0,2,9,12,2,4,3,4,15,14,61,39,1.61,1.27,0.92,1.07,3.25,51,76,69,44,25,32,63,63,82,11.63,5.88,3.11,3.44,2.22,1.27,1.83,3.12,6.09,1.65,2.10,RHG Enertürk Enerji Stadyumu (Kayseri)
1736600400,Jan 11 2025 - 1:00pm,complete,N/A,Hatayspor,Rizespor,Erkan Özdamar,19,0.78,1.13,0.85,1.07,1,2,3,2,1,1,"23","11,63",3,4,4,0,2,0,0,4,0,2,16,16,6,6,5,7,7,8,44,56,1.23,1.10,1.42,1.66,2.42,53,71,48,18,7,18,89,43,77,8.51,4.88,2.96,3.43,2.30,1.27,1.83,3.25,6.09,1.67,2.07,Mersin Stadyumu (Mersin)
1736611200,Jan 11 2025 - 4:00pm,complete,N/A,Beşiktaş,BB Bodrumspor,Mehmet Türkmen,19,2.00,0.50,2.00,0.69,2,1,3,2,2,0,"32,40","90'4",4,12,1,0,1,0,0,1,0,1,9,18,6,5,0,8,8,6,52,48,1.54,1.08,1.12,1.67,2.88,44,76,44,38,25,38,82,38,69,8.76,4.00,1.48,4.49,6.06,1.21,1.69,2.80,5.17,1.80,1.90,Tüpraş Stadyumu (İstanbul)
1736677800,Jan 12 2025 - 10:30am,complete,N/A,Sivasspor,Alanyaspor,Muhammetali Metoğlu,19,1.33,0.75,1.43,0.77,1,1,2,1,1,0,"29","56",2,6,2,0,1,0,1,1,0,1,10,9,4,3,5,4,7,12,46,54,1.22,1.09,1.16,1.09,2.35,47,66,41,23,23,36,71,47,53,9.85,5.88,2.85,3.38,2.49,1.27,1.89,3.15,6.09,1.68,2.15,BG Group 4 Eylül Stadyumu (Sivas)
1736686800,Jan 12 2025 - 1:00pm,complete,N/A,Trabzonspor,Antalyaspor,Cihan Aydın,19,1.88,0.63,2.08,0.69,5,0,5,1,1,0,"21,52,64,70,87","",7,5,1,0,0,0,1,0,0,0,17,11,7,3,4,7,14,19,49,51,1.65,1.03,1.59,1.06,3.26,63,82,57,44,32,32,82,51,88,9.25,5.25,1.62,4.26,4.71,1.19,1.61,2.55,4.75,1.66,2.20,Papara Park (Trabzon)
1736697600,Jan 12 2025 - 4:00pm,complete,N/A,İstanbul Başakşehir,Galatasaray,Atilla Karaoğlan,19,2.00,3.00,1.92,2.69,1,2,3,1,0,1,"53","42,59",7,5,4,0,4,0,3,1,3,1,11,20,3,6,6,10,17,16,52,48,1.59,1.94,1.14,1.72,3.82,73,87,75,54,41,61,81,55,94,11.29,4.86,4.75,4.52,1.58,1.15,1.52,2.37,4.12,1.60,2.30,Başakşehir Fatih Terim Stadyumu (İstanbul)
1736697600,Jan 12 2025 - 4:00pm,complete,N/A,Gazişehir Gaziantep,Adana Demirspor,Ozan Ergün,19,2.13,0.63,2.08,0.38,1,0,1,1,1,0,"4","",2,11,4,0,1,0,1,3,0,1,12,16,5,5,6,7,10,7,51,49,1.48,1.18,1.35,1.42,2.57,51,69,57,38,7,19,75,50,69,9.38,5.00,1.48,4.49,6.06,1.15,1.52,2.37,4.12,1.65,2.20,Kalyon Stadyumu (Gaziantep)
1736787600,Jan 13 2025 - 5:00pm,complete,N/A,Konyaspor,Fenerbahçe,Direnç Tonusluoğlu,19,1.43,2.00,1.42,2.15,2,3,5,4,2,2,"1,44","14,25,60",2,6,2,0,2,0,1,1,1,1,12,12,5,6,5,6,15,11,55,45,1.36,1.57,1.17,1.47,2.91,64,80,50,35,24,37,68,48,75,10.13,5.58,5.95,4.56,1.50,1.22,1.73,2.96,5.61,1.85,1.83,Medaş Konya Büyükşehir Stadyumu (Konya)
1736787600,Jan 13 2025 - 5:00pm,complete,N/A,Göztepe,Kasımpaşa,Ümit Öztürk,19,2.75,1.75,2.42,1.29,5,0,5,1,1,0,"7,52,78,86,90'3","",8,3,1,0,3,1,1,0,1,3,19,11,11,0,2,8,10,9,49,51,1.84,1.30,1.91,0.69,3.13,63,88,69,44,13,51,82,57,82,8.63,5.38,1.95,3.66,3.76,1.25,1.75,3.06,5.70,1.66,2.05,Göztepe Gürsel Aksel Stadı (İzmir)
1737133200,Jan 17 2025 - 5:00pm,complete,N/A,Hatayspor,Galatasaray,Cihan Aydın,20,0.70,3.00,0.85,2.69,1,1,2,1,1,0,"28","56",5,9,4,0,1,0,1,3,1,0,9,32,4,8,4,17,11,8,39,61,1.25,1.91,1.00,2.69,3.14,73,84,64,35,19,47,89,48,90,11.13,6.10,8.41,5.98,1.29,1.08,1.32,1.91,3.06,1.65,2.10,Mersin Stadyumu (Mersin)
1737196200,Jan 18 2025 - 10:30am,complete,N/A,İstanbul Başakşehir,Rizespor,Oğuzhan Çakır,20,1.78,1.33,1.92,1.07,2,0,2,1,1,0,"21,90'11","",2,8,3,0,3,0,0,3,2,1,10,13,5,3,3,8,27,15,43,57,1.54,1.17,1.10,1.18,3.06,61,78,67,28,22,33,84,50,84,8.60,4.11,2.17,3.56,3.23,1.27,1.88,3.25,6.09,1.68,2.00,Başakşehir Fatih Terim Stadyumu (İstanbul)
1737205200,Jan 18 2025 - 1:00pm,complete,N/A,Gazişehir Gaziantep,BB Bodrumspor,Muhammetali Metoğlu,20,2.22,0.44,2.08,0.69,0,0,0,0,0,0,"","",5,7,2,0,3,0,1,1,1,2,14,12,4,5,9,6,9,19,58,42,1.46,1.15,1.53,1.34,2.23,33,62,39,22,11,28,78,22,62,8.66,4.78,2.13,3.27,3.46,1.29,1.93,3.33,6.89,1.75,1.93,Kalyon Stadyumu (Gaziantep)
1737216000,Jan 18 2025 - 4:00pm,complete,N/A,Beşiktaş,Samsunspor,Kadir Sağlam,20,2.11,2.11,2.00,1.85,0,0,0,0,0,0,"","",5,4,0,0,3,1,0,0,1,3,35,6,5,4,20,2,6,16,66,34,1.49,1.25,2.36,0.93,2.89,50,73,56,33,22,28,78,50,73,9.22,4.45,2.07,3.57,3.33,1.22,1.75,2.87,5.24,1.63,2.10,Tüpraş Stadyumu (İstanbul)
1737282600,Jan 19 2025 - 10:30am,complete,N/A,Göztepe,Antalyaspor,Çağdaş Altay,20,2.78,0.56,2.42,0.69,1,0,1,1,1,0,"8","",5,4,1,0,2,0,1,0,1,1,20,7,4,3,14,4,11,8,42,58,1.85,1.03,1.71,0.83,3.39,50,95,67,39,28,45,84,61,89,8.00,4.55,1.59,4.11,5.17,1.22,1.75,2.87,5.61,1.80,1.90,Göztepe Gürsel Aksel Stadı (İzmir)
1737291600,Jan 19 2025 - 1:00pm,complete,N/A,Konyaspor,Kasımpaşa,Burak Pakkan,20,1.25,1.56,1.42,1.29,3,3,6,1,1,0,"20,63,82","53,70,87",12,7,3,0,2,0,2,1,2,0,16,17,8,5,6,10,17,7,50,50,1.34,1.24,1.71,1.54,2.86,71,77,59,41,24,36,76,35,77,7.92,6.00,2.16,3.42,3.24,1.29,1.88,3.25,6.60,1.71,2.00,Medaş Konya Büyükşehir Stadyumu (Konya)
1737302400,Jan 19 2025 - 4:00pm,complete,N/A,Eyüpspor,Alanyaspor,Yasin Kol,20,2.13,0.78,2.08,0.77,3,0,3,1,1,0,"45'2,65,75","",11,5,1,0,2,0,1,0,1,1,18,14,10,2,8,12,13,13,61,39,1.37,1.09,2.18,1.16,2.43,47,77,36,18,18,29,77,42,60,9.38,5.30,2.12,3.34,3.43,1.27,1.88,3.12,6.09,1.72,2.10,Recep Tayyip Erdoğan Stadyumu (İstanbul)
1737302400,Jan 19 2025 - 4:00pm,complete,N/A,Adana Demirspor,Fenerbahçe,Halil Umut Meler,20,0.33,2.10,0.38,2.15,0,4,4,0,0,0,"","69,71,74,90'1",2,11,1,1,1,0,1,1,1,0,4,24,3,13,1,11,14,11,41,59,1.28,1.56,0.64,2.83,3.40,58,79,58,47,31,47,85,52,74,9.38,4.62,16.52,9.18,1.12,1.07,1.31,1.83,2.96,1.90,1.78,Yeni Adana Stadyumu (Adana)
1737392400,Jan 20 2025 - 5:00pm,complete,N/A,Trabzonspor,Sivasspor,Zorbay Küçük,20,2.00,0.88,2.08,0.58,4,0,4,3,3,0,"6,13,31,86","",7,3,0,0,2,0,0,0,2,0,14,17,5,4,8,9,20,7,53,47,1.64,1.05,1.50,1.43,3.35,53,83,65,53,35,36,77,59,89,11.16,5.81,1.48,4.49,6.06,1.17,1.58,2.45,4.50,1.70,2.10,Papara Park (Trabzon)
1737738000,Jan 24 2025 - 5:00pm,complete,N/A,Samsunspor,Gazişehir Gaziantep,Ümit Öztürk,21,1.89,0.56,2.00,0.67,2,1,3,1,1,0,"44,83","47",7,2,4,0,2,0,0,4,1,1,21,15,4,4,12,9,20,14,61,39,1.49,1.09,1.69,1.33,3.39,61,89,67,56,17,50,84,56,89,7.78,5.00,1.64,4.11,4.72,1.22,1.75,2.87,5.24,1.73,2.00,Samsun Yeni 19 Mayıs Stadyumu (Samsun)
1737801000,Jan 25 2025 - 10:30am,complete,N/A,Sivasspor,Kayserispor,Burak Pakkan,21,1.30,1.11,1.43,0.92,5,2,7,3,3,0,"5,10,45'1,77,90'2","46,90'1",6,6,2,0,2,2,1,1,2,2,20,17,9,6,10,9,8,14,57,43,1.21,1.05,2.11,1.63,2.31,52,69,47,21,15,21,69,47,75,9.33,5.90,2.22,3.26,3.26,1.32,1.99,3.61,7.32,1.80,1.91,BG Group 4 Eylül Stadyumu (Sivas)
1737810000,Jan 25 2025 - 1:00pm,complete,N/A,Alanyaspor,İstanbul Başakşehir,Emre Kargin,21,1.67,1.11,1.62,0.92,5,4,9,4,2,2,"13,23,80,82,90'1","20,29,57,90'7",4,4,8,0,5,0,2,6,0,5,14,11,6,3,6,7,16,14,50,50,1.37,1.31,1.41,1.11,2.33,56,73,50,11,6,28,67,44,78,9.33,5.89,2.60,3.07,2.83,1.38,2.16,3.82,8.22,1.80,1.88,GAIN Park Stadium (Alanya)
1737820800,Jan 25 2025 - 4:00pm,complete,N/A,Galatasaray,Konyaspor,Halil Umut Meler,21,2.60,1.00,2.54,0.79,1,0,1,1,1,0,"22","",6,2,2,0,1,0,1,1,0,1,25,9,10,0,10,7,15,18,58,42,2.01,1.17,2.31,0.81,3.50,70,85,70,50,30,50,85,65,85,13.30,4.60,1.16,7.82,13.19,1.09,1.34,1.93,3.12,1.77,1.93,RAMS Park (İstanbul)
1737887400,Jan 26 2025 - 10:30am,complete,N/A,Rizespor,Adana Demirspor,Çağdaş Altay,21,1.33,0.56,1.50,0.38,3,2,5,1,1,0,"30,47,69","52,83",8,2,4,0,3,0,1,3,0,3,20,14,9,5,9,9,23,9,57,43,1.47,1.21,2.10,1.54,2.73,56,73,56,39,11,28,84,50,67,10.66,4.78,1.29,5.62,9.12,1.15,1.51,2.32,4.12,1.85,1.95,Çaykur Didi Stadyumu (Rize)
1737896400,Jan 26 2025 - 1:00pm,complete,N/A,Antalyaspor,Beşiktaş,Oğuzhan Çakır,21,1.78,1.22,1.85,1.50,1,1,2,0,0,0,"85","79",1,5,1,0,2,0,0,1,1,1,9,12,5,4,3,5,18,9,46,54,1.45,1.36,1.17,1.11,2.61,62,89,50,17,17,50,73,39,67,12.33,4.78,3.83,3.83,1.84,1.19,1.61,2.55,4.75,1.57,2.35,Corendon Airlines Park (Antalya)
1737896400,Jan 26 2025 - 1:00pm,complete,N/A,BB Bodrumspor,Eyüpspor,Ozan Ergün,21,1.22,1.30,1.38,1.23,0,1,1,1,0,1,"","12",7,2,2,0,6,0,0,2,1,5,20,10,3,5,15,4,14,14,55,45,1.30,1.11,1.74,1.09,2.24,52,62,36,26,5,21,46,52,85,8.70,5.06,2.69,3.26,2.60,1.32,1.99,3.61,7.32,1.78,2.00,Grey Beton Bodrum Stadyumu (Bodrum)
1737907200,Jan 26 2025 - 4:00pm,complete,N/A,Fenerbahçe,Göztepe,Atilla Karaoğlan,21,2.63,0.67,2.75,0.54,3,2,5,1,0,1,"46,53,55","25,82",4,4,3,0,2,0,1,2,1,1,15,16,7,5,7,9,16,25,59,41,2.02,1.30,1.67,1.48,3.18,64,83,66,42,17,41,89,48,77,13.50,4.24,1.35,5.14,7.76,1.17,1.55,2.40,4.22,1.78,2.00,Ülker Stadyumu Fenerbahçe Şükrü Saracoğlu Spor Kompleksi (İstanbul)
1737997200,Jan 27 2025 - 5:00pm,complete,N/A,Kasımpaşa,Hatayspor,Muhammetali Metoğlu,21,0.78,0.25,1.17,0.42,5,4,9,5,2,3,"30,39,53,69,76","15,20,45'11,58",11,5,3,0,3,1,1,2,3,1,42,12,12,10,22,2,11,10,69,31,1.45,1.03,3.62,1.55,2.83,60,83,60,35,24,30,65,53,71,9.36,6.05,1.72,4.00,4.50,1.21,1.67,2.74,5.17,1.67,2.10,Recep Tayyip Erdoğan Stadyumu (İstanbul)
1738342800,Jan 31 2025 - 5:00pm,complete,N/A,Eyüpspor,Sivasspor,Atilla Karaoğlan,22,2.22,0.78,2.08,0.58,1,0,1,0,0,0,"89","",4,2,2,0,1,2,1,1,1,2,17,12,12,4,4,6,15,7,65,35,1.47,1.09,2.46,1.11,2.95,44,84,62,33,22,39,78,50,78,8.85,5.55,1.81,3.59,4.29,1.25,1.82,3.06,5.61,1.75,1.95,Recep Tayyip Erdoğan Stadyumu (İstanbul)
1738342800,Jan 31 2025 - 5:00pm,complete,N/A,Konyaspor,BB Bodrumspor,Ümit Öztürk,22,1.22,0.50,1.42,0.69,3,1,4,2,2,0,"6,36,55","69",5,7,2,0,1,0,2,0,1,0,10,13,5,3,5,7,13,11,43,57,1.38,1.17,1.29,1.16,2.60,54,69,48,32,27,32,69,27,69,9.71,5.00,2.13,3.27,3.46,1.38,2.18,4.12,8.70,1.92,1.79,Medaş Konya Büyükşehir Stadyumu (Konya)
1738405800,Feb 01 2025 - 10:30am,complete,N/A,Hatayspor,Antalyaspor,Direnç Tonusluoğlu,22,0.73,0.50,0.85,0.69,2,3,5,3,1,2,"30,64","22,39,86",5,2,1,0,1,0,1,0,1,0,12,17,6,6,3,9,13,13,56,44,1.23,1.01,1.27,1.53,2.73,62,81,43,24,15,29,91,29,81,7.90,5.38,2.15,3.40,3.20,1.28,1.83,3.00,5.75,1.70,2.00,Mersin Stadyumu (Mersin)
1738414800,Feb 01 2025 - 1:00pm,complete,N/A,Kayserispor,Trabzonspor,Ali Şansalan,22,0.67,0.44,1.23,0.42,0,0,0,0,0,0,"","",4,4,4,0,2,1,0,4,0,3,12,15,4,4,7,7,17,9,36,64,1.53,1.32,1.28,1.31,2.94,62,73,62,33,17,45,62,50,73,13.11,5.56,4.01,3.82,1.81,1.17,1.58,2.45,4.50,1.55,2.25,RHG Enertürk Enerji Stadyumu (Kayseri)
1738425600,Feb 01 2025 - 4:00pm,complete,N/A,İstanbul Başakşehir,Samsunspor,Çağdaş Altay,22,1.90,2.00,1.92,1.85,4,0,4,1,1,0,"19,58,69,86","",4,6,2,0,2,0,2,0,1,1,20,10,8,2,10,7,8,7,44,56,1.49,1.22,1.92,1.03,2.85,50,70,55,35,25,20,70,45,75,8.90,5.00,2.18,3.36,3.26,1.34,2.03,3.61,7.76,1.78,1.90,Başakşehir Fatih Terim Stadyumu (İstanbul)
1738492200,Feb 02 2025 - 10:30am,complete,N/A,Adana Demirspor,Kasımpaşa,Yasin Kol,22,0.30,1.50,0.38,1.29,3,5,8,2,1,1,"13,57,88","16,73,75,79,82",5,4,2,0,2,0,1,1,1,1,17,14,7,7,6,5,13,11,40,60,1.21,1.27,1.52,1.51,3.30,60,75,65,50,25,35,85,50,75,7.60,5.20,3.82,4.01,1.81,1.15,1.52,2.33,4.12,1.55,2.25,Yeni Adana Stadyumu (Adana)
1738501200,Feb 02 2025 - 1:00pm,complete,N/A,Göztepe,Alanyaspor,Arda Kardeşler,22,2.80,0.70,2.42,0.77,0,1,1,1,0,1,"","45'1",7,3,3,0,2,0,0,3,1,1,26,9,10,4,12,5,15,10,57,43,1.83,1.10,2.45,1.17,2.75,40,85,50,25,15,40,80,55,70,10.80,4.80,1.72,3.82,4.51,1.27,1.88,3.25,6.60,1.77,1.93,Göztepe Gürsel Aksel Stadı (İzmir)
1738512000,Feb 02 2025 - 4:00pm,complete,N/A,Fenerbahçe,Rizespor,Burak Pakkan,22,2.67,1.20,2.75,1.07,3,2,5,3,1,2,"45'8,79,89","6,13",10,1,5,0,4,2,2,3,3,3,41,6,10,3,25,3,9,18,67,33,1.98,1.17,3.48,0.72,2.92,48,80,69,33,11,27,95,59,79,12.78,4.22,1.29,5.66,8.78,1.15,1.49,2.32,4.12,1.77,1.95,Ülker Stadyumu Fenerbahçe Şükrü Saracoğlu Spor Kompleksi (İstanbul)
1738602000,Feb 03 2025 - 5:00pm,complete,N/A,Gazişehir Gaziantep,Galatasaray,Kadir Sağlam,22,2.10,2.78,2.08,2.69,0,1,1,1,0,1,"","5",7,8,4,0,5,0,3,1,2,3,18,17,5,8,9,6,15,16,48,52,1.47,2.00,1.61,1.73,2.69,54,70,54,27,17,38,80,44,75,10.84,5.58,7.54,4.94,1.36,1.10,1.38,2.01,3.25,1.55,2.40,Kalyon Stadyumu (Gaziantep)
1738947600,Feb 07 2025 - 5:00pm,complete,N/A,Samsunspor,Hatayspor,Alper Akarsu,23,2.00,0.22,2.00,0.42,2,0,2,2,2,0,"3,7","",4,7,1,0,2,0,0,1,1,1,23,20,7,7,12,9,13,18,46,54,1.51,1.10,1.93,1.78,3.28,59,90,59,32,22,32,79,58,79,9.33,5.66,1.45,4.50,6.53,1.19,1.66,2.74,5.17,1.80,2.00,Samsun Yeni 19 Mayıs Stadyumu (Samsun)
1739019600,Feb 08 2025 - 1:00pm,complete,N/A,Kayserispor,Konyaspor,Çağdaş Altay,23,0.70,0.91,1.23,0.79,3,2,5,3,2,1,"14,23,55","45'1,69",4,7,3,0,3,1,1,2,2,2,19,20,9,8,7,11,16,11,42,58,1.50,1.14,1.87,2.14,2.92,53,72,53,38,19,43,71,48,72,11.26,5.65,2.69,3.34,2.55,1.31,1.94,3.44,6.89,1.75,1.93,RHG Enertürk Enerji Stadyumu (Kayseri)
1739030400,Feb 08 2025 - 4:00pm,complete,N/A,Sivasspor,Beşiktaş,Ali Şansalan,23,1.45,1.20,1.43,1.50,0,2,2,1,0,1,"","43,90'4",5,5,0,0,2,0,0,0,0,2,9,12,4,6,4,6,8,12,51,49,1.30,1.33,1.06,1.51,2.46,67,77,43,18,18,43,72,43,57,10.08,5.32,4.01,3.82,1.81,1.22,1.75,2.87,5.24,1.68,2.05,BG Group 4 Eylül Stadyumu (Sivas)
1739097000,Feb 09 2025 - 10:30am,complete,N/A,Kasımpaşa,Rizespor,Ozan Ergün,23,1.00,1.09,1.17,1.07,3,2,5,3,2,1,"26,45'8,57","30,80",4,11,2,0,5,0,1,1,1,4,15,13,6,3,7,9,9,16,54,46,1.69,1.13,1.54,1.25,3.07,53,77,62,34,24,29,81,58,76,9.30,5.15,2.27,3.53,3.07,1.19,1.63,2.59,4.75,1.57,2.25,Recep Tayyip Erdoğan Stadyumu (İstanbul)
1739106000,Feb 09 2025 - 1:00pm,complete,N/A,Alanyaspor,Fenerbahçe,Cihan Aydın,23,1.80,2.18,1.62,2.15,0,2,2,2,0,2,"","22,42",2,3,4,0,4,0,1,3,1,3,13,9,4,5,7,3,17,13,53,47,1.37,1.68,1.48,1.03,3.36,63,86,62,37,23,38,72,57,81,12.29,5.47,6.56,4.63,1.45,1.19,1.62,2.65,4.75,1.80,1.91,GAIN Park Stadium (Alanya)
1739116800,Feb 09 2025 - 4:00pm,complete,N/A,Antalyaspor,İstanbul Başakşehir,Zorbay Küçük,23,1.70,1.00,1.85,0.92,0,0,0,0,0,0,"","",3,2,3,0,4,0,0,3,1,3,-1,-1,-1,-1,-1,-1,17,18,48,52,1.42,1.29,0.00,0.00,3.05,55,80,55,30,25,40,65,55,85,8.80,5.50,2.91,3.58,2.27,1.29,1.91,3.33,6.89,1.73,2.00,Corendon Airlines Park (Antalya)
1739116800,Feb 09 2025 - 4:00pm,complete,N/A,Galatasaray,Adana Demirspor,Oğuzhan Çakır,23,2.64,0.50,2.54,0.38,1,0,1,1,1,0,"12","",-1,-1,0,0,1,0,0,0,1,0,7,0,5,0,2,0,6,4,66,34,2.03,1.24,0.93,0.03,3.46,67,76,76,58,28,33,86,72,76,13.55,4.11,1.07,13.45,20.37,1.04,1.17,1.41,1.96,1.80,1.91,RAMS Park (İstanbul)
1739206800,Feb 10 2025 - 5:00pm,complete,N/A,Trabzonspor,Eyüpspor,Mehmet Türkmen,23,2.10,1.45,2.08,1.23,1,0,1,0,0,0,"59","",6,4,0,0,1,0,0,0,0,1,14,14,3,4,10,9,7,7,51,49,1.63,1.11,1.44,1.35,3.08,57,77,58,49,25,29,77,62,82,10.35,5.12,1.74,4.07,4.05,1.17,1.62,2.45,4.50,1.62,2.20,Papara Park (Trabzon)
1739206800,Feb 10 2025 - 5:00pm,complete,N/A,BB Bodrumspor,Göztepe,Yasin Kol,23,1.10,0.60,1.38,0.54,0,0,0,0,0,0,"","",4,5,0,0,1,0,0,0,0,1,11,21,2,2,7,13,4,14,44,56,1.34,1.31,0.91,1.46,2.55,55,60,40,30,20,25,55,35,80,9.20,4.60,3.21,3.41,2.18,1.32,2.03,3.61,7.46,1.80,1.91,Grey Beton Bodrum Stadyumu (Bodrum)
1739552400,Feb 14 2025 - 5:00pm,complete,N/A,Adana Demirspor,Antalyaspor,Kadir Sağlam,24,0.27,0.73,0.38,0.69,1,1,2,2,1,1,"28","45",0,9,4,0,6,0,0,4,4,2,7,27,4,8,2,11,19,12,39,61,1.24,1.06,0.83,2.20,3.41,55,78,60,41,32,41,87,50,78,6.55,4.36,3.43,3.34,2.12,1.22,1.69,2.67,4.75,1.58,2.20,Yeni Adana Stadyumu (Adana)
1739615400,Feb 15 2025 - 10:30am,complete,N/A,Gazişehir Gaziantep,Sivasspor,Ozan Ergün,24,1.91,0.70,2.08,0.58,2,1,3,2,1,1,"33,90'1","26",6,2,4,0,5,0,1,3,3,2,16,13,7,4,6,8,20,15,55,45,1.48,1.09,1.67,1.26,2.32,34,63,44,25,10,34,72,29,68,8.64,6.21,2.03,3.58,3.44,1.27,1.88,3.25,6.09,1.71,2.00,Kalyon Stadyumu (Gaziantep)
1739624400,Feb 15 2025 - 1:00pm,complete,N/A,İstanbul Başakşehir,BB Bodrumspor,Halil Umut Meler,24,2.00,0.45,1.92,0.69,0,1,1,0,0,0,"","83",1,1,3,1,1,0,2,2,0,1,15,8,4,4,7,3,10,11,66,34,1.53,1.17,1.30,0.90,2.95,50,78,55,41,23,36,78,36,78,9.64,4.18,1.74,3.58,4.74,1.38,2.16,4.12,8.22,1.93,1.77,Başakşehir Fatih Terim Stadyumu (İstanbul)
1739635200,Feb 15 2025 - 4:00pm,complete,N/A,Beşiktaş,Trabzonspor,Cihan Aydın,24,2.00,0.50,2.00,0.42,2,1,3,1,0,1,"53,65","17",8,1,2,0,1,0,1,1,0,1,16,10,5,2,9,5,16,16,49,51,1.58,1.32,1.71,0.93,2.55,60,70,50,25,15,40,65,40,65,10.90,4.30,1.88,3.57,3.98,1.17,1.58,2.40,4.22,1.53,2.30,Tüpraş Stadyumu (İstanbul)
1739701800,Feb 16 2025 - 10:30am,complete,N/A,Hatayspor,Alanyaspor,Adnan Deniz Kayatepe,24,0.67,0.91,0.85,0.77,1,0,1,0,0,0,"56","",3,6,5,0,2,1,3,2,1,2,15,20,5,5,7,12,16,16,43,57,1.23,1.10,1.35,1.83,2.38,56,78,35,17,9,30,87,31,69,10.36,5.55,2.78,3.57,2.36,1.29,1.88,3.33,6.89,1.72,2.10,Mersin Stadyumu (Mersin)
1739710800,Feb 16 2025 - 1:00pm,complete,N/A,Eyüpspor,Kayserispor,Direnç Tonusluoğlu,24,2.30,1.00,2.08,0.92,1,1,2,0,0,0,"56","90'2",4,6,3,0,3,0,1,2,2,1,7,15,3,6,4,8,12,15,61,39,1.58,1.11,1.04,1.71,2.60,45,75,50,20,15,20,70,50,80,9.96,5.60,1.66,3.99,4.72,1.22,1.72,2.83,5.17,1.72,1.98,Recep Tayyip Erdoğan Stadyumu (İstanbul)
1739710800,Feb 16 2025 - 1:00pm,complete,N/A,Konyaspor,Samsunspor,Yasin Kol,24,1.40,1.82,1.42,1.85,0,1,1,1,0,1,"","2",7,5,4,0,6,0,2,2,3,3,13,13,5,6,6,5,12,14,55,45,1.37,1.20,1.41,1.36,2.73,54,68,58,38,24,20,67,48,72,9.28,5.54,2.55,3.26,2.74,1.32,2.03,3.61,7.46,1.80,2.00,Medaş Konya Büyükşehir Stadyumu (Konya)
1739721600,Feb 16 2025 - 4:00pm,complete,N/A,Fenerbahçe,Kasımpaşa,Ali Şansalan,24,2.70,1.64,2.75,1.29,3,1,4,1,1,0,"21,52,71","62",1,3,1,0,1,0,1,0,1,0,15,16,7,6,6,7,15,12,45,55,2.13,1.29,1.60,1.52,3.71,67,86,77,62,28,38,96,63,81,13.00,5.32,1.19,7.43,11.70,1.08,1.32,1.88,2.96,1.72,2.10,Ülker Stadyumu Fenerbahçe Şükrü Saracoğlu Spor Kompleksi (İstanbul)
1739811600,Feb 17 2025 - 5:00pm,complete,N/A,Rizespor,Galatasaray,Zorbay Küçük,24,1.50,2.80,1.50,2.69,1,2,3,0,0,0,"54","47,86",3,7,3,0,2,0,2,1,1,1,20,24,5,5,11,15,11,15,46,54,1.53,1.97,1.65,2.01,3.10,65,80,60,35,25,45,90,50,80,12.10,5.80,4.71,4.26,1.62,1.15,1.49,2.26,3.82,1.53,2.45,Çaykur Didi Stadyumu (Rize)
1740157200,Feb 21 2025 - 5:00pm,complete,N/A,Eyüpspor,Beşiktaş,Muhammetali Metoğlu,25,2.18,1.36,2.08,1.50,1,3,4,3,1,2,"1","18,45'2,60",4,2,2,0,1,0,1,1,0,1,8,19,4,8,3,8,10,7,46,54,1.52,1.35,0.99,1.95,2.27,55,82,36,9,9,32,69,41,64,10.32,4.90,3.37,3.46,2.10,1.25,1.82,3.00,5.75,1.65,2.10,Recep Tayyip Erdoğan Stadyumu (İstanbul)
1740157200,Feb 21 2025 - 5:00pm,complete,N/A,BB Bodrumspor,Hatayspor,Ali Şansalan,25,1.09,0.20,1.38,0.42,1,0,1,1,1,0,"41","",9,6,1,0,2,0,0,1,0,2,12,13,5,6,6,5,10,13,46,54,1.30,1.17,1.32,1.39,2.48,44,63,39,24,15,30,49,39,72,9.69,5.67,1.75,3.55,4.60,1.33,2.00,3.55,7.00,1.85,1.85,Grey Beton Bodrum Stadyumu (Bodrum)
1740220200,Feb 22 2025 - 10:30am,complete,N/A,Sivasspor,Konyaspor,Zorbay Küçük,25,1.33,0.83,1.43,0.79,1,1,2,2,1,1,"8","13",4,2,2,1,4,0,1,2,2,2,16,14,4,6,8,6,11,18,54,46,1.28,1.22,1.32,1.43,2.84,58,71,50,38,29,38,79,50,71,8.83,5.33,2.71,3.16,2.66,1.35,2.05,3.70,7.50,1.77,1.95,BG Group 4 Eylül Stadyumu (Sivas)
1740229200,Feb 22 2025 - 1:00pm,complete,N/A,Antalyaspor,Kasımpaşa,Adnan Deniz Kayatepe,25,1.64,1.50,1.85,1.29,2,1,3,2,2,0,"10,42","90'5",4,6,1,0,2,0,0,1,1,1,9,12,5,7,4,5,19,11,43,57,1.42,1.31,1.12,1.49,3.33,65,83,65,47,30,35,74,57,83,9.47,4.85,2.39,3.49,2.91,1.25,1.68,2.80,5.00,1.60,2.20,Corendon Airlines Park (Antalya)
1740240000,Feb 22 2025 - 4:00pm,complete,N/A,Samsunspor,Rizespor,Halil Umut Meler,25,2.09,1.00,2.00,1.07,2,3,5,2,2,0,"23,41","52,86,88",1,5,1,0,2,0,0,1,0,2,13,16,5,6,6,10,12,13,47,53,1.55,1.14,1.27,1.76,2.92,48,83,56,26,17,30,92,57,78,9.18,4.67,1.98,3.45,3.60,1.29,1.85,3.25,6.60,1.73,2.00,Samsun Yeni 19 Mayıs Stadyumu (Samsun)
1740306600,Feb 23 2025 - 10:30am,complete,N/A,Kayserispor,Göztepe,Cihan Aydın,25,0.91,0.64,1.23,0.54,1,0,1,1,1,0,"44","",5,3,1,0,2,0,0,1,0,2,13,20,4,0,6,17,14,14,50,50,1.54,1.33,1.26,1.45,3.18,64,73,60,41,32,46,69,46,73,10.73,5.09,3.26,3.26,2.22,1.29,1.88,3.25,6.60,1.72,2.10,RHG Enertürk Enerji Stadyumu (Kayseri)
1740315600,Feb 23 2025 - 1:00pm,complete,N/A,Alanyaspor,Adana Demirspor,Ozan Ergün,25,1.64,0.45,1.62,0.38,3,2,5,2,0,2,"63,68,90","33,37",10,1,5,0,2,0,1,4,0,2,26,8,10,6,9,1,15,16,65,35,1.38,1.13,2.33,0.99,2.87,60,73,60,32,14,23,78,55,69,10.92,5.36,1.29,5.62,9.12,1.15,1.51,2.32,4.12,1.83,1.95,GAIN Park Stadium (Alanya)
1740326400,Feb 23 2025 - 4:00pm,complete,N/A,Trabzonspor,Gazişehir Gaziantep,Atilla Karaoğlan,25,2.18,0.50,2.08,0.67,3,2,5,2,2,0,"45'2,45'6,58","77,85",1,6,1,0,1,0,1,0,0,1,22,18,7,3,14,14,18,14,52,48,1.61,1.12,2.10,1.50,3.53,63,82,77,67,28,49,77,58,96,9.63,5.09,1.61,4.29,4.76,1.15,1.52,2.37,4.12,1.57,2.35,Papara Park (Trabzon)
1740416400,Feb 24 2025 - 5:00pm,complete,N/A,Galatasaray,Fenerbahçe,Slavko Vinčić,25,2.67,2.25,2.54,2.15,0,0,0,0,0,0,"","",0,5,5,0,2,0,1,4,0,2,5,16,2,7,3,7,20,15,60,40,1.94,1.62,0.80,1.60,3.63,59,84,67,54,33,50,84,63,75,14.28,4.17,2.37,3.80,2.62,1.13,1.44,2.05,3.61,1.40,2.75,RAMS Park (İstanbul)
1740834000,Mar 01 2025 - 1:00pm,complete,N/A,Adana Demirspor,BB Bodrumspor,Çağdaş Altay,26,0.33,0.67,0.38,0.69,0,0,0,0,0,0,"","",3,6,2,0,5,0,1,1,2,3,14,21,2,7,9,9,9,12,50,50,1.21,1.15,1.02,1.80,2.88,46,67,50,38,21,42,75,38,67,7.92,4.25,4.45,3.85,1.75,1.21,1.83,3.02,5.90,1.75,1.93,Yeni Adana Stadyumu (Adana)
1740850200,Mar 01 2025 - 5:30pm,complete,N/A,Beşiktaş,Kayserispor,Halil Umut Meler,26,2.09,1.00,2.00,0.92,2,0,2,1,1,0,"45,90'7","",4,5,0,0,2,0,0,0,2,0,14,16,8,5,6,7,0,1,49,51,1.59,1.17,1.83,1.55,2.78,60,82,50,23,14,32,73,50,82,10.90,4.91,1.42,4.75,6.50,1.17,1.53,2.35,4.20,1.70,2.05,Tüpraş Stadyumu (İstanbul)
1740911400,Mar 02 2025 - 10:30am,complete,2625,Rizespor,Alanyaspor,Ali Şansalan,26,1.36,0.83,1.50,0.77,3,1,4,0,0,0,"46,71,85","65",5,5,2,0,1,0,1,1,0,1,11,13,6,5,3,5,17,17,52,48,1.54,1.16,1.25,1.33,2.45,49,75,40,18,13,31,79,39,66,10.69,5.40,1.98,3.36,3.82,1.22,1.75,2.83,5.17,1.65,2.20,Çaykur Didi Stadyumu (Rize)
1740920400,Mar 02 2025 - 1:00pm,complete,N/A,Kasımpaşa,Galatasaray,Cihan Aydın,26,1.18,2.82,1.17,2.69,3,3,6,1,0,1,"52,61,85","12,69,71",10,3,3,0,2,0,2,1,0,2,15,19,9,7,4,7,13,11,47,53,1.68,1.98,1.84,1.67,3.46,69,82,69,46,32,41,78,64,82,12.19,5.55,4.52,4.19,1.57,1.11,1.40,1.95,3.33,1.46,2.50,Recep Tayyip Erdoğan Stadyumu (İstanbul)
1740936600,Mar 02 2025 - 5:30pm,complete,N/A,Fenerbahçe,Antalyaspor,Mehmet Türkmen,26,2.73,0.75,2.75,0.69,3,0,3,3,3,0,"9,26,30","",8,5,0,0,0,0,0,0,0,0,16,5,9,0,4,3,10,3,49,51,2.08,1.15,1.77,0.44,3.36,61,87,66,49,26,39,96,58,79,11.60,4.78,1.21,6.93,10.75,1.11,1.43,2.16,3.61,1.87,1.82,Ülker Stadyumu Fenerbahçe Şükrü Saracoğlu Spor Kompleksi (İstanbul)
1741006800,Mar 03 2025 - 1:00pm,complete,N/A,Gazişehir Gaziantep,Eyüpspor,Alper Akarsu,26,2.00,1.33,2.08,1.23,3,1,4,0,0,0,"52,78,90'4","65",4,1,1,0,5,1,0,1,3,3,20,14,9,7,10,7,8,13,51,49,1.50,1.13,2.13,1.65,2.09,46,59,38,17,4,25,71,38,63,8.33,5.67,2.37,3.40,2.89,1.29,1.89,3.25,6.60,1.72,2.10,Gaziantep Stadyumu (Gaziantep)
1741006800,Mar 03 2025 - 1:00pm,complete,N/A,Konyaspor,Trabzonspor,Ozan Ergün,26,1.27,0.45,1.42,0.42,1,0,1,0,0,0,"90'10","",5,4,3,0,5,0,1,2,1,4,14,13,2,4,12,7,12,12,38,62,1.38,1.29,1.23,1.39,2.55,69,69,55,27,18,32,64,41,69,10.54,5.45,2.61,3.41,2.59,1.27,1.85,3.15,6.09,1.68,2.15,Medaş Konya Büyükşehir Stadyumu (Konya)
1741023000,Mar 03 2025 - 5:30pm,complete,N/A,Göztepe,Samsunspor,Oğuzhan Çakır,26,2.55,1.92,2.42,1.85,2,2,4,1,1,0,"45'5,51","67,90'3",1,2,4,0,1,0,2,2,1,0,15,10,3,3,10,6,15,7,41,59,1.89,1.22,1.32,1.12,2.67,31,66,57,35,18,23,75,57,66,9.61,5.19,2.03,3.31,3.75,1.38,2.16,4.04,8.22,1.90,1.87,Gürsel Aksel Stadyumu (İzmir)
1741023000,Mar 03 2025 - 5:30pm,complete,N/A,İstanbul Başakşehir,Sivasspor,Muhammetali Metoğlu,26,1.83,0.64,1.92,0.58,1,0,1,1,1,0,"9","",6,2,2,0,2,0,0,2,0,2,11,11,3,0,7,8,14,13,62,38,1.51,1.11,1.13,0.73,3.13,52,83,61,39,22,44,74,39,92,8.32,5.87,1.67,3.76,4.91,1.29,1.95,3.33,6.89,1.87,1.90,Başakşehir Fatih Terim Stadyumu (İstanbul)
1741368600,Mar 07 2025 - 5:30pm,complete,N/A,BB Bodrumspor,Kasımpaşa,Mehmet Türkmen,27,1.25,1.38,1.38,1.29,1,0,1,0,0,0,"73","",3,4,1,0,0,0,0,1,0,0,16,14,6,6,8,6,12,5,35,65,1.31,1.32,1.57,1.74,2.68,51,59,47,40,16,23,63,40,76,9.50,4.79,2.19,3.44,3.29,1.30,1.97,3.30,6.25,1.75,1.95,Grey Beton Bodrum Stadyumu (Muğla)
1741429800,Mar 08 2025 - 10:30am,complete,N/A,Kayserispor,İstanbul Başakşehir,Ali Şansalan,27,1.08,1.00,1.23,0.92,3,1,4,1,1,0,"44,67,72","89",4,7,2,0,2,0,2,0,2,0,13,15,6,5,6,7,17,17,39,61,1.51,1.29,1.37,1.40,2.95,48,66,52,35,22,43,66,48,70,9.41,6.37,2.80,3.30,2.45,1.33,1.85,3.40,6.50,1.67,2.10,RHG Enertürk Enerji Stadyumu (Kayseri)
1741438800,Mar 08 2025 - 1:00pm,complete,N/A,Antalyaspor,Rizespor,Cihan Aydın,27,1.75,1.15,1.85,1.07,2,1,3,0,0,0,"90,90'8","58",4,1,1,0,2,0,0,1,1,1,22,8,5,5,13,3,18,16,59,41,1.39,1.19,1.81,1.13,2.92,56,80,64,28,28,40,75,56,84,9.75,4.70,2.72,3.10,2.64,1.33,1.95,3.35,6.50,1.70,2.00,Corendon Airlines Park (Antalya)
1741455000,Mar 08 2025 - 5:30pm,complete,N/A,Trabzonspor,Hatayspor,Alper Akarsu,27,2.25,0.18,2.08,0.42,1,2,3,2,1,1,"42","21,65",7,1,2,0,5,0,1,1,2,3,24,5,5,3,13,1,13,13,61,39,1.65,1.19,2.11,0.60,3.34,53,79,61,47,35,39,74,52,78,10.98,5.27,1.37,5.00,7.00,1.14,1.48,2.20,3.75,1.70,2.00,Papara Park (Trabzon)
1741516200,Mar 09 2025 - 10:30am,complete,N/A,Sivasspor,Göztepe,Burak Pakkan,27,1.31,0.58,1.43,0.54,3,1,4,1,0,1,"48,66,77","33",2,5,4,0,4,1,2,2,4,1,20,11,7,4,9,7,9,12,64,36,1.28,1.34,1.73,1.23,2.81,65,68,48,32,32,36,76,40,65,8.23,4.69,3.70,3.30,2.00,1.33,2.05,3.65,7.00,1.83,1.83,BG Group 4 Eylül Stadyumu (Sivas)
1741525200,Mar 09 2025 - 1:00pm,complete,N/A,Samsunspor,Adana Demirspor,Arda Kardeşler,27,1.92,0.42,2.00,0.38,3,2,5,3,2,1,"5,11,62","29,80",8,2,1,0,2,0,0,1,0,2,24,8,11,5,13,3,10,8,61,39,1.52,1.12,2.81,0.97,3.08,54,80,59,46,21,25,88,63,71,9.31,4.00,1.25,5.75,9.50,1.17,1.53,2.25,4.20,2.00,1.73,Samsun Yeni 19 Mayıs Stadyumu (Samsun)
1741525200,Mar 09 2025 - 1:00pm,complete,N/A,Eyüpspor,Konyaspor,Atilla Karaoğlan,27,2.00,0.85,2.08,0.79,2,1,3,1,1,0,"15,76","58",5,5,5,1,3,0,1,5,1,2,8,13,5,4,2,7,19,12,48,52,1.48,1.24,0.95,1.30,2.72,56,76,48,32,20,36,76,48,72,8.83,5.27,2.12,3.20,3.45,1.36,2.05,3.65,7.00,1.80,1.87,Recep Tayyip Erdoğan Stadyumu (İstanbul)
1741541400,Mar 09 2025 - 5:30pm,complete,N/A,Alanyaspor,Galatasaray,Yasin Kol,27,1.75,2.67,1.62,2.69,1,2,3,1,1,0,"23","51,62",3,4,2,0,7,1,0,2,3,5,11,23,4,6,6,11,12,15,35,65,1.46,1.95,1.15,1.82,3.29,71,83,67,30,25,42,79,59,84,12.50,6.25,4.55,4.20,1.64,1.17,1.53,2.35,4.20,1.55,2.30,GAIN Park Stadium (Antalya)
1741627800,Mar 10 2025 - 5:30pm,complete,N/A,Beşiktaş,Gazişehir Gaziantep,Zorbay Küçük,27,2.17,0.45,2.00,0.67,1,2,3,1,1,0,"31","61,87",5,3,2,0,8,1,0,2,3,6,24,14,6,6,12,7,12,17,59,41,1.61,1.15,2.01,1.52,3.33,70,87,71,49,22,58,83,53,88,8.51,4.40,1.53,4.33,5.00,1.17,1.57,2.32,4.20,1.67,2.10,Tüpraş Stadyumu (İstanbul)
1741973400,Mar 14 2025 - 5:30pm,incomplete,N/A,Galatasaray,Antalyaspor,Ozan Ergün,28,2.54,0.69,2.54,0.69,0,0,0,0,0,0,"","",-1,-1,-1,-1,-1,-1,-1,-1,-1,-1,-1,-1,-1,-1,-1,-1,-1,-1,-1,-1,1.85,1.10,0.00,0.00,3.23,58,77,62,39,31,46,89,50,69,11.21,4.23,1.27,5.80,9.25,1.11,1.40,2.00,3.30,1.78,1.90,RAMS Park (İstanbul)
1742034600,Mar 15 2025 - 10:30am,incomplete,N/A,Gazişehir Gaziantep,Kayserispor,Arda Kardeşler,28,2.08,0.92,2.08,0.92,0,0,0,0,0,0,"","",-1,-1,-1,-1,-1,-1,-1,-1,-1,-1,-1,-1,-1,-1,-1,-1,-1,-1,-1,-1,1.54,1.20,0.00,0.00,2.25,44,69,40,16,4,20,68,37,73,10.11,5.93,2.10,3.50,3.30,1.25,1.73,2.88,5.25,1.57,2.25,Kalyon Stadyumu (Gaziantep)
1742043600,Mar 15 2025 - 1:00pm,incomplete,N/A,Kasımpaşa,Alanyaspor,Halil Umut Meler,28,1.17,0.77,1.17,0.77,0,0,0,0,0,0,"","",-1,-1,-1,-1,-1,-1,-1,-1,-1,-1,-1,-1,-1,-1,-1,-1,-1,-1,-1,-1,1.69,1.18,0.00,0.00,2.99,53,76,49,37,25,28,72,53,69,11.30,5.13,2.05,3.50,3.30,1.20,1.62,2.50,4.33,1.53,2.38,Recep Tayyip Erdoğan Stadyumu (İstanbul)
1742059800,Mar 15 2025 - 5:30pm,incomplete,N/A,İstanbul Başakşehir,Trabzonspor,Mehmet Türkmen,28,1.92,0.42,1.92,0.42,0,0,0,0,0,0,"","",-1,-1,-1,-1,-1,-1,-1,-1,-1,-1,-1,-1,-1,-1,-1,-1,-1,-1,-1,-1,1.48,1.29,0.00,0.00,2.63,56,68,52,28,16,28,64,40,76,9.79,5.05,2.25,3.10,3.25,1.25,1.80,3.00,5.75,1.62,2.20,Başakşehir Fatih Terim Stadyumu (İstanbul)
1742059800,Mar 15 2025 - 5:30pm,incomplete,N/A,Konyaspor,Beşiktaş,Ali Şansalan,28,1.42,1.50,1.42,1.50,0,0,0,0,0,0,"","",-1,-1,-1,-1,-1,-1,-1,-1,-1,-1,-1,-1,-1,-1,-1,-1,-1,-1,-1,-1,1.36,1.40,0.00,0.00,2.46,67,80,42,21,13,42,71,29,67,10.75,5.33,3.00,3.50,2.25,1.28,1.80,3.10,6.00,1.67,2.10,Medaş Konya Büyükşehir Stadyumu (Konya)
1742121000,Mar 16 2025 - 10:30am,incomplete,N/A,Rizespor,BB Bodrumspor,Kadir Sağlam,28,1.50,0.69,1.50,0.69,0,0,0,0,0,0,"","",-1,-1,-1,-1,-1,-1,-1,-1,-1,-1,-1,-1,-1,-1,-1,-1,-1,-1,-1,-1,1.52,1.20,0.00,0.00,2.54,49,69,48,32,16,32,69,37,69,9.87,4.83,2.00,3.00,4.10,1.38,2.10,3.75,7.50,1.83,1.83,Çaykur Didi Stadyumu (Rize)
1742130000,Mar 16 2025 - 1:00pm,incomplete,N/A,Göztepe,Eyüpspor,Yasin Kol,28,2.42,1.23,2.42,1.23,0,0,0,0,0,0,"","",-1,-1,-1,-1,-1,-1,-1,-1,-1,-1,-1,-1,-1,-1,-1,-1,-1,-1,-1,-1,1.84,1.18,0.00,0.00,2.81,52,76,57,37,13,33,73,65,76,8.38,5.42,1.75,3.60,4.50,1.30,1.95,3.40,6.50,1.83,1.83,Göztepe Gürsel Aksel Stadı (İzmir)
1742130000,Mar 16 2025 - 1:00pm,incomplete,N/A,Hatayspor,Sivasspor,Çağdaş Altay,28,0.85,0.58,0.85,0.58,0,0,0,0,0,0,"","",-1,-1,-1,-1,-1,-1,-1,-1,-1,-1,-1,-1,-1,-1,-1,-1,-1,-1,-1,-1,1.24,1.08,0.00,0.00,2.65,56,76,48,28,13,41,80,28,84,8.52,6.48,2.40,3.30,2.80,1.30,1.95,3.10,6.00,1.73,2.00,Mersin Stadyumu (Mersin)
1742146200,Mar 16 2025 - 5:30pm,incomplete,N/A,Fenerbahçe,Samsunspor,Cihan Aydın,28,2.75,1.85,2.75,1.85,0,0,0,0,0,0,"","",-1,-1,-1,-1,-1,-1,-1,-1,-1,-1,-1,-1,-1,-1,-1,-1,-1,-1,-1,-1,2.06,1.21,0.00,0.00,2.98,45,73,69,48,16,21,85,61,69,12.33,4.94,1.38,4.75,7.00,1.20,1.70,2.70,5.00,2.00,1.73,Ülker Stadyumu Fenerbahçe Şükrü Saracoğlu Spor Kompleksi (İstanbul)
1743289200,Mar 29 2025 - 11:00pm,incomplete,N/A,Sivasspor,Adana Demirspor,N/A,29,1.43,0.38,1.43,0.38,0,0,0,0,0,0,"","",-1,-1,-1,-1,-1,-1,-1,-1,-1,-1,-1,-1,-1,-1,-1,-1,-1,-1,-1,-1,1.32,1.11,0.00,0.00,3.01,63,70,60,49,30,30,82,60,67,8.57,4.87,0.00,0.00,0.00,0.00,0.00,0.00,0.00,0.00,0.00,BG Group 4 Eylül Stadyumu (Sivas)
1743289200,Mar 29 2025 - 11:00pm,incomplete,N/A,Beşiktaş,Galatasaray,N/A,29,2.00,2.69,2.00,2.69,0,0,0,0,0,0,"","",-1,-1,-1,-1,-1,-1,-1,-1,-1,-1,-1,-1,-1,-1,-1,-1,-1,-1,-1,-1,1.64,1.94,0.00,0.00,3.20,70,85,66,31,23,38,85,58,85,11.46,4.93,0.00,0.00,0.00,0.00,0.00,0.00,0.00,0.00,0.00,Tüpraş Stadyumu (İstanbul)
1743289200,Mar 29 2025 - 11:00pm,incomplete,N/A,Antalyaspor,Alanyaspor,N/A,29,1.85,0.77,1.85,0.77,0,0,0,0,0,0,"","",-1,-1,-1,-1,-1,-1,-1,-1,-1,-1,-1,-1,-1,-1,-1,-1,-1,-1,-1,-1,1.43,1.18,0.00,0.00,2.50,50,77,47,19,16,31,62,46,74,10.69,4.46,0.00,0.00,0.00,0.00,0.00,0.00,0.00,0.00,0.00,Corendon Airlines Park (Antalya)
1743289200,Mar 29 2025 - 11:00pm,incomplete,N/A,Kayserispor,Hatayspor,N/A,29,1.23,0.42,1.23,0.42,0,0,0,0,0,0,"","",-1,-1,-1,-1,-1,-1,-1,-1,-1,-1,-1,-1,-1,-1,-1,-1,-1,-1,-1,-1,1.50,1.14,0.00,0.00,3.16,56,76,60,36,24,48,72,48,68,10.73,6.27,0.00,0.00,0.00,0.00,0.00,0.00,0.00,0.00,0.00,RHG Enertürk Enerji Stadyumu (Kayseri)
1743289200,Mar 29 2025 - 11:00pm,incomplete,N/A,Konyaspor,Gazişehir Gaziantep,N/A,29,1.42,0.67,1.42,0.67,0,0,0,0,0,0,"","",-1,-1,-1,-1,-1,-1,-1,-1,-1,-1,-1,-1,-1,-1,-1,-1,-1,-1,-1,-1,1.36,1.18,0.00,0.00,3.21,75,80,71,50,25,50,75,50,88,8.42,6.33,0.00,0.00,0.00,0.00,0.00,0.00,0.00,0.00,0.00,Medaş Konya Büyükşehir Stadyumu (Konya)
1743289200,Mar 29 2025 - 11:00pm,incomplete,N/A,Trabzonspor,Göztepe,N/A,29,2.08,0.54,2.08,0.54,0,0,0,0,0,0,"","",-1,-1,-1,-1,-1,-1,-1,-1,-1,-1,-1,-1,-1,-1,-1,-1,-1,-1,-1,-1,1.69,1.33,0.00,0.00,3.23,62,73,62,50,35,35,77,46,81,10.39,4.23,0.00,0.00,0.00,0.00,0.00,0.00,0.00,0.00,0.00,Papara Park (Trabzon)
1743289200,Mar 29 2025 - 11:00pm,incomplete,N/A,Samsunspor,Kasımpaşa,N/A,29,2.00,1.29,2.00,1.29,0,0,0,0,0,0,"","",-1,-1,-1,-1,-1,-1,-1,-1,-1,-1,-1,-1,-1,-1,-1,-1,-1,-1,-1,-1,1.62,1.35,0.00,0.00,3.44,63,86,63,48,26,37,89,56,82,8.92,4.28,0.00,0.00,0.00,0.00,0.00,0.00,0.00,0.00,0.00,Samsun Yeni 19 Mayıs Stadyumu (Samsun)
1743289200,Mar 29 2025 - 11:00pm,incomplete,N/A,Eyüpspor,İstanbul Başakşehir,N/A,29,2.08,0.92,2.08,0.92,0,0,0,0,0,0,"","",-1,-1,-1,-1,-1,-1,-1,-1,-1,-1,-1,-1,-1,-1,-1,-1,-1,-1,-1,-1,1.43,1.30,0.00,0.00,2.77,52,72,52,28,16,28,68,52,76,7.75,6.02,0.00,0.00,0.00,0.00,0.00,0.00,0.00,0.00,0.00,Eyüp Stadı (İstanbul)
1743289200,Mar 29 2025 - 11:00pm,incomplete,N/A,BB Bodrumspor,Fenerbahçe,N/A,29,1.38,2.15,1.38,2.15,0,0,0,0,0,0,"","",-1,-1,-1,-1,-1,-1,-1,-1,-1,-1,-1,-1,-1,-1,-1,-1,-1,-1,-1,-1,1.33,1.62,0.00,0.00,2.42,35,58,35,35,16,27,50,39,69,11.00,4.46,0.00,0.00,0.00,0.00,0.00,0.00,0.00,0.00,0.00,Bodrum İlçe Stadı (Bodrum)
1743890400,Apr 05 2025 - 10:00pm,incomplete,N/A,Göztepe,Gazişehir Gaziantep,N/A,30,2.42,0.67,2.42,0.67,0,0,0,0,0,0,"","",-1,-1,-1,-1,-1,-1,-1,-1,-1,-1,-1,-1,-1,-1,-1,-1,-1,-1,-1,-1,1.84,1.18,0.00,0.00,3.42,63,88,80,55,21,55,83,67,88,8.17,5.75,0.00,0.00,0.00,0.00,0.00,0.00,0.00,0.00,0.00,Göztepe Gürsel Aksel Stadı (İzmir)
1743890400,Apr 05 2025 - 10:00pm,incomplete,N/A,İstanbul Başakşehir,Konyaspor,N/A,30,1.92,0.79,1.92,0.79,0,0,0,0,0,0,"","",-1,-1,-1,-1,-1,-1,-1,-1,-1,-1,-1,-1,-1,-1,-1,-1,-1,-1,-1,-1,1.48,1.24,0.00,0.00,2.97,59,78,52,37,22,37,82,44,78,9.05,5.24,0.00,0.00,0.00,0.00,0.00,0.00,0.00,0.00,0.00,Başakşehir Fatih Terim Stadyumu (İstanbul)
1743890400,Apr 05 2025 - 10:00pm,incomplete,N/A,Rizespor,Sivasspor,N/A,30,1.50,0.58,1.50,0.58,0,0,0,0,0,0,"","",-1,-1,-1,-1,-1,-1,-1,-1,-1,-1,-1,-1,-1,-1,-1,-1,-1,-1,-1,-1,1.52,1.08,0.00,0.00,2.88,55,79,58,33,17,42,75,42,79,8.92,6.08,0.00,0.00,0.00,0.00,0.00,0.00,0.00,0.00,0.00,Çaykur Didi Stadyumu (Rize)
1743890400,Apr 05 2025 - 10:00pm,incomplete,N/A,Fenerbahçe,Trabzonspor,N/A,30,2.75,0.42,2.75,0.42,0,0,0,0,0,0,"","",-1,-1,-1,-1,-1,-1,-1,-1,-1,-1,-1,-1,-1,-1,-1,-1,-1,-1,-1,-1,2.06,1.29,0.00,0.00,2.84,58,75,67,38,13,34,75,55,71,13.42,4.84,0.00,0.00,0.00,0.00,0.00,0.00,0.00,0.00,0.00,Ülker Stadyumu Fenerbahçe Şükrü Saracoğlu Spor Kompleksi (İstanbul)
1743890400,Apr 05 2025 - 10:00pm,incomplete,N/A,Adana Demirspor,Kayserispor,N/A,30,0.38,0.92,0.38,0.92,0,0,0,0,0,0,"","",-1,-1,-1,-1,-1,-1,-1,-1,-1,-1,-1,-1,-1,-1,-1,-1,-1,-1,-1,-1,1.19,1.20,0.00,0.00,2.87,52,76,48,28,16,32,72,48,77,8.80,5.46,0.00,0.00,0.00,0.00,0.00,0.00,0.00,0.00,0.00,Yeni Adana Stadyumu (Adana)
1743890400,Apr 05 2025 - 10:00pm,incomplete,N/A,Antalyaspor,Samsunspor,N/A,30,1.85,1.85,1.85,1.85,0,0,0,0,0,0,"","",-1,-1,-1,-1,-1,-1,-1,-1,-1,-1,-1,-1,-1,-1,-1,-1,-1,-1,-1,-1,1.43,1.21,0.00,0.00,2.62,47,70,58,31,19,19,62,54,74,9.39,4.77,0.00,0.00,0.00,0.00,0.00,0.00,0.00,0.00,0.00,Corendon Airlines Park (Antalya)
1743890400,Apr 05 2025 - 10:00pm,incomplete,N/A,Alanyaspor,BB Bodrumspor,N/A,30,1.62,0.69,1.62,0.69,0,0,0,0,0,0,"","",-1,-1,-1,-1,-1,-1,-1,-1,-1,-1,-1,-1,-1,-1,-1,-1,-1,-1,-1,-1,1.44,1.20,0.00,0.00,2.58,50,70,50,23,15,35,70,39,70,10.54,5.39,0.00,0.00,0.00,0.00,0.00,0.00,0.00,0.00,0.00,Kırbıyık Holding Stadyumu (Alanya)
1743890400,Apr 05 2025 - 10:00pm,incomplete,N/A,Kasımpaşa,Beşiktaş,N/A,30,1.17,1.50,1.17,1.50,0,0,0,0,0,0,"","",-1,-1,-1,-1,-1,-1,-1,-1,-1,-1,-1,-1,-1,-1,-1,-1,-1,-1,-1,-1,1.69,1.40,0.00,0.00,3.00,67,88,50,33,21,42,75,46,67,11.42,5.00,0.00,0.00,0.00,0.00,0.00,0.00,0.00,0.00,0.00,Recep Tayyip Erdoğan Stadyumu (İstanbul)
1743890400,Apr 05 2025 - 10:00pm,incomplete,N/A,Hatayspor,Eyüpspor,N/A,30,0.85,1.23,0.85,1.23,0,0,0,0,0,0,"","",-1,-1,-1,-1,-1,-1,-1,-1,-1,-1,-1,-1,-1,-1,-1,-1,-1,-1,-1,-1,1.24,1.18,0.00,0.00,2.50,66,73,42,27,8,27,74,43,81,8.23,6.15,0.00,0.00,0.00,0.00,0.00,0.00,0.00,0.00,0.00,Mersin Stadyumu (Mersin)
1744495200,Apr 12 2025 - 10:00pm,incomplete,N/A,Sivasspor,Fenerbahçe,N/A,31,1.43,2.15,1.43,2.15,0,0,0,0,0,0,"","",-1,-1,-1,-1,-1,-1,-1,-1,-1,-1,-1,-1,-1,-1,-1,-1,-1,-1,-1,-1,1.32,1.62,0.00,0.00,3.09,55,78,52,45,30,41,74,52,67,9.84,5.17,0.00,0.00,0.00,0.00,0.00,0.00,0.00,0.00,0.00,BG Group 4 Eylül Stadyumu (Sivas)
1744495200,Apr 12 2025 - 10:00pm,incomplete,N/A,Beşiktaş,İstanbul Başakşehir,N/A,31,2.00,0.92,2.00,0.92,0,0,0,0,0,0,"","",-1,-1,-1,-1,-1,-1,-1,-1,-1,-1,-1,-1,-1,-1,-1,-1,-1,-1,-1,-1,1.64,1.30,0.00,0.00,2.89,56,76,52,28,16,36,76,48,76,8.56,4.95,0.00,0.00,0.00,0.00,0.00,0.00,0.00,0.00,0.00,Tüpraş Stadyumu (İstanbul)
1744495200,Apr 12 2025 - 10:00pm,incomplete,N/A,Kayserispor,Kasımpaşa,N/A,31,1.23,1.29,1.23,1.29,0,0,0,0,0,0,"","",-1,-1,-1,-1,-1,-1,-1,-1,-1,-1,-1,-1,-1,-1,-1,-1,-1,-1,-1,-1,1.50,1.35,0.00,0.00,3.40,63,74,67,52,26,41,78,52,78,10.38,5.28,0.00,0.00,0.00,0.00,0.00,0.00,0.00,0.00,0.00,RHG Enertürk Enerji Stadyumu (Kayseri)
1744495200,Apr 12 2025 - 10:00pm,incomplete,N/A,Konyaspor,Göztepe,N/A,31,1.42,0.54,1.42,0.54,0,0,0,0,0,0,"","",-1,-1,-1,-1,-1,-1,-1,-1,-1,-1,-1,-1,-1,-1,-1,-1,-1,-1,-1,-1,1.36,1.33,0.00,0.00,2.84,68,68,52,36,28,32,72,36,72,9.33,5.23,0.00,0.00,0.00,0.00,0.00,0.00,0.00,0.00,0.00,Medaş Konya Büyükşehir Stadyumu (Konya)
1744495200,Apr 12 2025 - 10:00pm,incomplete,N/A,Samsunspor,Galatasaray,N/A,31,2.00,2.69,2.00,2.69,0,0,0,0,0,0,"","",-1,-1,-1,-1,-1,-1,-1,-1,-1,-1,-1,-1,-1,-1,-1,-1,-1,-1,-1,-1,1.62,1.94,0.00,0.00,3.39,66,89,66,38,27,38,89,66,85,11.00,5.16,0.00,0.00,0.00,0.00,0.00,0.00,0.00,0.00,0.00,Samsun Yeni 19 Mayıs Stadyumu (Samsun)
1744495200,Apr 12 2025 - 10:00pm,incomplete,N/A,Trabzonspor,Rizespor,N/A,31,2.08,1.07,2.08,1.07,0,0,0,0,0,0,"","",-1,-1,-1,-1,-1,-1,-1,-1,-1,-1,-1,-1,-1,-1,-1,-1,-1,-1,-1,-1,1.69,1.19,0.00,0.00,3.27,56,78,70,46,34,37,82,59,89,10.39,4.57,0.00,0.00,0.00,0.00,0.00,0.00,0.00,0.00,0.00,Papara Park (Trabzon)
1744495200,Apr 12 2025 - 10:00pm,incomplete,N/A,Eyüpspor,Adana Demirspor,N/A,31,2.08,0.38,2.08,0.38,0,0,0,0,0,0,"","",-1,-1,-1,-1,-1,-1,-1,-1,-1,-1,-1,-1,-1,-1,-1,-1,-1,-1,-1,-1,1.43,1.11,0.00,0.00,2.93,58,73,62,43,23,23,77,62,73,9.00,4.77,0.00,0.00,0.00,0.00,0.00,0.00,0.00,0.00,0.00,Eyüp Stadı (İstanbul)
1744495200,Apr 12 2025 - 10:00pm,incomplete,N/A,Gazişehir Gaziantep,Hatayspor,N/A,31,2.08,0.42,2.08,0.42,0,0,0,0,0,0,"","",-1,-1,-1,-1,-1,-1,-1,-1,-1,-1,-1,-1,-1,-1,-1,-1,-1,-1,-1,-1,1.54,1.14,0.00,0.00,2.55,48,69,48,20,13,37,72,33,61,9.11,6.27,0.00,0.00,0.00,0.00,0.00,0.00,0.00,0.00,0.00,Kalyon Stadyumu (Gaziantep)
1744495200,Apr 12 2025 - 10:00pm,incomplete,N/A,BB Bodrumspor,Antalyaspor,N/A,31,1.38,0.69,1.38,0.69,0,0,0,0,0,0,"","",-1,-1,-1,-1,-1,-1,-1,-1,-1,-1,-1,-1,-1,-1,-1,-1,-1,-1,-1,-1,1.33,1.10,0.00,0.00,2.31,39,58,35,23,16,27,62,31,69,8.69,4.31,0.00,0.00,0.00,0.00,0.00,0.00,0.00,0.00,0.00,Bodrum İlçe Stadı (Bodrum)
1745100000,Apr 19 2025 - 10:00pm,incomplete,N/A,Göztepe,Beşiktaş,N/A,32,2.42,1.50,2.42,1.50,0,0,0,0,0,0,"","",-1,-1,-1,-1,-1,-1,-1,-1,-1,-1,-1,-1,-1,-1,-1,-1,-1,-1,-1,-1,1.84,1.40,0.00,0.00,2.67,55,88,50,25,9,46,79,46,67,10.50,4.75,0.00,0.00,0.00,0.00,0.00,0.00,0.00,0.00,0.00,Göztepe Gürsel Aksel Stadı (İzmir)
1745100000,Apr 19 2025 - 10:00pm,incomplete,N/A,Rizespor,Eyüpspor,N/A,32,1.50,1.23,1.50,1.23,0,0,0,0,0,0,"","",-1,-1,-1,-1,-1,-1,-1,-1,-1,-1,-1,-1,-1,-1,-1,-1,-1,-1,-1,-1,1.52,1.18,0.00,0.00,2.73,65,76,52,32,13,28,69,56,76,8.63,5.75,0.00,0.00,0.00,0.00,0.00,0.00,0.00,0.00,0.00,Çaykur Didi Stadyumu (Rize)
1745100000,Apr 19 2025 - 10:00pm,incomplete,N/A,İstanbul Başakşehir,Gazişehir Gaziantep,N/A,32,1.92,0.67,1.92,0.67,0,0,0,0,0,0,"","",-1,-1,-1,-1,-1,-1,-1,-1,-1,-1,-1,-1,-1,-1,-1,-1,-1,-1,-1,-1,1.48,1.18,0.00,0.00,3.42,69,85,73,53,24,49,80,53,93,7.79,5.71,0.00,0.00,0.00,0.00,0.00,0.00,0.00,0.00,0.00,Başakşehir Fatih Terim Stadyumu (İstanbul)
1745100000,Apr 19 2025 - 10:00pm,incomplete,N/A,Galatasaray,BB Bodrumspor,N/A,32,2.54,0.69,2.54,0.69,0,0,0,0,0,0,"","",-1,-1,-1,-1,-1,-1,-1,-1,-1,-1,-1,-1,-1,-1,-1,-1,-1,-1,-1,-1,1.85,1.20,0.00,0.00,2.73,47,62,54,39,23,39,74,43,66,12.37,4.08,0.00,0.00,0.00,0.00,0.00,0.00,0.00,0.00,0.00,RAMS Park (İstanbul)
1745100000,Apr 19 2025 - 10:00pm,incomplete,N/A,Adana Demirspor,Trabzonspor,N/A,32,0.38,0.42,0.38,0.42,0,0,0,0,0,0,"","",-1,-1,-1,-1,-1,-1,-1,-1,-1,-1,-1,-1,-1,-1,-1,-1,-1,-1,-1,-1,1.19,1.29,0.00,0.00,2.66,56,64,52,28,16,36,64,44,65,8.55,5.05,0.00,0.00,0.00,0.00,0.00,0.00,0.00,0.00,0.00,Yeni Adana Stadyumu (Adana)
1745100000,Apr 19 2025 - 10:00pm,incomplete,N/A,Kasımpaşa,Sivasspor,N/A,32,1.17,0.58,1.17,0.58,0,0,0,0,0,0,"","",-1,-1,-1,-1,-1,-1,-1,-1,-1,-1,-1,-1,-1,-1,-1,-1,-1,-1,-1,-1,1.69,1.08,0.00,0.00,3.29,55,79,63,46,30,42,75,50,79,9.59,6.00,0.00,0.00,0.00,0.00,0.00,0.00,0.00,0.00,0.00,Recep Tayyip Erdoğan Stadyumu (İstanbul)
1745100000,Apr 19 2025 - 10:00pm,incomplete,N/A,Alanyaspor,Samsunspor,N/A,32,1.62,1.85,1.62,1.85,0,0,0,0,0,0,"","",-1,-1,-1,-1,-1,-1,-1,-1,-1,-1,-1,-1,-1,-1,-1,-1,-1,-1,-1,-1,1.44,1.21,0.00,0.00,2.73,50,70,58,27,15,19,73,54,70,10.00,6.08,0.00,0.00,0.00,0.00,0.00,0.00,0.00,0.00,0.00,Kırbıyık Holding Stadyumu (Alanya)
1745100000,Apr 19 2025 - 10:00pm,incomplete,N/A,Fenerbahçe,Kayserispor,N/A,32,2.75,0.92,2.75,0.92,0,0,0,0,0,0,"","",-1,-1,-1,-1,-1,-1,-1,-1,-1,-1,-1,-1,-1,-1,-1,-1,-1,-1,-1,-1,2.06,1.20,0.00,0.00,3.04,54,88,63,38,13,30,84,59,84,13.67,5.25,0.00,0.00,0.00,0.00,0.00,0.00,0.00,0.00,0.00,Ülker Stadyumu Fenerbahçe Şükrü Saracoğlu Spor Kompleksi (İstanbul)
1745100000,Apr 19 2025 - 10:00pm,incomplete,N/A,Hatayspor,Konyaspor,N/A,32,0.85,0.79,0.85,0.79,0,0,0,0,0,0,"","",-1,-1,-1,-1,-1,-1,-1,-1,-1,-1,-1,-1,-1,-1,-1,-1,-1,-1,-1,-1,1.24,1.24,0.00,0.00,2.66,67,78,44,30,15,37,86,37,78,9.28,6.01,0.00,0.00,0.00,0.00,0.00,0.00,0.00,0.00,0.00,Mersin Stadyumu (Mersin)
1745704800,Apr 26 2025 - 10:00pm,incomplete,N/A,Sivasspor,Antalyaspor,N/A,33,1.43,0.69,1.43,0.69,0,0,0,0,0,0,"","",-1,-1,-1,-1,-1,-1,-1,-1,-1,-1,-1,-1,-1,-1,-1,-1,-1,-1,-1,-1,1.32,1.10,0.00,0.00,2.97,59,78,52,34,30,41,86,44,67,7.53,5.02,0.00,0.00,0.00,0.00,0.00,0.00,0.00,0.00,0.00,BG Group 4 Eylül Stadyumu (Sivas)
1745704800,Apr 26 2025 - 10:00pm,incomplete,N/A,Beşiktaş,Hatayspor,N/A,33,2.00,0.42,2.00,0.42,0,0,0,0,0,0,"","",-1,-1,-1,-1,-1,-1,-1,-1,-1,-1,-1,-1,-1,-1,-1,-1,-1,-1,-1,-1,1.64,1.14,0.00,0.00,3.01,60,84,56,24,20,44,80,44,72,9.73,5.04,0.00,0.00,0.00,0.00,0.00,0.00,0.00,0.00,0.00,Tüpraş Stadyumu (İstanbul)
1745704800,Apr 26 2025 - 10:00pm,incomplete,N/A,Kayserispor,Rizespor,N/A,33,1.23,1.07,1.23,1.07,0,0,0,0,0,0,"","",-1,-1,-1,-1,-1,-1,-1,-1,-1,-1,-1,-1,-1,-1,-1,-1,-1,-1,-1,-1,1.50,1.19,0.00,0.00,3.11,56,74,67,38,26,41,78,59,78,10.39,5.42,0.00,0.00,0.00,0.00,0.00,0.00,0.00,0.00,0.00,RHG Enertürk Enerji Stadyumu (Kayseri)
1745704800,Apr 26 2025 - 10:00pm,incomplete,N/A,Konyaspor,Adana Demirspor,N/A,33,1.42,0.38,1.42,0.38,0,0,0,0,0,0,"","",-1,-1,-1,-1,-1,-1,-1,-1,-1,-1,-1,-1,-1,-1,-1,-1,-1,-1,-1,-1,1.36,1.11,0.00,0.00,2.95,65,68,60,48,28,28,76,51,72,9.75,5.08,0.00,0.00,0.00,0.00,0.00,0.00,0.00,0.00,0.00,Medaş Konya Büyükşehir Stadyumu (Konya)
1745704800,Apr 26 2025 - 10:00pm,incomplete,N/A,Trabzonspor,Alanyaspor,N/A,33,2.08,0.77,2.08,0.77,0,0,0,0,0,0,"","",-1,-1,-1,-1,-1,-1,-1,-1,-1,-1,-1,-1,-1,-1,-1,-1,-1,-1,-1,-1,1.69,1.18,0.00,0.00,2.85,46,73,50,39,23,31,73,46,77,11.69,4.46,0.00,0.00,0.00,0.00,0.00,0.00,0.00,0.00,0.00,Papara Park (Trabzon)
1745704800,Apr 26 2025 - 10:00pm,incomplete,N/A,Eyüpspor,Galatasaray,N/A,33,2.08,2.69,2.08,2.69,0,0,0,0,0,0,"","",-1,-1,-1,-1,-1,-1,-1,-1,-1,-1,-1,-1,-1,-1,-1,-1,-1,-1,-1,-1,1.43,1.94,0.00,0.00,3.08,66,81,66,31,23,31,77,62,85,10.65,6.00,0.00,0.00,0.00,0.00,0.00,0.00,0.00,0.00,0.00,Eyüp Stadı (İstanbul)
1745704800,Apr 26 2025 - 10:00pm,incomplete,N/A,BB Bodrumspor,Samsunspor,N/A,33,1.38,1.85,1.38,1.85,0,0,0,0,0,0,"","",-1,-1,-1,-1,-1,-1,-1,-1,-1,-1,-1,-1,-1,-1,-1,-1,-1,-1,-1,-1,1.33,1.21,0.00,0.00,1.96,27,43,35,27,8,4,50,39,66,9.31,4.85,0.00,0.00,0.00,0.00,0.00,0.00,0.00,0.00,0.00,Bodrum İlçe Stadı (Bodrum)
1745704800,Apr 26 2025 - 10:00pm,incomplete,N/A,Göztepe,İstanbul Başakşehir,N/A,33,2.42,0.92,2.42,0.92,0,0,0,0,0,0,"","",-1,-1,-1,-1,-1,-1,-1,-1,-1,-1,-1,-1,-1,-1,-1,-1,-1,-1,-1,-1,1.84,1.30,0.00,0.00,3.00,46,75,59,38,17,38,75,59,75,8.25,5.75,0.00,0.00,0.00,0.00,0.00,0.00,0.00,0.00,0.00,Göztepe Gürsel Aksel Stadı (İzmir)
1745704800,Apr 26 2025 - 10:00pm,incomplete,N/A,Gazişehir Gaziantep,Fenerbahçe,N/A,33,2.08,2.15,2.08,2.15,0,0,0,0,0,0,"","",-1,-1,-1,-1,-1,-1,-1,-1,-1,-1,-1,-1,-1,-1,-1,-1,-1,-1,-1,-1,1.54,1.62,0.00,0.00,2.65,42,70,46,35,16,35,69,39,62,10.46,5.23,0.00,0.00,0.00,0.00,0.00,0.00,0.00,0.00,0.00,Kalyon Stadyumu (Gaziantep)
1746309600,May 03 2025 - 10:00pm,incomplete,N/A,Galatasaray,Sivasspor,N/A,34,2.54,0.58,2.54,0.58,0,0,0,0,0,0,"","",-1,-1,-1,-1,-1,-1,-1,-1,-1,-1,-1,-1,-1,-1,-1,-1,-1,-1,-1,-1,1.85,1.08,0.00,0.00,3.07,52,72,64,40,24,48,80,48,76,11.42,5.33,0.00,0.00,0.00,0.00,0.00,0.00,0.00,0.00,0.00,RAMS Park (İstanbul)
1746309600,May 03 2025 - 10:00pm,incomplete,N/A,Rizespor,Gazişehir Gaziantep,N/A,34,1.50,0.67,1.50,0.67,0,0,0,0,0,0,"","",-1,-1,-1,-1,-1,-1,-1,-1,-1,-1,-1,-1,-1,-1,-1,-1,-1,-1,-1,-1,1.52,1.18,0.00,0.00,3.34,75,88,75,50,21,50,79,59,88,8.42,6.08,0.00,0.00,0.00,0.00,0.00,0.00,0.00,0.00,0.00,Çaykur Didi Stadyumu (Rize)
1746309600,May 03 2025 - 10:00pm,incomplete,N/A,Samsunspor,Eyüpspor,N/A,34,2.00,1.23,2.00,1.23,0,0,0,0,0,0,"","",-1,-1,-1,-1,-1,-1,-1,-1,-1,-1,-1,-1,-1,-1,-1,-1,-1,-1,-1,-1,1.62,1.18,0.00,0.00,2.89,58,81,50,35,16,31,77,62,77,8.23,4.85,0.00,0.00,0.00,0.00,0.00,0.00,0.00,0.00,0.00,Samsun Yeni 19 Mayıs Stadyumu (Samsun)
1746309600,May 03 2025 - 10:00pm,incomplete,N/A,Adana Demirspor,Göztepe,N/A,34,0.38,0.54,0.38,0.54,0,0,0,0,0,0,"","",-1,-1,-1,-1,-1,-1,-1,-1,-1,-1,-1,-1,-1,-1,-1,-1,-1,-1,-1,-1,1.19,1.33,0.00,0.00,3.08,62,69,54,38,27,39,77,42,66,7.46,4.61,0.00,0.00,0.00,0.00,0.00,0.00,0.00,0.00,0.00,Yeni Adana Stadyumu (Adana)
1746309600,May 03 2025 - 10:00pm,incomplete,N/A,Antalyaspor,Konyaspor,N/A,34,1.85,0.79,1.85,0.79,0,0,0,0,0,0,"","",-1,-1,-1,-1,-1,-1,-1,-1,-1,-1,-1,-1,-1,-1,-1,-1,-1,-1,-1,-1,1.43,1.24,0.00,0.00,2.82,63,82,56,30,22,41,70,52,78,9.74,4.86,0.00,0.00,0.00,0.00,0.00,0.00,0.00,0.00,0.00,Corendon Airlines Park (Antalya)
1746309600,May 03 2025 - 10:00pm,incomplete,N/A,Kasımpaşa,Trabzonspor,N/A,34,1.17,0.42,1.17,0.42,0,0,0,0,0,0,"","",-1,-1,-1,-1,-1,-1,-1,-1,-1,-1,-1,-1,-1,-1,-1,-1,-1,-1,-1,-1,1.69,1.29,0.00,0.00,2.96,63,71,59,38,25,29,63,55,71,11.09,5.34,0.00,0.00,0.00,0.00,0.00,0.00,0.00,0.00,0.00,Recep Tayyip Erdoğan Stadyumu (İstanbul)
1746309600,May 03 2025 - 10:00pm,incomplete,N/A,Alanyaspor,Kayserispor,N/A,34,1.62,0.92,1.62,0.92,0,0,0,0,0,0,"","",-1,-1,-1,-1,-1,-1,-1,-1,-1,-1,-1,-1,-1,-1,-1,-1,-1,-1,-1,-1,1.44,1.20,0.00,0.00,2.79,60,84,52,16,12,28,72,52,85,11.34,6.39,0.00,0.00,0.00,0.00,0.00,0.00,0.00,0.00,0.00,Kırbıyık Holding Stadyumu (Alanya)
1746309600,May 03 2025 - 10:00pm,incomplete,N/A,Fenerbahçe,Beşiktaş,N/A,34,2.75,1.50,2.75,1.50,0,0,0,0,0,0,"","",-1,-1,-1,-1,-1,-1,-1,-1,-1,-1,-1,-1,-1,-1,-1,-1,-1,-1,-1,-1,2.06,1.40,0.00,0.00,2.88,63,92,58,33,9,46,88,46,67,13.75,4.50,0.00,0.00,0.00,0.00,0.00,0.00,0.00,0.00,0.00,Ülker Stadyumu Fenerbahçe Şükrü Saracoğlu Spor Kompleksi (İstanbul)
1746309600,May 03 2025 - 10:00pm,incomplete,N/A,Hatayspor,İstanbul Başakşehir,N/A,34,0.85,0.92,0.85,0.92,0,0,0,0,0,0,"","",-1,-1,-1,-1,-1,-1,-1,-1,-1,-1,-1,-1,-1,-1,-1,-1,-1,-1,-1,-1,1.24,1.30,0.00,0.00,2.69,60,72,44,28,13,32,76,37,80,8.10,6.48,0.00,0.00,0.00,0.00,0.00,0.00,0.00,0.00,0.00,Mersin Stadyumu (Mersin)
1746914400,May 10 2025 - 10:00pm,incomplete,N/A,Sivasspor,BB Bodrumspor,N/A,35,1.43,0.69,1.43,0.69,0,0,0,0,0,0,"","",-1,-1,-1,-1,-1,-1,-1,-1,-1,-1,-1,-1,-1,-1,-1,-1,-1,-1,-1,-1,1.32,1.20,0.00,0.00,2.47,48,63,44,34,22,34,71,37,63,8.69,4.87,0.00,0.00,0.00,0.00,0.00,0.00,0.00,0.00,0.00,BG Group 4 Eylül Stadyumu (Sivas)
1746914400,May 10 2025 - 10:00pm,incomplete,N/A,Beşiktaş,Adana Demirspor,N/A,35,2.00,0.38,2.00,0.38,0,0,0,0,0,0,"","",-1,-1,-1,-1,-1,-1,-1,-1,-1,-1,-1,-1,-1,-1,-1,-1,-1,-1,-1,-1,1.64,1.11,0.00,0.00,3.04,62,77,62,43,23,31,85,58,73,9.81,3.70,0.00,0.00,0.00,0.00,0.00,0.00,0.00,0.00,0.00,Tüpraş Stadyumu (İstanbul)
1746914400,May 10 2025 - 10:00pm,incomplete,N/A,Kayserispor,Antalyaspor,N/A,35,1.23,0.69,1.23,0.69,0,0,0,0,0,0,"","",-1,-1,-1,-1,-1,-1,-1,-1,-1,-1,-1,-1,-1,-1,-1,-1,-1,-1,-1,-1,1.50,1.10,0.00,0.00,3.15,54,77,58,39,27,46,81,46,69,9.77,5.08,0.00,0.00,0.00,0.00,0.00,0.00,0.00,0.00,0.00,RHG Enertürk Enerji Stadyumu (Kayseri)
1746914400,May 10 2025 - 10:00pm,incomplete,N/A,Konyaspor,Rizespor,N/A,35,1.42,1.07,1.42,1.07,0,0,0,0,0,0,"","",-1,-1,-1,-1,-1,-1,-1,-1,-1,-1,-1,-1,-1,-1,-1,-1,-1,-1,-1,-1,1.36,1.19,0.00,0.00,2.87,62,73,61,31,27,35,77,49,81,9.33,5.57,0.00,0.00,0.00,0.00,0.00,0.00,0.00,0.00,0.00,Medaş Konya Büyükşehir Stadyumu (Konya)
1746914400,May 10 2025 - 10:00pm,incomplete,N/A,Trabzonspor,Galatasaray,N/A,35,2.08,2.69,2.08,2.69,0,0,0,0,0,0,"","",-1,-1,-1,-1,-1,-1,-1,-1,-1,-1,-1,-1,-1,-1,-1,-1,-1,-1,-1,-1,1.69,1.94,0.00,0.00,3.50,66,81,73,50,35,38,81,62,92,12.46,5.31,0.00,0.00,0.00,0.00,0.00,0.00,0.00,0.00,0.00,Papara Park (Trabzon)
1746914400,May 10 2025 - 10:00pm,incomplete,N/A,İstanbul Başakşehir,Fenerbahçe,N/A,35,1.92,2.15,1.92,2.15,0,0,0,0,0,0,"","",-1,-1,-1,-1,-1,-1,-1,-1,-1,-1,-1,-1,-1,-1,-1,-1,-1,-1,-1,-1,1.48,1.62,0.00,0.00,3.23,50,81,54,46,27,39,73,46,77,10.39,4.76,0.00,0.00,0.00,0.00,0.00,0.00,0.00,0.00,0.00,Başakşehir Fatih Terim Stadyumu (İstanbul)
1746914400,May 10 2025 - 10:00pm,incomplete,N/A,Eyüpspor,Kasımpaşa,N/A,35,2.08,1.29,2.08,1.29,0,0,0,0,0,0,"","",-1,-1,-1,-1,-1,-1,-1,-1,-1,-1,-1,-1,-1,-1,-1,-1,-1,-1,-1,-1,1.43,1.35,0.00,0.00,3.13,63,78,63,40,22,30,78,52,82,8.57,5.12,0.00,0.00,0.00,0.00,0.00,0.00,0.00,0.00,0.00,Eyüp Stadı (İstanbul)
1746914400,May 10 2025 - 10:00pm,incomplete,N/A,Göztepe,Hatayspor,N/A,35,2.42,0.42,2.42,0.42,0,0,0,0,0,0,"","",-1,-1,-1,-1,-1,-1,-1,-1,-1,-1,-1,-1,-1,-1,-1,-1,-1,-1,-1,-1,1.84,1.14,0.00,0.00,3.13,50,83,63,34,21,46,79,55,71,9.42,5.84,0.00,0.00,0.00,0.00,0.00,0.00,0.00,0.00,0.00,Göztepe Gürsel Aksel Stadı (İzmir)
1746914400,May 10 2025 - 10:00pm,incomplete,N/A,Gazişehir Gaziantep,Alanyaspor,N/A,35,2.08,0.77,2.08,0.77,0,0,0,0,0,0,"","",-1,-1,-1,-1,-1,-1,-1,-1,-1,-1,-1,-1,-1,-1,-1,-1,-1,-1,-1,-1,1.54,1.18,0.00,0.00,2.08,38,62,35,15,4,23,69,31,58,10.07,5.31,0.00,0.00,0.00,0.00,0.00,0.00,0.00,0.00,0.00,Kalyon Stadyumu (Gaziantep)
1747519200,May 17 2025 - 10:00pm,incomplete,N/A,BB Bodrumspor,Trabzonspor,N/A,36,1.38,0.42,1.38,0.42,0,0,0,0,0,0,"","",-1,-1,-1,-1,-1,-1,-1,-1,-1,-1,-1,-1,-1,-1,-1,-1,-1,-1,-1,-1,1.33,1.29,0.00,0.00,1.82,41,45,33,16,4,17,41,33,68,10.40,4.75,0.00,0.00,0.00,0.00,0.00,0.00,0.00,0.00,0.00,Bodrum İlçe Stadı (Bodrum)
1747519200,May 17 2025 - 10:00pm,incomplete,N/A,Galatasaray,Kayserispor,N/A,36,2.54,0.92,2.54,0.92,0,0,0,0,0,0,"","",-1,-1,-1,-1,-1,-1,-1,-1,-1,-1,-1,-1,-1,-1,-1,-1,-1,-1,-1,-1,1.85,1.20,0.00,0.00,2.95,56,76,56,32,20,32,76,56,81,13.17,5.08,0.00,0.00,0.00,0.00,0.00,0.00,0.00,0.00,0.00,RAMS Park (İstanbul)
1747519200,May 17 2025 - 10:00pm,incomplete,N/A,Rizespor,Göztepe,N/A,36,1.50,0.54,1.50,0.54,0,0,0,0,0,0,"","",-1,-1,-1,-1,-1,-1,-1,-1,-1,-1,-1,-1,-1,-1,-1,-1,-1,-1,-1,-1,1.52,1.33,0.00,0.00,2.96,68,76,56,36,24,32,76,44,72,9.33,4.98,0.00,0.00,0.00,0.00,0.00,0.00,0.00,0.00,0.00,Çaykur Didi Stadyumu (Rize)
1747519200,May 17 2025 - 10:00pm,incomplete,N/A,Samsunspor,Sivasspor,N/A,36,2.00,0.58,2.00,0.58,0,0,0,0,0,0,"","",-1,-1,-1,-1,-1,-1,-1,-1,-1,-1,-1,-1,-1,-1,-1,-1,-1,-1,-1,-1,1.62,1.08,0.00,0.00,3.03,48,84,56,36,20,44,84,48,80,8.52,5.18,0.00,0.00,0.00,0.00,0.00,0.00,0.00,0.00,0.00,Samsun Yeni 19 Mayıs Stadyumu (Samsun)
1747519200,May 17 2025 - 10:00pm,incomplete,N/A,Adana Demirspor,Hatayspor,N/A,36,0.38,0.42,0.38,0.42,0,0,0,0,0,0,"","",-1,-1,-1,-1,-1,-1,-1,-1,-1,-1,-1,-1,-1,-1,-1,-1,-1,-1,-1,-1,1.19,1.14,0.00,0.00,3.16,56,76,56,32,24,48,76,44,65,7.80,5.80,0.00,0.00,0.00,0.00,0.00,0.00,0.00,0.00,0.00,Yeni Adana Stadyumu (Adana)
1747519200,May 17 2025 - 10:00pm,incomplete,N/A,Antalyaspor,Gazişehir Gaziantep,N/A,36,1.85,0.67,1.85,0.67,0,0,0,0,0,0,"","",-1,-1,-1,-1,-1,-1,-1,-1,-1,-1,-1,-1,-1,-1,-1,-1,-1,-1,-1,-1,1.43,1.18,0.00,0.00,3.26,73,89,77,45,24,53,69,61,93,8.48,5.33,0.00,0.00,0.00,0.00,0.00,0.00,0.00,0.00,0.00,Corendon Airlines Park (Antalya)
1747519200,May 17 2025 - 10:00pm,incomplete,N/A,Kasımpaşa,İstanbul Başakşehir,N/A,36,1.17,0.92,1.17,0.92,0,0,0,0,0,0,"","",-1,-1,-1,-1,-1,-1,-1,-1,-1,-1,-1,-1,-1,-1,-1,-1,-1,-1,-1,-1,1.69,1.30,0.00,0.00,3.34,59,75,59,46,30,33,71,59,75,9.17,6.00,0.00,0.00,0.00,0.00,0.00,0.00,0.00,0.00,0.00,Recep Tayyip Erdoğan Stadyumu (İstanbul)
1747519200,May 17 2025 - 10:00pm,incomplete,N/A,Alanyaspor,Beşiktaş,N/A,36,1.62,1.50,1.62,1.50,0,0,0,0,0,0,"","",-1,-1,-1,-1,-1,-1,-1,-1,-1,-1,-1,-1,-1,-1,-1,-1,-1,-1,-1,-1,1.44,1.40,0.00,0.00,2.63,68,89,48,12,8,44,76,40,68,11.42,5.64,0.00,0.00,0.00,0.00,0.00,0.00,0.00,0.00,0.00,Kırbıyık Holding Stadyumu (Alanya)
1747519200,May 17 2025 - 10:00pm,incomplete,N/A,Fenerbahçe,Eyüpspor,N/A,36,2.75,1.23,2.75,1.23,0,0,0,0,0,0,"","",-1,-1,-1,-1,-1,-1,-1,-1,-1,-1,-1,-1,-1,-1,-1,-1,-1,-1,-1,-1,2.06,1.18,0.00,0.00,3.02,60,81,65,45,13,33,81,65,76,11.63,5.17,0.00,0.00,0.00,0.00,0.00,0.00,0.00,0.00,0.00,Ülker Stadyumu Fenerbahçe Şükrü Saracoğlu Spor Kompleksi (İstanbul)
1748124000,May 24 2025 - 10:00pm,incomplete,N/A,Beşiktaş,Rizespor,N/A,37,2.00,1.07,2.00,1.07,0,0,0,0,0,0,"","",-1,-1,-1,-1,-1,-1,-1,-1,-1,-1,-1,-1,-1,-1,-1,-1,-1,-1,-1,-1,1.64,1.19,0.00,0.00,2.96,60,82,63,26,22,37,86,55,82,9.39,4.19,0.00,0.00,0.00,0.00,0.00,0.00,0.00,0.00,0.00,Tüpraş Stadyumu (İstanbul)
1748124000,May 24 2025 - 10:00pm,incomplete,N/A,Hatayspor,Fenerbahçe,N/A,37,0.85,2.15,0.85,2.15,0,0,0,0,0,0,"","",-1,-1,-1,-1,-1,-1,-1,-1,-1,-1,-1,-1,-1,-1,-1,-1,-1,-1,-1,-1,1.24,1.62,0.00,0.00,2.92,58,81,46,39,20,39,77,39,77,10.62,5.53,0.00,0.00,0.00,0.00,0.00,0.00,0.00,0.00,0.00,Mersin Stadyumu (Mersin)
1748124000,May 24 2025 - 10:00pm,incomplete,N/A,Kayserispor,BB Bodrumspor,N/A,37,1.23,0.69,1.23,0.69,0,0,0,0,0,0,"","",-1,-1,-1,-1,-1,-1,-1,-1,-1,-1,-1,-1,-1,-1,-1,-1,-1,-1,-1,-1,1.50,1.20,0.00,0.00,2.65,43,62,50,39,19,39,66,39,66,10.93,4.93,0.00,0.00,0.00,0.00,0.00,0.00,0.00,0.00,0.00,RHG Enertürk Enerji Stadyumu (Kayseri)
1748124000,May 24 2025 - 10:00pm,incomplete,N/A,Konyaspor,Alanyaspor,N/A,37,1.42,0.77,1.42,0.77,0,0,0,0,0,0,"","",-1,-1,-1,-1,-1,-1,-1,-1,-1,-1,-1,-1,-1,-1,-1,-1,-1,-1,-1,-1,1.36,1.18,0.00,0.00,2.45,53,68,41,24,17,28,68,36,69,10.63,5.46,0.00,0.00,0.00,0.00,0.00,0.00,0.00,0.00,0.00,Medaş Konya Büyükşehir Stadyumu (Konya)
1748124000,May 24 2025 - 10:00pm,incomplete,N/A,Trabzonspor,Samsunspor,N/A,37,2.08,1.85,2.08,1.85,0,0,0,0,0,0,"","",-1,-1,-1,-1,-1,-1,-1,-1,-1,-1,-1,-1,-1,-1,-1,-1,-1,-1,-1,-1,1.69,1.21,0.00,0.00,2.96,43,66,62,50,27,19,73,54,77,10.39,4.77,0.00,0.00,0.00,0.00,0.00,0.00,0.00,0.00,0.00,Papara Park (Trabzon)
1748124000,May 24 2025 - 10:00pm,incomplete,N/A,Eyüpspor,Antalyaspor,N/A,37,2.08,0.69,2.08,0.69,0,0,0,0,0,0,"","",-1,-1,-1,-1,-1,-1,-1,-1,-1,-1,-1,-1,-1,-1,-1,-1,-1,-1,-1,-1,1.43,1.10,0.00,0.00,2.89,54,81,54,27,23,35,81,46,73,7.96,4.92,0.00,0.00,0.00,0.00,0.00,0.00,0.00,0.00,0.00,Eyüp Stadı (İstanbul)
1748124000,May 24 2025 - 10:00pm,incomplete,N/A,İstanbul Başakşehir,Adana Demirspor,N/A,37,1.92,0.38,1.92,0.38,0,0,0,0,0,0,"","",-1,-1,-1,-1,-1,-1,-1,-1,-1,-1,-1,-1,-1,-1,-1,-1,-1,-1,-1,-1,1.48,1.11,0.00,0.00,3.16,58,73,62,50,27,27,81,54,77,9.12,4.46,0.00,0.00,0.00,0.00,0.00,0.00,0.00,0.00,0.00,Başakşehir Fatih Terim Stadyumu (İstanbul)
1748124000,May 24 2025 - 10:00pm,incomplete,N/A,Gazişehir Gaziantep,Kasımpaşa,N/A,37,2.08,1.29,2.08,1.29,0,0,0,0,0,0,"","",-1,-1,-1,-1,-1,-1,-1,-1,-1,-1,-1,-1,-1,-1,-1,-1,-1,-1,-1,-1,1.54,1.35,0.00,0.00,2.78,55,67,55,36,15,30,78,37,70,8.76,5.28,0.00,0.00,0.00,0.00,0.00,0.00,0.00,0.00,0.00,Kalyon Stadyumu (Gaziantep)
1748124000,May 24 2025 - 10:00pm,incomplete,N/A,Göztepe,Galatasaray,N/A,37,2.42,2.69,2.42,2.69,0,0,0,0,0,0,"","",-1,-1,-1,-1,-1,-1,-1,-1,-1,-1,-1,-1,-1,-1,-1,-1,-1,-1,-1,-1,1.84,1.94,0.00,0.00,3.31,60,84,72,40,24,40,84,68,84,11.15,5.73,0.00,0.00,0.00,0.00,0.00,0.00,0.00,0.00,0.00,Göztepe Gürsel Aksel Stadı (İzmir)
1748728800,May 31 2025 - 10:00pm,incomplete,N/A,BB Bodrumspor,Beşiktaş,N/A,38,1.38,1.50,1.38,1.50,0,0,0,0,0,0,"","",-1,-1,-1,-1,-1,-1,-1,-1,-1,-1,-1,-1,-1,-1,-1,-1,-1,-1,-1,-1,1.33,1.40,0.00,0.00,1.86,45,62,24,12,0,29,53,24,64,10.73,4.41,0.00,0.00,0.00,0.00,0.00,0.00,0.00,0.00,0.00,Bodrum İlçe Stadı (Bodrum)
1748728800,May 31 2025 - 10:00pm,incomplete,N/A,Galatasaray,İstanbul Başakşehir,N/A,38,2.54,0.92,2.54,0.92,0,0,0,0,0,0,"","",-1,-1,-1,-1,-1,-1,-1,-1,-1,-1,-1,-1,-1,-1,-1,-1,-1,-1,-1,-1,1.85,1.30,0.00,0.00,3.12,56,68,60,40,24,40,76,56,72,11.00,5.33,0.00,0.00,0.00,0.00,0.00,0.00,0.00,0.00,0.00,RAMS Park (İstanbul)
1748728800,May 31 2025 - 10:00pm,incomplete,N/A,Rizespor,Hatayspor,N/A,38,1.50,0.42,1.50,0.42,0,0,0,0,0,0,"","",-1,-1,-1,-1,-1,-1,-1,-1,-1,-1,-1,-1,-1,-1,-1,-1,-1,-1,-1,-1,1.52,1.14,0.00,0.00,3.05,63,83,58,29,21,42,75,46,71,9.67,6.17,0.00,0.00,0.00,0.00,0.00,0.00,0.00,0.00,0.00,Çaykur Didi Stadyumu (Rize)
1748728800,May 31 2025 - 10:00pm,incomplete,N/A,Fenerbahçe,Konyaspor,N/A,38,2.75,0.79,2.75,0.79,0,0,0,0,0,0,"","",-1,-1,-1,-1,-1,-1,-1,-1,-1,-1,-1,-1,-1,-1,-1,-1,-1,-1,-1,-1,2.06,1.24,0.00,0.00,3.18,61,86,67,47,19,43,93,59,73,12.68,5.03,0.00,0.00,0.00,0.00,0.00,0.00,0.00,0.00,0.00,Ülker Stadyumu Fenerbahçe Şükrü Saracoğlu Spor Kompleksi (İstanbul)
1748728800,May 31 2025 - 10:00pm,incomplete,N/A,Samsunspor,Kayserispor,N/A,38,2.00,0.92,2.00,0.92,0,0,0,0,0,0,"","",-1,-1,-1,-1,-1,-1,-1,-1,-1,-1,-1,-1,-1,-1,-1,-1,-1,-1,-1,-1,1.62,1.20,0.00,0.00,2.91,52,88,48,28,16,28,80,56,85,10.27,4.93,0.00,0.00,0.00,0.00,0.00,0.00,0.00,0.00,0.00,Samsun Yeni 19 Mayıs Stadyumu (Samsun)
1748728800,May 31 2025 - 10:00pm,incomplete,N/A,Adana Demirspor,Gazişehir Gaziantep,N/A,38,0.38,0.67,0.38,0.67,0,0,0,0,0,0,"","",-1,-1,-1,-1,-1,-1,-1,-1,-1,-1,-1,-1,-1,-1,-1,-1,-1,-1,-1,-1,1.19,1.18,0.00,0.00,3.45,69,81,73,53,24,57,80,57,81,6.55,5.71,0.00,0.00,0.00,0.00,0.00,0.00,0.00,0.00,0.00,Yeni Adana Stadyumu (Adana)
1748728800,May 31 2025 - 10:00pm,incomplete,N/A,Antalyaspor,Trabzonspor,N/A,38,1.85,0.42,1.85,0.42,0,0,0,0,0,0,"","",-1,-1,-1,-1,-1,-1,-1,-1,-1,-1,-1,-1,-1,-1,-1,-1,-1,-1,-1,-1,1.43,1.29,0.00,0.00,2.47,60,72,56,20,16,32,52,48,76,10.48,4.67,0.00,0.00,0.00,0.00,0.00,0.00,0.00,0.00,0.00,Corendon Airlines Park (Antalya)
1748728800,May 31 2025 - 10:00pm,incomplete,N/A,Kasımpaşa,Göztepe,N/A,38,1.17,0.54,1.17,0.54,0,0,0,0,0,0,"","",-1,-1,-1,-1,-1,-1,-1,-1,-1,-1,-1,-1,-1,-1,-1,-1,-1,-1,-1,-1,1.69,1.33,0.00,0.00,3.38,68,76,61,48,37,32,76,53,72,10.00,4.90,0.00,0.00,0.00,0.00,0.00,0.00,0.00,0.00,0.00,Recep Tayyip Erdoğan Stadyumu (İstanbul)
1748728800,May 31 2025 - 10:00pm,incomplete,N/A,Alanyaspor,Sivasspor,N/A,38,1.62,0.58,1.62,0.58,0,0,0,0,0,0,"","",-1,-1,-1,-1,-1,-1,-1,-1,-1,-1,-1,-1,-1,-1,-1,-1,-1,-1,-1,-1,1.44,1.08,0.00,0.00,2.92,56,80,60,24,16,44,76,44,80,9.59,6.64,0.00,0.00,0.00,0.00,0.00,0.00,0.00,0.00,0.00,Kırbıyık Holding Stadyumu (Alanya)
