team_name,common_name,season,country,matches_played,matches_played_home,matches_played_away,suspended_matches,wins,wins_home,wins_away,draws,draws_home,draws_away,losses,losses_home,losses_away,points_per_game,points_per_game_home,points_per_game_away,league_position,league_position_home,league_position_away,performance_rank,goals_scored,goals_conceded,goal_difference,total_goal_count,total_goal_count_home,total_goal_count_away,goals_scored_home,goals_scored_away,goals_conceded_home,goals_conceded_away,goal_difference_home,goal_difference_away,minutes_per_goal_scored,minutes_per_goal_scored_home,minutes_per_goal_scored_away,minutes_per_goal_conceded,minutes_per_goal_conceded_home,minutes_per_goal_conceded_away,clean_sheets,clean_sheets_home,clean_sheets_away,btts_count,btts_count_home,btts_count_away,fts_count,fts_count_home,fts_count_away,first_team_to_score_count,first_team_to_score_count_home,first_team_to_score_count_away,corners_total,corners_total_home,corners_total_away,cards_total,cards_total_home,cards_total_away,average_possession,average_possession_home,average_possession_away,shots,shots_home,shots_away,shots_on_target,shots_on_target_home,shots_on_target_away,shots_off_target,shots_off_target_home,shots_off_target_away,fouls,fouls_home,fouls_away,goals_scored_half_time,goals_scored_half_time_home,goals_scored_half_time_away,goals_conceded_half_time,goals_conceded_half_time_home,goals_conceded_half_time_away,goal_difference_half_time,goal_difference_half_time_home,goal_difference_half_time_away,leading_at_half_time,leading_at_half_time_home,leading_at_half_time_away,draw_at_half_time,draw_at_half_time_home,draw_at_half_time_away,losing_at_half_time,losing_at_half_time_home,losing_at_half_time_away,points_per_game_half_time,points_per_game_half_time_home,points_per_game_half_time_away,average_total_goals_per_match,average_total_goals_per_match_home,average_total_goals_per_match_away,goals_scored_per_match,goals_scored_per_match_home,goals_scored_per_match_away,goals_conceded_per_match,goals_conceded_per_match_home,goals_conceded_per_match_away,total_goals_per_match_half_time,total_goals_per_match_half_time_home,total_goals_per_match_half_time_away,goals_scored_per_match_half_time,goals_scored_per_match_half_time_home,goals_scored_per_match_half_time_away,goals_conceded_per_match_half_time,goals_conceded_per_match_half_time_home,goals_conceded_per_match_half_time_away,over05_count,over15_count,over25_count,over35_count,over45_count,over55_count,over05_count_home,over15_count_home,over25_count_home,over35_count_home,over45_count_home,over55_count_home,over05_count_away,over15_count_away,over25_count_away,over35_count_away,over45_count_away,over55_count_away,under05_count,under15_count,under25_count,under35_count,under45_count,under55_count,under05_count_home,under15_count_home,under25_count_home,under35_count_home,under45_count_home,under55_count_home,under05_count_away,under15_count_away,under25_count_away,under35_count_away,under45_count_away,under55_count_away,over05_percentage,over15_percentage,over25_percentage,over35_percentage,over45_percentage,over55_percentage,over05_percentage_home,over15_percentage_home,over25_percentage_home,over35_percentage_home,over45_percentage_home,over55_percentage_home,over05_percentage_away,over15_percentage_away,over25_percentage_away,over35_percentage_away,over45_percentage_away,over55_percentage_away,under05_percentage,under15_percentage,under25_percentage,under35_percentage,under45_percentage,under55_percentage,under05_percentage_home,under15_percentage_home,under25_percentage_home,under35_percentage_home,under45_percentage_home,under55_percentage_home,under05_percentage_away,under15_percentage_away,under25_percentage_away,under35_percentage_away,under45_percentage_away,under55_percentage_away,over05_count_half_time,over15_count_half_time,over25_count_half_time,over05_count_half_time_home,over15_count_half_time_home,over25_count_half_time_home,over05_count_half_time_away,over15_count_half_time_away,over25_count_half_time_away,over05_half_time_percentage,over15_half_time_percentage,over25_half_time_percentage,over05_half_time_percentage_home,over15_half_time_percentage_home,over25_half_time_percentage_home,over05_half_time_percentage_away,over15_half_time_percentage_away,over25_half_time_percentage_away,win_percentage,win_percentage_home,win_percentage_away,home_advantage_percentage,clean_sheet_percentage,clean_sheet_percentage_home,clean_sheet_percentage_away,btts_percentage,btts_percentage_home,btts_percentage_away,fts_percentage,fts_percentage_home,fts_percentage_away,first_team_to_score_percentage,first_team_to_score_percentage_home,first_team_to_score_percentage_away,clean_sheet_half_time,clean_sheet_half_time_home,clean_sheet_half_time_away,clean_sheet_half_time_percentage,clean_sheet_half_time_percentage_home,clean_sheet_half_time_percentage_away,fts_half_time,fts_half_time_home,fts_half_time_away,fts_half_time_percentage,fts_half_time_percentage_home,fts_half_time_percentage_away,btts_half_time,btts_half_time_home,btts_half_time_away,btts_half_time_percentage,btts_half_time_percentage_home,btts_half_time_percentage_away,leading_at_half_time_percentage,leading_at_half_time_percentage_home,leading_at_half_time_percentage_away,draw_at_half_time_percentage,draw_at_half_time_percentage_home,draw_at_half_time_percentage_away,losing_at_half_time_percentage,losing_at_half_time_percentage_home,losing_at_half_time_percentage_away,corners_per_match,corners_per_match_home,corners_per_match_away,cards_per_match,cards_per_match_home,cards_per_match_away,over65_corners_percentage,over75_corners_percentage,over85_corners_percentage,over95_corners_percentage,over105_corners_percentage,over115_corners_percentage,over125_corners_percentage,over135_corners_percentage,xg_for_avg_overall,xg_for_avg_home,xg_for_avg_away,xg_against_avg_overall,xg_against_avg_home,xg_against_avg_away,prediction_risk,goals_scored_min_0_to_10,goals_scored_min_11_to_20,goals_scored_min_21_to_30,goals_scored_min_31_to_40,goals_scored_min_41_to_50,goals_scored_min_51_to_60,goals_scored_min_61_to_70,goals_scored_min_71_to_80,goals_scored_min_81_to_90,goals_conceded_min_0_to_10,goals_conceded_min_11_to_20,goals_conceded_min_21_to_30,goals_conceded_min_31_to_40,goals_conceded_min_41_to_50,goals_conceded_min_51_to_60,goals_conceded_min_61_to_70,goals_conceded_min_71_to_80,goals_conceded_min_81_to_90,draw_percentage_overall,draw_percentage_home,draw_percentage_away,loss_percentage_ovearll,loss_percentage_home,loss_percentage_away,over145_corners_percentage
Bursaspor,Bursaspor,2024/2025,Turkey,4,2,2,0,3,1,2,1,1,0,0,0,0,2.5,2,3,0,7,7,12,7,3,4,10,8,2,5,2,3,0,2,2,51,36,90,120,60,0,2,0,2,2,2,0,0,0,0,4,2,2,15,15,0,6,6,0,57,57,58,45,29,16,20,14,6,25,15,10,0,0,0,2,1,1,0,0,0,2,1,1,2,1,1,2,1,1,0,0,0,2,2,2,2.5,4,1,1.75,2.5,1,0.75,1.5,0,0.5,0.5,0.5,0.5,0.5,0.5,0,0,0,4,2,2,2,0,0,2,2,2,2,0,0,2,0,0,0,0,0,0,2,2,2,4,4,0,0,0,0,2,2,0,2,2,2,2,2,100,50,50,50,0,0,100,100,100,100,0,0,100,0,0,0,0,0,0,50,50,50,100,100,0,0,0,0,100,100,0,100,100,100,100,100,2,0,0,1,0,0,1,0,0,50,0,0,50,0,0,50,0,0,75,50,100,-29,50,0,100,50,100,0,0,0,0,100,100,100,4,2,2,100,100,100,2,1,1,50,50,50,0,0,0,0,0,0,50,50,50,50,50,50,0,0,0,7.50,7.50,0.00,3,3,0.00,50,50,50,50,50,50,50,50,1.65,1.76,1.44,1.14,1.22,1.01,50,0,1,0,1,0,2,1,0,2,0,0,0,0,0,0,2,1,0,25,50,0,0,0,0,50
Denizlispor,Denizlispor,2024/2025,Turkey,1,0,1,0,0,0,0,1,0,1,0,0,0,1,0,1,0,18,18,89,0,0,0,0,0,0,0,0,0,0,0,0,0,0,0,0,0,0,1,0,1,0,0,0,1,0,1,0,0,0,0,0,0,0,0,0,0,0,0,0,0,0,0,0,0,0,0,0,0,0,0,0,0,0,0,0,0,0,0,0,0,0,0,1,0,1,0,0,0,1,0,1,0,0,0,0,0,0,0,0,0,0,0,0,0,0,0,0,0,0,0,0,0,0,0,0,0,0,0,0,0,0,0,0,0,0,0,0,1,1,1,1,1,1,0,0,0,0,0,0,1,1,1,1,1,1,0,0,0,0,0,0,0,0,0,0,0,0,0,0,0,0,0,0,100,100,100,100,100,100,0,0,0,0,0,0,100,100,100,100,100,100,0,0,0,0,0,0,0,0,0,0,0,0,0,0,0,0,0,0,0,0,0,0,100,0,100,0,0,0,100,0,100,0,0,0,1,0,1,100,0,100,1,0,1,100,0,100,0,0,0,0,0,0,0,0,0,100,0,100,0,0,0,0.00,0.00,0.00,0,0,0.00,0,0,0,0,0,0,0,0,0.00,0.00,0.00,0.00,0.00,0.00,0,0,0,0,0,0,0,0,0,0,0,0,0,0,0,0,0,0,0,100,0,100,0,0,0,0
Kahramanmaraşspor,Kahramanmaraşspor,2024/2025,Turkey,2,2,0,0,1,1,0,0,0,0,1,1,0,1.5,1.5,0,0,31,31,80,1,3,-2,4,4,0,1,0,3,0,-2,0,180,180,0,60,60,0,1,1,0,0,0,0,1,1,0,1,1,0,4,4,0,0,0,0,54,54,0,15,15,0,4,4,0,11,11,0,0,0,0,0,0,0,2,2,0,-2,-2,0,0,0,0,1,1,0,1,1,0,0.5,0.5,0,2,2,0,0.5,0.5,0,1.5,1.5,0,1,1,0,0,0,0,1,1,0,2,1,1,0,0,0,2,1,1,0,0,0,0,0,0,0,0,0,0,1,1,2,2,2,0,1,1,2,2,2,0,0,0,0,0,0,100,50,50,0,0,0,100,50,50,0,0,0,0,0,0,0,0,0,0,50,50,100,100,100,0,50,50,100,100,100,0,0,0,0,0,0,1,1,0,1,1,0,0,0,0,50,50,0,50,50,0,0,0,0,50,50,0,0,50,50,0,0,0,0,50,50,0,50,50,0,1,1,0,50,50,0,2,2,0,100,100,0,0,0,0,0,0,0,0,0,0,50,50,0,50,50,0,4.00,4.00,0.00,0,0,0.00,0,0,0,0,0,0,0,0,0.53,1.53,0.00,0.43,1.43,0.00,0,0,0,0,0,0,1,0,0,0,0,0,1,1,0,0,0,0,1,0,0,0,50,50,0,0
Etimesgut Belediye Spor Kulübü,Etimesgut Belediyespor,2024/2025,Turkey,5,3,2,0,4,3,1,0,0,0,1,0,1,2.4,3,1.5,0,45,45,6,8,6,2,14,6,8,5,3,1,5,4,-2,56,54,60,75,273,36,2,2,0,3,1,2,0,0,0,4,3,1,13,10,3,6,2,4,52,54,49,42,27,15,20,14,6,22,13,9,0,0,0,4,3,1,3,1,2,1,2,-1,2,2,0,2,1,1,1,0,1,1.6,2.33,0.5,2.8,2,4,1.6,1.67,1.5,1.2,0.33,2.5,1.4,1.33,1.5,0.8,1,0.5,0.6,0.33,1,5,4,3,1,1,0,3,2,1,0,0,0,2,2,2,1,1,0,0,1,2,4,4,5,0,1,2,3,3,3,0,0,0,1,1,2,100,80,60,20,20,0,100,67,33,0,0,0,100,100,100,50,50,0,0,20,40,80,80,100,0,33,67,100,100,100,0,0,0,50,50,100,4,2,1,3,1,0,1,1,1,80,40,20,100,33,0,50,50,50,80,100,50,39,40,67,0,60,33,100,0,0,0,80,100,50,3,2,1,60,67,50,1,0,1,20,0,50,2,1,1,40,33,50,40,67,0,40,33,50,20,0,50,2.60,3.33,1.50,2,2,2.00,80,40,40,40,20,0,0,0,1.14,1.26,0.97,1.56,1.28,1.99,80,1,0,1,1,1,0,2,0,1,0,0,1,1,1,1,0,1,1,0,0,0,20,0,50,0
Zonguldak Kömür Spor Kulübü,Zonguldak Kömürspor,2024/2025,Turkey,2,2,0,0,1,1,0,0,0,0,1,1,0,1.5,1.5,0,0,46,46,72,4,4,0,8,8,0,4,0,4,0,0,0,45,45,0,45,45,0,1,1,0,1,1,0,0,0,0,1,1,0,7,7,0,0,0,0,57,57,0,23,23,0,8,8,0,15,15,0,0,0,0,1,1,0,2,2,0,-1,-1,0,1,1,0,0,0,0,1,1,0,1.5,1.5,0,4,4,0,2,2,0,2,2,0,1.5,1.5,0,0.5,0.5,0,1,1,0,2,2,1,1,1,1,2,2,1,1,1,1,0,0,0,0,0,0,0,0,1,1,1,1,0,0,1,1,1,1,0,0,0,0,0,0,100,100,50,50,50,50,100,100,50,50,50,50,0,0,0,0,0,0,0,0,50,50,50,50,0,0,50,50,50,50,0,0,0,0,0,0,2,1,0,2,1,0,0,0,0,100,50,0,100,50,0,0,0,0,50,50,0,0,50,50,0,50,50,0,0,0,0,50,50,0,1,1,0,50,50,0,1,1,0,50,50,0,0,0,0,0,0,0,50,50,0,0,0,0,50,50,0,7.00,7.00,0.00,0,0,0.00,100,100,100,100,100,100,100,100,1.38,2.38,0.00,0.77,1.77,0.00,0,0,0,0,1,0,0,1,1,1,0,0,1,1,0,0,0,0,0,0,0,0,50,50,0,100
Konya Anadolu Selçuk Spor Kulübü,Anadolu Selçukspor,2024/2025,Turkey,1,0,1,0,0,0,0,0,0,0,1,0,1,0,0,0,0,48,48,147,0,4,-4,4,0,4,0,0,0,4,0,-4,0,0,0,23,0,23,0,0,0,0,0,0,1,0,1,0,0,0,5,0,5,0,0,0,47,0,47,8,0,8,2,0,2,6,0,6,0,0,0,0,0,0,3,0,3,-3,0,-3,0,0,0,0,0,0,1,0,1,0,0,0,4,0,4,0,0,0,4,0,4,3,0,3,0,0,0,3,0,3,1,1,1,1,0,0,0,0,0,0,0,0,1,1,1,1,0,0,0,0,0,0,1,1,0,0,0,0,0,0,0,0,0,0,1,1,100,100,100,100,0,0,0,0,0,0,0,0,100,100,100,100,0,0,0,0,0,0,100,100,0,0,0,0,0,0,0,0,0,0,100,100,1,1,1,0,0,0,1,1,1,100,100,100,0,0,0,100,100,100,0,0,0,50,0,0,0,0,0,0,100,0,100,0,0,0,0,0,0,0,0,0,1,0,1,100,0,100,0,0,0,0,0,0,0,0,0,0,0,0,100,0,100,5.00,0.00,5.00,0,0,0.00,100,100,100,0,0,0,0,0,0.00,0.00,0.95,0.72,0.00,1.72,100,0,0,0,0,0,0,0,0,0,1,1,0,1,0,0,0,0,1,0,0,0,100,0,100,0
Utaş Uşak Spor Kulübü,Utaş Uşakspor,2024/2025,Turkey,2,2,0,0,1,1,0,0,0,0,1,1,0,1.5,1.5,0,0,51,51,47,4,1,3,5,5,0,4,0,1,0,3,0,45,45,0,180,180,0,1,1,0,0,0,0,1,1,0,1,1,0,4,4,0,0,0,0,48,48,0,22,22,0,14,14,0,8,8,0,0,0,0,3,3,0,0,0,0,3,3,0,1,1,0,1,1,0,0,0,0,2,2,0,2.5,2.5,0,2,2,0,0.5,0.5,0,1.5,1.5,0,1.5,1.5,0,0,0,0,2,1,1,1,0,0,2,1,1,1,0,0,0,0,0,0,0,0,0,1,1,1,2,2,0,1,1,1,2,2,0,0,0,0,0,0,100,50,50,50,0,0,100,50,50,50,0,0,0,0,0,0,0,0,0,50,50,50,100,100,0,50,50,50,100,100,0,0,0,0,0,0,1,1,1,1,1,1,0,0,0,50,50,50,50,50,50,0,0,0,50,50,0,0,50,50,0,0,0,0,50,50,0,50,50,0,2,2,0,100,100,0,1,1,0,50,50,0,0,0,0,0,0,0,50,50,0,50,50,0,0,0,0,4.00,4.00,0.00,0,0,0.00,100,100,100,0,0,0,0,0,0.87,1.37,0.00,0.70,1.20,0.00,50,1,1,0,1,0,0,0,0,1,0,0,0,0,0,1,0,0,0,0,0,0,50,50,0,0
12 Bingöl Spor Kulübü,12 Bingölspor,2024/2025,Turkey,1,0,1,0,0,0,0,0,0,0,1,0,1,0,0,0,0,69,69,124,0,2,-2,2,0,2,0,0,0,2,0,-2,0,0,0,45,0,45,0,0,0,0,0,0,1,0,1,0,0,0,0,0,0,0,0,0,0,0,0,0,0,0,0,0,0,0,0,0,0,0,0,0,0,0,1,0,1,-1,0,-1,0,0,0,0,0,0,1,0,1,0,0,0,2,0,2,0,0,0,2,0,2,1,0,1,0,0,0,1,0,1,1,1,0,0,0,0,0,0,0,0,0,0,1,1,0,0,0,0,0,0,1,1,1,1,0,0,0,0,0,0,0,0,1,1,1,1,100,100,0,0,0,0,0,0,0,0,0,0,100,100,0,0,0,0,0,0,100,100,100,100,0,0,0,0,0,0,0,0,100,100,100,100,1,0,0,0,0,0,1,0,0,100,0,0,0,0,0,100,0,0,0,0,0,50,0,0,0,0,0,0,100,0,100,0,0,0,0,0,0,0,0,0,1,0,1,100,0,100,0,0,0,0,0,0,0,0,0,0,0,0,100,0,100,0.00,0.00,0.00,0,0,0.00,0,0,0,0,0,0,0,0,0.00,0.00,0.00,0.00,0.00,0.00,0,0,0,0,0,0,0,0,0,0,0,0,0,0,1,1,0,0,0,0,0,0,100,0,100,0
Bayburt Grup İl Özel İdare Gençlik Spor,Bayburt İÖİ,2024/2025,Turkey,3,3,0,0,2,2,0,1,1,0,0,0,0,2.33,2.33,0,0,73,73,20,4,0,4,4,4,0,4,0,0,0,4,0,68,68,0,0,0,0,3,3,0,0,0,0,1,1,0,2,2,0,14,14,0,2,2,0,60,60,0,43,43,0,19,19,0,24,24,0,0,0,0,0,0,0,0,0,0,0,0,0,0,0,0,3,3,0,0,0,0,1,1,0,1.33,1.33,0,1.33,1.33,0,0,0,0,0,0,0,0,0,0,0,0,0,2,2,0,0,0,0,2,2,0,0,0,0,0,0,0,0,0,0,1,1,3,3,3,3,1,1,3,3,3,3,0,0,0,0,0,0,67,67,0,0,0,0,67,67,0,0,0,0,0,0,0,0,0,0,33,33,100,100,100,100,33,33,100,100,100,100,0,0,0,0,0,0,0,0,0,0,0,0,0,0,0,0,0,0,0,0,0,0,0,0,67,67,0,0,100,100,0,0,0,0,33,33,0,67,67,0,3,3,0,100,100,0,3,3,0,100,100,0,0,0,0,0,0,0,0,0,0,100,100,0,0,0,0,7.00,7.00,0.00,2,2,0.00,100,100,100,100,0,0,0,0,1.85,2.35,0.00,0.54,1.04,0.00,33,0,0,0,0,1,0,2,0,1,0,0,0,0,0,0,0,0,0,33,33,0,0,0,0,0
Dersim Spor Kulübü,Dersimspor,2024/2025,Turkey,1,1,0,0,0,0,0,0,0,0,1,1,0,0,0,0,0,74,74,155,0,7,-7,7,7,0,0,0,7,0,-7,0,0,0,0,13,13,0,0,0,0,0,0,0,1,1,0,0,0,0,0,0,0,0,0,0,0,0,0,0,0,0,0,0,0,0,0,0,0,0,0,0,0,0,4,4,0,-4,-4,0,0,0,0,0,0,0,1,1,0,0,0,0,7,7,0,0,0,0,7,7,0,4,4,0,0,0,0,4,4,0,1,1,1,1,1,1,1,1,1,1,1,1,0,0,0,0,0,0,0,0,0,0,0,0,0,0,0,0,0,0,0,0,0,0,0,0,100,100,100,100,100,100,100,100,100,100,100,100,0,0,0,0,0,0,0,0,0,0,0,0,0,0,0,0,0,0,0,0,0,0,0,0,1,1,1,1,1,1,0,0,0,100,100,100,100,100,100,0,0,0,0,0,0,0,0,0,0,0,0,0,100,100,0,0,0,0,0,0,0,0,0,0,1,1,0,100,100,0,0,0,0,0,0,0,0,0,0,0,0,0,100,100,0,0.00,0.00,0.00,0,0,0.00,0,0,0,0,0,0,0,0,0.00,0.00,0.00,0.00,0.00,0.00,200,0,0,0,0,0,0,0,0,0,0,1,1,1,2,0,0,0,2,0,0,0,100,100,0,0
Kırıkkale Büyük Anadolu Spor,Kırıkkale Büyük Anadolu,2024/2025,Turkey,4,1,3,0,3,1,2,0,0,0,1,0,1,2.25,3,2,0,75,75,18,9,6,3,15,2,13,2,7,0,6,2,1,40,45,39,60,0,45,1,1,0,3,0,3,0,0,0,3,1,2,13,0,13,1,1,0,47,0,47,22,0,22,13,0,13,9,0,9,0,0,0,3,0,3,1,0,1,2,0,2,2,0,2,1,1,0,1,0,1,1.75,1,2,3.75,2,4.33,2.25,2,2.33,1.5,0,2,1,0,1.33,0.75,0,1,0.25,0,0.33,4,4,3,2,1,1,1,1,0,0,0,0,3,3,3,2,1,1,0,0,1,2,3,3,0,0,1,1,1,1,0,0,0,1,2,2,100,100,75,50,25,25,100,100,0,0,0,0,100,100,100,67,33,33,0,0,25,50,75,75,0,0,100,100,100,100,0,0,0,33,67,67,3,1,0,0,0,0,3,1,0,75,25,0,0,0,0,100,33,0,75,100,67,45,25,100,0,75,0,100,0,0,0,75,100,67,3,1,2,75,100,67,2,1,1,50,100,33,0,0,0,0,0,0,50,0,67,25,100,0,25,0,33,6.50,0.00,6.50,0.5,1,0.00,100,100,100,100,50,50,50,50,0.93,0.00,1.43,1.75,0.00,2.25,25,1,0,1,1,0,1,0,1,2,1,0,0,0,1,0,2,0,2,0,0,0,25,0,33,50
Elaziz Belediye Spor Kulübü,Elaziz Belediyespor,2024/2025,Turkey,3,3,0,0,2,2,0,0,0,0,1,1,0,2,2,0,0,78,78,34,5,6,-1,11,11,0,5,0,6,0,-1,0,54,54,0,45,45,0,1,1,0,1,1,0,1,1,0,1,1,0,2,2,0,3,3,0,41,41,0,9,9,0,5,5,0,4,4,0,0,0,0,1,1,0,2,2,0,-1,-1,0,1,1,0,0,0,0,2,2,0,1,1,0,3.67,3.67,0,1.67,1.67,0,2,2,0,1,1,0,0.33,0.33,0,0.67,0.67,0,3,3,2,2,1,0,3,3,2,2,1,0,0,0,0,0,0,0,0,0,1,1,2,3,0,0,1,1,2,3,0,0,0,0,0,0,100,100,67,67,33,0,100,100,67,67,33,0,0,0,0,0,0,0,0,0,33,33,67,100,0,0,33,33,67,100,0,0,0,0,0,0,3,0,0,3,0,0,0,0,0,100,0,0,100,0,0,0,0,0,67,67,0,0,33,33,0,33,33,0,33,33,0,33,33,0,1,1,0,33,33,0,2,2,0,67,67,0,0,0,0,0,0,0,33,33,0,0,0,0,67,67,0,2.00,2.00,0.00,3,3,0.00,0,0,0,0,0,0,0,0,0.06,1.06,0.00,0.65,1.65,0.00,100,0,0,0,0,1,1,0,0,2,0,1,1,0,0,0,3,1,0,0,0,0,33,33,0,0
Düzce Spor Kulübü,Düzcespor,2024/2025,Turkey,2,0,2,0,1,0,1,1,0,1,0,0,0,2,0,2,0,79,79,41,4,2,2,6,0,6,0,4,0,2,0,2,45,0,45,90,0,90,1,0,1,1,0,1,0,0,0,1,0,1,7,0,7,0,0,0,41,0,41,12,0,12,8,0,8,4,0,4,0,0,0,1,0,1,1,0,1,0,0,0,1,0,1,0,0,0,1,0,1,1.5,0,1.5,3,0,3,2,0,2,1,0,1,1,0,1,0.5,0,0.5,0.5,0,0.5,2,2,1,1,0,0,0,0,0,0,0,0,2,2,1,1,0,0,0,0,1,1,2,2,0,0,0,0,0,0,0,0,1,1,2,2,100,100,50,50,0,0,0,0,0,0,0,0,100,100,50,50,0,0,0,0,50,50,100,100,0,0,0,0,0,0,0,0,50,50,100,100,2,0,0,0,0,0,2,0,0,100,0,0,0,0,0,100,0,0,50,0,50,0,50,0,50,50,0,50,0,0,0,50,0,50,1,0,1,50,0,50,1,0,1,50,0,50,0,0,0,0,0,0,50,0,50,0,0,0,50,0,50,7.00,0.00,7.00,0,0,0.00,100,100,100,100,100,100,100,100,0.78,0.00,1.78,0.95,0.00,1.95,50,0,1,0,0,0,0,1,0,2,0,0,0,1,0,0,1,0,0,50,0,50,0,0,0,100
Nevşehir Belediye Spor,Nevşehir Belediyespor,2024/2025,Turkey,1,0,1,0,0,0,0,0,0,0,1,0,1,0,0,0,0,88,88,107,0,1,-1,1,0,1,0,0,0,1,0,-1,0,0,0,90,0,90,0,0,0,0,0,0,1,0,1,0,0,0,0,0,0,0,0,0,0,0,0,0,0,0,0,0,0,0,0,0,0,0,0,0,0,0,0,0,0,0,0,0,0,0,0,1,0,1,0,0,0,1,0,1,1,0,1,0,0,0,1,0,1,0,0,0,0,0,0,0,0,0,1,0,0,0,0,0,0,0,0,0,0,0,1,0,0,0,0,0,0,1,1,1,1,1,0,0,0,0,0,0,0,1,1,1,1,1,100,0,0,0,0,0,0,0,0,0,0,0,100,0,0,0,0,0,0,100,100,100,100,100,0,0,0,0,0,0,0,100,100,100,100,100,0,0,0,0,0,0,0,0,0,0,0,0,0,0,0,0,0,0,0,0,0,50,0,0,0,0,0,0,100,0,100,0,0,0,1,0,1,100,0,100,1,0,1,100,0,100,0,0,0,0,0,0,0,0,0,100,0,100,0,0,0,0.00,0.00,0.00,0,0,0.00,0,0,0,0,0,0,0,0,0.00,0.00,0.00,0.00,0.00,0.00,0,0,0,0,0,0,0,0,0,0,0,0,0,0,0,1,0,0,0,0,0,0,100,0,100,0
Adıyaman 1954 Spor Kulübü,Adıyaman 1954,2024/2025,Turkey,3,1,2,0,2,1,1,0,0,0,1,0,1,2,3,1.5,0,89,89,24,13,2,11,15,5,10,5,8,0,2,5,6,21,18,23,134,0,90,2,1,1,1,0,1,0,0,0,3,1,2,8,4,4,11,0,11,41,50,32,27,19,8,13,10,3,14,9,5,0,0,0,5,1,4,0,0,0,5,1,4,2,1,1,1,0,1,0,0,0,2.33,3,2,5,5,5,4.33,5,4,0.67,0,1,1.67,1,2,1.67,1,2,0,0,0,3,3,3,2,2,1,1,1,1,1,1,0,2,2,2,1,1,1,0,0,0,1,1,2,0,0,0,0,0,1,0,0,0,1,1,1,100,100,100,67,67,33,100,100,100,100,100,0,100,100,100,50,50,50,0,0,0,33,33,67,0,0,0,0,0,100,0,0,0,50,50,50,2,1,1,1,0,0,1,1,1,67,33,33,100,0,0,50,50,50,67,100,50,58,67,100,50,33,0,50,0,0,0,100,100,100,3,1,2,100,100,100,1,0,1,33,0,50,0,0,0,0,0,0,67,100,50,33,0,50,0,0,0,4.00,4.00,4.00,11,0,11.00,50,50,50,50,0,0,0,0,1.50,2.11,0.89,1.54,0.52,2.54,133,0,2,1,1,2,1,2,2,2,0,0,0,0,0,0,1,0,0,0,0,0,33,0,50,0
Kırşehir Belediyesi Spor Kulübü,Kırşehir Belediyespor,2024/2025,Turkey,1,0,1,0,0,0,0,0,0,0,1,0,1,0,0,0,0,97,97,106,0,1,-1,1,0,1,0,0,0,1,0,-1,0,0,0,90,0,90,0,0,0,0,0,0,1,0,1,0,0,0,2,0,2,0,0,0,39,0,39,4,0,4,3,0,3,1,0,1,0,0,0,0,0,0,1,0,1,-1,0,-1,0,0,0,0,0,0,1,0,1,0,0,0,1,0,1,0,0,0,1,0,1,1,0,1,0,0,0,1,0,1,1,0,0,0,0,0,0,0,0,0,0,0,1,0,0,0,0,0,0,1,1,1,1,1,0,0,0,0,0,0,0,1,1,1,1,1,100,0,0,0,0,0,0,0,0,0,0,0,100,0,0,0,0,0,0,100,100,100,100,100,0,0,0,0,0,0,0,100,100,100,100,100,1,0,0,0,0,0,1,0,0,100,0,0,0,0,0,100,0,0,0,0,0,50,0,0,0,0,0,0,100,0,100,0,0,0,0,0,0,0,0,0,1,0,1,100,0,100,0,0,0,0,0,0,0,0,0,0,0,0,100,0,100,2.00,0.00,2.00,0,0,0.00,100,100,100,100,0,0,0,0,0.00,0.00,0.79,0.24,0.00,1.24,0,0,0,0,0,0,0,0,0,0,1,0,0,0,0,0,0,0,0,0,0,0,100,0,100,0
1074 Çankırı Spor Kulübü,1074 Çankırıspor,2024/2025,Turkey,1,1,0,0,0,0,0,0,0,0,1,1,0,0,0,0,0,100,100,111,1,2,-1,3,3,0,1,0,2,0,-1,0,90,90,0,45,45,0,0,0,0,1,1,0,0,0,0,0,0,0,0,0,0,0,0,0,0,0,0,0,0,0,0,0,0,0,0,0,0,0,0,0,0,0,1,1,0,-1,-1,0,0,0,0,0,0,0,1,1,0,0,0,0,3,3,0,1,1,0,2,2,0,1,1,0,0,0,0,1,1,0,1,1,1,0,0,0,1,1,1,0,0,0,0,0,0,0,0,0,0,0,0,1,1,1,0,0,0,1,1,1,0,0,0,0,0,0,100,100,100,0,0,0,100,100,100,0,0,0,0,0,0,0,0,0,0,0,0,100,100,100,0,0,0,100,100,100,0,0,0,0,0,0,1,0,0,1,0,0,0,0,0,100,0,0,100,0,0,0,0,0,0,0,0,0,0,0,0,100,100,0,0,0,0,0,0,0,0,0,0,0,0,0,1,1,0,100,100,0,0,0,0,0,0,0,0,0,0,0,0,0,100,100,0,0.00,0.00,0.00,0,0,0.00,0,0,0,0,0,0,0,0,0.00,0.00,0.00,0.00,0.00,0.00,100,0,0,0,0,1,0,0,0,0,1,0,0,0,0,0,0,0,1,0,0,0,100,100,0,0
Sinop Spor Kulübü,Sinopspor,2024/2025,Turkey,1,1,0,0,0,0,0,0,0,0,1,1,0,0,0,0,0,101,101,132,0,2,-2,2,2,0,0,0,2,0,-2,0,0,0,0,45,45,0,0,0,0,0,0,0,1,1,0,0,0,0,0,0,0,0,0,0,0,0,0,0,0,0,0,0,0,0,0,0,0,0,0,0,0,0,1,1,0,-1,-1,0,0,0,0,0,0,0,1,1,0,0,0,0,2,2,0,0,0,0,2,2,0,1,1,0,0,0,0,1,1,0,1,1,0,0,0,0,1,1,0,0,0,0,0,0,0,0,0,0,0,0,1,1,1,1,0,0,1,1,1,1,0,0,0,0,0,0,100,100,0,0,0,0,100,100,0,0,0,0,0,0,0,0,0,0,0,0,100,100,100,100,0,0,100,100,100,100,0,0,0,0,0,0,1,0,0,1,0,0,0,0,0,100,0,0,100,0,0,0,0,0,0,0,0,0,0,0,0,0,0,0,100,100,0,0,0,0,0,0,0,0,0,0,1,1,0,100,100,0,0,0,0,0,0,0,0,0,0,0,0,0,100,100,0,0.00,0.00,0.00,0,0,0.00,0,0,0,0,0,0,0,0,0.00,0.00,0.00,0.00,0.00,0.00,0,0,0,0,0,0,0,0,0,0,0,1,0,0,0,0,0,0,1,0,0,0,100,100,0,0
Kilis Belediye Spor Kulübü,Kilis Belediyespor,2024/2025,Turkey,3,1,2,0,2,1,1,0,0,0,1,0,1,2,3,1.5,0,103,103,29,5,4,1,9,2,7,2,3,0,4,2,-1,54,45,60,68,0,45,2,1,1,1,0,1,0,0,0,2,1,1,3,1,2,4,0,4,43,50,36,20,14,6,10,6,4,10,8,2,0,0,0,1,0,1,2,0,2,-1,0,-1,1,0,1,1,1,0,1,0,1,1.33,1,1.5,3,2,3.5,1.67,2,1.5,1.33,0,2,1,0,1.5,0.33,0,0.5,0.67,0,1,3,2,1,1,1,1,1,1,0,0,0,0,2,1,1,1,1,1,0,1,2,2,2,2,0,0,1,1,1,1,0,1,1,1,1,1,100,67,33,33,33,33,100,100,0,0,0,0,100,50,50,50,50,50,0,33,67,67,67,67,0,0,100,100,100,100,0,50,50,50,50,50,2,1,0,0,0,0,2,1,0,67,33,0,0,0,0,100,50,0,67,100,50,60,67,100,50,33,0,50,0,0,0,67,100,50,2,1,1,67,100,50,2,1,1,67,100,50,0,0,0,0,0,0,33,0,50,33,100,0,33,0,50,1.50,1.00,2.00,4,0,4.00,50,50,50,50,0,0,0,0,1.18,1.58,0.77,1.16,0.85,1.46,0,0,0,1,0,0,1,0,2,1,0,0,1,0,1,1,0,0,1,0,0,0,33,0,50,0
Serhat Ardahan Spor Kulübü ,Serhat Ardahanspor,2024/2025,Turkey,1,0,1,0,0,0,0,0,0,0,1,0,1,0,0,0,0,105,105,131,0,2,-2,2,0,2,0,0,0,2,0,-2,0,0,0,45,0,45,0,0,0,0,0,0,1,0,1,0,0,0,0,0,0,0,0,0,0,0,0,0,0,0,0,0,0,0,0,0,0,0,0,0,0,0,0,0,0,0,0,0,0,0,0,1,0,1,0,0,0,1,0,1,2,0,2,0,0,0,2,0,2,0,0,0,0,0,0,0,0,0,1,1,0,0,0,0,0,0,0,0,0,0,1,1,0,0,0,0,0,0,1,1,1,1,0,0,0,0,0,0,0,0,1,1,1,1,100,100,0,0,0,0,0,0,0,0,0,0,100,100,0,0,0,0,0,0,100,100,100,100,0,0,0,0,0,0,0,0,100,100,100,100,0,0,0,0,0,0,0,0,0,0,0,0,0,0,0,0,0,0,0,0,0,50,0,0,0,0,0,0,100,0,100,0,0,0,1,0,1,100,0,100,1,0,1,100,0,100,0,0,0,0,0,0,0,0,0,100,0,100,0,0,0,0.00,0.00,0.00,0,0,0.00,0,0,0,0,0,0,0,0,0.00,0.00,0.00,0.00,0.00,0.00,0,0,0,0,0,0,0,0,0,0,0,0,0,0,1,0,0,0,1,0,0,0,100,0,100,0
Bitlis Özgüzeldere Spor Kulübü,Bitlis Özgüzelderespor,2024/2025,Turkey,2,2,0,0,1,1,0,1,1,0,0,0,0,2,2,0,0,107,107,40,3,1,2,4,4,0,3,0,1,0,2,0,60,60,0,180,180,0,1,1,0,1,1,0,0,0,0,2,2,0,0,0,0,0,0,0,0,0,0,0,0,0,0,0,0,0,0,0,0,0,0,1,1,0,0,0,0,1,1,0,1,1,0,1,1,0,0,0,0,2,2,0,2,2,0,1.5,1.5,0,0.5,0.5,0,0.5,0.5,0,0.5,0.5,0,0,0,0,2,2,0,0,0,0,2,2,0,0,0,0,0,0,0,0,0,0,0,0,2,2,2,2,0,0,2,2,2,2,0,0,0,0,0,0,100,100,0,0,0,0,100,100,0,0,0,0,0,0,0,0,0,0,0,0,100,100,100,100,0,0,100,100,100,100,0,0,0,0,0,0,1,0,0,1,0,0,0,0,0,50,0,0,50,0,0,0,0,0,50,50,0,0,50,50,0,50,50,0,0,0,0,100,100,0,2,2,0,100,100,0,1,1,0,50,50,0,0,0,0,0,0,0,50,50,0,50,50,0,0,0,0,0.00,0.00,0.00,0,0,0.00,0,0,0,0,0,0,0,0,0.00,0.00,0.00,0.00,0.00,0.00,50,1,0,0,0,0,1,1,0,0,0,0,0,0,0,0,0,0,1,50,50,0,0,0,0,0
Bozüyük Vitra Spor Kulübü,Bozüyük Vitraspor,2024/2025,Turkey,1,1,0,0,0,0,0,0,0,0,1,1,0,0,0,0,0,110,110,101,0,1,-1,1,1,0,0,0,1,0,-1,0,0,0,0,90,90,0,0,0,0,0,0,0,1,1,0,0,0,0,0,0,0,0,0,0,0,0,0,0,0,0,0,0,0,0,0,0,0,0,0,0,0,0,1,1,0,-1,-1,0,0,0,0,0,0,0,1,1,0,0,0,0,1,1,0,0,0,0,1,1,0,1,1,0,0,0,0,1,1,0,1,0,0,0,0,0,1,0,0,0,0,0,0,0,0,0,0,0,0,1,1,1,1,1,0,1,1,1,1,1,0,0,0,0,0,0,100,0,0,0,0,0,100,0,0,0,0,0,0,0,0,0,0,0,0,100,100,100,100,100,0,100,100,100,100,100,0,0,0,0,0,0,1,0,0,1,0,0,0,0,0,100,0,0,100,0,0,0,0,0,0,0,0,0,0,0,0,0,0,0,100,100,0,0,0,0,0,0,0,0,0,0,1,1,0,100,100,0,0,0,0,0,0,0,0,0,0,0,0,0,100,100,0,0.00,0.00,0.00,0,0,0.00,0,0,0,0,0,0,0,0,0.00,0.00,0.00,0.00,0.00,0.00,0,0,0,0,0,0,0,0,0,0,0,1,0,0,0,0,0,0,0,0,0,0,100,100,0,0
Bartın Spor Kulübü,Bartınspor,2024/2025,Turkey,1,0,1,0,0,0,0,0,0,0,1,0,1,0,0,0,0,111,111,126,0,2,-2,2,0,2,0,0,0,2,0,-2,0,0,0,45,0,45,0,0,0,0,0,0,1,0,1,0,0,0,0,0,0,0,0,0,0,0,0,0,0,0,0,0,0,0,0,0,0,0,0,0,0,0,1,0,1,-1,0,-1,0,0,0,0,0,0,1,0,1,0,0,0,2,0,2,0,0,0,2,0,2,1,0,1,0,0,0,1,0,1,1,1,0,0,0,0,0,0,0,0,0,0,1,1,0,0,0,0,0,0,1,1,1,1,0,0,0,0,0,0,0,0,1,1,1,1,100,100,0,0,0,0,0,0,0,0,0,0,100,100,0,0,0,0,0,0,100,100,100,100,0,0,0,0,0,0,0,0,100,100,100,100,1,0,0,0,0,0,1,0,0,100,0,0,0,0,0,100,0,0,0,0,0,50,0,0,0,0,0,0,100,0,100,0,0,0,0,0,0,0,0,0,1,0,1,100,0,100,0,0,0,0,0,0,0,0,0,0,0,0,100,0,100,0.00,0.00,0.00,0,0,0.00,0,0,0,0,0,0,0,0,0.00,0.00,0.00,0.00,0.00,0.00,0,0,0,0,0,0,0,0,0,0,0,0,0,1,0,0,0,1,0,0,0,0,100,0,100,0
Bucak Belediyesi Oğuzhan Spor Kulübü,Bucak Oğuzhanspor,2024/2025,Turkey,2,1,1,0,0,0,0,1,1,0,1,0,1,0.5,1,0,0,112,112,94,0,4,-4,4,0,4,0,0,0,4,0,-4,0,0,0,45,0,23,1,1,0,0,0,0,2,1,1,0,0,0,0,0,0,0,0,0,0,0,0,0,0,0,0,0,0,0,0,0,0,0,0,0,0,0,3,0,3,-3,0,-3,0,0,0,1,1,0,1,0,1,0.5,1,0,2,0,4,0,0,0,2,0,4,1.5,0,3,0,0,0,1.5,0,3,1,1,1,1,0,0,0,0,0,0,0,0,1,1,1,1,0,0,1,1,1,1,2,2,1,1,1,1,1,1,0,0,0,0,1,1,50,50,50,50,0,0,0,0,0,0,0,0,100,100,100,100,0,0,50,50,50,50,100,100,100,100,100,100,100,100,0,0,0,0,100,100,1,1,1,0,0,0,1,1,1,50,50,50,0,0,0,100,100,100,0,0,0,50,50,100,0,0,0,0,100,100,100,0,0,0,1,1,0,50,100,0,2,1,1,100,100,100,0,0,0,0,0,0,0,0,0,50,100,0,50,0,100,0.00,0.00,0.00,0,0,0.00,0,0,0,0,0,0,0,0,0.00,0.00,0.00,0.00,0.00,0.00,0,0,0,0,0,0,0,0,0,0,1,0,0,0,2,0,0,1,0,50,100,0,50,0,100,0
1954 Kelkit Belediyespor,1954 Kelkit Belediyespor,2024/2025,Turkey,3,2,1,0,1,1,0,2,1,1,0,0,0,1.67,2,1,0,114,114,39,4,2,2,6,4,2,3,1,1,1,2,0,68,60,90,134,180,90,1,1,0,2,1,1,1,1,0,1,1,0,8,8,0,3,3,0,55,55,0,51,51,0,19,19,0,32,32,0,0,0,0,0,0,0,1,0,1,-1,0,-1,0,0,0,2,2,0,1,0,1,0.67,1,0,2,2,2,1.33,1.5,1,0.67,0.5,1,0.33,0,1,0,0,0,0.33,0,1,2,2,1,1,0,0,1,1,1,1,0,0,1,1,0,0,0,0,1,1,2,2,3,3,1,1,1,1,2,2,0,0,1,1,1,1,67,67,33,33,0,0,50,50,50,50,0,0,100,100,0,0,0,0,33,33,67,67,100,100,50,50,50,50,100,100,0,0,100,100,100,100,1,0,0,0,0,0,1,0,0,33,0,0,0,0,0,100,0,0,33,50,0,19,33,50,0,67,50,100,33,50,0,33,50,0,2,2,0,67,100,0,3,2,1,100,100,100,0,0,0,0,0,0,0,0,0,67,100,0,33,0,100,8.00,8.00,0.00,3,3,0.00,100,100,100,100,100,100,0,0,2.25,2.75,0.00,0.69,1.19,0.00,0,0,0,0,0,0,0,0,1,1,1,0,0,0,0,0,0,0,1,67,50,100,0,0,0,0
Kars 36 Spor Kulübü,Kars 36,2024/2025,Turkey,1,0,1,0,0,0,0,0,0,0,1,0,1,0,0,0,0,118,118,139,1,3,-2,4,0,4,0,1,0,3,0,-2,90,0,90,30,0,30,0,0,0,1,0,1,0,0,0,0,0,0,0,0,0,0,0,0,50,0,50,10,0,10,7,0,7,3,0,3,0,0,0,0,0,0,0,0,0,0,0,0,0,0,0,1,0,1,0,0,0,1,0,1,4,0,4,1,0,1,3,0,3,0,0,0,0,0,0,0,0,0,1,1,1,1,0,0,0,0,0,0,0,0,1,1,1,1,0,0,0,0,0,0,1,1,0,0,0,0,0,0,0,0,0,0,1,1,100,100,100,100,0,0,0,0,0,0,0,0,100,100,100,100,0,0,0,0,0,0,100,100,0,0,0,0,0,0,0,0,0,0,100,100,0,0,0,0,0,0,0,0,0,0,0,0,0,0,0,0,0,0,0,0,0,0,0,0,0,100,0,100,0,0,0,0,0,0,1,0,1,100,0,100,1,0,1,100,0,100,0,0,0,0,0,0,0,0,0,100,0,100,0,0,0,0.00,0.00,0.00,0,0,0.00,0,0,0,0,0,0,0,0,0.31,0.00,1.31,1.75,0.00,2.75,0,0,0,0,0,0,0,0,0,1,0,0,0,0,0,0,0,1,0,0,0,0,100,0,100,0
Şırnak İdmanyurdu Spor,Şırnak İdmanyurdu,2024/2025,Turkey,2,1,1,0,1,1,0,0,0,0,1,0,1,1.5,3,0,0,139,139,51,5,3,2,8,5,3,4,1,1,2,3,-1,36,23,90,60,90,45,0,0,0,2,1,1,0,0,0,1,1,0,6,0,6,0,0,0,47,0,47,9,0,9,4,0,4,5,0,5,0,0,0,3,2,1,2,1,1,1,1,0,1,1,0,1,0,1,0,0,0,2,3,1,4,5,3,2.5,4,1,1.5,1,2,2.5,3,2,1.5,2,1,1,1,1,2,2,2,1,1,0,1,1,1,1,1,0,1,1,1,0,0,0,0,0,0,1,1,2,0,0,0,0,0,1,0,0,0,1,1,1,100,100,100,50,50,0,100,100,100,100,100,0,100,100,100,0,0,0,0,0,0,50,50,100,0,0,0,0,0,100,0,0,0,100,100,100,2,2,1,1,1,1,1,1,0,100,100,50,100,100,100,100,100,0,50,100,0,47,0,0,0,100,100,100,0,0,0,50,100,0,0,0,0,0,0,0,0,0,0,0,0,0,2,1,1,100,100,100,50,100,0,50,0,100,0,0,0,6.00,0.00,6.00,0,0,0.00,100,0,0,0,0,0,0,0,0.38,0.00,1.38,0.26,0.00,1.26,100,0,1,0,0,2,1,0,0,1,0,0,0,2,0,0,1,0,0,0,0,0,50,0,100,0
Meskan Ölmez Madencilik Hakkari Zap Spor Kulübü,Hakkari Zapspor,2024/2025,Turkey,1,0,1,0,0,0,0,0,0,0,1,0,1,0,0,0,0,140,140,129,0,2,-2,2,0,2,0,0,0,2,0,-2,0,0,0,45,0,45,0,0,0,0,0,0,1,0,1,0,0,0,0,0,0,0,0,0,0,0,0,0,0,0,0,0,0,0,0,0,0,0,0,0,0,0,0,0,0,0,0,0,0,0,0,1,0,1,0,0,0,1,0,1,2,0,2,0,0,0,2,0,2,0,0,0,0,0,0,0,0,0,1,1,0,0,0,0,0,0,0,0,0,0,1,1,0,0,0,0,0,0,1,1,1,1,0,0,0,0,0,0,0,0,1,1,1,1,100,100,0,0,0,0,0,0,0,0,0,0,100,100,0,0,0,0,0,0,100,100,100,100,0,0,0,0,0,0,0,0,100,100,100,100,0,0,0,0,0,0,0,0,0,0,0,0,0,0,0,0,0,0,0,0,0,50,0,0,0,0,0,0,100,0,100,0,0,0,1,0,1,100,0,100,1,0,1,100,0,100,0,0,0,0,0,0,0,0,0,100,0,100,0,0,0,0.00,0.00,0.00,0,0,0.00,0,0,0,0,0,0,0,0,0.00,0.00,0.00,0.00,0.00,0.00,100,0,0,0,0,0,0,0,0,0,0,0,0,0,0,1,1,0,0,0,0,0,100,0,100,0
Kahramanmaraş İstiklal Spor Kulübü,Kahramanmaraş İstiklalsp,2024/2025,Turkey,1,1,0,0,0,0,0,0,0,0,1,1,0,0,0,0,0,151,151,104,0,1,-1,1,1,0,0,0,1,0,-1,0,0,0,0,90,90,0,0,0,0,0,0,0,1,1,0,0,0,0,0,0,0,0,0,0,0,0,0,0,0,0,0,0,0,0,0,0,0,0,0,0,0,0,1,1,0,-1,-1,0,0,0,0,0,0,0,1,1,0,0,0,0,1,1,0,0,0,0,1,1,0,1,1,0,0,0,0,1,1,0,1,0,0,0,0,0,1,0,0,0,0,0,0,0,0,0,0,0,0,1,1,1,1,1,0,1,1,1,1,1,0,0,0,0,0,0,100,0,0,0,0,0,100,0,0,0,0,0,0,0,0,0,0,0,0,100,100,100,100,100,0,100,100,100,100,100,0,0,0,0,0,0,1,0,0,1,0,0,0,0,0,100,0,0,100,0,0,0,0,0,0,0,0,0,0,0,0,0,0,0,100,100,0,0,0,0,0,0,0,0,0,0,1,1,0,100,100,0,0,0,0,0,0,0,0,0,0,0,0,0,100,100,0,0.00,0.00,0.00,0,0,0.00,0,0,0,0,0,0,0,0,0.00,0.00,0.00,0.00,0.00,0.00,0,0,0,0,0,0,0,0,0,0,0,0,1,0,0,0,0,0,0,0,0,0,100,100,0,0
Kurtalanspor Kulübü,Kurtalanspor,2024/2025,Turkey,1,0,1,0,0,0,0,0,0,0,1,0,1,0,0,0,0,152,152,146,1,4,-3,5,0,5,0,1,0,4,0,-3,90,0,90,23,0,23,0,0,0,1,0,1,0,0,0,0,0,0,0,0,0,0,0,0,0,0,0,0,0,0,0,0,0,0,0,0,0,0,0,1,0,1,2,0,2,-1,0,-1,0,0,0,0,0,0,1,0,1,0,0,0,5,0,5,1,0,1,4,0,4,3,0,3,1,0,1,2,0,2,1,1,1,1,1,0,0,0,0,0,0,0,1,1,1,1,1,0,0,0,0,0,0,1,0,0,0,0,0,0,0,0,0,0,0,1,100,100,100,100,100,0,0,0,0,0,0,0,100,100,100,100,100,0,0,0,0,0,0,100,0,0,0,0,0,0,0,0,0,0,0,100,1,1,1,0,0,0,1,1,1,100,100,100,0,0,0,100,100,100,0,0,0,0,0,0,0,100,0,100,0,0,0,0,0,0,0,0,0,0,0,0,0,0,0,0,0,0,1,0,1,100,0,100,0,0,0,0,0,0,100,0,100,0.00,0.00,0.00,0,0,0.00,0,0,0,0,0,0,0,0,0.00,0.00,0.00,0.00,0.00,0.00,100,0,0,0,1,0,0,0,0,0,0,1,0,0,1,1,0,0,1,0,0,0,100,0,100,0
Yalova Yeşilova Spor Kulübü,Yalova Yeşilovaspor,2024/2025,Turkey,3,2,1,0,2,1,1,0,0,0,1,1,0,2,1.5,3,0,153,153,31,5,4,1,9,7,2,3,2,4,0,-1,2,54,60,45,68,45,0,2,1,1,0,0,0,1,1,0,2,1,1,0,0,0,0,0,0,50,50,0,21,21,0,9,9,0,12,12,0,0,0,0,2,1,1,3,3,0,-1,-2,1,2,1,1,0,0,0,1,1,0,2,1.5,3,3,3.5,2,1.67,1.5,2,1.33,2,0,1.67,2,1,0.67,0.5,1,1,1.5,0,3,3,2,1,0,0,2,2,2,1,0,0,1,1,0,0,0,0,0,0,1,2,3,3,0,0,0,1,2,2,0,0,1,1,1,1,100,100,67,33,0,0,100,100,100,50,0,0,100,100,0,0,0,0,0,0,33,67,100,100,0,0,0,50,100,100,0,0,100,100,100,100,3,1,1,2,1,1,1,0,0,100,33,33,100,50,50,100,0,0,67,50,100,-30,67,50,100,0,0,0,33,50,0,67,50,100,2,1,1,67,50,100,1,1,0,33,50,0,0,0,0,0,0,0,67,50,100,0,0,0,33,50,0,0.00,0.00,0.00,0,0,0.00,0,0,0,0,0,0,0,0,1.45,2.45,0.00,0.12,1.12,0.00,33,0,1,0,1,0,0,0,1,2,0,1,1,0,1,1,0,0,0,0,0,0,33,50,0,0
Yeni Çan Spor Kulübü,Yeni Çanspor,2024/2025,Turkey,1,0,1,0,0,0,0,0,0,0,1,0,1,0,0,0,0,154,154,145,0,3,-3,3,0,3,0,0,0,3,0,-3,0,0,0,30,0,30,0,0,0,0,0,0,1,0,1,0,0,0,0,0,0,0,0,0,50,0,50,9,0,9,4,0,4,5,0,5,0,0,0,0,0,0,1,0,1,-1,0,-1,0,0,0,0,0,0,1,0,1,0,0,0,3,0,3,0,0,0,3,0,3,1,0,1,0,0,0,1,0,1,1,1,1,0,0,0,0,0,0,0,0,0,1,1,1,0,0,0,0,0,0,1,1,1,0,0,0,0,0,0,0,0,0,1,1,1,100,100,100,0,0,0,0,0,0,0,0,0,100,100,100,0,0,0,0,0,0,100,100,100,0,0,0,0,0,0,0,0,0,100,100,100,1,0,0,0,0,0,1,0,0,100,0,0,0,0,0,100,0,0,0,0,0,50,0,0,0,0,0,0,100,0,100,0,0,0,0,0,0,0,0,0,1,0,1,100,0,100,0,0,0,0,0,0,0,0,0,0,0,0,100,0,100,0.00,0.00,0.00,0,0,0.00,0,0,0,0,0,0,0,0,0.12,0.00,1.12,1.45,0.00,2.45,0,0,0,0,0,0,0,0,0,0,0,1,0,0,0,0,0,1,1,0,0,0,100,0,100,0
Balıkesirspor,Balıkesirspor,2024/2025,Turkey,1,0,1,0,0,0,0,0,0,0,1,0,1,0,0,0,0,16,16,125,0,2,-2,2,0,2,0,0,0,2,0,-2,0,0,0,45,0,45,0,0,0,0,0,0,1,0,1,0,0,0,5,0,5,0,0,0,50,0,50,6,0,6,3,0,3,3,0,3,0,0,0,0,0,0,0,0,0,0,0,0,0,0,0,1,0,1,0,0,0,1,0,1,2,0,2,0,0,0,2,0,2,0,0,0,0,0,0,0,0,0,1,1,0,0,0,0,0,0,0,0,0,0,1,1,0,0,0,0,0,0,1,1,1,1,0,0,0,0,0,0,0,0,1,1,1,1,100,100,0,0,0,0,0,0,0,0,0,0,100,100,0,0,0,0,0,0,100,100,100,100,0,0,0,0,0,0,0,0,100,100,100,100,0,0,0,0,0,0,0,0,0,0,0,0,0,0,0,0,0,0,0,0,0,50,0,0,0,0,0,0,100,0,100,0,0,0,1,0,1,100,0,100,1,0,1,100,0,100,0,0,0,0,0,0,0,0,0,100,0,100,0,0,0,5.00,0.00,5.00,0,0,0.00,0,0,0,0,0,0,0,0,0.00,0.00,0.85,0.58,0.00,1.58,0,0,0,0,0,0,0,0,0,0,0,0,0,0,0,0,0,1,1,0,0,0,100,0,100,0
Giresun Spor Klübü,Giresunspor,2024/2025,Turkey,1,1,0,0,0,0,0,0,0,0,1,1,0,0,0,0,0,22,22,103,0,1,-1,1,1,0,0,0,1,0,-1,0,0,0,0,90,90,0,0,0,0,0,0,0,1,1,0,0,0,0,4,4,0,0,0,0,54,54,0,8,8,0,2,2,0,6,6,0,0,0,0,0,0,0,1,1,0,-1,-1,0,0,0,0,0,0,0,1,1,0,0,0,0,1,1,0,0,0,0,1,1,0,1,1,0,0,0,0,1,1,0,1,0,0,0,0,0,1,0,0,0,0,0,0,0,0,0,0,0,0,1,1,1,1,1,0,1,1,1,1,1,0,0,0,0,0,0,100,0,0,0,0,0,100,0,0,0,0,0,0,0,0,0,0,0,0,100,100,100,100,100,0,100,100,100,100,100,0,0,0,0,0,0,1,0,0,1,0,0,0,0,0,100,0,0,100,0,0,0,0,0,0,0,0,0,0,0,0,0,0,0,100,100,0,0,0,0,0,0,0,0,0,0,1,1,0,100,100,0,0,0,0,0,0,0,0,0,0,0,0,0,100,100,0,4.00,4.00,0.00,0,0,0.00,0,0,0,0,0,0,0,0,0.06,1.06,0.00,0.43,1.43,0.00,0,0,0,0,0,0,0,0,0,0,0,0,1,0,0,0,0,0,0,0,0,0,100,100,0,0
Altinordu FK,Altınordu,2024/2025,Turkey,1,0,1,0,0,0,0,0,0,0,1,0,1,0,0,0,0,25,25,153,3,7,-4,10,0,10,0,3,0,7,0,-4,30,0,30,13,0,13,0,0,0,1,0,1,0,0,0,0,0,0,0,0,0,0,0,0,0,0,0,0,0,0,0,0,0,0,0,0,0,0,0,2,0,2,4,0,4,-2,0,-2,0,0,0,0,0,0,1,0,1,0,0,0,10,0,10,3,0,3,7,0,7,6,0,6,2,0,2,4,0,4,1,1,1,1,1,1,0,0,0,0,0,0,1,1,1,1,1,1,0,0,0,0,0,0,0,0,0,0,0,0,0,0,0,0,0,0,100,100,100,100,100,100,0,0,0,0,0,0,100,100,100,100,100,100,0,0,0,0,0,0,0,0,0,0,0,0,0,0,0,0,0,0,1,1,1,0,0,0,1,1,1,100,100,100,0,0,0,100,100,100,0,0,0,0,0,0,0,100,0,100,0,0,0,0,0,0,0,0,0,0,0,0,0,0,0,0,0,0,1,0,1,100,0,100,0,0,0,0,0,0,100,0,100,0.00,0.00,0.00,0,0,0.00,0,0,0,0,0,0,0,0,0.00,0.00,0.00,0.00,0.00,0.00,200,0,2,0,0,0,0,0,0,1,2,0,1,1,0,0,0,1,2,0,0,0,100,0,100,0
Fethiyespor,Fethiyespor,2024/2025,Turkey,3,1,2,0,1,0,1,1,1,0,1,0,1,1.33,1,1.5,0,32,32,44,5,6,-1,11,4,7,2,3,2,4,0,-1,54,45,60,45,45,45,1,0,1,2,1,1,0,0,0,2,1,1,14,8,6,3,0,3,59,59,59,39,16,23,15,6,9,24,10,14,0,0,0,1,1,0,3,0,3,-2,1,-3,1,1,0,1,0,1,1,0,1,1.33,3,0.5,3.67,4,3.5,1.67,2,1.5,2,2,2,1.33,1,1.5,0.33,1,0,1,0,1.5,3,3,2,2,1,0,1,1,1,1,0,0,2,2,1,1,1,0,0,0,1,1,2,3,0,0,0,0,1,1,0,0,1,1,1,2,100,100,67,67,33,0,100,100,100,100,0,0,100,100,50,50,50,0,0,0,33,33,67,100,0,0,0,0,100,100,0,0,50,50,50,100,2,1,1,1,0,0,1,1,1,67,33,33,100,0,0,50,50,50,33,0,50,0,33,0,50,67,100,50,0,0,0,67,100,50,2,1,1,67,100,50,2,0,2,67,0,100,0,0,0,0,0,0,33,100,0,33,0,50,33,0,50,4.67,8.00,3.00,1.5,0,1.50,67,33,33,33,33,33,33,33,1.54,1.95,1.34,1.50,1.78,1.37,133,0,0,0,1,0,0,1,0,3,0,2,1,0,0,0,1,1,1,33,100,0,33,0,50,33
Altay Spor Kulübü,Altay,2024/2025,Turkey,1,1,0,0,0,0,0,0,0,0,1,1,0,0,0,0,0,36,36,99,0,1,-1,1,1,0,0,0,1,0,-1,0,0,0,0,90,90,0,0,0,0,0,0,0,1,1,0,0,0,0,3,3,0,0,0,0,51,51,0,7,7,0,2,2,0,5,5,0,0,0,0,0,0,0,0,0,0,0,0,0,0,0,0,1,1,0,0,0,0,1,1,0,1,1,0,0,0,0,1,1,0,0,0,0,0,0,0,0,0,0,1,0,0,0,0,0,1,0,0,0,0,0,0,0,0,0,0,0,0,1,1,1,1,1,0,1,1,1,1,1,0,0,0,0,0,0,100,0,0,0,0,0,100,0,0,0,0,0,0,0,0,0,0,0,0,100,100,100,100,100,0,100,100,100,100,100,0,0,0,0,0,0,0,0,0,0,0,0,0,0,0,0,0,0,0,0,0,0,0,0,0,0,0,0,0,0,0,0,0,0,100,100,0,0,0,0,1,1,0,100,100,0,1,1,0,100,100,0,0,0,0,0,0,0,0,0,0,100,100,0,0,0,0,3.00,3.00,0.00,0,0,0.00,0,0,0,0,0,0,0,0,0.00,0.84,0.00,0.36,1.36,0.00,0,0,0,0,0,0,0,0,0,0,0,0,0,0,0,0,1,0,0,0,0,0,100,100,0,0
Afjet Afyon Spor Kulübü,Afjet Afyonspor,2024/2025,Turkey,1,0,1,0,0,0,0,0,0,0,1,0,1,0,0,0,0,38,38,154,0,5,-5,5,0,5,0,0,0,5,0,-5,0,0,0,18,0,18,0,0,0,0,0,0,1,0,1,0,0,0,2,0,2,0,0,0,50,0,50,5,0,5,2,0,2,3,0,3,0,0,0,0,0,0,1,0,1,-1,0,-1,0,0,0,0,0,0,1,0,1,0,0,0,5,0,5,0,0,0,5,0,5,1,0,1,0,0,0,1,0,1,1,1,1,1,1,0,0,0,0,0,0,0,1,1,1,1,1,0,0,0,0,0,0,1,0,0,0,0,0,0,0,0,0,0,0,1,100,100,100,100,100,0,0,0,0,0,0,0,100,100,100,100,100,0,0,0,0,0,0,100,0,0,0,0,0,0,0,0,0,0,0,100,1,0,0,0,0,0,1,0,0,100,0,0,0,0,0,100,0,0,0,0,0,50,0,0,0,0,0,0,100,0,100,0,0,0,0,0,0,0,0,0,1,0,1,100,0,100,0,0,0,0,0,0,0,0,0,0,0,0,100,0,100,2.00,0.00,2.00,0,0,0.00,0,0,0,0,0,0,0,0,0.00,0.00,0.52,1.11,0.00,2.11,200,0,0,0,0,0,0,0,0,0,0,1,0,0,0,1,1,2,0,0,0,0,100,0,100,0
Kırklareli Spor Kulübü,Kırklarelispor,2024/2025,Turkey,7,3,4,0,4,1,3,1,1,0,2,1,1,1.86,1.33,2.25,0,40,40,5,15,9,6,24,14,10,7,8,7,2,0,6,42,39,45,70,39,180,4,1,3,2,2,0,1,0,1,5,2,3,12,11,1,7,4,3,43,42,46,62,36,26,31,15,16,31,21,10,11,11,0,6,3,3,5,5,0,1,-2,3,1,0,1,5,2,3,1,1,0,1.14,0.67,1.5,3.43,4.67,2.5,2.14,2.33,2,1.29,2.33,0.5,1.57,2.67,0.75,0.86,1,0.75,0.71,1.67,0,7,7,3,3,1,1,3,3,2,2,1,1,4,4,1,1,0,0,0,0,4,4,6,6,0,0,1,1,2,2,0,0,3,3,4,4,100,100,43,43,14,14,100,100,67,67,33,33,100,100,25,25,0,0,0,0,57,57,86,86,0,0,33,33,67,67,0,0,75,75,100,100,3,3,2,2,2,1,1,1,1,43,43,29,67,67,33,25,25,25,57,33,75,-36,57,33,75,29,67,0,14,0,25,71,67,75,5,1,4,71,33,100,5,2,3,71,67,75,1,1,0,14,33,0,14,0,25,71,67,75,14,33,0,3.00,3.67,1.00,1.17,1.33,1.00,100,100,100,75,25,25,0,0,1.44,1.38,1.55,1.50,1.86,0.98,100,1,2,1,0,4,1,1,4,1,0,0,0,4,1,1,1,2,0,14,33,0,29,33,25,0
Sarıyer Spor Kulübü,Sarıyer,2024/2025,Turkey,3,1,2,0,1,1,0,1,0,1,1,0,1,1.33,3,0.5,0,44,44,45,5,7,-2,12,1,11,1,4,0,7,1,-3,54,90,45,39,0,26,1,1,0,1,0,1,1,0,1,1,1,0,14,6,8,7,4,3,52,62,48,33,11,22,18,5,13,15,6,9,0,0,0,2,0,2,2,0,2,0,0,0,1,0,1,1,1,0,1,0,1,1.33,1,1.5,4,1,5.5,1.67,1,2,2.33,0,3.5,1.33,0,2,0.67,0,1,0.67,0,1,3,2,2,1,1,1,1,0,0,0,0,0,2,2,2,1,1,1,0,1,1,2,2,2,0,1,1,1,1,1,0,0,0,1,1,1,100,67,67,33,33,33,100,0,0,0,0,0,100,100,100,50,50,50,0,33,33,67,67,67,0,100,100,100,100,100,0,0,0,50,50,50,2,1,1,0,0,0,2,1,1,67,33,33,0,0,0,100,50,50,33,100,0,30,33,100,0,33,0,50,33,0,50,33,100,0,1,1,0,33,100,0,2,1,1,67,100,50,1,0,1,33,0,50,33,0,50,33,100,0,33,0,50,4.67,6.00,4.00,3.5,4,3.00,67,67,33,33,33,0,0,0,1.55,1.67,1.49,1.67,0.74,2.13,33,0,0,1,0,1,0,0,1,0,1,0,0,1,0,0,0,0,3,33,0,50,33,0,50,0
Ankara Demirspor Kulübü,Ankara Demirspor,2024/2025,Turkey,3,3,0,0,1,1,0,1,1,0,1,1,0,1.33,1.33,0,0,47,47,43,5,4,1,9,9,0,5,0,4,0,1,0,54,54,0,68,68,0,1,1,0,2,2,0,0,0,0,3,3,0,8,8,0,1,1,0,51,51,0,51,51,0,16,16,0,35,35,0,0,0,0,3,3,0,1,1,0,2,2,0,2,2,0,1,1,0,0,0,0,2.33,2.33,0,3,3,0,1.67,1.67,0,1.33,1.33,0,1.33,1.33,0,1,1,0,0.33,0.33,0,3,3,2,1,0,0,3,3,2,1,0,0,0,0,0,0,0,0,0,0,1,2,3,3,0,0,1,2,3,3,0,0,0,0,0,0,100,100,67,33,0,0,100,100,67,33,0,0,0,0,0,0,0,0,0,0,33,67,100,100,0,0,33,67,100,100,0,0,0,0,0,0,3,1,0,3,1,0,0,0,0,100,33,0,100,33,0,0,0,0,33,33,0,0,33,33,0,67,67,0,0,0,0,100,100,0,2,2,0,67,67,0,0,0,0,0,0,0,1,1,0,33,33,0,67,67,0,33,33,0,0,0,0,4.00,4.00,0.00,1,1,0.00,50,0,0,0,0,0,0,0,1.49,1.82,0.00,1.20,1.54,0.00,67,1,2,0,0,0,0,0,0,2,0,0,0,0,1,1,1,0,1,33,33,0,33,33,0,0
Tuzla Spor Kulübü,Tuzlaspor,2024/2025,Turkey,1,1,0,0,0,0,0,0,0,0,1,1,0,0,0,0,0,56,56,144,0,3,-3,3,3,0,0,0,3,0,-3,0,0,0,0,30,30,0,0,0,0,0,0,0,1,1,0,0,0,0,4,4,0,0,0,0,60,60,0,10,10,0,4,4,0,6,6,0,0,0,0,0,0,0,3,3,0,-3,-3,0,0,0,0,0,0,0,1,1,0,0,0,0,3,3,0,0,0,0,3,3,0,3,3,0,0,0,0,3,3,0,1,1,1,0,0,0,1,1,1,0,0,0,0,0,0,0,0,0,0,0,0,1,1,1,0,0,0,1,1,1,0,0,0,0,0,0,100,100,100,0,0,0,100,100,100,0,0,0,0,0,0,0,0,0,0,0,0,100,100,100,0,0,0,100,100,100,0,0,0,0,0,0,1,1,1,1,1,1,0,0,0,100,100,100,100,100,100,0,0,0,0,0,0,0,0,0,0,0,0,0,100,100,0,0,0,0,0,0,0,0,0,0,1,1,0,100,100,0,0,0,0,0,0,0,0,0,0,0,0,0,100,100,0,4.00,4.00,0.00,0,0,0.00,0,0,0,0,0,0,0,0,0.20,1.20,0.00,0.14,1.14,0.00,200,0,0,0,0,0,0,0,0,0,0,1,1,1,0,0,0,0,0,0,0,0,100,100,0,0
İnegöl Spor Klübü,İnegölspor,2024/2025,Turkey,2,0,2,0,1,0,1,0,0,0,1,0,1,1.5,0,1.5,0,57,57,66,2,2,0,4,0,4,0,2,0,2,0,0,90,0,90,90,0,90,1,0,1,1,0,1,0,0,0,1,0,1,11,0,11,3,0,3,65,0,65,15,0,15,5,0,5,10,0,10,0,0,0,0,0,0,2,0,2,-2,0,-2,0,0,0,1,0,1,1,0,1,0.5,0,0.5,2,0,2,1,0,1,1,0,1,1,0,1,0,0,0,1,0,1,2,1,1,0,0,0,0,0,0,0,0,0,2,1,1,0,0,0,0,1,1,2,2,2,0,0,0,0,0,0,0,1,1,2,2,2,100,50,50,0,0,0,0,0,0,0,0,0,100,50,50,0,0,0,0,50,50,100,100,100,0,0,0,0,0,0,0,50,50,100,100,100,1,1,0,0,0,0,1,1,0,50,50,0,0,0,0,50,50,0,50,0,50,0,50,0,50,50,0,50,0,0,0,50,0,50,1,0,1,50,0,50,2,0,2,100,0,100,0,0,0,0,0,0,0,0,0,50,0,50,50,0,50,11.00,0.00,11.00,3,0,3.00,100,100,100,100,100,100,0,0,0.61,0.00,1.61,0.09,0.00,1.09,50,0,0,0,0,0,0,0,0,2,0,0,1,1,0,0,0,0,0,0,0,0,50,0,50,0
Nazilli Belediye Spor Kulübü,Nazilli Belediyespor,2024/2025,Turkey,1,1,0,0,0,0,0,0,0,0,1,1,0,0,0,0,0,59,59,151,1,5,-4,6,6,0,1,0,5,0,-4,0,90,90,0,18,18,0,0,0,0,1,1,0,0,0,0,0,0,0,3,3,0,0,0,0,45,45,0,15,15,0,8,8,0,7,7,0,0,0,0,1,1,0,1,1,0,0,0,0,0,0,0,1,1,0,0,0,0,1,1,0,6,6,0,1,1,0,5,5,0,2,2,0,1,1,0,1,1,0,1,1,1,1,1,1,1,1,1,1,1,1,0,0,0,0,0,0,0,0,0,0,0,0,0,0,0,0,0,0,0,0,0,0,0,0,100,100,100,100,100,100,100,100,100,100,100,100,0,0,0,0,0,0,0,0,0,0,0,0,0,0,0,0,0,0,0,0,0,0,0,0,1,1,0,1,1,0,0,0,0,100,100,0,100,100,0,0,0,0,0,0,0,0,0,0,0,100,100,0,0,0,0,0,0,0,0,0,0,0,0,0,0,0,0,0,0,0,1,1,0,100,100,0,0,0,0,100,100,0,0,0,0,3.00,3.00,0.00,0,0,0.00,100,100,100,100,100,100,0,0,0.77,1.77,0.00,1.58,2.58,0.00,200,0,0,0,1,0,0,0,0,0,1,0,0,0,0,0,1,1,2,0,0,0,100,100,0,0
Muğla Spor Kulübü,Muğlaspor,2024/2025,Turkey,1,1,0,0,0,0,0,1,1,0,0,0,0,1,1,0,0,62,62,91,4,4,0,8,8,0,4,0,4,0,0,0,23,23,0,23,23,0,0,0,0,1,1,0,0,0,0,1,1,0,4,4,0,0,0,0,47,47,0,14,14,0,10,10,0,4,4,0,0,0,0,1,1,0,2,2,0,-1,-1,0,0,0,0,0,0,0,1,1,0,0,0,0,8,8,0,4,4,0,4,4,0,3,3,0,1,1,0,2,2,0,1,1,1,1,1,1,1,1,1,1,1,1,0,0,0,0,0,0,0,0,0,0,0,0,0,0,0,0,0,0,0,0,0,0,0,0,100,100,100,100,100,100,100,100,100,100,100,100,0,0,0,0,0,0,0,0,0,0,0,0,0,0,0,0,0,0,0,0,0,0,0,0,1,1,1,1,1,1,0,0,0,100,100,100,100,100,100,0,0,0,0,0,0,0,0,0,0,100,100,0,0,0,0,100,100,0,0,0,0,0,0,0,0,0,0,0,0,0,1,1,0,100,100,0,0,0,0,0,0,0,100,100,0,4.00,4.00,0.00,0,0,0.00,100,100,100,100,100,0,0,0,1.16,2.16,0.00,1.15,2.15,0.00,0,1,0,0,0,0,0,0,0,1,0,0,1,0,1,0,0,0,0,100,100,0,0,0,0,0
Diyarbekirspor AŞ,Diyarbekirspor,2024/2025,Turkey,0,0,0,1,0,0,0,0,0,0,0,0,0,0,0,0,0,63,63,97,0,0,0,0,0,0,0,0,0,0,0,0,0,0,0,0,0,0,0,0,0,0,0,0,0,0,0,0,0,0,0,0,0,0,0,0,0,0,0,0,0,0,0,0,0,0,0,0,0,0,0,0,0,0,0,0,0,0,0,0,0,0,0,0,0,0,0,0,0,0,0,0,0,0,0,0,0,0,0,0,0,0,0,0,0,0,0,0,0,0,0,0,0,0,0,0,0,0,0,0,0,0,0,0,0,0,0,0,0,0,0,0,0,0,0,0,0,0,0,0,0,0,0,0,0,0,0,0,0,0,0,0,0,0,0,0,0,0,0,0,0,0,0,0,0,0,0,0,0,0,0,0,0,0,0,0,0,0,0,0,0,0,0,0,0,0,0,0,0,0,0,0,0,0,0,0,0,0,0,0,0,0,0,0,0,0,0,0,0,0,0,0,0,0,0,0,0,0,0,0,0,0,0,0,0,0,0,0,0,0,0,0,0,0,0,0,0,0,0,0,0,0,0,0.00,0.00,0.00,0,0,0.00,0,0,0,0,0,0,0,0,0.00,0.00,0.00,0.00,0.00,0.00,0,0,0,0,0,0,0,0,0,0,0,0,0,0,0,0,0,0,0,0,0,0,0,0,0,0
Bergama Belediye Spor Kulübü,Bergama Belediyespor,2024/2025,Turkey,1,0,1,0,0,0,0,0,0,0,1,0,1,0,0,0,0,64,64,127,0,2,-2,2,0,2,0,0,0,2,0,-2,0,0,0,45,0,45,0,0,0,0,0,0,1,0,1,0,0,0,1,0,1,0,0,0,30,0,30,4,0,4,2,0,2,2,0,2,0,0,0,0,0,0,0,0,0,0,0,0,0,0,0,1,0,1,0,0,0,1,0,1,2,0,2,0,0,0,2,0,2,0,0,0,0,0,0,0,0,0,1,1,0,0,0,0,0,0,0,0,0,0,1,1,0,0,0,0,0,0,1,1,1,1,0,0,0,0,0,0,0,0,1,1,1,1,100,100,0,0,0,0,0,0,0,0,0,0,100,100,0,0,0,0,0,0,100,100,100,100,0,0,0,0,0,0,0,0,100,100,100,100,0,0,0,0,0,0,0,0,0,0,0,0,0,0,0,0,0,0,0,0,0,50,0,0,0,0,0,0,100,0,100,0,0,0,1,0,1,100,0,100,1,0,1,100,0,100,0,0,0,0,0,0,0,0,0,100,0,100,0,0,0,1.00,0.00,1.00,0,0,0.00,100,100,100,100,0,0,0,0,0.00,0.00,0.55,1.60,0.00,2.60,100,0,0,0,0,0,0,0,0,0,0,0,0,0,0,0,2,0,0,0,0,0,100,0,100,0
Derince Spor Kulübü,Derincespor,2024/2025,Turkey,2,1,1,0,1,0,1,0,0,0,1,1,0,1.5,0,3,0,68,68,54,3,2,1,5,1,4,0,3,1,1,-1,2,60,0,30,90,90,90,0,0,0,1,0,1,1,1,0,1,0,1,5,5,0,1,1,0,46,46,0,15,15,0,4,4,0,11,11,0,0,0,0,1,0,1,0,0,0,1,0,1,1,0,1,1,1,0,0,0,0,2,1,3,2.5,1,4,1.5,0,3,1,1,1,0.5,0,1,0.5,0,1,0,0,0,2,1,1,1,0,0,1,0,0,0,0,0,1,1,1,1,0,0,0,1,1,1,2,2,0,1,1,1,1,1,0,0,0,0,1,1,100,50,50,50,0,0,100,0,0,0,0,0,100,100,100,100,0,0,0,50,50,50,100,100,0,100,100,100,100,100,0,0,0,0,100,100,1,0,0,0,0,0,1,0,0,50,0,0,0,0,0,100,0,0,50,0,100,0,0,0,0,50,0,100,50,100,0,50,0,100,2,1,1,100,100,100,1,1,0,50,100,0,0,0,0,0,0,0,50,0,100,50,100,0,0,0,0,5.00,5.00,0.00,1,1,0.00,100,100,100,100,100,100,0,0,0.55,1.55,0.00,0.43,1.43,0.00,50,0,1,0,0,0,0,0,0,2,0,0,0,0,0,0,1,0,1,0,0,0,50,100,0,0
Pazar Spor Kulübü,Pazarspor,2024/2025,Turkey,2,0,2,0,1,0,1,0,0,0,1,0,1,1.5,0,1.5,0,70,70,56,3,2,1,5,0,5,0,3,0,2,0,1,60,0,60,90,0,90,0,0,0,1,0,1,1,0,1,1,0,1,8,0,8,1,0,1,34,0,34,14,0,14,7,0,7,7,0,7,0,0,0,1,0,1,0,0,0,1,0,1,1,0,1,1,0,1,0,0,0,2,0,2,2.5,0,2.5,1.5,0,1.5,1,0,1,0.5,0,0.5,0.5,0,0.5,0,0,0,2,1,1,1,0,0,0,0,0,0,0,0,2,1,1,1,0,0,0,1,1,1,2,2,0,0,0,0,0,0,0,1,1,1,2,2,100,50,50,50,0,0,0,0,0,0,0,0,100,50,50,50,0,0,0,50,50,50,100,100,0,0,0,0,0,0,0,50,50,50,100,100,1,0,0,0,0,0,1,0,0,50,0,0,0,0,0,50,0,0,50,0,50,0,0,0,0,50,0,50,50,0,50,50,0,50,2,0,2,100,0,100,1,0,1,50,0,50,0,0,0,0,0,0,50,0,50,50,0,50,0,0,0,4.00,0.00,4.00,1,0,1.00,100,100,100,50,50,50,50,50,0.42,0.00,0.92,1.24,0.00,1.74,50,0,0,1,0,0,0,1,0,1,0,0,0,0,0,0,0,0,2,0,0,0,50,0,50,50
Ankara Adliye Spor Kulübü,Ankara Adliyespor,2024/2025,Turkey,1,0,1,0,0,0,0,0,0,0,1,0,1,0,0,0,0,72,72,100,0,1,-1,1,0,1,0,0,0,1,0,-1,0,0,0,90,0,90,0,0,0,0,0,0,1,0,1,0,0,0,6,0,6,0,0,0,50,0,50,14,0,14,6,0,6,8,0,8,0,0,0,0,0,0,1,0,1,-1,0,-1,0,0,0,0,0,0,1,0,1,0,0,0,1,0,1,0,0,0,1,0,1,1,0,1,0,0,0,1,0,1,1,0,0,0,0,0,0,0,0,0,0,0,1,0,0,0,0,0,0,1,1,1,1,1,0,0,0,0,0,0,0,1,1,1,1,1,100,0,0,0,0,0,0,0,0,0,0,0,100,0,0,0,0,0,0,100,100,100,100,100,0,0,0,0,0,0,0,100,100,100,100,100,1,0,0,0,0,0,1,0,0,100,0,0,0,0,0,100,0,0,0,0,0,50,0,0,0,0,0,0,100,0,100,0,0,0,0,0,0,0,0,0,1,0,1,100,0,100,0,0,0,0,0,0,0,0,0,0,0,0,100,0,100,6.00,0.00,6.00,0,0,0.00,100,100,100,0,0,0,0,0,0.70,0.00,1.70,0.00,0.00,0.84,0,0,0,0,0,0,0,0,0,0,0,0,0,1,0,0,0,0,0,0,0,0,100,0,100,0
68 Aksaray Belediye Spor Kulübü,68 Aksaray Belediyespor,2024/2025,Turkey,1,0,1,0,0,0,0,0,0,0,1,0,1,0,0,0,0,86,86,98,0,1,-1,1,0,1,0,0,0,1,0,-1,0,0,0,90,0,90,0,0,0,0,0,0,1,0,1,0,0,0,4,0,4,0,0,0,56,0,56,9,0,9,3,0,3,6,0,6,0,0,0,0,0,0,0,0,0,0,0,0,0,0,0,1,0,1,0,0,0,1,0,1,1,0,1,0,0,0,1,0,1,0,0,0,0,0,0,0,0,0,1,0,0,0,0,0,0,0,0,0,0,0,1,0,0,0,0,0,0,1,1,1,1,1,0,0,0,0,0,0,0,1,1,1,1,1,100,0,0,0,0,0,0,0,0,0,0,0,100,0,0,0,0,0,0,100,100,100,100,100,0,0,0,0,0,0,0,100,100,100,100,100,0,0,0,0,0,0,0,0,0,0,0,0,0,0,0,0,0,0,0,0,0,50,0,0,0,0,0,0,100,0,100,0,0,0,1,0,1,100,0,100,1,0,1,100,0,100,0,0,0,0,0,0,0,0,0,100,0,100,0,0,0,4.00,0.00,4.00,0,0,0.00,100,0,0,0,0,0,0,0,0.22,0.00,1.22,0.43,0.00,1.43,0,0,0,0,0,0,0,0,0,0,0,0,0,0,0,1,0,0,0,0,0,0,100,0,100,0
Serik Belediye Spor Kulübü,Serik Belediyespor,2024/2025,Turkey,2,0,2,0,1,0,1,0,0,0,1,0,1,1.5,0,1.5,0,90,90,87,1,6,-5,7,0,7,0,1,0,6,0,-5,180,0,180,30,0,30,1,0,1,0,0,0,1,0,1,1,0,1,5,0,5,0,0,0,37,0,37,18,0,18,7,0,7,11,0,11,0,0,0,1,0,1,3,0,3,-2,0,-2,1,0,1,0,0,0,1,0,1,1.5,0,1.5,3.5,0,3.5,0.5,0,0.5,3,0,3,2,0,2,0.5,0,0.5,1.5,0,1.5,2,1,1,1,1,1,0,0,0,0,0,0,2,1,1,1,1,1,0,1,1,1,1,1,0,0,0,0,0,0,0,1,1,1,1,1,100,50,50,50,50,50,0,0,0,0,0,0,100,50,50,50,50,50,0,50,50,50,50,50,0,0,0,0,0,0,0,50,50,50,50,50,2,1,1,0,0,0,2,1,1,100,50,50,0,0,0,100,50,50,50,0,50,0,50,0,50,0,0,0,50,0,50,50,0,50,1,0,1,50,0,50,1,0,1,50,0,50,0,0,0,0,0,0,50,0,50,0,0,0,50,0,50,2.50,0.00,2.50,0,0,0.00,50,50,50,50,50,50,50,0,0.51,0.00,1.01,1.85,0.00,2.35,50,1,0,0,0,0,0,0,0,0,1,1,0,1,1,0,0,1,1,0,0,0,50,0,50,0
Fatsa Belediyesi Spor Kulübü,Fatsa Belediyespor,2024/2025,Turkey,2,2,0,0,1,1,0,0,0,0,1,1,0,1.5,1.5,0,0,91,91,68,3,3,0,6,6,0,3,0,3,0,0,0,60,60,0,60,60,0,0,0,0,2,2,0,0,0,0,1,1,0,6,6,0,1,1,0,59,59,0,23,23,0,15,15,0,8,8,0,0,0,0,1,1,0,0,0,0,1,1,0,1,1,0,1,1,0,0,0,0,2,2,0,3,3,0,1.5,1.5,0,1.5,1.5,0,0.5,0.5,0,0.5,0.5,0,0,0,0,2,2,2,0,0,0,2,2,2,0,0,0,0,0,0,0,0,0,0,0,0,2,2,2,0,0,0,2,2,2,0,0,0,0,0,0,100,100,100,0,0,0,100,100,100,0,0,0,0,0,0,0,0,0,0,0,0,100,100,100,0,0,0,100,100,100,0,0,0,0,0,0,1,0,0,1,0,0,0,0,0,50,0,0,50,0,0,0,0,0,50,50,0,0,0,0,0,100,100,0,0,0,0,50,50,0,2,2,0,100,100,0,1,1,0,50,50,0,0,0,0,0,0,0,50,50,0,50,50,0,0,0,0,3.00,3.00,0.00,1,1,0.00,0,0,0,0,0,0,0,0,1.09,1.59,0.00,0.67,1.17,0.00,100,1,0,0,0,0,0,0,0,1,0,0,0,0,0,0,2,0,1,0,0,0,50,50,0,0
Büyükçekmece Tepecik Spor Kulübü,Tepecikspor,2024/2025,Turkey,1,1,0,0,0,0,0,0,0,0,1,1,0,0,0,0,0,93,93,108,0,1,-1,1,1,0,0,0,1,0,-1,0,0,0,0,90,90,0,0,0,0,0,0,0,1,1,0,0,0,0,1,1,0,0,0,0,43,43,0,6,6,0,3,3,0,3,3,0,0,0,0,0,0,0,1,1,0,-1,-1,0,0,0,0,0,0,0,1,1,0,0,0,0,1,1,0,0,0,0,1,1,0,1,1,0,0,0,0,1,1,0,1,0,0,0,0,0,1,0,0,0,0,0,0,0,0,0,0,0,0,1,1,1,1,1,0,1,1,1,1,1,0,0,0,0,0,0,100,0,0,0,0,0,100,0,0,0,0,0,0,0,0,0,0,0,0,100,100,100,100,100,0,100,100,100,100,100,0,0,0,0,0,0,1,0,0,1,0,0,0,0,0,100,0,0,100,0,0,0,0,0,0,0,0,0,0,0,0,0,0,0,100,100,0,0,0,0,0,0,0,0,0,0,1,1,0,100,100,0,0,0,0,0,0,0,0,0,0,0,0,0,100,100,0,1.00,1.00,0.00,0,0,0.00,0,0,0,0,0,0,0,0,0.00,0.75,0.00,0.79,1.79,0.00,0,0,0,0,0,0,0,0,0,0,1,0,0,0,0,0,0,0,0,0,0,0,100,100,0,0
Artvin Hopa Spor Kulübü,Artvin Hopaspor,2024/2025,Turkey,1,1,0,0,0,0,0,0,0,0,1,1,0,0,0,0,0,94,94,138,1,3,-2,4,4,0,1,0,3,0,-2,0,90,90,0,30,30,0,0,0,0,1,1,0,0,0,0,0,0,0,0,0,0,0,0,0,0,0,0,0,0,0,0,0,0,0,0,0,0,0,0,0,0,0,1,1,0,-1,-1,0,0,0,0,0,0,0,1,1,0,0,0,0,4,4,0,1,1,0,3,3,0,1,1,0,0,0,0,1,1,0,1,1,1,1,0,0,1,1,1,1,0,0,0,0,0,0,0,0,0,0,0,0,1,1,0,0,0,0,1,1,0,0,0,0,0,0,100,100,100,100,0,0,100,100,100,100,0,0,0,0,0,0,0,0,0,0,0,0,100,100,0,0,0,0,100,100,0,0,0,0,0,0,1,0,0,1,0,0,0,0,0,100,0,0,100,0,0,0,0,0,0,0,0,0,0,0,0,100,100,0,0,0,0,0,0,0,0,0,0,0,0,0,1,1,0,100,100,0,0,0,0,0,0,0,0,0,0,0,0,0,100,100,0,0.00,0.00,0.00,0,0,0.00,0,0,0,0,0,0,0,0,0.00,0.00,0.00,0.00,0.00,0.00,100,0,0,0,0,0,0,0,0,1,0,1,0,0,0,0,0,0,2,0,0,0,100,100,0,0
Ergene Velimeşe Spor Kulübü,Ergene Velimeşespor,2024/2025,Turkey,2,2,0,0,1,1,0,0,0,0,1,1,0,1.5,1.5,0,0,95,95,79,1,3,-2,4,4,0,1,0,3,0,-2,0,180,180,0,60,60,0,1,1,0,0,0,0,1,1,0,1,1,0,4,4,0,0,0,0,48,48,0,12,12,0,5,5,0,7,7,0,0,0,0,1,1,0,0,0,0,1,1,0,1,1,0,1,1,0,0,0,0,2,2,0,2,2,0,0.5,0.5,0,1.5,1.5,0,0.5,0.5,0,0.5,0.5,0,0,0,0,2,1,1,0,0,0,2,1,1,0,0,0,0,0,0,0,0,0,0,1,1,2,2,2,0,1,1,2,2,2,0,0,0,0,0,0,100,50,50,0,0,0,100,50,50,0,0,0,0,0,0,0,0,0,0,50,50,100,100,100,0,50,50,100,100,100,0,0,0,0,0,0,1,0,0,1,0,0,0,0,0,50,0,0,50,0,0,0,0,0,50,50,0,0,50,50,0,0,0,0,50,50,0,50,50,0,2,2,0,100,100,0,1,1,0,50,50,0,0,0,0,0,0,0,50,50,0,50,50,0,0,0,0,2.00,2.00,0.00,0,0,0.00,50,50,50,0,0,0,0,0,0.36,0.86,0.00,1.73,2.23,0.00,100,0,0,0,1,0,0,0,0,0,0,0,0,0,0,0,1,1,1,0,0,0,50,50,0,0
Osmaniyespor Futbol Kulübü,Osmaniyespor,2024/2025,Turkey,2,1,1,1,1,1,0,0,0,0,1,0,1,1.5,3,0,0,98,98,58,6,5,1,11,6,5,6,0,0,5,6,-5,30,15,0,36,0,18,1,1,0,0,0,0,1,0,1,1,1,0,16,13,3,2,0,2,66,84,47,44,35,9,22,18,4,22,17,5,0,0,0,3,3,0,2,0,2,1,3,-2,1,1,0,0,0,0,1,0,1,1.5,3,0,5.5,6,5,3,6,0,2.5,0,5,2.5,3,2,1.5,3,0,1,0,2,2,2,2,2,2,1,1,1,1,1,1,1,1,1,1,1,1,0,0,0,0,0,0,1,0,0,0,0,0,0,0,0,0,0,0,1,100,100,100,100,100,50,100,100,100,100,100,100,100,100,100,100,100,0,0,0,0,0,0,50,0,0,0,0,0,0,0,0,0,0,0,100,2,2,1,1,1,1,1,1,0,100,100,50,100,100,100,100,100,0,50,100,0,100,50,100,0,0,0,0,50,0,100,50,100,0,1,1,0,50,100,0,1,0,1,50,0,100,0,0,0,0,0,0,50,100,0,0,0,0,50,0,100,8.00,13.00,3.00,2,0,2.00,100,50,50,50,50,50,50,0,2.52,3.95,1.08,1.45,0.23,2.67,100,1,1,0,1,1,0,0,1,1,0,0,1,0,1,0,1,1,1,0,0,0,50,0,100,0
Karaman Belediye Spor Kulübü,Karaman Belediyespor,2024/2025,Turkey,3,1,2,0,2,0,2,0,0,0,1,1,0,2,0,3,0,99,99,33,3,3,0,6,2,4,0,3,2,1,-2,2,90,0,60,90,45,180,1,0,1,1,0,1,1,1,0,2,0,2,13,6,7,3,2,1,45,45,45,36,18,18,13,6,7,23,12,11,0,0,0,0,0,0,1,1,0,-1,-1,0,0,0,0,2,0,2,1,1,0,0.67,0,1,2,2,2,1,0,1.5,1,2,0.5,0.33,1,0,0,0,0,0.33,1,0,3,2,1,0,0,0,1,1,0,0,0,0,2,1,1,0,0,0,0,1,2,3,3,3,0,0,1,1,1,1,0,1,1,2,2,2,100,67,33,0,0,0,100,100,0,0,0,0,100,50,50,0,0,0,0,33,67,100,100,100,0,0,100,100,100,100,0,50,50,100,100,100,1,0,0,1,0,0,0,0,0,33,0,0,100,0,0,0,0,0,67,0,100,-100,33,0,50,33,0,50,33,100,0,67,0,100,2,0,2,67,0,100,3,1,2,100,100,100,0,0,0,0,0,0,0,0,0,67,0,100,33,100,0,4.33,6.00,3.50,1.5,2,1.00,33,33,33,33,33,0,0,0,1.36,1.92,1.08,1.34,1.72,1.14,67,0,0,0,0,0,0,3,0,0,0,1,0,0,0,0,0,0,2,0,0,0,33,100,0,0
Yeni Amasya Spor Kulübü,Yeni Amasyaspor,2024/2025,Turkey,2,1,1,0,1,1,0,0,0,0,1,0,1,1.5,3,0,0,102,102,57,4,3,1,7,4,3,4,0,0,3,4,-3,45,23,0,60,0,30,1,1,0,0,0,0,1,0,1,1,1,0,2,0,2,0,0,0,49,0,49,6,0,6,2,0,2,4,0,4,0,0,0,3,3,0,1,0,1,2,3,-1,1,1,0,0,0,0,1,0,1,1.5,3,0,3.5,4,3,2,4,0,1.5,0,3,2,3,1,1.5,3,0,0.5,0,1,2,2,2,1,0,0,1,1,1,1,0,0,1,1,1,0,0,0,0,0,0,1,2,2,0,0,0,0,1,1,0,0,0,1,1,1,100,100,100,50,0,0,100,100,100,100,0,0,100,100,100,0,0,0,0,0,0,50,100,100,0,0,0,0,100,100,0,0,0,100,100,100,2,1,1,1,1,1,1,0,0,100,50,50,100,100,100,100,0,0,50,100,0,100,50,100,0,0,0,0,50,0,100,50,100,0,1,1,0,50,100,0,1,0,1,50,0,100,0,0,0,0,0,0,50,100,0,0,0,0,50,0,100,2.00,0.00,2.00,0,0,0.00,100,100,100,0,0,0,0,0,0.00,0.00,0.76,0.63,0.00,1.63,0,1,0,0,0,2,0,0,1,0,0,0,0,1,0,0,1,0,1,0,0,0,50,0,100,0
Ağrı 1970 Spor,Ağrı 1970,2024/2025,Turkey,2,2,0,0,1,1,0,0,0,0,1,1,0,1.5,1.5,0,0,104,104,46,4,1,3,5,5,0,4,0,1,0,3,0,45,45,0,180,180,0,1,1,0,0,0,0,1,1,0,1,1,0,0,0,0,3,3,0,0,0,0,0,0,0,0,0,0,0,0,0,0,0,0,2,2,0,0,0,0,2,2,0,1,1,0,1,1,0,0,0,0,2,2,0,2.5,2.5,0,2,2,0,0.5,0.5,0,1,1,0,1,1,0,0,0,0,2,1,1,1,0,0,2,1,1,1,0,0,0,0,0,0,0,0,0,1,1,1,2,2,0,1,1,1,2,2,0,0,0,0,0,0,100,50,50,50,0,0,100,50,50,50,0,0,0,0,0,0,0,0,0,50,50,50,100,100,0,50,50,50,100,100,0,0,0,0,0,0,1,1,0,1,1,0,0,0,0,50,50,0,50,50,0,0,0,0,50,50,0,0,50,50,0,0,0,0,50,50,0,50,50,0,2,2,0,100,100,0,1,1,0,50,50,0,0,0,0,0,0,0,50,50,0,50,50,0,0,0,0,0.00,0.00,0.00,3,3,0.00,0,0,0,0,0,0,0,0,0.00,0.00,0.00,0.00,0.00,0.00,50,0,1,0,1,0,1,1,0,0,0,0,0,0,0,0,0,0,1,0,0,0,50,50,0,0
Mardin Büyükşehir Belediyespor,Mardin BB,2024/2025,Turkey,2,0,2,0,1,0,1,0,0,0,1,0,1,1.5,0,1.5,0,108,108,52,6,4,2,10,0,10,0,6,0,4,0,2,30,0,30,45,0,45,0,0,0,1,0,1,1,0,1,0,0,0,16,0,16,4,0,4,52,0,52,38,0,38,14,0,14,24,0,24,0,0,0,2,0,2,2,0,2,0,0,0,1,0,1,0,0,0,1,0,1,1.5,0,1.5,5,0,5,3,0,3,2,0,2,2,0,2,1,0,1,1,0,1,2,2,1,1,1,1,0,0,0,0,0,0,2,2,1,1,1,1,0,0,1,1,1,1,0,0,0,0,0,0,0,0,1,1,1,1,100,100,50,50,50,50,0,0,0,0,0,0,100,100,50,50,50,50,0,0,50,50,50,50,0,0,0,0,0,0,0,0,50,50,50,50,2,1,1,0,0,0,2,1,1,100,50,50,0,0,0,100,50,50,50,0,50,0,0,0,0,50,0,50,50,0,50,0,0,0,0,0,0,0,0,0,1,0,1,50,0,50,1,0,1,50,0,50,50,0,50,0,0,0,50,0,50,8.00,0.00,8.00,4,0,4.00,100,100,100,100,100,50,50,50,1.64,0.00,2.14,0.99,0.00,1.49,150,0,1,0,0,1,1,0,0,3,1,0,1,0,0,0,2,0,0,0,0,0,50,0,50,0
Soma Spor Kulübü,Somaspor,2024/2025,Turkey,2,1,1,0,1,0,1,0,0,0,1,1,0,1.5,0,3,0,115,115,48,5,2,3,7,1,6,0,5,1,1,-1,4,36,0,18,90,90,90,0,0,0,1,0,1,1,1,0,1,0,1,9,0,9,0,0,0,55,0,55,23,0,23,11,0,11,12,0,12,0,0,0,1,0,1,1,0,1,0,0,0,0,0,0,2,1,1,0,0,0,1,1,1,3.5,1,6,2.5,0,5,1,1,1,1,0,2,0.5,0,1,0.5,0,1,2,1,1,1,1,1,1,0,0,0,0,0,1,1,1,1,1,1,0,1,1,1,1,1,0,1,1,1,1,1,0,0,0,0,0,0,100,50,50,50,50,50,100,0,0,0,0,0,100,100,100,100,100,100,0,50,50,50,50,50,0,100,100,100,100,100,0,0,0,0,0,0,1,1,0,0,0,0,1,1,0,50,50,0,0,0,0,100,100,0,50,0,100,0,0,0,0,50,0,100,50,100,0,50,0,100,1,1,0,50,100,0,1,1,0,50,100,0,1,0,1,50,0,100,0,0,0,100,100,100,0,0,0,9.00,0.00,9.00,0,0,0.00,100,100,100,100,100,100,0,0,1.58,0.00,2.58,0.77,0.00,1.77,100,1,0,0,0,0,0,1,1,2,0,0,0,1,0,0,0,1,0,0,0,0,50,100,0,0
Arnavutköy Belediye Spor Kulübü,Arnavutköy Belediyespor,2024/2025,Turkey,1,0,1,0,0,0,0,0,0,0,1,0,1,0,0,0,0,120,120,148,0,4,-4,4,0,4,0,0,0,4,0,-4,0,0,0,23,0,23,0,0,0,0,0,0,1,0,1,0,0,0,0,0,0,0,0,0,0,0,0,0,0,0,0,0,0,0,0,0,0,0,0,0,0,0,2,0,2,-2,0,-2,0,0,0,0,0,0,1,0,1,0,0,0,4,0,4,0,0,0,4,0,4,2,0,2,0,0,0,2,0,2,1,1,1,1,0,0,0,0,0,0,0,0,1,1,1,1,0,0,0,0,0,0,1,1,0,0,0,0,0,0,0,0,0,0,1,1,100,100,100,100,0,0,0,0,0,0,0,0,100,100,100,100,0,0,0,0,0,0,100,100,0,0,0,0,0,0,0,0,0,0,100,100,1,1,0,0,0,0,1,1,0,100,100,0,0,0,0,100,100,0,0,0,0,50,0,0,0,0,0,0,100,0,100,0,0,0,0,0,0,0,0,0,1,0,1,100,0,100,0,0,0,0,0,0,0,0,0,0,0,0,100,0,100,0.00,0.00,0.00,0,0,0.00,0,0,0,0,0,0,0,0,0.00,0.00,0.00,0.00,0.00,0.00,100,0,0,0,0,0,0,0,0,0,0,1,0,1,0,1,1,0,0,0,0,0,100,0,100,0
Orduspor 1967 Futbol İşletmeciliği Spor Kulübü,Orduspor 1967,2024/2025,Turkey,1,0,1,0,0,0,0,0,0,0,1,0,1,0,0,0,0,124,124,115,1,2,-1,3,0,3,0,1,0,2,0,-1,90,0,90,45,0,45,0,0,0,1,0,1,0,0,0,0,0,0,0,0,0,0,0,0,61,0,61,16,0,16,5,0,5,11,0,11,0,0,0,0,0,0,0,0,0,0,0,0,0,0,0,1,0,1,0,0,0,1,0,1,3,0,3,1,0,1,2,0,2,0,0,0,0,0,0,0,0,0,1,1,1,0,0,0,0,0,0,0,0,0,1,1,1,0,0,0,0,0,0,1,1,1,0,0,0,0,0,0,0,0,0,1,1,1,100,100,100,0,0,0,0,0,0,0,0,0,100,100,100,0,0,0,0,0,0,100,100,100,0,0,0,0,0,0,0,0,0,100,100,100,0,0,0,0,0,0,0,0,0,0,0,0,0,0,0,0,0,0,0,0,0,0,0,0,0,100,0,100,0,0,0,0,0,0,1,0,1,100,0,100,1,0,1,100,0,100,0,0,0,0,0,0,0,0,0,100,0,100,0,0,0,0.00,0.00,0.00,0,0,0.00,0,0,0,0,0,0,0,0,0.76,0.00,1.76,0.27,0.00,1.27,0,0,0,0,0,0,0,1,0,0,0,0,0,0,1,0,0,0,0,0,0,0,100,0,100,0
Kartal Bulvar Spor Kulübü,Kartal Bulvarspor,2024/2025,Turkey,1,1,0,0,0,0,0,0,0,0,1,1,0,0,0,0,0,125,125,105,0,1,-1,1,1,0,0,0,1,0,-1,0,0,0,0,90,90,0,0,0,0,0,0,0,1,1,0,0,0,0,1,1,0,0,0,0,35,35,0,10,10,0,3,3,0,7,7,0,0,0,0,0,0,0,0,0,0,0,0,0,0,0,0,1,1,0,0,0,0,1,1,0,1,1,0,0,0,0,1,1,0,0,0,0,0,0,0,0,0,0,1,0,0,0,0,0,1,0,0,0,0,0,0,0,0,0,0,0,0,1,1,1,1,1,0,1,1,1,1,1,0,0,0,0,0,0,100,0,0,0,0,0,100,0,0,0,0,0,0,0,0,0,0,0,0,100,100,100,100,100,0,100,100,100,100,100,0,0,0,0,0,0,0,0,0,0,0,0,0,0,0,0,0,0,0,0,0,0,0,0,0,0,0,0,0,0,0,0,0,0,100,100,0,0,0,0,1,1,0,100,100,0,1,1,0,100,100,0,0,0,0,0,0,0,0,0,0,100,100,0,0,0,0,1.00,1.00,0.00,0,0,0.00,100,100,100,100,100,100,0,0,0.09,1.09,0.00,0.61,1.61,0.00,0,0,0,0,0,0,0,0,0,0,0,0,0,0,0,0,0,0,1,0,0,0,100,100,0,0
Karabük İdman Yurdu Spor Kulübü,Karabük İdman Yurdu,2024/2025,Turkey,1,1,0,0,0,0,0,0,0,0,1,1,0,0,0,0,0,127,127,149,0,4,-4,4,4,0,0,0,4,0,-4,0,0,0,0,23,23,0,0,0,0,0,0,0,1,1,0,0,0,0,4,4,0,0,0,0,53,53,0,13,13,0,6,6,0,7,7,0,0,0,0,0,0,0,2,2,0,-2,-2,0,0,0,0,0,0,0,1,1,0,0,0,0,4,4,0,0,0,0,4,4,0,2,2,0,0,0,0,2,2,0,1,1,1,1,0,0,1,1,1,1,0,0,0,0,0,0,0,0,0,0,0,0,1,1,0,0,0,0,1,1,0,0,0,0,0,0,100,100,100,100,0,0,100,100,100,100,0,0,0,0,0,0,0,0,0,0,0,0,100,100,0,0,0,0,100,100,0,0,0,0,0,0,1,1,0,1,1,0,0,0,0,100,100,0,100,100,0,0,0,0,0,0,0,0,0,0,0,0,0,0,100,100,0,0,0,0,0,0,0,0,0,0,1,1,0,100,100,0,0,0,0,0,0,0,0,0,0,0,0,0,100,100,0,4.00,4.00,0.00,0,0,0.00,0,0,0,0,0,0,0,0,0.54,1.54,0.00,0.37,1.37,0.00,100,0,0,0,0,0,0,0,0,0,0,1,1,0,0,1,0,0,1,0,0,0,100,100,0,0
Mazıdağı Fosfat Spor Kulübü,Mazıdağı Fosfatspor,2024/2025,Turkey,1,0,1,0,0,0,0,1,0,1,0,0,0,1,0,1,0,128,128,90,1,1,0,2,0,2,0,1,0,1,0,0,90,0,90,90,0,90,0,0,0,1,0,1,0,0,0,0,0,0,0,0,0,0,0,0,43,0,43,12,0,12,4,0,4,8,0,8,0,0,0,1,0,1,1,0,1,0,0,0,0,0,0,1,0,1,0,0,0,1,0,1,2,0,2,1,0,1,1,0,1,2,0,2,1,0,1,1,0,1,1,1,0,0,0,0,0,0,0,0,0,0,1,1,0,0,0,0,0,0,1,1,1,1,0,0,0,0,0,0,0,0,1,1,1,1,100,100,0,0,0,0,0,0,0,0,0,0,100,100,0,0,0,0,0,0,100,100,100,100,0,0,0,0,0,0,0,0,100,100,100,100,1,1,0,0,0,0,1,1,0,100,100,0,0,0,0,100,100,0,0,0,0,0,0,0,0,100,0,100,0,0,0,0,0,0,0,0,0,0,0,0,0,0,0,0,0,0,1,0,1,100,0,100,0,0,0,100,0,100,0,0,0,0.00,0.00,0.00,0,0,0.00,0,0,0,0,0,0,0,0,0.40,0.00,1.40,1.16,0.00,2.16,0,0,0,0,0,1,0,0,0,0,0,1,0,0,0,0,0,0,0,100,0,100,0,0,0,0
Küçükçekmece Sinop Spor Kulübü,Küçükçekmece Sinopspor,2024/2025,Turkey,3,2,1,0,2,2,0,0,0,0,1,0,1,2,3,0,0,129,129,28,11,9,2,20,15,5,10,1,5,4,5,-3,25,18,90,30,36,23,0,0,0,3,2,1,0,0,0,1,1,0,8,5,3,3,2,1,51,57,44,24,15,9,12,8,4,12,7,5,0,0,0,5,5,0,5,3,2,0,2,-2,1,1,0,1,1,0,1,0,1,1.33,2,0,6.67,7.5,5,3.67,5,1,3,2.5,4,3.33,4,2,1.67,2.5,0,1.67,1.5,2,3,3,3,3,3,1,2,2,2,2,2,1,1,1,1,1,1,0,0,0,0,0,0,2,0,0,0,0,0,1,0,0,0,0,0,1,100,100,100,100,100,33,100,100,100,100,100,50,100,100,100,100,100,0,0,0,0,0,0,67,0,0,0,0,0,50,0,0,0,0,0,100,3,3,1,2,2,1,1,1,0,100,100,33,100,100,50,100,100,0,67,100,0,27,0,0,0,100,100,100,0,0,0,33,50,0,0,0,0,0,0,0,1,0,1,33,0,100,2,2,0,67,100,0,33,50,0,33,50,0,33,0,100,4.00,5.00,3.00,1.5,2,1.00,100,100,100,100,50,50,50,50,1.43,1.80,1.06,2.50,2.30,2.69,133,2,0,1,2,0,1,1,1,3,1,3,1,0,0,1,0,0,3,0,0,0,33,0,100,50
Talasgücü Belediye Spor Kulübü,Talasgücü Belediyespor,2024/2025,Turkey,2,1,1,0,1,1,0,0,0,0,1,0,1,1.5,3,0,0,132,132,82,2,4,-2,6,3,3,2,0,1,3,1,-3,90,45,0,45,90,30,0,0,0,1,1,0,1,0,1,1,1,0,0,0,0,0,0,0,42,39,45,22,11,11,7,4,3,15,7,8,0,0,0,0,0,0,1,0,1,-1,0,-1,0,0,0,1,1,0,1,0,1,0.5,1,0,3,3,3,1,2,0,2,1,3,0.5,0,1,0,0,0,0.5,0,1,2,2,2,0,0,0,1,1,1,0,0,0,1,1,1,0,0,0,0,0,0,2,2,2,0,0,0,1,1,1,0,0,0,1,1,1,100,100,100,0,0,0,100,100,100,0,0,0,100,100,100,0,0,0,0,0,0,100,100,100,0,0,0,100,100,100,0,0,0,100,100,100,1,0,0,0,0,0,1,0,0,50,0,0,0,0,0,100,0,0,50,100,0,75,0,0,0,50,100,0,50,0,100,50,100,0,1,1,0,50,100,0,2,1,1,100,100,100,0,0,0,0,0,0,0,0,0,50,100,0,50,0,100,0.00,0.00,0.00,0,0,0.00,0,0,0,0,0,0,0,0,1.22,1.27,1.17,1.89,1.76,2.02,50,0,0,0,0,1,0,0,0,0,0,1,0,0,0,0,1,0,2,0,0,0,50,0,100,0
Silifke Belediyesi Spor Kulübü,Silifke Belediyespor,2024/2025,Turkey,1,0,1,0,0,0,0,0,0,0,1,0,1,0,0,0,0,133,133,118,1,2,-1,3,0,3,0,1,0,2,0,-1,90,0,90,45,0,45,0,0,0,1,0,1,0,0,0,0,0,0,2,0,2,0,0,0,41,0,41,13,0,13,5,0,5,8,0,8,0,0,0,0,0,0,1,0,1,-1,0,-1,0,0,0,0,0,0,1,0,1,0,0,0,3,0,3,1,0,1,2,0,2,1,0,1,0,0,0,1,0,1,1,1,1,0,0,0,0,0,0,0,0,0,1,1,1,0,0,0,0,0,0,1,1,1,0,0,0,0,0,0,0,0,0,1,1,1,100,100,100,0,0,0,0,0,0,0,0,0,100,100,100,0,0,0,0,0,0,100,100,100,0,0,0,0,0,0,0,0,0,100,100,100,1,0,0,0,0,0,1,0,0,100,0,0,0,0,0,100,0,0,0,0,0,0,0,0,0,100,0,100,0,0,0,0,0,0,0,0,0,0,0,0,1,0,1,100,0,100,0,0,0,0,0,0,0,0,0,0,0,0,100,0,100,2.00,0.00,2.00,0,0,0.00,0,0,0,0,0,0,0,0,0.53,0.00,1.53,0.73,0.00,1.73,0,0,0,0,0,0,0,0,0,1,1,0,0,0,0,0,0,0,0,0,0,0,100,0,100,0
Yozgat Belediyesi Bozokspor,Yozgat Bld Bozokspor,2024/2025,Turkey,1,1,0,0,0,0,0,0,0,0,1,1,0,0,0,0,0,141,141,135,0,2,-2,2,2,0,0,0,2,0,-2,0,0,0,0,45,45,0,0,0,0,0,0,0,1,1,0,0,0,0,0,0,0,0,0,0,0,0,0,0,0,0,0,0,0,0,0,0,0,0,0,0,0,0,0,0,0,0,0,0,0,0,0,1,1,0,0,0,0,1,1,0,2,2,0,0,0,0,2,2,0,0,0,0,0,0,0,0,0,0,1,1,0,0,0,0,1,1,0,0,0,0,0,0,0,0,0,0,0,0,1,1,1,1,0,0,1,1,1,1,0,0,0,0,0,0,100,100,0,0,0,0,100,100,0,0,0,0,0,0,0,0,0,0,0,0,100,100,100,100,0,0,100,100,100,100,0,0,0,0,0,0,0,0,0,0,0,0,0,0,0,0,0,0,0,0,0,0,0,0,0,0,0,0,0,0,0,0,0,0,100,100,0,0,0,0,1,1,0,100,100,0,1,1,0,100,100,0,0,0,0,0,0,0,0,0,0,100,100,0,0,0,0,0.00,0.00,0.00,0,0,0.00,0,0,0,0,0,0,0,0,0.00,0.00,0.00,0.00,0.00,0.00,0,0,0,0,0,0,0,0,0,0,0,0,0,0,1,0,0,1,0,0,0,0,100,100,0,0
Niğde Belediyesi Spor Kulübü,Niğde Belediyesispor,2024/2025,Turkey,2,1,1,0,1,1,0,0,0,0,1,0,1,1.5,3,0,0,142,142,64,1,1,0,2,1,1,1,0,0,1,1,-1,180,90,0,180,0,90,1,1,0,0,0,0,1,0,1,1,1,0,5,3,2,1,0,1,41,44,38,14,11,3,7,4,3,7,7,0,0,0,0,0,0,0,0,0,0,0,0,0,0,0,0,2,1,1,0,0,0,1,1,1,1,1,1,0.5,1,0,0.5,0,1,0,0,0,0,0,0,0,0,0,2,0,0,0,0,0,1,0,0,0,0,0,1,0,0,0,0,0,0,2,2,2,2,2,0,1,1,1,1,1,0,1,1,1,1,1,100,0,0,0,0,0,100,0,0,0,0,0,100,0,0,0,0,0,0,100,100,100,100,100,0,100,100,100,100,100,0,100,100,100,100,100,0,0,0,0,0,0,0,0,0,0,0,0,0,0,0,0,0,0,50,100,0,100,50,100,0,0,0,0,50,0,100,50,100,0,2,1,1,100,100,100,2,1,1,100,100,100,0,0,0,0,0,0,0,0,0,100,100,100,0,0,0,2.50,3.00,2.00,1,0,1.00,100,50,0,0,0,0,0,0,1.09,1.43,0.74,1.45,1.22,1.67,0,0,0,0,0,0,1,0,0,0,0,0,0,0,0,0,0,1,0,0,0,0,50,0,100,0
Çorlu Spor Kulübü 1947,Çorluspor 1947,2024/2025,Turkey,4,2,2,0,3,1,2,0,0,0,1,1,0,2.25,1.5,3,0,143,143,15,11,6,5,17,11,6,6,5,5,1,1,4,33,30,36,60,36,180,1,0,1,3,2,1,0,0,0,2,1,1,12,7,5,3,3,0,48,50,45,55,29,26,26,12,14,29,17,12,0,0,0,3,1,2,3,3,0,0,-2,2,1,0,1,2,1,1,1,1,0,1.25,0.5,2,4.25,5.5,3,2.75,3,2.5,1.5,2.5,0.5,1.5,2,1,0.75,0.5,1,0.75,1.5,0,4,4,4,2,2,1,2,2,2,2,2,1,2,2,2,0,0,0,0,0,0,2,2,3,0,0,0,0,0,1,0,0,0,2,2,2,100,100,100,50,50,25,100,100,100,100,100,50,100,100,100,0,0,0,0,0,0,50,50,75,0,0,0,0,0,50,0,0,0,100,100,100,3,3,0,2,2,0,1,1,0,75,75,0,100,100,0,50,50,0,75,50,100,-29,25,0,50,75,100,50,0,0,0,50,50,50,2,0,2,50,0,100,2,1,1,50,50,50,1,1,0,25,50,0,25,0,50,50,50,50,25,50,0,3.00,3.50,2.50,1,1.5,0.00,50,50,25,25,25,0,0,0,1.65,1.63,1.67,1.71,1.74,1.69,50,1,0,1,1,2,0,1,1,3,0,1,0,2,0,1,1,1,0,0,0,0,25,50,0,0
Viranşehir Belediye Spor,Viranşehir Belediyespor,2024/2025,Turkey,2,0,2,0,1,0,1,1,0,1,0,0,0,2,0,2,0,144,144,42,2,1,1,3,0,3,0,2,0,1,0,1,90,0,90,180,0,180,1,0,1,1,0,1,0,0,0,2,0,2,7,0,7,1,0,1,45,0,45,24,0,24,11,0,11,13,0,13,0,0,0,1,0,1,0,0,0,1,0,1,1,0,1,1,0,1,0,0,0,2,0,2,1.5,0,1.5,1,0,1,0.5,0,0.5,0.5,0,0.5,0.5,0,0.5,0,0,0,2,1,0,0,0,0,0,0,0,0,0,0,2,1,0,0,0,0,0,1,2,2,2,2,0,0,0,0,0,0,0,1,2,2,2,2,100,50,0,0,0,0,0,0,0,0,0,0,100,50,0,0,0,0,0,50,100,100,100,100,0,0,0,0,0,0,0,50,100,100,100,100,1,0,0,0,0,0,1,0,0,50,0,0,0,0,0,50,0,0,50,0,50,0,50,0,50,50,0,50,0,0,0,100,0,100,2,0,2,100,0,100,1,0,1,50,0,50,0,0,0,0,0,0,50,0,50,50,0,50,0,0,0,3.50,0.00,3.50,1,0,1.00,50,50,50,50,50,50,50,0,1.00,0.00,1.50,1.01,0.00,1.51,0,0,0,1,0,0,0,0,0,0,0,0,0,0,0,0,0,0,0,50,0,50,0,0,0,0
Çayeli Spor Kulübü,Çayelispor,2024/2025,Turkey,1,1,0,0,0,0,0,0,0,0,1,1,0,0,0,0,0,145,145,136,0,2,-2,2,2,0,0,0,2,0,-2,0,0,0,0,45,45,0,0,0,0,0,0,0,1,1,0,0,0,0,0,0,0,0,0,0,0,0,0,0,0,0,0,0,0,0,0,0,0,0,0,0,0,0,1,1,0,-1,-1,0,0,0,0,0,0,0,1,1,0,0,0,0,2,2,0,0,0,0,2,2,0,1,1,0,0,0,0,1,1,0,1,1,0,0,0,0,1,1,0,0,0,0,0,0,0,0,0,0,0,0,1,1,1,1,0,0,1,1,1,1,0,0,0,0,0,0,100,100,0,0,0,0,100,100,0,0,0,0,0,0,0,0,0,0,0,0,100,100,100,100,0,0,100,100,100,100,0,0,0,0,0,0,1,0,0,1,0,0,0,0,0,100,0,0,100,0,0,0,0,0,0,0,0,0,0,0,0,0,0,0,100,100,0,0,0,0,0,0,0,0,0,0,1,1,0,100,100,0,0,0,0,0,0,0,0,0,0,0,0,0,100,100,0,0.00,0.00,0.00,0,0,0.00,0,0,0,0,0,0,0,0,0.00,0.00,0.00,0.00,0.00,0.00,0,0,0,0,0,0,0,0,0,0,0,0,0,1,0,0,0,0,1,0,0,0,100,100,0,0
Tire 2021 Futbol Kulübü,Tire 2021 FK,2024/2025,Turkey,3,0,3,0,2,0,2,0,0,0,1,0,1,2,0,2,0,146,146,30,5,4,1,9,0,9,0,5,0,4,0,1,54,0,54,68,0,68,2,0,2,1,0,1,0,0,0,2,0,2,9,0,9,5,0,5,46,0,46,24,0,24,17,0,17,7,0,7,0,0,0,3,0,3,3,0,3,0,0,0,1,0,1,1,0,1,1,0,1,1.33,0,1.33,3,0,3,1.67,0,1.67,1.33,0,1.33,2,0,2,1,0,1,1,0,1,3,2,2,1,1,0,0,0,0,0,0,0,3,2,2,1,1,0,0,1,1,2,2,3,0,0,0,0,0,0,0,1,1,2,2,3,100,67,67,33,33,0,0,0,0,0,0,0,100,67,67,33,33,0,0,33,33,67,67,100,0,0,0,0,0,0,0,33,33,67,67,100,2,2,2,0,0,0,2,2,2,67,67,67,0,0,0,67,67,67,67,0,67,0,67,0,67,33,0,33,0,0,0,67,0,67,2,0,2,67,0,67,2,0,2,67,0,67,0,0,0,0,0,0,33,0,33,33,0,33,33,0,33,3.00,0.00,3.00,2.5,0,2.50,33,33,33,33,33,33,0,0,0.85,0.00,1.19,1.35,0.00,1.69,100,0,1,1,1,0,0,1,0,1,1,0,1,1,0,1,0,0,0,0,0,0,33,0,33,0
Beykoz İshaklı Spor Faaliyetleri,Beykoz İshaklıspor,2024/2025,Turkey,1,1,0,0,0,0,0,0,0,0,1,1,0,0,0,0,0,147,147,152,2,6,-4,8,8,0,2,0,6,0,-4,0,45,45,0,15,15,0,0,0,0,1,1,0,0,0,0,1,1,0,8,8,0,0,0,0,50,50,0,13,13,0,6,6,0,7,7,0,0,0,0,1,1,0,2,2,0,-1,-1,0,0,0,0,0,0,0,1,1,0,0,0,0,8,8,0,2,2,0,6,6,0,3,3,0,1,1,0,2,2,0,1,1,1,1,1,1,1,1,1,1,1,1,0,0,0,0,0,0,0,0,0,0,0,0,0,0,0,0,0,0,0,0,0,0,0,0,100,100,100,100,100,100,100,100,100,100,100,100,0,0,0,0,0,0,0,0,0,0,0,0,0,0,0,0,0,0,0,0,0,0,0,0,1,1,1,1,1,1,0,0,0,100,100,100,100,100,100,0,0,0,0,0,0,0,0,0,0,100,100,0,0,0,0,100,100,0,0,0,0,0,0,0,0,0,0,0,0,0,1,1,0,100,100,0,0,0,0,0,0,0,100,100,0,8.00,8.00,0.00,0,0,0.00,100,100,100,100,100,100,100,100,0.69,1.69,0.00,1.61,2.61,0.00,300,1,0,0,0,0,0,1,0,0,0,1,0,0,1,1,0,0,3,0,0,0,100,100,0,0
Türk Metal 1963 Spor,Türk Metal 1963,2024/2025,Turkey,1,1,0,0,0,0,0,0,0,0,1,1,0,0,0,0,0,148,148,141,1,3,-2,4,4,0,1,0,3,0,-2,0,90,90,0,30,30,0,0,0,0,1,1,0,0,0,0,0,0,0,5,5,0,0,0,0,64,64,0,6,6,0,2,2,0,4,4,0,0,0,0,0,0,0,1,1,0,-1,-1,0,0,0,0,0,0,0,1,1,0,0,0,0,4,4,0,1,1,0,3,3,0,1,1,0,0,0,0,1,1,0,1,1,1,1,0,0,1,1,1,1,0,0,0,0,0,0,0,0,0,0,0,0,1,1,0,0,0,0,1,1,0,0,0,0,0,0,100,100,100,100,0,0,100,100,100,100,0,0,0,0,0,0,0,0,0,0,0,0,100,100,0,0,0,0,100,100,0,0,0,0,0,0,1,0,0,1,0,0,0,0,0,100,0,0,100,0,0,0,0,0,0,0,0,0,0,0,0,100,100,0,0,0,0,0,0,0,0,0,0,0,0,0,1,1,0,100,100,0,0,0,0,0,0,0,0,0,0,0,0,0,100,100,0,5.00,5.00,0.00,0,0,0.00,100,100,100,0,0,0,0,0,0.00,0.93,0.00,0.31,1.31,0.00,100,0,0,0,0,0,0,0,0,1,0,0,1,0,0,0,1,0,1,0,0,0,100,100,0,0
1926 Polatlı Belediye Spor Kulübü,1926 Polatlı Belediye,2024/2025,Turkey,1,0,1,0,0,0,0,0,0,0,1,0,1,0,0,0,0,149,149,119,2,3,-1,5,0,5,0,2,0,3,0,-1,45,0,45,30,0,30,0,0,0,1,0,1,0,0,0,1,0,1,0,0,0,0,0,0,0,0,0,0,0,0,0,0,0,0,0,0,0,0,0,1,0,1,0,0,0,1,0,1,1,0,1,0,0,0,0,0,0,3,0,3,5,0,5,2,0,2,3,0,3,1,0,1,1,0,1,0,0,0,1,1,1,1,1,0,0,0,0,0,0,0,1,1,1,1,1,0,0,0,0,0,0,1,0,0,0,0,0,0,0,0,0,0,0,1,100,100,100,100,100,0,0,0,0,0,0,0,100,100,100,100,100,0,0,0,0,0,0,100,0,0,0,0,0,0,0,0,0,0,0,100,1,0,0,0,0,0,1,0,0,100,0,0,0,0,0,100,0,0,0,0,0,0,0,0,0,100,0,100,0,0,0,100,0,100,1,0,1,100,0,100,0,0,0,0,0,0,0,0,0,0,0,0,100,0,100,0,0,0,0,0,0,0.00,0.00,0.00,0,0,0.00,0,0,0,0,0,0,0,0,0.00,0.00,0.00,0.00,0.00,0.00,100,0,1,0,0,0,0,1,0,0,0,0,0,0,0,0,0,0,2,0,0,0,100,0,100,0
Nilüfer Belediye Futbol Kulübü,Nilüfer Belediye,2024/2025,Turkey,2,1,1,0,1,0,1,0,0,0,1,1,0,1.5,0,3,0,150,150,49,6,3,3,9,5,4,2,4,3,0,-1,4,30,45,23,60,30,0,1,0,1,1,1,0,0,0,0,1,0,1,6,4,2,3,3,0,44,40,47,16,6,10,11,4,7,5,2,3,0,0,0,3,1,2,1,1,0,2,0,2,1,0,1,1,1,0,0,0,0,2,1,3,4.5,5,4,3,2,4,1.5,3,0,2,2,2,1.5,1,2,0.5,1,0,2,2,2,2,1,0,1,1,1,1,1,0,1,1,1,1,0,0,0,0,0,0,1,2,0,0,0,0,0,1,0,0,0,0,1,1,100,100,100,100,50,0,100,100,100,100,100,0,100,100,100,100,0,0,0,0,0,0,50,100,0,0,0,0,0,100,0,0,0,0,100,100,2,2,0,1,1,0,1,1,0,100,100,0,100,100,0,100,100,0,50,0,100,-67,50,0,100,50,100,0,0,0,0,50,0,100,1,0,1,50,0,100,0,0,0,0,0,0,1,1,0,50,100,0,50,0,100,50,100,0,0,0,0,3.00,4.00,2.00,3,3,0.00,50,50,0,0,0,0,0,0,1.11,0.85,1.37,1.92,2.29,1.54,100,0,1,1,0,1,1,1,0,1,1,0,0,0,0,1,1,0,0,0,0,0,50,100,0,0
Adanaspor AŞ,Adanaspor,2024/2025,Turkey,1,1,0,0,0,0,0,0,0,0,1,1,0,0,0,0,0,6,6,112,1,2,-1,3,3,0,1,0,2,0,-1,0,90,90,0,45,45,0,0,0,0,1,1,0,0,0,0,1,1,0,5,5,0,2,2,0,56,56,0,12,12,0,7,7,0,5,5,0,0,0,0,0,0,0,0,0,0,0,0,0,0,0,0,1,1,0,0,0,0,1,1,0,3,3,0,1,1,0,2,2,0,0,0,0,0,0,0,0,0,0,1,1,1,0,0,0,1,1,1,0,0,0,0,0,0,0,0,0,0,0,0,1,1,1,0,0,0,1,1,1,0,0,0,0,0,0,100,100,100,0,0,0,100,100,100,0,0,0,0,0,0,0,0,0,0,0,0,100,100,100,0,0,0,100,100,100,0,0,0,0,0,0,0,0,0,0,0,0,0,0,0,0,0,0,0,0,0,0,0,0,0,0,0,0,0,0,0,100,100,0,0,0,0,100,100,0,1,1,0,100,100,0,1,1,0,100,100,0,0,0,0,0,0,0,0,0,0,100,100,0,0,0,0,5.00,5.00,0.00,2,2,0.00,100,100,0,0,0,0,0,0,0.84,1.84,0.00,0.91,1.91,0.00,0,0,0,0,0,0,0,1,0,0,0,0,0,0,0,0,0,0,1,0,0,0,100,100,0,0
Kayserispor,Kayserispor,2024/2025,Turkey,1,0,1,0,0,0,0,0,0,0,1,0,1,0,0,0,0,9,9,142,2,4,-2,6,0,6,0,2,0,4,0,-2,45,0,45,23,0,23,0,0,0,1,0,1,0,0,0,1,0,1,4,0,4,1,0,1,57,0,57,6,0,6,3,0,3,3,0,3,0,0,0,1,0,1,2,0,2,-1,0,-1,0,0,0,0,0,0,1,0,1,0,0,0,6,0,6,2,0,2,4,0,4,3,0,3,1,0,1,2,0,2,1,1,1,1,1,1,0,0,0,0,0,0,1,1,1,1,1,1,0,0,0,0,0,0,0,0,0,0,0,0,0,0,0,0,0,0,100,100,100,100,100,100,0,0,0,0,0,0,100,100,100,100,100,100,0,0,0,0,0,0,0,0,0,0,0,0,0,0,0,0,0,0,1,1,1,0,0,0,1,1,1,100,100,100,0,0,0,100,100,100,0,0,0,0,0,0,0,100,0,100,0,0,0,100,0,100,0,0,0,0,0,0,0,0,0,0,0,0,1,0,1,100,0,100,0,0,0,0,0,0,100,0,100,4.00,0.00,4.00,1,0,1.00,100,100,0,0,0,0,0,0,0.00,0.00,0.88,0.63,0.00,1.63,200,0,0,0,1,0,1,0,0,0,0,0,0,1,1,0,1,0,1,0,0,0,100,0,100,0
Konyaspor,Konyaspor,2024/2025,Turkey,8,5,3,0,6,4,2,1,0,1,1,1,0,2.38,2.4,2.33,0,10,10,1,22,6,16,28,23,5,17,5,6,0,11,5,33,26,54,120,75,0,6,3,3,2,2,0,1,0,1,6,4,2,37,26,11,14,11,3,56,58,53,105,76,29,58,41,17,47,35,12,11,11,0,7,6,1,2,2,0,5,4,1,3,2,1,4,2,2,1,1,0,1.63,1.6,1.67,3.5,4.6,1.67,2.75,3.4,1.67,0.75,1.2,0,1.13,1.6,0.33,0.88,1.2,0.33,0.25,0.4,0,7,5,5,4,2,2,5,4,4,3,2,2,2,1,1,1,0,0,1,3,3,4,6,6,0,1,1,2,3,3,1,2,2,2,3,3,88,63,63,50,25,25,100,80,80,60,40,40,67,33,33,33,0,0,12,37,37,50,75,75,0,20,20,40,60,60,33,67,67,67,100,100,4,2,1,3,2,1,1,0,0,50,25,13,60,40,20,33,0,0,75,80,67,-18,75,60,100,25,40,0,13,0,33,75,80,67,7,4,3,88,80,100,5,3,2,63,60,67,0,0,0,0,0,0,38,40,33,50,40,67,13,20,0,4.63,5.20,3.67,2,2.2,1.50,75,50,38,25,25,13,13,0,1.68,1.91,1.30,1.27,1.16,1.45,150,1,1,1,1,4,1,4,2,7,0,0,1,0,2,1,0,0,2,13,0,33,13,20,0,0
Elazığspor,Elazığspor,2024/2025,Turkey,2,1,1,0,1,1,0,0,0,0,1,0,1,1.5,3,0,0,19,19,74,2,3,-1,5,2,3,2,0,0,3,2,-3,90,45,0,60,0,30,1,1,0,0,0,0,1,0,1,1,1,0,5,0,5,5,3,2,58,0,58,7,0,7,3,0,3,4,0,4,0,0,0,0,0,0,1,0,1,-1,0,-1,0,0,0,1,1,0,1,0,1,0.5,1,0,2.5,2,3,1,2,0,1.5,0,3,0.5,0,1,0,0,0,0.5,0,1,2,2,1,0,0,0,1,1,0,0,0,0,1,1,1,0,0,0,0,0,1,2,2,2,0,0,1,1,1,1,0,0,0,1,1,1,100,100,50,0,0,0,100,100,0,0,0,0,100,100,100,0,0,0,0,0,50,100,100,100,0,0,100,100,100,100,0,0,0,100,100,100,1,0,0,0,0,0,1,0,0,50,0,0,0,0,0,100,0,0,50,100,0,100,50,100,0,0,0,0,50,0,100,50,100,0,1,1,0,50,100,0,2,1,1,100,100,100,0,0,0,0,0,0,0,0,0,50,100,0,50,0,100,5.00,0.00,5.00,2.5,3,2.00,100,100,100,100,100,100,100,100,0.00,0.00,0.97,0.67,0.00,1.67,50,0,0,0,0,0,0,0,0,0,0,0,1,0,0,0,0,1,1,0,0,0,50,0,100,100
Samsunspor,Samsunspor,2024/2025,Turkey,2,1,1,0,0,0,0,1,0,1,1,1,0,0.5,0,1,0,21,21,93,2,4,-2,6,6,0,2,0,4,0,-2,0,90,45,0,45,23,0,1,0,1,1,1,0,1,0,1,0,0,0,13,8,5,5,2,3,56,61,51,30,18,12,14,9,5,16,9,7,0,0,0,2,2,0,1,1,0,1,1,0,1,1,0,1,0,1,0,0,0,2,3,1,3,6,0,1,2,0,2,4,0,1.5,3,0,1,2,0,0.5,1,0,1,1,1,1,1,1,1,1,1,1,1,1,0,0,0,0,0,0,1,1,1,1,1,1,0,0,0,0,0,0,1,1,1,1,1,1,50,50,50,50,50,50,100,100,100,100,100,100,0,0,0,0,0,0,50,50,50,50,50,50,0,0,0,0,0,0,100,100,100,100,100,100,1,1,1,1,1,1,0,0,0,50,50,50,100,100,100,0,0,0,0,0,0,0,50,0,100,50,100,0,50,0,100,0,0,0,1,0,1,50,0,100,1,0,1,50,0,100,1,1,0,50,100,0,50,100,0,50,0,100,0,0,0,6.50,8.00,5.00,2.5,2,3.00,100,100,100,100,50,50,50,50,1.91,2.28,1.54,2.12,2.15,2.09,50,0,0,1,0,1,0,0,0,0,0,1,0,0,0,0,0,1,0,50,0,100,50,100,0,0
Yeni Malatyaspor,Yeni Malatyaspor,2024/2025,Turkey,1,0,1,0,0,0,0,0,0,0,1,0,1,0,0,0,0,23,23,134,0,2,-2,2,0,2,0,0,0,2,0,-2,0,0,0,45,0,45,0,0,0,0,0,0,1,0,1,0,0,0,0,0,0,2,0,2,0,0,0,0,0,0,0,0,0,0,0,0,0,0,0,0,0,0,0,0,0,0,0,0,0,0,0,1,0,1,0,0,0,1,0,1,2,0,2,0,0,0,2,0,2,0,0,0,0,0,0,0,0,0,1,1,0,0,0,0,0,0,0,0,0,0,1,1,0,0,0,0,0,0,1,1,1,1,0,0,0,0,0,0,0,0,1,1,1,1,100,100,0,0,0,0,0,0,0,0,0,0,100,100,0,0,0,0,0,0,100,100,100,100,0,0,0,0,0,0,0,0,100,100,100,100,0,0,0,0,0,0,0,0,0,0,0,0,0,0,0,0,0,0,0,0,0,50,0,0,0,0,0,0,100,0,100,0,0,0,1,0,1,100,0,100,1,0,1,100,0,100,0,0,0,0,0,0,0,0,0,100,0,100,0,0,0,0.00,0.00,0.00,2,0,2.00,0,0,0,0,0,0,0,0,0.00,0.00,0.00,0.00,0.00,0.00,0,0,0,0,0,0,0,0,0,0,0,0,0,0,0,1,0,0,1,0,0,0,100,0,100,0
Şanlıurfaspor,Şanlıurfaspor,2024/2025,Turkey,1,0,1,0,0,0,0,0,0,0,1,0,1,0,0,0,0,27,27,110,0,1,-1,1,0,1,0,0,0,1,0,-1,0,0,0,90,0,90,0,0,0,0,0,0,1,0,1,0,0,0,1,0,1,1,0,1,44,0,44,7,0,7,3,0,3,4,0,4,0,0,0,0,0,0,0,0,0,0,0,0,0,0,0,1,0,1,0,0,0,1,0,1,1,0,1,0,0,0,1,0,1,0,0,0,0,0,0,0,0,0,1,0,0,0,0,0,0,0,0,0,0,0,1,0,0,0,0,0,0,1,1,1,1,1,0,0,0,0,0,0,0,1,1,1,1,1,100,0,0,0,0,0,0,0,0,0,0,0,100,0,0,0,0,0,0,100,100,100,100,100,0,0,0,0,0,0,0,100,100,100,100,100,0,0,0,0,0,0,0,0,0,0,0,0,0,0,0,0,0,0,0,0,0,50,0,0,0,0,0,0,100,0,100,0,0,0,1,0,1,100,0,100,1,0,1,100,0,100,0,0,0,0,0,0,0,0,0,100,0,100,0,0,0,1.00,0.00,1.00,1,0,1.00,0,0,0,0,0,0,0,0,0.00,0.00,0.89,0.04,0.00,1.04,0,0,0,0,0,0,0,0,0,0,0,0,0,0,0,0,0,1,0,0,0,0,100,0,100,0
Karşıyaka SK,Karşıyaka,2024/2025,Turkey,2,2,0,0,0,0,0,1,1,0,1,1,0,0.5,0.5,0,0,30,30,92,2,3,-1,5,5,0,2,0,3,0,-1,0,90,90,0,60,60,0,0,0,0,2,2,0,0,0,0,0,0,0,10,10,0,4,4,0,49,49,0,22,22,0,11,11,0,11,11,0,0,0,0,0,0,0,1,1,0,-1,-1,0,0,0,0,1,1,0,1,1,0,0.5,0.5,0,2.5,2.5,0,1,1,0,1.5,1.5,0,0.5,0.5,0,0,0,0,0.5,0.5,0,2,2,1,0,0,0,2,2,1,0,0,0,0,0,0,0,0,0,0,0,1,2,2,2,0,0,1,2,2,2,0,0,0,0,0,0,100,100,50,0,0,0,100,100,50,0,0,0,0,0,0,0,0,0,0,0,50,100,100,100,0,0,50,100,100,100,0,0,0,0,0,0,1,0,0,1,0,0,0,0,0,50,0,0,50,0,0,0,0,0,0,0,0,0,0,0,0,100,100,0,0,0,0,0,0,0,1,1,0,50,50,0,2,2,0,100,100,0,0,0,0,0,0,0,0,0,0,50,50,0,50,50,0,5.00,5.00,0.00,2,2,0.00,100,100,100,100,50,50,50,0,0.92,1.42,0.00,1.26,1.76,0.00,50,0,0,0,0,0,0,0,0,1,0,1,0,0,0,0,0,1,0,50,50,0,50,50,0,0
İstanbulspor AŞ,İstanbulspor,2024/2025,Turkey,6,3,3,0,5,3,2,0,0,0,1,0,1,2.5,3,2,0,33,33,3,15,8,7,23,13,10,10,5,3,5,7,0,36,27,54,68,90,54,2,1,1,3,2,1,1,0,1,4,3,1,23,13,10,9,5,4,55,56,54,87,40,47,40,21,19,47,19,28,16,0,16,6,5,1,2,0,2,4,5,-1,3,3,0,2,0,2,1,0,1,1.83,3,0.67,3.83,4.33,3.33,2.5,3.33,1.67,1.33,1,1.67,1.33,1.67,1,1,1.67,0.33,0.33,0,0.67,6,6,5,3,2,1,3,3,2,2,2,1,3,3,3,1,0,0,0,0,1,3,4,5,0,0,1,1,1,2,0,0,0,2,3,3,100,100,83,50,33,17,100,100,67,67,67,33,100,100,100,33,0,0,0,0,17,50,67,83,0,0,33,33,33,67,0,0,0,67,100,100,5,3,0,3,2,0,2,1,0,83,50,0,100,67,0,67,33,0,83,100,67,29,33,33,33,50,67,33,17,0,33,67,100,33,4,3,1,67,100,33,2,0,2,33,0,67,1,0,1,17,0,33,50,100,0,33,0,67,17,0,33,3.83,4.33,3.33,1.5,1.67,1.33,83,50,17,17,0,0,0,0,1.69,1.60,1.79,1.44,1.30,1.58,117,1,0,2,1,3,1,2,1,4,0,0,2,0,0,1,0,1,4,0,0,0,17,0,33,0
MKE Ankaragücü,Ankaragücü,2024/2025,Turkey,6,2,4,0,3,0,3,2,2,0,1,0,1,1.83,1,2.25,0,34,34,10,11,9,2,20,4,16,2,9,2,7,0,2,49,90,40,60,90,51,0,0,0,6,2,4,0,0,0,4,1,3,31,10,21,4,2,2,57,58,56,88,30,58,45,14,31,43,16,27,9,9,0,5,1,4,4,0,4,1,1,0,3,1,2,2,1,1,1,0,1,1.83,2,1.75,3.33,2,4,1.83,1,2.25,1.5,1,1.75,1.5,0.5,2,0.83,0.5,1,0.67,0,1,6,6,4,2,2,0,2,2,0,0,0,0,4,4,4,2,2,0,0,0,2,4,4,6,0,0,2,2,2,2,0,0,0,2,2,4,100,100,67,33,33,0,100,100,0,0,0,0,100,100,100,50,50,0,0,0,33,67,67,100,0,0,100,100,100,100,0,0,0,50,50,100,5,3,1,1,0,0,4,3,1,83,50,17,50,0,0,100,75,25,50,0,75,-6,0,0,0,100,100,100,0,0,0,67,50,75,3,2,1,50,100,25,2,1,1,33,50,25,2,0,2,33,0,50,50,50,50,33,50,25,17,0,25,5.17,5.00,5.25,0.8,1,0.67,100,83,50,33,17,17,0,0,1.78,1.73,1.81,1.32,1.40,1.29,67,2,1,0,0,2,1,2,2,1,1,1,0,1,2,0,1,1,2,33,100,0,17,0,25,0
Hatay Spor Kulübü,Hatayspor,2024/2025,Turkey,3,1,2,0,2,1,1,0,0,0,1,0,1,2,3,1.5,0,37,37,25,9,1,8,10,5,5,5,4,0,1,5,3,30,18,45,273,0,180,2,1,1,0,0,0,1,0,1,2,1,1,17,4,13,5,1,4,57,53,59,45,22,23,30,13,17,15,9,6,0,0,0,5,2,3,1,0,1,4,2,2,2,1,1,0,0,0,1,0,1,2,3,1.5,3.33,5,2.5,3,5,2,0.33,0,0.5,2,2,2,1.67,2,1.5,0.33,0,0.5,3,2,2,2,1,0,1,1,1,1,1,0,2,1,1,1,0,0,0,1,1,1,2,3,0,0,0,0,0,1,0,1,1,1,2,2,100,67,67,67,33,0,100,100,100,100,100,0,100,50,50,50,0,0,0,33,33,33,67,100,0,0,0,0,0,100,0,50,50,50,100,100,3,2,1,1,1,0,2,1,1,100,67,33,100,100,0,100,50,50,67,100,50,84,67,100,50,0,0,0,33,0,50,67,100,50,2,1,1,67,100,50,1,0,1,33,0,50,0,0,0,0,0,0,67,100,50,0,0,0,33,0,50,5.67,4.00,6.50,1.67,1,2.00,100,67,67,33,33,0,0,0,2.04,2.67,1.73,1.23,1.08,1.30,33,1,1,1,1,1,0,2,1,1,0,0,0,0,1,0,0,0,0,0,0,0,33,0,50,0
Pendik Spor Kulübü,Pendikspor,2024/2025,Turkey,1,1,0,0,0,0,0,0,0,0,1,1,0,0,0,0,0,50,50,117,1,2,-1,3,3,0,1,0,2,0,-1,0,90,90,0,45,45,0,0,0,0,1,1,0,0,0,0,0,0,0,12,12,0,1,1,0,64,64,0,22,22,0,7,7,0,15,15,0,0,0,0,0,0,0,0,0,0,0,0,0,0,0,0,1,1,0,0,0,0,1,1,0,3,3,0,1,1,0,2,2,0,0,0,0,0,0,0,0,0,0,1,1,1,0,0,0,1,1,1,0,0,0,0,0,0,0,0,0,0,0,0,1,1,1,0,0,0,1,1,1,0,0,0,0,0,0,100,100,100,0,0,0,100,100,100,0,0,0,0,0,0,0,0,0,0,0,0,100,100,100,0,0,0,100,100,100,0,0,0,0,0,0,0,0,0,0,0,0,0,0,0,0,0,0,0,0,0,0,0,0,0,0,0,0,0,0,0,100,100,0,0,0,0,0,0,0,1,1,0,100,100,0,1,1,0,100,100,0,0,0,0,0,0,0,0,0,0,100,100,0,0,0,0,12.00,12.00,0.00,1,1,0.00,100,100,100,100,100,100,100,100,1.40,2.40,0.00,0.16,1.16,0.00,0,0,0,0,0,0,0,0,0,1,0,0,0,0,0,0,0,0,1,0,0,0,100,100,0,100
Fatih Karagümrük Spor Kulübü,Fatih Karagümrük,2024/2025,Turkey,6,4,2,0,4,3,1,0,0,0,2,1,1,2,2.25,1.5,0,55,55,7,9,7,2,16,8,8,6,3,2,5,4,-2,60,60,60,77,180,36,3,3,0,3,1,2,0,0,0,3,3,0,27,17,10,9,7,2,50,53,45,71,52,19,31,21,10,40,31,9,15,15,0,2,1,1,6,2,4,-4,-1,-3,1,1,0,2,2,0,3,1,2,0.83,1.25,0,2.67,2,4,1.5,1.5,1.5,1.17,0.5,2.5,1.33,0.75,2.5,0.33,0.25,0.5,1,0.5,2,6,4,4,1,1,0,4,2,2,0,0,0,2,2,2,1,1,0,0,2,2,5,5,6,0,2,2,4,4,4,0,0,0,1,1,2,100,67,67,17,17,0,100,50,50,0,0,0,100,100,100,50,50,0,0,33,33,83,83,100,0,50,50,100,100,100,0,0,0,50,50,100,4,2,1,2,1,0,2,1,1,67,33,17,50,25,0,100,50,50,67,75,50,29,50,75,0,50,25,100,0,0,0,50,75,0,3,3,0,50,75,0,4,3,1,67,75,50,1,0,1,17,0,50,17,25,0,33,50,0,50,25,100,4.50,4.25,5.00,1.5,1.75,1.00,67,67,67,50,50,50,17,17,1.45,1.57,1.22,1.47,1.13,2.15,100,0,0,0,1,2,1,2,0,3,4,0,2,0,0,0,1,0,0,0,0,0,33,25,50,17
Silivrispor Kulübü,Silivrispor,2024/2025,Turkey,2,1,1,0,1,1,0,0,0,0,1,0,1,1.5,3,0,0,58,58,59,6,5,1,11,6,5,4,2,2,3,2,-1,30,23,45,36,45,30,0,0,0,2,1,1,0,0,0,1,0,1,9,4,5,2,0,2,40,43,37,21,12,9,13,9,4,8,3,5,0,0,0,3,2,1,2,1,1,1,1,0,1,1,0,1,0,1,0,0,0,2,3,1,5.5,6,5,3,4,2,2.5,2,3,2.5,3,2,1.5,2,1,1,1,1,2,2,2,2,2,1,1,1,1,1,1,1,1,1,1,1,1,0,0,0,0,0,0,1,0,0,0,0,0,0,0,0,0,0,0,1,100,100,100,100,100,50,100,100,100,100,100,100,100,100,100,100,100,0,0,0,0,0,0,50,0,0,0,0,0,0,0,0,0,0,0,100,2,2,1,1,1,1,1,1,0,100,100,50,100,100,100,100,100,0,50,100,0,27,0,0,0,100,100,100,0,0,0,50,0,100,0,0,0,0,0,0,0,0,0,0,0,0,2,1,1,100,100,100,50,100,0,50,0,100,0,0,0,4.50,4.00,5.00,1,0,2.00,100,100,0,0,0,0,0,0,1.32,1.63,1.01,1.49,0.88,2.11,150,0,0,1,1,1,1,1,0,1,0,0,0,2,1,1,0,0,1,0,0,0,50,0,100,0
Kütahya Spor Kulübü,Kütahyaspor,2024/2025,Turkey,2,0,2,0,1,0,1,0,0,0,1,0,1,1.5,0,1.5,0,60,60,63,1,1,0,2,0,2,0,1,0,1,0,0,180,0,180,180,0,180,1,0,1,0,0,0,1,0,1,1,0,1,5,0,5,2,0,2,33,0,33,9,0,9,3,0,3,6,0,6,0,0,0,0,0,0,0,0,0,0,0,0,0,0,0,2,0,2,0,0,0,1,0,1,1,0,1,0.5,0,0.5,0.5,0,0.5,0,0,0,0,0,0,0,0,0,2,0,0,0,0,0,0,0,0,0,0,0,2,0,0,0,0,0,0,2,2,2,2,2,0,0,0,0,0,0,0,2,2,2,2,2,100,0,0,0,0,0,0,0,0,0,0,0,100,0,0,0,0,0,0,100,100,100,100,100,0,0,0,0,0,0,0,100,100,100,100,100,0,0,0,0,0,0,0,0,0,0,0,0,0,0,0,0,0,0,50,0,50,0,50,0,50,0,0,0,50,0,50,50,0,50,2,0,2,100,0,100,2,0,2,100,0,100,0,0,0,0,0,0,0,0,0,100,0,100,0,0,0,5.00,0.00,5.00,2,0,2.00,100,100,100,100,100,100,100,100,0.16,0.00,1.16,2.35,0.00,3.35,0,0,0,0,0,0,0,0,1,0,0,0,0,0,0,0,0,0,0,0,0,0,50,0,50,100
Batman Petrol Spor Kulübü,Batman Petrolspor,2024/2025,Turkey,2,0,2,0,1,0,1,0,0,0,1,0,1,1.5,0,1.5,0,66,66,61,1,1,0,2,0,2,0,1,0,1,0,0,180,0,180,180,0,180,1,0,1,0,0,0,1,0,1,1,0,1,4,0,4,3,0,3,43,0,43,20,0,20,9,0,9,11,0,11,0,0,0,1,0,1,0,0,0,1,0,1,1,0,1,1,0,1,0,0,0,2,0,2,1,0,1,0.5,0,0.5,0.5,0,0.5,0.5,0,0.5,0.5,0,0.5,0,0,0,2,0,0,0,0,0,0,0,0,0,0,0,2,0,0,0,0,0,0,2,2,2,2,2,0,0,0,0,0,0,0,2,2,2,2,2,100,0,0,0,0,0,0,0,0,0,0,0,100,0,0,0,0,0,0,100,100,100,100,100,0,0,0,0,0,0,0,100,100,100,100,100,1,0,0,0,0,0,1,0,0,50,0,0,0,0,0,50,0,0,50,0,50,0,50,0,50,0,0,0,50,0,50,50,0,50,2,0,2,100,0,100,1,0,1,50,0,50,0,0,0,0,0,0,50,0,50,50,0,50,0,0,0,2.00,0.00,2.00,1.5,0,1.50,100,50,50,50,0,0,0,0,0.72,0.00,1.22,0.97,0.00,1.47,0,0,0,0,1,0,0,0,0,0,0,0,0,0,0,0,0,0,1,0,0,0,50,0,50,0
Karacabey Birlik Spor Kulübü,Karacabey Birlikspor,2024/2025,Turkey,3,1,2,0,2,1,1,0,0,0,1,0,1,2,3,1.5,0,76,76,26,6,3,3,9,3,6,3,3,0,3,3,0,45,30,60,90,0,60,1,1,0,1,0,1,1,0,1,2,1,1,11,7,4,7,3,4,42,51,38,43,14,29,19,6,13,24,8,16,0,0,0,2,1,1,0,0,0,2,1,1,2,1,1,1,0,1,0,0,0,2.33,3,2,3,3,3,2,3,1.5,1,0,1.5,0.67,1,0.5,0.67,1,0.5,0,0,0,3,2,2,1,1,0,1,1,1,0,0,0,2,1,1,1,1,0,0,1,1,2,2,3,0,0,0,1,1,1,0,1,1,1,1,2,100,67,67,33,33,0,100,100,100,0,0,0,100,50,50,50,50,0,0,33,33,67,67,100,0,0,0,100,100,100,0,50,50,50,50,100,2,0,0,1,0,0,1,0,0,67,0,0,100,0,0,50,0,0,67,100,50,75,33,100,0,33,0,50,33,0,50,67,100,50,3,1,2,100,100,100,1,0,1,33,0,50,0,0,0,0,0,0,67,100,50,33,0,50,0,0,0,3.67,7.00,2.00,2.33,3,2.00,100,67,33,0,0,0,0,0,1.68,1.63,1.71,1.64,0.76,2.08,0,0,1,0,1,0,0,1,0,2,0,0,0,0,0,0,1,0,2,0,0,0,33,0,50,0
Halide Edip Adıvar Spor Kulübü,Halide Edip Adıvar,2024/2025,Turkey,2,0,2,0,1,0,1,0,0,0,1,0,1,1.5,0,1.5,0,80,80,75,3,4,-1,7,0,7,0,3,0,4,0,-1,60,0,60,45,0,45,1,0,1,1,0,1,0,0,0,1,0,1,1,0,1,5,0,5,37,0,37,7,0,7,4,0,4,3,0,3,0,0,0,1,0,1,3,0,3,-2,0,-2,0,0,0,1,0,1,1,0,1,0.5,0,0.5,3.5,0,3.5,1.5,0,1.5,2,0,2,2,0,2,0.5,0,0.5,1.5,0,1.5,2,1,1,1,1,1,0,0,0,0,0,0,2,1,1,1,1,1,0,1,1,1,1,1,0,0,0,0,0,0,0,1,1,1,1,1,100,50,50,50,50,50,0,0,0,0,0,0,100,50,50,50,50,50,0,50,50,50,50,50,0,0,0,0,0,0,0,50,50,50,50,50,1,1,1,0,0,0,1,1,1,50,50,50,0,0,0,50,50,50,50,0,50,0,50,0,50,50,0,50,0,0,0,50,0,50,1,0,1,50,0,50,1,0,1,50,0,50,1,0,1,50,0,50,0,0,0,50,0,50,50,0,50,1.00,0.00,1.00,2.5,0,2.50,100,100,100,100,100,0,0,0,0.00,0.00,0.95,0.85,0.00,1.85,50,1,0,0,0,1,0,0,0,1,1,0,1,1,0,0,1,0,0,0,0,0,50,0,50,0
Erbaa Spor Kulübü,Erbaaspor,2024/2025,Turkey,1,0,1,0,0,0,0,0,0,0,1,0,1,0,0,0,0,82,82,123,2,3,-1,5,0,5,0,2,0,3,0,-1,45,0,45,30,0,30,0,0,0,1,0,1,0,0,0,1,0,1,10,0,10,3,0,3,43,0,43,22,0,22,9,0,9,13,0,13,0,0,0,1,0,1,1,0,1,0,0,0,0,0,0,1,0,1,0,0,0,1,0,1,5,0,5,2,0,2,3,0,3,2,0,2,1,0,1,1,0,1,1,1,1,1,1,0,0,0,0,0,0,0,1,1,1,1,1,0,0,0,0,0,0,1,0,0,0,0,0,0,0,0,0,0,0,1,100,100,100,100,100,0,0,0,0,0,0,0,100,100,100,100,100,0,0,0,0,0,0,100,0,0,0,0,0,0,0,0,0,0,0,100,1,1,0,0,0,0,1,1,0,100,100,0,0,0,0,100,100,0,0,0,0,0,0,0,0,100,0,100,0,0,0,100,0,100,0,0,0,0,0,0,0,0,0,0,0,0,1,0,1,100,0,100,0,0,0,100,0,100,0,0,0,10.00,0.00,10.00,3,0,3.00,100,100,100,100,100,100,100,100,1.30,0.00,2.30,0.80,0.00,1.80,100,1,0,0,0,0,0,0,0,1,0,0,0,1,0,0,1,0,1,0,0,0,100,0,100,100
Turgutlu Spor Kulübü,Turgutluspor,2024/2025,Turkey,1,0,1,0,0,0,0,0,0,0,1,0,1,0,0,0,0,84,84,140,1,3,-2,4,0,4,0,1,0,3,0,-2,90,0,90,30,0,30,0,0,0,1,0,1,0,0,0,0,0,0,1,0,1,3,0,3,37,0,37,9,0,9,3,0,3,6,0,6,0,0,0,0,0,0,1,0,1,-1,0,-1,0,0,0,0,0,0,1,0,1,0,0,0,4,0,4,1,0,1,3,0,3,1,0,1,0,0,0,1,0,1,1,1,1,1,0,0,0,0,0,0,0,0,1,1,1,1,0,0,0,0,0,0,1,1,0,0,0,0,0,0,0,0,0,0,1,1,100,100,100,100,0,0,0,0,0,0,0,0,100,100,100,100,0,0,0,0,0,0,100,100,0,0,0,0,0,0,0,0,0,0,100,100,1,0,0,0,0,0,1,0,0,100,0,0,0,0,0,100,0,0,0,0,0,0,0,0,0,100,0,100,0,0,0,0,0,0,0,0,0,0,0,0,1,0,1,100,0,100,0,0,0,0,0,0,0,0,0,0,0,0,100,0,100,1.00,0.00,1.00,3,0,3.00,0,0,0,0,0,0,0,0,0.01,0.00,1.01,0.92,0.00,1.92,0,0,0,0,0,0,0,1,0,0,0,0,0,1,0,1,0,0,1,0,0,0,100,0,100,0
Ayvalıkgücü Belediye Spor Kulübü,Ayvalıkgücü Belediyespor,2024/2025,Turkey,2,0,2,0,1,0,1,0,0,0,1,0,1,1.5,0,1.5,0,85,85,71,4,4,0,8,0,8,0,4,0,4,0,0,45,0,45,45,0,45,0,0,0,2,0,2,0,0,0,0,0,0,7,0,7,3,0,3,34,0,34,18,0,18,8,0,8,10,0,10,0,0,0,1,0,1,2,0,2,-1,0,-1,0,0,0,1,0,1,1,0,1,0.5,0,0.5,4,0,4,2,0,2,2,0,2,1.5,0,1.5,0.5,0,0.5,1,0,1,2,2,2,1,1,0,0,0,0,0,0,0,2,2,2,1,1,0,0,0,0,1,1,2,0,0,0,0,0,0,0,0,0,1,1,2,100,100,100,50,50,0,0,0,0,0,0,0,100,100,100,50,50,0,0,0,0,50,50,100,0,0,0,0,0,0,0,0,0,50,50,100,1,1,1,0,0,0,1,1,1,50,50,50,0,0,0,50,50,50,50,0,50,0,0,0,0,100,0,100,0,0,0,0,0,0,1,0,1,50,0,50,1,0,1,50,0,50,1,0,1,50,0,50,0,0,0,50,0,50,50,0,50,3.50,0.00,3.50,1.5,0,1.50,100,100,50,50,50,50,50,50,0.64,0.00,1.14,1.47,0.00,1.97,50,1,0,0,0,0,0,0,0,2,1,0,1,0,0,1,0,0,1,0,0,0,50,0,50,50
Yeni Ordu Spor Kulübü,Yeni Orduspor,2024/2025,Turkey,3,1,2,0,2,1,1,0,0,0,1,0,1,2,3,1.5,0,87,87,32,5,4,1,9,1,8,1,4,0,4,1,0,54,90,45,68,0,45,1,1,0,1,0,1,1,0,1,2,1,1,11,2,9,11,4,7,44,56,38,30,9,21,14,3,11,16,6,10,0,0,0,1,0,1,2,0,2,-1,0,-1,0,0,0,2,1,1,1,0,1,0.67,1,0.5,3,1,4,1.67,1,2,1.33,0,2,1,0,1.5,0.33,0,0.5,0.67,0,1,3,2,1,1,1,1,1,0,0,0,0,0,2,2,1,1,1,1,0,1,2,2,2,2,0,1,1,1,1,1,0,0,1,1,1,1,100,67,33,33,33,33,100,0,0,0,0,0,100,100,50,50,50,50,0,33,67,67,67,67,0,100,100,100,100,100,0,0,50,50,50,50,1,1,1,0,0,0,1,1,1,33,33,33,0,0,0,50,50,50,67,100,50,30,33,100,0,33,0,50,33,0,50,67,100,50,2,1,1,67,100,50,2,1,1,67,100,50,1,0,1,33,0,50,0,0,0,67,100,50,33,0,50,3.67,2.00,4.50,3.67,4,3.50,67,67,67,33,33,33,33,33,1.26,1.04,1.38,1.72,0.89,2.13,67,0,1,0,0,0,0,0,2,0,0,0,1,0,1,0,2,0,0,0,0,0,33,0,50,0
Karaköprü Belediyesi Spor Kulübü,Karaköprü Belediyespor,2024/2025,Turkey,2,0,2,0,1,0,1,0,0,0,1,0,1,1.5,0,1.5,0,96,96,81,2,4,-2,6,0,6,0,2,0,4,0,-2,90,0,90,45,0,45,0,0,0,1,0,1,1,0,1,0,0,0,5,0,5,1,0,1,59,0,59,14,0,14,6,0,6,8,0,8,0,0,0,0,0,0,1,0,1,-1,0,-1,0,0,0,1,0,1,1,0,1,0.5,0,0.5,3,0,3,1,0,1,2,0,2,0.5,0,0.5,0,0,0,0.5,0,0.5,2,2,2,0,0,0,0,0,0,0,0,0,2,2,2,0,0,0,0,0,0,2,2,2,0,0,0,0,0,0,0,0,0,2,2,2,100,100,100,0,0,0,0,0,0,0,0,0,100,100,100,0,0,0,0,0,0,100,100,100,0,0,0,0,0,0,0,0,0,100,100,100,1,0,0,0,0,0,1,0,0,50,0,0,0,0,0,50,0,0,50,0,50,0,0,0,0,50,0,50,50,0,50,0,0,0,1,0,1,50,0,50,2,0,2,100,0,100,0,0,0,0,0,0,0,0,0,50,0,50,50,0,50,5.00,0.00,5.00,0.5,0,0.50,100,100,100,0,0,0,0,0,0.60,0.00,1.60,0.09,0.00,1.09,100,0,0,0,0,0,1,0,0,1,1,0,0,0,0,0,1,2,0,0,0,0,50,0,50,0
Muş Menderesspor,Muş Menderesspor,2024/2025,Turkey,3,2,1,0,2,1,1,1,1,0,0,0,0,2.33,2,3,0,106,106,22,6,4,2,10,5,5,3,3,2,2,1,1,45,60,30,68,90,45,0,0,0,3,2,1,0,0,0,2,2,0,4,0,4,13,10,3,40,0,40,17,0,17,12,0,12,5,0,5,0,0,0,5,3,2,2,0,2,3,3,0,2,2,0,1,0,1,0,0,0,2.33,3,1,3.33,2.5,5,2,1.5,3,1.33,1,2,2.33,1.5,4,1.67,1.5,2,0.67,0,2,3,3,2,1,1,0,2,2,1,0,0,0,1,1,1,1,1,0,0,0,1,2,2,3,0,0,1,2,2,2,0,0,0,0,0,1,100,100,67,33,33,0,100,100,50,0,0,0,100,100,100,100,100,0,0,0,33,67,67,100,0,0,50,100,100,100,0,0,0,0,0,100,3,2,1,2,1,0,1,1,1,100,67,33,100,50,0,100,100,100,67,50,100,0,0,0,0,100,100,100,0,0,0,67,100,0,2,2,0,67,100,0,0,0,0,0,0,0,1,0,1,33,0,100,67,100,0,33,0,100,0,0,0,4.00,0.00,4.00,4.33,5,3.00,0,0,0,0,0,0,0,0,1.12,0.00,2.12,1.48,0.00,2.48,67,0,1,1,2,1,1,0,0,0,1,0,1,0,0,0,0,0,2,33,50,0,0,0,0,0
Edirne Spor Kulübü,Edirnespor,2024/2025,Turkey,1,1,0,0,0,0,0,0,0,0,1,1,0,0,0,0,0,109,109,102,0,1,-1,1,1,0,0,0,1,0,-1,0,0,0,0,90,90,0,0,0,0,0,0,0,1,1,0,0,0,0,4,4,0,3,3,0,46,46,0,10,10,0,5,5,0,5,5,0,0,0,0,0,0,0,1,1,0,-1,-1,0,0,0,0,0,0,0,1,1,0,0,0,0,1,1,0,0,0,0,1,1,0,1,1,0,0,0,0,1,1,0,1,0,0,0,0,0,1,0,0,0,0,0,0,0,0,0,0,0,0,1,1,1,1,1,0,1,1,1,1,1,0,0,0,0,0,0,100,0,0,0,0,0,100,0,0,0,0,0,0,0,0,0,0,0,0,100,100,100,100,100,0,100,100,100,100,100,0,0,0,0,0,0,1,0,0,1,0,0,0,0,0,100,0,0,100,0,0,0,0,0,0,0,0,0,0,0,0,0,0,0,100,100,0,0,0,0,0,0,0,0,0,0,1,1,0,100,100,0,0,0,0,0,0,0,0,0,0,0,0,0,100,100,0,4.00,4.00,0.00,3,3,0.00,100,0,0,0,0,0,0,0,0.32,1.32,0.00,0.51,1.51,0.00,0,0,0,0,0,0,0,0,0,0,0,0,0,1,0,0,0,0,0,0,0,0,100,100,0,0
Isparta Davraz Spor Kulübü,Isparta Davrazspor,2024/2025,Turkey,2,1,1,0,1,1,0,0,0,0,1,0,1,1.5,3,0,0,113,113,69,3,3,0,6,1,5,1,2,0,3,1,-1,60,90,45,60,0,30,1,1,0,1,0,1,0,0,0,2,1,1,13,13,0,4,3,1,55,68,41,34,22,12,17,11,6,17,11,6,0,0,0,1,0,1,1,0,1,0,0,0,0,0,0,2,1,1,0,0,0,1,1,1,3,1,5,1.5,1,2,1.5,0,3,1,0,2,0.5,0,1,0.5,0,1,2,1,1,1,1,0,1,0,0,0,0,0,1,1,1,1,1,0,0,1,1,1,1,2,0,1,1,1,1,1,0,0,0,0,0,1,100,50,50,50,50,0,100,0,0,0,0,0,100,100,100,100,100,0,0,50,50,50,50,100,0,100,100,100,100,100,0,0,0,0,0,100,1,1,0,0,0,0,1,1,0,50,50,0,0,0,0,100,100,0,50,100,0,34,50,100,0,50,0,100,0,0,0,100,100,100,1,1,0,50,100,0,1,1,0,50,100,0,1,0,1,50,0,100,0,0,0,100,100,100,0,0,0,6.50,13.00,0.00,2,3,1.00,50,50,50,50,50,50,50,50,1.96,2.55,1.37,1.31,0.53,2.09,50,1,0,0,0,0,0,0,1,1,0,0,0,0,1,0,1,0,1,0,0,0,50,0,100,50
Kepez Belediyesi Spor Kulübü,Kepez Belediyespor,2024/2025,Turkey,2,0,2,0,0,0,0,1,0,1,1,0,1,0.5,0,0.5,0,117,117,96,0,9,-9,9,0,9,0,0,0,9,0,-9,0,0,0,20,0,20,1,0,1,0,0,0,2,0,2,0,0,0,4,0,4,1,0,1,35,0,35,13,0,13,5,0,5,8,0,8,0,0,0,0,0,0,5,0,5,-5,0,-5,0,0,0,1,0,1,1,0,1,0.5,0,0.5,4.5,0,4.5,0,0,0,4.5,0,4.5,2.5,0,2.5,0,0,0,2.5,0,2.5,1,1,1,1,1,1,0,0,0,0,0,0,1,1,1,1,1,1,1,1,1,1,1,1,0,0,0,0,0,0,1,1,1,1,1,1,50,50,50,50,50,50,0,0,0,0,0,0,50,50,50,50,50,50,50,50,50,50,50,50,0,0,0,0,0,0,50,50,50,50,50,50,1,1,1,0,0,0,1,1,1,50,50,50,0,0,0,50,50,50,0,0,0,50,50,0,50,0,0,0,100,0,100,0,0,0,1,0,1,50,0,50,2,0,2,100,0,100,0,0,0,0,0,0,0,0,0,50,0,50,50,0,50,2.00,0.00,2.00,0.5,0,0.50,50,50,50,50,50,50,0,0,0.35,0.00,0.85,2.51,0.00,3.01,300,0,0,0,0,0,0,0,0,0,1,1,0,1,2,0,1,1,2,50,0,50,50,0,50,0
Bursa Yıldırım Spor Kulübü,Bursa Yıldırımspor,2024/2025,Turkey,1,0,1,0,0,0,0,0,0,0,1,0,1,0,0,0,0,119,119,128,0,2,-2,2,0,2,0,0,0,2,0,-2,0,0,0,45,0,45,0,0,0,0,0,0,1,0,1,0,0,0,0,0,0,0,0,0,0,0,0,0,0,0,0,0,0,0,0,0,0,0,0,0,0,0,0,0,0,0,0,0,0,0,0,1,0,1,0,0,0,1,0,1,2,0,2,0,0,0,2,0,2,0,0,0,0,0,0,0,0,0,1,1,0,0,0,0,0,0,0,0,0,0,1,1,0,0,0,0,0,0,1,1,1,1,0,0,0,0,0,0,0,0,1,1,1,1,100,100,0,0,0,0,0,0,0,0,0,0,100,100,0,0,0,0,0,0,100,100,100,100,0,0,0,0,0,0,0,0,100,100,100,100,0,0,0,0,0,0,0,0,0,0,0,0,0,0,0,0,0,0,0,0,0,50,0,0,0,0,0,0,100,0,100,0,0,0,1,0,1,100,0,100,1,0,1,100,0,100,0,0,0,0,0,0,0,0,0,100,0,100,0,0,0,0.00,0.00,0.00,0,0,0.00,0,0,0,0,0,0,0,0,0.00,0.00,0.00,0.00,0.00,0.00,0,0,0,0,0,0,0,0,0,0,0,0,0,0,0,0,0,0,0,0,0,0,100,0,100,0
Kestel Spor Kulübü,Kestelspor,2024/2025,Turkey,2,1,1,0,1,1,0,0,0,0,1,0,1,1.5,3,0,0,121,121,84,3,5,-2,8,3,5,2,1,1,4,1,-3,60,45,90,36,90,23,0,0,0,2,1,1,0,0,0,0,0,0,10,6,4,9,9,0,57,68,46,38,26,12,13,7,6,25,19,6,0,0,0,0,0,0,1,0,1,-1,0,-1,0,0,0,1,1,0,1,0,1,0.5,1,0,4,3,5,1.5,2,1,2.5,1,4,0.5,0,1,0,0,0,0.5,0,1,2,2,2,1,1,0,1,1,1,0,0,0,1,1,1,1,1,0,0,0,0,1,1,2,0,0,0,1,1,1,0,0,0,0,0,1,100,100,100,50,50,0,100,100,100,0,0,0,100,100,100,100,100,0,0,0,0,50,50,100,0,0,0,100,100,100,0,0,0,0,0,100,1,0,0,0,0,0,1,0,0,50,0,0,0,0,0,100,0,0,50,100,0,47,0,0,0,100,100,100,0,0,0,0,0,0,1,1,0,50,100,0,2,1,1,100,100,100,0,0,0,0,0,0,0,0,0,50,100,0,50,0,100,5.00,6.00,4.00,4.5,9,0.00,100,50,50,50,0,0,0,0,1.98,2.54,1.40,1.39,0.89,1.88,150,0,0,0,0,0,0,1,0,1,0,0,0,0,2,0,1,0,2,0,0,0,50,0,100,0
Kuşadası Gençlik Spor Kulübü,Kuşadasıspor,2024/2025,Turkey,1,1,0,0,0,0,0,0,0,0,1,1,0,0,0,0,0,122,122,114,1,2,-1,3,3,0,1,0,2,0,-1,0,90,90,0,45,45,0,0,0,0,1,1,0,0,0,0,1,1,0,4,4,0,3,3,0,41,41,0,8,8,0,4,4,0,4,4,0,0,0,0,1,1,0,0,0,0,1,1,0,1,1,0,0,0,0,0,0,0,3,3,0,3,3,0,1,1,0,2,2,0,1,1,0,1,1,0,0,0,0,1,1,1,0,0,0,1,1,1,0,0,0,0,0,0,0,0,0,0,0,0,1,1,1,0,0,0,1,1,1,0,0,0,0,0,0,100,100,100,0,0,0,100,100,100,0,0,0,0,0,0,0,0,0,0,0,0,100,100,100,0,0,0,100,100,100,0,0,0,0,0,0,1,0,0,1,0,0,0,0,0,100,0,0,100,0,0,0,0,0,0,0,0,0,0,0,0,100,100,0,0,0,0,100,100,0,1,1,0,100,100,0,0,0,0,0,0,0,0,0,0,0,0,0,100,100,0,0,0,0,0,0,0,4.00,4.00,0.00,3,3,0.00,100,100,100,0,0,0,0,0,0.09,1.09,0.00,0.60,1.60,0.00,0,1,0,0,0,0,0,0,0,0,0,0,0,0,0,1,0,0,1,0,0,0,100,100,0,0
Efeler 09 Spor Futbol Kulübü,Efeler 09 Spor,2024/2025,Turkey,1,1,0,0,0,0,0,0,0,0,1,1,0,0,0,0,0,126,126,113,1,2,-1,3,3,0,1,0,2,0,-1,0,90,90,0,45,45,0,0,0,0,1,1,0,0,0,0,0,0,0,3,3,0,2,2,0,47,47,0,8,8,0,3,3,0,5,5,0,0,0,0,0,0,0,2,2,0,-2,-2,0,0,0,0,0,0,0,1,1,0,0,0,0,3,3,0,1,1,0,2,2,0,2,2,0,0,0,0,2,2,0,1,1,1,0,0,0,1,1,1,0,0,0,0,0,0,0,0,0,0,0,0,1,1,1,0,0,0,1,1,1,0,0,0,0,0,0,100,100,100,0,0,0,100,100,100,0,0,0,0,0,0,0,0,0,0,0,0,100,100,100,0,0,0,100,100,100,0,0,0,0,0,0,1,1,0,1,1,0,0,0,0,100,100,0,100,100,0,0,0,0,0,0,0,0,0,0,0,100,100,0,0,0,0,0,0,0,0,0,0,0,0,0,1,1,0,100,100,0,0,0,0,0,0,0,0,0,0,0,0,0,100,100,0,3.00,3.00,0.00,2,2,0.00,0,0,0,0,0,0,0,0,0.02,1.02,0.00,0.77,1.77,0.00,200,0,0,0,0,1,0,0,0,0,0,2,0,0,0,0,0,0,0,0,0,0,100,100,0,0
Aliağa Futbol AŞ,Aliağa FAŞ,2024/2025,Turkey,1,1,0,0,0,0,0,0,0,0,1,1,0,0,0,0,0,130,130,121,2,3,-1,5,5,0,2,0,3,0,-1,0,45,45,0,30,30,0,0,0,0,1,1,0,0,0,0,0,0,0,9,9,0,5,5,0,55,55,0,14,14,0,8,8,0,6,6,0,0,0,0,0,0,0,1,1,0,-1,-1,0,0,0,0,0,0,0,1,1,0,0,0,0,5,5,0,2,2,0,3,3,0,1,1,0,0,0,0,1,1,0,1,1,1,1,1,0,1,1,1,1,1,0,0,0,0,0,0,0,0,0,0,0,0,1,0,0,0,0,0,1,0,0,0,0,0,0,100,100,100,100,100,0,100,100,100,100,100,0,0,0,0,0,0,0,0,0,0,0,0,100,0,0,0,0,0,100,0,0,0,0,0,0,1,0,0,1,0,0,0,0,0,100,0,0,100,0,0,0,0,0,0,0,0,0,0,0,0,100,100,0,0,0,0,0,0,0,0,0,0,0,0,0,1,1,0,100,100,0,0,0,0,0,0,0,0,0,0,0,0,0,100,100,0,9.00,9.00,0.00,5,5,0.00,100,100,100,100,100,100,100,100,0.95,1.95,0.00,0.64,1.64,0.00,0,0,0,0,0,1,0,0,0,0,0,0,0,1,0,0,0,0,0,0,0,0,100,100,0,100
İnegöl Kafkas Gençlik Spor Kulübü,İnegöl Kafkas Gençlik,2024/2025,Turkey,1,1,0,0,0,0,0,0,0,0,1,1,0,0,0,0,0,131,131,150,0,4,-4,4,4,0,0,0,4,0,-4,0,0,0,0,23,23,0,0,0,0,0,0,0,1,1,0,0,0,0,4,4,0,0,0,0,36,36,0,8,8,0,4,4,0,4,4,0,0,0,0,0,0,0,3,3,0,-3,-3,0,0,0,0,0,0,0,1,1,0,0,0,0,4,4,0,0,0,0,4,4,0,3,3,0,0,0,0,3,3,0,1,1,1,1,0,0,1,1,1,1,0,0,0,0,0,0,0,0,0,0,0,0,1,1,0,0,0,0,1,1,0,0,0,0,0,0,100,100,100,100,0,0,100,100,100,100,0,0,0,0,0,0,0,0,0,0,0,0,100,100,0,0,0,0,100,100,0,0,0,0,0,0,1,1,1,1,1,1,0,0,0,100,100,100,100,100,100,0,0,0,0,0,0,0,0,0,0,0,0,0,100,100,0,0,0,0,0,0,0,0,0,0,1,1,0,100,100,0,0,0,0,0,0,0,0,0,0,0,0,0,100,100,0,4.00,4.00,0.00,0,0,0.00,100,100,100,100,100,0,0,0,0.03,1.03,0.00,0.85,1.85,0.00,0,0,0,0,0,0,0,0,0,0,1,1,0,1,0,0,1,0,0,0,0,0,100,100,0,0
Anadolu Üniversitesi Spor Kulübü,Anadolu Üniversitesi,2024/2025,Turkey,2,1,1,0,1,0,1,0,0,0,1,1,0,1.5,0,3,0,134,134,70,4,4,0,8,3,5,1,3,2,2,-1,1,45,90,30,45,45,45,0,0,0,2,1,1,0,0,0,1,0,1,22,11,11,7,2,5,50,55,45,35,24,11,18,10,8,17,14,3,0,0,0,2,1,1,1,1,0,1,0,1,1,0,1,1,1,0,0,0,0,2,1,3,4,3,5,2,1,3,2,2,2,1.5,2,1,1,1,1,0.5,1,0,2,2,2,1,1,0,1,1,1,0,0,0,1,1,1,1,1,0,0,0,0,1,1,2,0,0,0,1,1,1,0,0,0,0,0,1,100,100,100,50,50,0,100,100,100,0,0,0,100,100,100,100,100,0,0,0,0,50,50,100,0,0,0,100,100,100,0,0,0,0,0,100,2,1,0,1,1,0,1,0,0,100,50,0,100,100,0,100,0,0,50,0,100,0,0,0,0,100,100,100,0,0,0,50,0,100,1,0,1,50,0,100,0,0,0,0,0,0,1,1,0,50,100,0,50,0,100,50,100,0,0,0,0,11.00,11.00,11.00,3.5,2,5.00,100,100,100,100,100,100,100,100,2.10,2.55,1.64,1.53,1.10,1.95,50,0,0,1,1,0,0,0,0,0,0,1,0,0,1,0,0,0,1,0,0,0,50,100,0,100
Viven Bornova Futbol Kulübü,Viven Bornova,2024/2025,Turkey,1,1,0,0,0,0,0,0,0,0,1,1,0,0,0,0,0,135,135,133,0,2,-2,2,2,0,0,0,2,0,-2,0,0,0,0,45,45,0,0,0,0,0,0,0,1,1,0,0,0,0,1,1,0,2,2,0,38,38,0,6,6,0,3,3,0,3,3,0,0,0,0,0,0,0,0,0,0,0,0,0,0,0,0,1,1,0,0,0,0,1,1,0,2,2,0,0,0,0,2,2,0,0,0,0,0,0,0,0,0,0,1,1,0,0,0,0,1,1,0,0,0,0,0,0,0,0,0,0,0,0,1,1,1,1,0,0,1,1,1,1,0,0,0,0,0,0,100,100,0,0,0,0,100,100,0,0,0,0,0,0,0,0,0,0,0,0,100,100,100,100,0,0,100,100,100,100,0,0,0,0,0,0,0,0,0,0,0,0,0,0,0,0,0,0,0,0,0,0,0,0,0,0,0,0,0,0,0,0,0,0,100,100,0,0,0,0,1,1,0,100,100,0,1,1,0,100,100,0,0,0,0,0,0,0,0,0,0,100,100,0,0,0,0,1.00,1.00,0.00,2,2,0.00,100,0,0,0,0,0,0,0,0.00,0.87,0.00,1.15,2.15,0.00,100,0,0,0,0,0,0,0,0,0,0,0,0,0,0,0,0,0,2,0,0,0,100,100,0,0
Tokat Belediye Plevne Spor Kulübü,Tokat Bld Plevnespor,2024/2025,Turkey,1,0,1,0,0,0,0,0,0,0,1,0,1,0,0,0,0,136,136,109,0,1,-1,1,0,1,0,0,0,1,0,-1,0,0,0,90,0,90,0,0,0,0,0,0,1,0,1,0,0,0,4,0,4,3,0,3,46,0,46,9,0,9,4,0,4,5,0,5,0,0,0,0,0,0,0,0,0,0,0,0,0,0,0,1,0,1,0,0,0,1,0,1,1,0,1,0,0,0,1,0,1,0,0,0,0,0,0,0,0,0,1,0,0,0,0,0,0,0,0,0,0,0,1,0,0,0,0,0,0,1,1,1,1,1,0,0,0,0,0,0,0,1,1,1,1,1,100,0,0,0,0,0,0,0,0,0,0,0,100,0,0,0,0,0,0,100,100,100,100,100,0,0,0,0,0,0,0,100,100,100,100,100,0,0,0,0,0,0,0,0,0,0,0,0,0,0,0,0,0,0,0,0,0,50,0,0,0,0,0,0,100,0,100,0,0,0,1,0,1,100,0,100,1,0,1,100,0,100,0,0,0,0,0,0,0,0,0,100,0,100,0,0,0,4.00,0.00,4.00,3,0,3.00,100,100,100,0,0,0,0,0,0.11,0.00,1.11,0.75,0.00,1.75,0,0,0,0,0,0,0,0,0,0,0,0,0,0,0,0,1,0,0,0,0,0,100,0,100,0
Sebat Gençlik Spor Kulübü,Sebat Gençlikspor,2024/2025,Turkey,2,0,2,0,1,0,1,0,0,0,1,0,1,1.5,0,1.5,0,137,137,53,6,4,2,10,0,10,0,6,0,4,0,2,30,0,30,45,0,45,1,0,1,1,0,1,0,0,0,2,0,2,4,0,4,5,0,5,49,0,49,36,0,36,20,0,20,16,0,16,0,0,0,2,0,2,0,0,0,2,0,2,1,0,1,1,0,1,0,0,0,2,0,2,5,0,5,3,0,3,2,0,2,1,0,1,1,0,1,0,0,0,2,2,2,1,1,1,0,0,0,0,0,0,2,2,2,1,1,1,0,0,0,1,1,1,0,0,0,0,0,0,0,0,0,1,1,1,100,100,100,50,50,50,0,0,0,0,0,0,100,100,100,50,50,50,0,0,0,50,50,50,0,0,0,0,0,0,0,0,0,50,50,50,1,1,0,0,0,0,1,1,0,50,50,0,0,0,0,50,50,0,50,0,50,0,50,0,50,50,0,50,0,0,0,100,0,100,2,0,2,100,0,100,1,0,1,50,0,50,0,0,0,0,0,0,50,0,50,50,0,50,0,0,0,2.00,0.00,2.00,5,0,5.00,50,50,50,50,0,0,0,0,1.70,0.00,2.20,1.22,0.00,1.72,250,0,0,0,2,0,0,2,1,1,0,0,0,0,1,1,1,0,0,0,0,0,50,0,50,0
Adana 1954 Futbol Kulübü,Adana 1954 FK,2024/2025,Turkey,2,0,2,0,1,0,1,0,0,0,1,0,1,1.5,0,1.5,0,138,138,65,2,2,0,4,0,4,0,2,0,2,0,0,90,0,90,90,0,90,0,0,0,1,0,1,1,0,1,1,0,1,1,0,1,1,0,1,53,0,53,14,0,14,8,0,8,6,0,6,0,0,0,2,0,2,0,0,0,2,0,2,1,0,1,1,0,1,0,0,0,2,0,2,2,0,2,1,0,1,1,0,1,1,0,1,1,0,1,0,0,0,2,1,1,0,0,0,0,0,0,0,0,0,2,1,1,0,0,0,0,1,1,2,2,2,0,0,0,0,0,0,0,1,1,2,2,2,100,50,50,0,0,0,0,0,0,0,0,0,100,50,50,0,0,0,0,50,50,100,100,100,0,0,0,0,0,0,0,50,50,100,100,100,1,1,0,0,0,0,1,1,0,50,50,0,0,0,0,50,50,0,50,0,50,0,0,0,0,50,0,50,50,0,50,50,0,50,2,0,2,100,0,100,1,0,1,50,0,50,0,0,0,0,0,0,50,0,50,50,0,50,0,0,0,1.00,0.00,1.00,1,0,1.00,0,0,0,0,0,0,0,0,0.77,0.00,1.77,0.02,0.00,1.02,100,0,2,0,0,0,0,0,0,0,0,0,0,0,1,0,0,0,0,0,0,0,50,0,50,0
Osmanlispor FK,Osmanlıspor,2024/2025,Turkey,1,1,0,0,0,0,0,0,0,0,1,1,0,0,0,0,0,3,3,116,1,2,-1,3,3,0,1,0,2,0,-1,0,90,90,0,45,45,0,0,0,0,1,1,0,0,0,0,0,0,0,0,0,0,5,5,0,42,42,0,15,15,0,7,7,0,8,8,0,0,0,0,0,0,0,0,0,0,0,0,0,0,0,0,1,1,0,0,0,0,1,1,0,3,3,0,1,1,0,2,2,0,0,0,0,0,0,0,0,0,0,1,1,1,0,0,0,1,1,1,0,0,0,0,0,0,0,0,0,0,0,0,1,1,1,0,0,0,1,1,1,0,0,0,0,0,0,100,100,100,0,0,0,100,100,100,0,0,0,0,0,0,0,0,0,0,0,0,100,100,100,0,0,0,100,100,100,0,0,0,0,0,0,0,0,0,0,0,0,0,0,0,0,0,0,0,0,0,0,0,0,0,0,0,0,0,0,0,100,100,0,0,0,0,0,0,0,1,1,0,100,100,0,1,1,0,100,100,0,0,0,0,0,0,0,0,0,0,100,100,0,0,0,0,0.00,0.00,0.00,5,5,0.00,0,0,0,0,0,0,0,0,0.83,1.83,0.00,0.22,1.22,0.00,100,0,0,0,0,0,0,0,0,1,0,0,0,0,0,0,0,0,1,0,0,0,100,100,0,0
Alanyaspor,Alanyaspor,2024/2025,Turkey,5,3,2,0,3,3,0,1,0,1,1,0,1,2,3,0.5,0,5,5,13,12,8,4,20,15,5,11,1,4,4,7,-3,38,25,180,56,68,45,0,0,0,4,3,1,1,0,1,4,3,1,24,12,12,7,3,4,51,51,50,71,46,25,38,28,10,33,18,15,10,0,10,7,7,0,2,2,0,5,5,0,2,2,0,3,1,2,0,0,0,1.8,2.33,1,4,5,2.5,2.4,3.67,0.5,1.6,1.33,2,1.8,3,0,1.4,2.33,0,0.4,0.67,0,5,5,4,3,3,0,3,3,3,3,3,0,2,2,1,0,0,0,0,0,1,2,2,5,0,0,0,0,0,3,0,0,1,2,2,2,100,100,80,60,60,0,100,100,100,100,100,0,100,100,50,0,0,0,0,0,20,40,40,100,0,0,0,0,0,100,0,0,50,100,100,100,3,3,2,3,3,2,0,0,0,60,60,40,100,100,67,0,0,0,60,100,0,35,0,0,0,80,100,50,20,0,50,80,100,50,3,1,2,60,33,100,2,0,2,40,0,100,2,2,0,40,67,0,40,67,0,60,33,100,0,0,0,4.80,4.00,6.00,1.4,1,2.00,60,40,20,20,20,20,0,0,1.88,2.16,1.46,1.06,0.91,1.28,140,2,2,3,0,1,1,1,2,0,0,0,0,1,2,1,2,0,2,20,0,50,20,0,50,0
Çaykur Rizespor,Rizespor,2024/2025,Turkey,5,3,2,0,3,3,0,0,0,0,2,0,2,1.8,3,0,0,8,8,16,13,9,4,22,14,8,11,2,3,6,8,-4,35,25,90,50,90,30,1,1,0,3,2,1,1,0,1,2,2,0,38,23,15,9,4,5,56,57,55,77,61,16,38,30,8,39,31,8,13,0,13,8,8,0,4,1,3,4,7,-3,2,2,0,2,1,1,1,0,1,1.6,2.33,0.5,4.4,4.67,4,2.6,3.67,1,1.8,1,3,2.4,3,1.5,1.6,2.67,0,0.8,0.33,1.5,5,4,4,3,3,2,3,3,3,2,2,1,2,1,1,1,1,1,0,1,1,2,2,3,0,0,0,1,1,2,0,1,1,1,1,1,100,80,80,60,60,40,100,100,100,67,67,33,100,50,50,50,50,50,0,20,20,40,40,60,0,0,0,33,33,67,0,50,50,50,50,50,4,4,2,3,3,1,1,1,1,80,80,40,100,100,33,50,50,50,60,100,0,43,20,33,0,60,67,50,20,0,50,40,67,0,3,2,1,60,67,50,2,0,2,40,0,100,1,1,0,20,33,0,40,67,0,40,33,50,20,0,50,7.60,7.67,7.50,2.25,2,2.50,80,80,60,60,60,60,20,20,1.90,2.43,1.10,0.98,0.75,1.33,160,1,2,1,2,3,0,1,0,3,0,1,1,0,2,2,0,1,2,0,0,0,40,0,100,20
Antalyaspor,Antalyaspor,2024/2025,Turkey,5,3,2,0,2,2,0,1,0,1,2,1,1,1.4,2,0.5,0,11,11,23,10,8,2,18,12,6,8,2,4,4,4,-2,45,34,90,56,68,45,0,0,0,5,3,2,0,0,0,2,2,0,18,17,1,5,1,4,50,50,50,49,41,8,26,19,7,23,22,1,9,9,0,4,4,0,4,1,3,0,3,-3,2,2,0,0,0,0,3,1,2,1.2,2,0,3.6,4,3,2,2.67,1,1.6,1.33,2,1.6,1.67,1.5,0.8,1.33,0,0.8,0.33,1.5,5,5,4,3,1,0,3,3,3,2,1,0,2,2,1,1,0,0,0,0,1,2,4,5,0,0,0,1,2,3,0,0,1,1,2,2,100,100,80,60,20,0,100,100,100,67,33,0,100,100,50,50,0,0,0,0,20,40,80,100,0,0,0,33,67,100,0,0,50,50,100,100,5,3,0,3,2,0,2,1,0,100,60,0,100,67,0,100,50,0,40,67,0,26,0,0,0,100,100,100,0,0,0,40,67,0,2,2,0,40,67,0,3,1,2,60,33,100,0,0,0,0,0,0,40,67,0,0,0,0,60,33,100,4.50,5.67,1.00,1,0.33,2.00,50,50,50,25,0,0,0,0,1.53,1.61,1.29,1.30,1.25,1.43,100,1,2,1,0,0,2,2,0,2,2,1,0,0,1,1,0,1,2,20,0,50,40,33,50,0
Gençlerbirliği,Gençlerbirliği,2024/2025,Turkey,2,2,0,0,1,1,0,0,0,0,1,1,0,1.5,1.5,0,0,14,14,62,1,1,0,2,2,0,1,0,1,0,0,0,180,180,0,180,180,0,1,1,0,0,0,0,1,1,0,1,1,0,23,23,0,6,6,0,60,60,0,52,52,0,21,21,0,31,31,0,0,0,0,0,0,0,1,1,0,-1,-1,0,0,0,0,1,1,0,1,1,0,0.5,0.5,0,1,1,0,0.5,0.5,0,0.5,0.5,0,0.5,0.5,0,0,0,0,0.5,0.5,0,2,0,0,0,0,0,2,0,0,0,0,0,0,0,0,0,0,0,0,2,2,2,2,2,0,2,2,2,2,2,0,0,0,0,0,0,100,0,0,0,0,0,100,0,0,0,0,0,0,0,0,0,0,0,0,100,100,100,100,100,0,100,100,100,100,100,0,0,0,0,0,0,1,0,0,1,0,0,0,0,0,50,0,0,50,0,0,0,0,0,50,50,0,0,50,50,0,0,0,0,50,50,0,50,50,0,1,1,0,50,50,0,2,2,0,100,100,0,0,0,0,0,0,0,0,0,0,50,50,0,50,50,0,11.50,11.50,0.00,3,3,0.00,100,100,100,100,100,100,100,50,2.35,2.85,0.00,0.52,1.02,0.00,0,0,0,0,0,0,0,0,0,0,1,0,0,0,0,0,0,0,0,0,0,0,50,50,0,50
Ümraniyespor,Ümraniyespor,2024/2025,Turkey,2,2,0,0,1,1,0,0,0,0,1,1,0,1.5,1.5,0,0,17,17,73,4,4,0,8,8,0,4,0,4,0,0,0,45,45,0,45,45,0,0,0,0,2,2,0,0,0,0,1,1,0,11,11,0,6,6,0,54,54,0,39,39,0,16,16,0,23,23,0,0,0,0,2,2,0,1,1,0,1,1,0,1,1,0,1,1,0,0,0,0,2,2,0,4,4,0,2,2,0,2,2,0,1.5,1.5,0,1,1,0,0.5,0.5,0,2,2,2,1,1,0,2,2,2,1,1,0,0,0,0,0,0,0,0,0,0,1,1,2,0,0,0,1,1,2,0,0,0,0,0,0,100,100,100,50,50,0,100,100,100,50,50,0,0,0,0,0,0,0,0,0,0,50,50,100,0,0,0,50,50,100,0,0,0,0,0,0,2,1,0,2,1,0,0,0,0,100,50,0,100,50,0,0,0,0,50,50,0,0,0,0,0,100,100,0,0,0,0,50,50,0,1,1,0,50,50,0,0,0,0,0,0,0,1,1,0,50,50,0,50,50,0,50,50,0,0,0,0,5.50,5.50,0.00,3,3,0.00,50,50,50,50,50,50,50,50,1.60,2.10,0.00,0.96,1.46,0.00,100,1,0,0,0,1,0,1,0,1,1,0,0,0,0,1,1,1,0,0,0,0,50,50,0,50
Adana Demirspor,Adana Demirspor,2024/2025,Turkey,2,1,1,0,1,1,0,0,0,0,1,0,1,1.5,3,0,0,20,20,76,4,5,-1,9,7,2,4,0,3,2,1,-2,45,23,0,36,30,45,0,0,0,1,1,0,1,0,1,0,0,0,15,7,8,6,2,4,58,56,60,39,23,16,18,10,8,21,13,8,0,0,0,0,0,0,2,2,0,-2,-2,0,0,0,0,1,0,1,1,1,0,0.5,0,1,4.5,7,2,2,4,0,2.5,3,2,1,2,0,0,0,0,1,2,0,2,2,1,1,1,1,1,1,1,1,1,1,1,1,0,0,0,0,0,0,1,1,1,1,0,0,0,0,0,0,0,0,1,1,1,1,100,100,50,50,50,50,100,100,100,100,100,100,100,100,0,0,0,0,0,0,50,50,50,50,0,0,0,0,0,0,0,0,100,100,100,100,1,1,0,1,1,0,0,0,0,50,50,0,100,100,0,0,0,0,50,100,0,40,0,0,0,50,100,0,50,0,100,0,0,0,1,0,1,50,0,100,2,1,1,100,100,100,0,0,0,0,0,0,0,0,0,50,0,100,50,100,0,7.50,7.00,8.00,3,2,4.00,100,100,100,100,50,50,0,0,2.29,2.56,2.03,1.44,1.64,1.24,150,0,0,0,0,1,1,1,0,0,0,0,0,2,0,0,2,0,1,0,0,0,50,0,100,0
Gazişehir Gaziantep FK,Gazişehir Gaziantep,2024/2025,Turkey,5,4,1,0,3,3,0,0,0,0,2,1,1,1.8,2.25,0,0,26,26,17,8,5,3,13,12,1,8,0,4,1,4,-1,56,45,0,90,90,90,3,3,0,1,1,0,1,0,1,3,3,0,29,26,3,7,7,0,56,58,46,64,58,6,25,25,0,39,33,6,13,13,0,1,1,0,3,3,0,-2,-2,0,1,1,0,3,2,1,1,1,0,1.2,1.25,1,2.6,3,1,1.6,2,0,1,1,1,0.8,1,0,0.2,0.25,0,0.6,0.75,0,5,3,2,2,1,0,4,3,2,2,1,0,1,0,0,0,0,0,0,2,3,3,4,5,0,1,2,2,3,4,0,1,1,1,1,1,100,60,40,40,20,0,100,75,50,50,25,0,100,0,0,0,0,0,0,40,60,60,80,100,0,25,50,50,75,100,0,100,100,100,100,100,2,1,1,2,1,1,0,0,0,40,20,20,50,25,25,0,0,0,60,75,0,0,60,75,0,20,25,0,20,0,100,60,75,0,4,3,1,80,75,100,4,3,1,80,75,100,0,0,0,0,0,0,20,25,0,60,50,100,20,25,0,5.80,6.50,3.00,1.4,1.75,0.00,80,80,60,40,20,20,0,0,1.54,1.78,0.59,1.28,1.18,1.68,120,0,0,1,0,0,0,2,1,4,0,1,2,0,0,1,0,0,1,0,0,0,40,25,100,0
Bandırmaspor,Bandırmaspor,2024/2025,Turkey,1,1,0,0,0,0,0,0,0,0,1,1,0,0,0,0,0,29,29,122,2,3,-1,5,5,0,2,0,3,0,-1,0,45,45,0,30,30,0,0,0,0,1,1,0,0,0,0,0,0,0,5,5,0,3,3,0,55,55,0,15,15,0,9,9,0,6,6,0,0,0,0,0,0,0,1,1,0,-1,-1,0,0,0,0,0,0,0,1,1,0,0,0,0,5,5,0,2,2,0,3,3,0,1,1,0,0,0,0,1,1,0,1,1,1,1,1,0,1,1,1,1,1,0,0,0,0,0,0,0,0,0,0,0,0,1,0,0,0,0,0,1,0,0,0,0,0,0,100,100,100,100,100,0,100,100,100,100,100,0,0,0,0,0,0,0,0,0,0,0,0,100,0,0,0,0,0,100,0,0,0,0,0,0,1,0,0,1,0,0,0,0,0,100,0,0,100,0,0,0,0,0,0,0,0,0,0,0,0,100,100,0,0,0,0,0,0,0,0,0,0,0,0,0,1,1,0,100,100,0,0,0,0,0,0,0,0,0,0,0,0,0,100,100,0,5.00,5.00,0.00,3,3,0.00,100,100,0,0,0,0,0,0,1.09,2.09,0.00,1.78,2.78,0.00,0,0,0,0,0,0,0,1,0,1,0,1,0,0,0,0,0,0,1,0,0,0,100,100,0,0
BB Erzurumspor,BB Erzurumspor,2024/2025,Turkey,5,4,1,0,2,2,0,0,0,0,3,2,1,1.2,1.5,0,0,35,35,37,5,11,-6,16,11,5,5,0,6,5,-1,-5,90,72,0,41,60,18,1,1,0,1,1,0,3,2,1,2,2,0,34,32,2,1,1,0,51,52,50,56,52,4,26,26,0,30,26,4,19,19,0,2,2,0,3,2,1,-1,0,-1,1,1,0,2,2,0,2,1,1,1,1.25,0,3.2,2.75,5,1,1.25,0,2.2,1.5,5,1,1,1,0.4,0.5,0,0.6,0.5,1,5,4,3,2,2,0,4,3,2,1,1,0,1,1,1,1,1,0,0,1,2,3,3,5,0,1,2,3,3,4,0,0,0,0,0,1,100,80,60,40,40,0,100,75,50,25,25,0,100,100,100,100,100,0,0,20,40,60,60,100,0,25,50,75,75,100,0,0,0,0,0,100,3,1,1,2,1,1,1,0,0,60,20,20,50,25,25,100,0,0,40,50,0,29,20,25,0,20,25,0,60,50,100,40,50,0,2,2,0,40,50,0,4,3,1,80,75,100,1,1,0,20,25,0,20,25,0,40,50,0,40,25,100,6.80,8.00,2.00,0.2,0.25,0.00,80,80,40,40,40,40,20,20,1.49,1.73,0.51,1.48,1.19,2.66,100,1,0,1,0,0,1,2,0,0,1,0,1,1,1,0,2,1,4,0,0,0,60,50,100,20
Manisa Büyükşehir Belediye Spor Kulübü,Manisa BBSK,2024/2025,Turkey,1,0,1,0,0,0,0,0,0,0,1,0,1,0,0,0,0,39,39,143,2,4,-2,6,0,6,0,2,0,4,0,-2,45,0,45,23,0,23,0,0,0,1,0,1,0,0,0,1,0,1,5,0,5,1,0,1,44,0,44,9,0,9,5,0,5,4,0,4,0,0,0,2,0,2,0,0,0,2,0,2,1,0,1,0,0,0,0,0,0,3,0,3,6,0,6,2,0,2,4,0,4,2,0,2,2,0,2,0,0,0,1,1,1,1,1,1,0,0,0,0,0,0,1,1,1,1,1,1,0,0,0,0,0,0,0,0,0,0,0,0,0,0,0,0,0,0,100,100,100,100,100,100,0,0,0,0,0,0,100,100,100,100,100,100,0,0,0,0,0,0,0,0,0,0,0,0,0,0,0,0,0,0,1,1,0,0,0,0,1,1,0,100,100,0,0,0,0,100,100,0,0,0,0,0,0,0,0,100,0,100,0,0,0,100,0,100,1,0,1,100,0,100,0,0,0,0,0,0,0,0,0,0,0,0,100,0,100,0,0,0,0,0,0,5.00,0.00,5.00,1,0,1.00,100,100,100,100,100,0,0,0,0.21,0.00,1.21,0.88,0.00,1.88,100,0,0,0,2,0,0,0,0,0,0,0,0,0,1,0,1,1,1,0,0,0,100,0,100,0
Keçiörengücü Spor Kulübü,Keçiörengücü,2024/2025,Turkey,2,2,0,0,1,1,0,0,0,0,1,1,0,1.5,1.5,0,0,41,41,77,5,6,-1,11,11,0,5,0,6,0,-1,0,36,36,0,30,30,0,0,0,0,2,2,0,0,0,0,2,2,0,13,13,0,3,3,0,55,55,0,20,20,0,10,10,0,10,10,0,0,0,0,4,4,0,3,3,0,1,1,0,1,1,0,0,0,0,1,1,0,1.5,1.5,0,5.5,5.5,0,2.5,2.5,0,3,3,0,3.5,3.5,0,2,2,0,1.5,1.5,0,2,2,2,2,2,1,2,2,2,2,2,1,0,0,0,0,0,0,0,0,0,0,0,1,0,0,0,0,0,1,0,0,0,0,0,0,100,100,100,100,100,50,100,100,100,100,100,50,0,0,0,0,0,0,0,0,0,0,0,50,0,0,0,0,0,50,0,0,0,0,0,0,2,2,2,2,2,2,0,0,0,100,100,100,100,100,100,0,0,0,50,50,0,0,0,0,0,100,100,0,0,0,0,100,100,0,0,0,0,0,0,0,0,0,0,0,0,0,2,2,0,100,100,0,50,50,0,0,0,0,50,50,0,6.50,6.50,0.00,1.5,1.5,0.00,100,100,100,100,100,50,50,50,0.74,1.24,0.00,1.01,1.51,0.00,150,2,0,1,1,0,0,1,0,0,1,0,0,2,1,2,0,0,0,0,0,0,50,50,0,50
Amed Sportif Faaliyetler Kulübü,Amed,2024/2025,Turkey,2,1,1,0,1,1,0,0,0,0,1,0,1,1.5,3,0,0,43,43,67,3,3,0,6,1,5,1,2,0,3,1,-1,60,90,45,60,0,30,1,1,0,1,0,1,0,0,0,1,1,0,4,0,4,2,0,2,53,0,53,8,0,8,6,0,6,2,0,2,0,0,0,1,0,1,1,0,1,0,0,0,0,0,0,2,1,1,0,0,0,1,1,1,3,1,5,1.5,1,2,1.5,0,3,1,0,2,0.5,0,1,0.5,0,1,2,1,1,1,1,0,1,0,0,0,0,0,1,1,1,1,1,0,0,1,1,1,1,2,0,1,1,1,1,1,0,0,0,0,0,1,100,50,50,50,50,0,100,0,0,0,0,0,100,100,100,100,100,0,0,50,50,50,50,100,0,100,100,100,100,100,0,0,0,0,0,100,1,1,0,0,0,0,1,1,0,50,50,0,0,0,0,100,100,0,50,100,0,34,50,100,0,50,0,100,0,0,0,50,100,0,1,1,0,50,100,0,1,1,0,50,100,0,1,0,1,50,0,100,0,0,0,100,100,100,0,0,0,4.00,0.00,4.00,2,0,2.00,100,0,0,0,0,0,0,0,0.31,0.00,1.31,1.45,0.00,2.45,50,0,0,0,1,0,0,0,0,1,1,0,0,0,0,1,0,1,0,0,0,0,50,0,100,0
Menemen Belediye Spor Kulübü,Menemen Belediyespor,2024/2025,Turkey,2,2,0,0,1,1,0,0,0,0,1,1,0,1.5,1.5,0,0,52,52,50,5,3,2,8,8,0,5,0,3,0,2,0,36,36,0,60,60,0,1,1,0,1,1,0,0,0,0,1,1,0,12,12,0,5,5,0,43,43,0,25,25,0,14,14,0,11,11,0,0,0,0,2,2,0,2,2,0,0,0,0,1,1,0,0,0,0,1,1,0,1.5,1.5,0,4,4,0,2.5,2.5,0,1.5,1.5,0,2,2,0,1,1,0,1,1,0,2,2,2,1,1,0,2,2,2,1,1,0,0,0,0,0,0,0,0,0,0,1,1,2,0,0,0,1,1,2,0,0,0,0,0,0,100,100,100,50,50,0,100,100,100,50,50,0,0,0,0,0,0,0,0,0,0,50,50,100,0,0,0,50,50,100,0,0,0,0,0,0,2,1,1,2,1,1,0,0,0,100,50,50,100,50,50,0,0,0,50,50,0,0,50,50,0,50,50,0,0,0,0,50,50,0,1,1,0,50,50,0,0,0,0,0,0,0,1,1,0,50,50,0,50,50,0,0,0,0,50,50,0,6.00,6.00,0.00,2.5,2.5,0.00,100,50,50,50,50,50,50,50,1.07,1.57,0.00,1.03,1.53,0.00,50,0,0,1,1,0,0,0,1,2,1,0,0,0,1,0,0,0,1,0,0,0,50,50,0,50
Kastamonu Spor Kulübü 1966,Kastamonuspor 1966,2024/2025,Turkey,2,1,1,0,1,0,1,0,0,0,1,1,0,1.5,0,3,0,54,54,86,4,7,-3,11,7,4,1,3,6,1,-5,2,45,90,30,26,15,90,0,0,0,2,1,1,0,0,0,0,0,0,10,8,2,4,1,3,55,50,60,34,16,18,15,6,9,19,10,9,0,0,0,0,0,0,3,2,1,-3,-2,-1,0,0,0,0,0,0,2,1,1,0,0,0,5.5,7,4,2,1,3,3.5,6,1,1.5,2,1,0,0,0,1.5,2,1,2,2,2,2,1,1,1,1,1,1,1,1,1,1,1,1,0,0,0,0,0,0,1,1,0,0,0,0,0,0,0,0,0,0,1,1,100,100,100,100,50,50,100,100,100,100,100,100,100,100,100,100,0,0,0,0,0,0,50,50,0,0,0,0,0,0,0,0,0,0,100,100,2,1,0,1,1,0,1,0,0,100,50,0,100,100,0,100,0,0,50,0,100,-61,0,0,0,100,100,100,0,0,0,0,0,0,0,0,0,0,0,0,2,1,1,100,100,100,0,0,0,0,0,0,0,0,0,0,0,0,100,100,100,5.00,8.00,2.00,2,1,3.00,100,50,50,50,0,0,0,0,1.87,1.69,2.04,1.25,1.21,1.29,200,0,0,0,0,0,1,2,0,1,1,0,1,0,1,2,1,1,0,0,0,0,50,100,0,0
Van Büyükşehir Belediyesi Spor Kulübü,Van BB,2024/2025,Turkey,2,0,2,0,0,0,0,1,0,1,1,0,1,0.5,0,0.5,0,65,65,95,2,8,-6,10,0,10,0,2,0,8,0,-6,90,0,90,23,0,23,0,0,0,1,0,1,1,0,1,0,0,0,11,0,11,3,0,3,45,0,45,14,0,14,7,0,7,7,0,7,0,0,0,0,0,0,5,0,5,-5,0,-5,0,0,0,1,0,1,1,0,1,0.5,0,0.5,5,0,5,1,0,1,4,0,4,2.5,0,2.5,0,0,0,2.5,0,2.5,2,2,2,2,1,1,0,0,0,0,0,0,2,2,2,2,1,1,0,0,0,0,1,1,0,0,0,0,0,0,0,0,0,0,1,1,100,100,100,100,50,50,0,0,0,0,0,0,100,100,100,100,50,50,0,0,0,0,50,50,0,0,0,0,0,0,0,0,0,0,50,50,1,1,1,0,0,0,1,1,1,50,50,50,0,0,0,50,50,50,0,0,0,0,0,0,0,50,0,50,50,0,50,0,0,0,1,0,1,50,0,50,2,0,2,100,0,100,0,0,0,0,0,0,0,0,0,50,0,50,50,0,50,5.50,0.00,5.50,1.5,0,1.50,100,100,100,100,100,100,100,100,0.39,0.00,0.89,1.91,0.00,2.41,300,0,0,0,0,0,0,1,1,0,0,1,1,1,2,0,1,0,2,50,0,50,50,0,50,100
24 Erzincan Spor Kulübü,24 Erzincanspor,2024/2025,Turkey,2,2,0,0,1,1,0,0,0,0,1,1,0,1.5,1.5,0,0,67,67,60,7,6,1,13,13,0,7,0,6,0,1,0,26,26,0,30,30,0,1,1,0,1,1,0,0,0,0,1,1,0,6,6,0,7,7,0,43,43,0,23,23,0,10,10,0,13,13,0,0,0,0,0,0,0,1,1,0,-1,-1,0,0,0,0,1,1,0,1,1,0,0.5,0.5,0,6.5,6.5,0,3.5,3.5,0,3,3,0,0.5,0.5,0,0,0,0,0.5,0.5,0,2,2,2,1,1,1,2,2,2,1,1,1,0,0,0,0,0,0,0,0,0,1,1,1,0,0,0,1,1,1,0,0,0,0,0,0,100,100,100,50,50,50,100,100,100,50,50,50,0,0,0,0,0,0,0,0,0,50,50,50,0,0,0,50,50,50,0,0,0,0,0,0,1,0,0,1,0,0,0,0,0,50,0,0,50,0,0,0,0,0,50,50,0,0,50,50,0,50,50,0,0,0,0,50,50,0,1,1,0,50,50,0,2,2,0,100,100,0,0,0,0,0,0,0,0,0,0,50,50,0,50,50,0,6.00,6.00,0.00,3.5,3.5,0.00,100,100,100,100,100,0,0,0,1.59,2.59,0.00,1.03,2.03,0.00,450,0,0,0,0,0,0,3,3,1,1,0,0,0,1,2,0,0,2,0,0,0,50,50,0,0
Tire 1922 Spor Kulübü,Tire 1922 Spor,2024/2025,Turkey,2,1,1,0,1,0,1,0,0,0,1,1,0,1.5,0,3,0,71,71,85,2,5,-3,7,4,3,0,2,4,1,-4,1,90,0,45,36,23,90,0,0,0,1,0,1,1,1,0,1,0,1,7,2,5,4,1,3,45,44,45,15,6,9,7,2,5,8,4,4,0,0,0,1,0,1,3,2,1,-2,-2,0,0,0,0,1,0,1,1,1,0,0.5,0,1,3.5,4,3,1,0,2,2.5,4,1,2,2,2,0.5,0,1,1.5,2,1,2,2,2,1,0,0,1,1,1,1,0,0,1,1,1,0,0,0,0,0,0,1,2,2,0,0,0,0,1,1,0,0,0,1,1,1,100,100,100,50,0,0,100,100,100,100,0,0,100,100,100,0,0,0,0,0,0,50,100,100,0,0,0,0,100,100,0,0,0,100,100,100,2,2,0,1,1,0,1,1,0,100,100,0,100,100,0,100,100,0,50,0,100,-80,0,0,0,50,0,100,50,100,0,50,0,100,0,0,0,0,0,0,1,1,0,50,100,0,1,0,1,50,0,100,0,0,0,50,0,100,50,100,0,3.50,2.00,5.00,2,1,3.00,100,100,50,50,50,50,50,50,0.92,0.73,1.10,2.46,2.36,2.55,100,0,1,0,0,0,0,0,0,1,2,0,1,0,1,0,0,1,0,0,0,0,50,100,0,50
Hekimoğlu Trabzon,Hekimoğlu Trabzon,2024/2025,Turkey,2,1,1,0,1,1,0,0,0,0,1,0,1,1.5,3,0,0,81,81,83,3,5,-2,8,4,4,3,0,1,4,2,-4,60,30,0,36,90,23,0,0,0,1,1,0,1,0,1,1,1,0,8,5,3,3,3,0,46,50,42,25,18,7,14,10,4,11,8,3,0,0,0,1,1,0,0,0,0,1,1,0,1,1,0,1,0,1,0,0,0,2,3,1,4,4,4,1.5,3,0,2.5,1,4,0.5,1,0,0.5,1,0,0,0,0,2,2,2,2,0,0,1,1,1,1,0,0,1,1,1,1,0,0,0,0,0,0,2,2,0,0,0,0,1,1,0,0,0,0,1,1,100,100,100,100,0,0,100,100,100,100,0,0,100,100,100,100,0,0,0,0,0,0,100,100,0,0,0,0,100,100,0,0,0,0,100,100,1,0,0,1,0,0,0,0,0,50,0,0,100,0,0,0,0,0,50,100,0,80,0,0,0,50,100,0,50,0,100,50,100,0,2,1,1,100,100,100,1,0,1,50,0,100,0,0,0,0,0,0,50,100,0,50,0,100,0,0,0,4.00,5.00,3.00,3,3,0.00,100,100,50,50,0,0,0,0,1.54,2.12,0.95,1.76,1.09,2.42,50,1,0,0,0,0,0,1,0,1,0,0,0,0,1,0,2,2,0,0,0,0,50,0,100,0
Erzin Belediye Spor Kulübü,Erzin Belediyespor,2024/2025,Turkey,6,3,3,0,3,2,1,2,1,1,1,0,1,1.83,2.33,1.33,0,83,83,9,10,8,2,18,10,8,7,3,3,5,4,-2,54,39,90,68,90,54,1,1,0,4,2,2,1,0,1,4,3,1,18,10,8,18,8,10,42,45,38,55,34,21,34,25,9,21,9,12,26,11,15,7,5,2,1,0,1,6,5,1,4,3,1,1,0,1,1,0,1,2.17,3,1.33,3,3.33,2.67,1.67,2.33,1,1.33,1,1.67,1.33,1.67,1,1.17,1.67,0.67,0.17,0,0.33,6,5,4,2,1,0,3,2,2,2,1,0,3,3,2,0,0,0,0,1,2,4,5,6,0,1,1,1,2,3,0,0,1,3,3,3,100,83,67,33,17,0,100,67,67,67,33,0,100,100,67,0,0,0,0,17,33,67,83,100,0,33,33,33,67,100,0,0,33,100,100,100,5,2,1,3,1,1,2,1,0,83,33,17,100,33,33,67,33,0,50,67,33,33,17,33,0,67,67,67,17,0,33,67,100,33,5,3,2,83,100,67,2,0,2,33,0,67,0,0,0,0,0,0,67,100,33,17,0,33,17,0,33,3.00,3.33,2.67,3,2.67,3.33,83,67,50,17,17,17,0,0,1.31,1.65,0.96,1.69,1.67,1.71,83,3,0,2,1,1,2,0,1,0,0,0,0,0,3,0,2,0,3,33,33,33,17,0,33,0
Erok Spor Kulübü Derneği,Erokspor,2024/2025,Turkey,2,1,1,0,1,0,1,0,0,0,1,1,0,1.5,0,3,0,92,92,55,3,2,1,5,3,2,1,2,2,0,-1,2,60,90,45,90,45,0,1,0,1,1,1,0,0,0,0,2,1,1,7,2,5,2,1,1,51,47,55,27,15,12,14,6,8,13,9,4,0,0,0,2,1,1,1,1,0,1,0,1,1,0,1,1,1,0,0,0,0,2,1,3,2.5,3,2,1.5,1,2,1,2,0,1.5,2,1,1,1,1,0.5,1,0,2,2,1,0,0,0,1,1,1,0,0,0,1,1,0,0,0,0,0,0,1,2,2,2,0,0,0,1,1,1,0,0,1,1,1,1,100,100,50,0,0,0,100,100,100,0,0,0,100,100,0,0,0,0,0,0,50,100,100,100,0,0,0,100,100,100,0,0,100,100,100,100,2,1,0,1,1,0,1,0,0,100,50,0,100,100,0,100,0,0,50,0,100,-67,50,0,100,50,100,0,0,0,0,100,100,100,1,0,1,50,0,100,0,0,0,0,0,0,1,1,0,50,100,0,50,0,100,50,100,0,0,0,0,3.50,2.00,5.00,1,1,1.00,100,50,50,50,50,0,0,0,1.71,1.69,1.72,1.99,2.06,1.92,50,0,1,1,0,0,0,0,0,1,0,0,1,0,0,0,0,1,0,0,0,0,50,100,0,0
İçel İdmanyurdu Spor Kulübü,İçel İdmanyurdu Spor Kulübü,2024/2025,Turkey,1,1,0,0,0,0,0,0,0,0,1,1,0,0,0,0,0,116,116,137,0,2,-2,2,2,0,0,0,2,0,-2,0,0,0,0,45,45,0,0,0,0,0,0,0,1,1,0,0,0,0,0,0,0,1,1,0,53,53,0,10,10,0,6,6,0,4,4,0,0,0,0,0,0,0,0,0,0,0,0,0,0,0,0,1,1,0,0,0,0,1,1,0,2,2,0,0,0,0,2,2,0,0,0,0,0,0,0,0,0,0,1,1,0,0,0,0,1,1,0,0,0,0,0,0,0,0,0,0,0,0,1,1,1,1,0,0,1,1,1,1,0,0,0,0,0,0,100,100,0,0,0,0,100,100,0,0,0,0,0,0,0,0,0,0,0,0,100,100,100,100,0,0,100,100,100,100,0,0,0,0,0,0,0,0,0,0,0,0,0,0,0,0,0,0,0,0,0,0,0,0,0,0,0,0,0,0,0,0,0,0,100,100,0,0,0,0,1,1,0,100,100,0,1,1,0,100,100,0,0,0,0,0,0,0,0,0,0,100,100,0,0,0,0,0.00,0.00,0.00,1,1,0.00,0,0,0,0,0,0,0,0,0.34,1.34,0.00,1.67,2.67,0.00,100,0,0,0,0,0,0,0,0,0,0,0,0,0,0,0,0,2,0,0,0,0,100,100,0,0
76 Iğdır Belediye Spor Kulübü,76 Iğdır Belediyespor,2024/2025,Turkey,1,1,0,0,0,0,0,0,0,0,1,1,0,0,0,0,0,123,123,120,2,3,-1,5,5,0,2,0,3,0,-1,0,45,45,0,30,30,0,0,0,0,1,1,0,0,0,0,1,1,0,2,2,0,2,2,0,60,60,0,19,19,0,15,15,0,4,4,0,0,0,0,2,2,0,2,2,0,0,0,0,0,0,0,1,1,0,0,0,0,1,1,0,5,5,0,2,2,0,3,3,0,4,4,0,2,2,0,2,2,0,1,1,1,1,1,0,1,1,1,1,1,0,0,0,0,0,0,0,0,0,0,0,0,1,0,0,0,0,0,1,0,0,0,0,0,0,100,100,100,100,100,0,100,100,100,100,100,0,0,0,0,0,0,0,0,0,0,0,0,100,0,0,0,0,0,100,0,0,0,0,0,0,1,1,1,1,1,1,0,0,0,100,100,100,100,100,100,0,0,0,0,0,0,0,0,0,0,100,100,0,0,0,0,100,100,0,0,0,0,0,0,0,0,0,0,0,0,0,1,1,0,100,100,0,0,0,0,100,100,0,0,0,0,2.00,2.00,0.00,2,2,0.00,0,0,0,0,0,0,0,0,1.48,2.48,0.00,1.12,2.12,0.00,100,1,0,1,0,0,0,0,0,0,0,1,0,1,0,1,0,0,0,0,0,0,100,100,0,0
Kasimpasa,Kasımpaşa,2024/2025,Turkey,4,2,2,0,1,0,1,0,0,0,3,2,1,0.75,0,1.5,0,13,13,88,1,10,-9,11,8,3,0,1,8,2,-8,-1,360,0,180,36,23,90,1,0,1,0,0,0,3,2,1,1,0,1,9,2,7,5,2,3,45,40,49,27,8,19,19,7,12,8,1,7,2,2,0,1,0,1,7,5,2,-6,-5,-1,1,0,1,0,0,0,3,2,1,0.75,0,1.5,2.75,4,1.5,0.25,0,0.5,2.5,4,1,2,2.5,1.5,0.25,0,0.5,1.75,2.5,1,4,3,2,1,1,0,2,2,2,1,1,0,2,1,0,0,0,0,0,1,2,3,3,4,0,0,0,1,1,2,0,1,2,2,2,2,100,75,50,25,25,0,100,100,100,50,50,0,100,50,0,0,0,0,0,25,50,75,75,100,0,0,0,50,50,100,0,50,100,100,100,100,4,3,1,2,2,1,2,1,0,100,75,25,100,100,50,100,50,0,25,0,50,-80,25,0,50,0,0,0,75,100,50,25,0,50,1,0,1,25,0,50,3,2,1,75,100,50,0,0,0,0,0,0,25,0,50,0,0,0,75,100,50,2.25,1.00,3.50,1.25,1,1.50,75,75,50,50,50,50,50,25,1.06,0.58,1.30,2.30,3.09,1.90,50,1,0,0,0,0,0,0,0,0,2,1,1,2,3,0,0,1,0,0,0,0,75,100,50,0
Sivasspor,Sivasspor,2024/2025,Turkey,4,2,2,0,2,0,2,0,0,0,2,2,0,1.5,0,3,0,15,15,27,6,3,3,9,2,7,0,6,2,1,-2,5,60,0,30,120,90,180,1,0,1,1,0,1,2,2,0,1,0,1,27,8,19,10,6,4,51,50,52,51,16,35,26,8,18,25,8,17,10,10,0,3,0,3,3,2,1,0,-2,2,2,0,2,0,0,0,2,2,0,1.5,0,3,2.25,1,3.5,1.5,0,3,0.75,1,0.5,1.5,1,2,0.75,0,1.5,0.75,1,0.5,4,2,1,1,1,0,2,0,0,0,0,0,2,2,1,1,1,0,0,2,3,3,3,4,0,2,2,2,2,2,0,0,1,1,1,2,100,50,25,25,25,0,100,0,0,0,0,0,100,100,50,50,50,0,0,50,75,75,75,100,0,100,100,100,100,100,0,0,50,50,50,100,4,1,1,2,0,0,2,1,1,100,25,25,100,0,0,100,50,50,50,0,100,-67,25,0,50,25,0,50,50,100,0,25,0,50,1,0,1,25,0,50,2,2,0,50,100,0,1,0,1,25,0,50,50,0,100,0,0,0,50,100,0,6.75,4.00,9.50,2.5,3,2.00,75,75,75,75,75,75,50,50,1.57,1.02,2.13,1.00,1.24,0.77,50,0,0,0,2,1,2,0,0,1,1,1,0,1,0,0,0,0,0,0,0,0,50,100,0,25
Boluspor,Boluspor,2024/2025,Turkey,4,2,2,0,1,1,0,0,0,0,3,1,2,0.75,1.5,0,0,24,24,78,6,7,-1,13,9,4,5,1,4,3,1,-2,60,36,180,51,45,60,1,1,0,2,1,1,1,0,1,2,2,0,14,7,7,6,4,2,48,53,43,50,32,18,29,17,12,21,15,6,0,0,0,1,1,0,3,2,1,-2,-1,-1,0,0,0,2,1,1,2,1,1,0.5,0.5,0.5,3.25,4.5,2,1.5,2.5,0.5,1.75,2,1.5,1,1.5,0.5,0.25,0.5,0,0.75,1,0.5,4,3,3,2,1,0,2,2,2,2,1,0,2,1,1,0,0,0,0,1,1,2,3,4,0,0,0,0,1,2,0,1,1,2,2,2,100,75,75,50,25,0,100,100,100,100,50,0,100,50,50,0,0,0,0,25,25,50,75,100,0,0,0,0,50,100,0,50,50,100,100,100,2,1,1,1,1,1,1,0,0,50,25,25,50,50,50,50,0,0,25,50,0,27,25,50,0,50,50,50,25,0,50,50,100,0,2,1,1,50,50,50,3,1,2,75,50,100,1,1,0,25,50,0,0,0,0,50,50,50,50,50,50,3.50,3.50,3.50,2,4,1.00,50,50,25,25,25,25,25,25,1.59,1.98,1.20,1.12,1.35,0.89,100,0,1,0,0,2,0,2,1,0,0,0,1,1,1,0,1,3,0,0,0,0,75,50,100,25
Göztepe,Göztepe,2024/2025,Turkey,6,1,5,0,5,1,4,0,0,0,1,0,1,2.5,3,2.4,0,28,28,2,14,3,11,17,1,16,1,13,0,3,1,10,39,90,35,180,0,150,4,1,3,1,0,1,1,0,1,4,1,3,40,5,35,6,1,5,50,54,49,104,14,90,48,7,41,56,7,49,25,0,25,6,0,6,1,0,1,5,0,5,3,0,3,3,1,2,0,0,0,2,1,2.2,2.83,1,3.2,2.33,1,2.6,0.5,0,0.6,1.17,0,1.4,1,0,1.2,0.17,0,0.2,6,4,3,3,1,0,1,0,0,0,0,0,5,4,3,3,1,0,0,2,3,3,5,6,0,1,1,1,1,1,0,1,2,2,4,5,100,67,50,50,17,0,100,0,0,0,0,0,100,80,60,60,20,0,0,33,50,50,83,100,0,100,100,100,100,100,0,20,40,40,80,100,4,3,0,0,0,0,4,3,0,67,50,0,0,0,0,80,60,0,83,100,80,22,67,100,60,17,0,20,17,0,20,67,100,60,5,1,4,83,100,80,2,1,1,33,100,20,1,0,1,17,0,20,50,0,60,50,100,40,0,0,0,6.67,5.00,7.00,1,1,1.00,100,100,67,50,50,33,17,17,2.13,1.68,2.22,1.24,0.59,1.37,83,2,1,1,2,3,1,0,3,1,0,0,1,0,0,0,0,1,1,0,0,0,17,0,20,0
Eyüp Spor Kulübü,Eyüpspor,2024/2025,Turkey,4,3,1,0,2,2,0,1,1,0,1,0,1,1.75,2.33,0,0,42,42,21,6,4,2,10,6,4,5,1,1,3,4,-2,60,54,90,90,273,30,2,2,0,2,1,1,1,1,0,2,2,0,23,20,3,6,4,2,56,58,50,44,30,14,23,17,6,21,13,8,10,10,0,2,2,0,2,1,1,0,1,-1,1,1,0,2,2,0,1,0,1,1.25,1.67,0,2.5,2,4,1.5,1.67,1,1,0.33,3,1,1,1,0.5,0.67,0,0.5,0.33,1,3,2,2,2,1,0,2,1,1,1,1,0,1,1,1,1,0,0,1,2,2,2,3,4,1,2,2,2,2,3,0,0,0,0,1,1,75,50,50,50,25,0,67,33,33,33,33,0,100,100,100,100,0,0,25,50,50,50,75,100,33,67,67,67,67,100,0,0,0,0,100,100,2,1,1,1,1,1,1,0,0,50,25,25,33,33,33,100,0,0,50,67,0,39,50,67,0,50,33,100,25,33,0,50,67,0,2,2,0,50,67,0,3,2,1,75,67,100,1,1,0,25,33,0,25,33,0,50,67,0,25,0,100,5.75,6.67,3.00,1.5,1.33,2.00,100,75,50,50,25,25,25,25,1.44,1.33,1.75,1.33,1.32,1.36,50,0,0,1,1,0,1,1,1,1,0,0,0,0,3,0,0,0,1,25,33,0,25,0,100,25
Bodrum Belediyesi Bodrum Spor Kulübü,BB Bodrumspor,2024/2025,Turkey,5,1,4,0,3,1,2,1,0,1,1,0,1,2,3,1.75,0,49,49,11,16,9,7,25,4,21,3,13,1,8,2,5,28,30,28,50,90,45,1,0,1,4,1,3,0,0,0,3,1,2,23,5,18,9,2,7,50,50,50,59,9,50,34,6,28,25,3,22,11,0,11,10,2,8,5,0,5,5,2,3,3,1,2,2,0,2,0,0,0,2.2,3,2,5,4,5.25,3.2,3,3.25,1.8,1,2,3,2,3.25,2,2,2,1,0,1.25,5,4,4,4,3,2,1,1,1,1,0,0,4,3,3,3,3,2,0,1,1,1,2,3,0,0,0,0,1,1,0,1,1,1,1,2,100,80,80,80,60,40,100,100,100,100,0,0,100,75,75,75,75,50,0,20,20,20,40,60,0,0,0,0,100,100,0,25,25,25,25,50,5,4,2,1,1,0,4,3,2,100,80,40,100,100,0,100,75,50,60,100,50,19,20,0,25,80,100,75,0,0,0,60,100,50,3,1,2,60,100,50,0,0,0,0,0,0,2,0,2,40,0,50,60,100,50,40,0,50,0,0,0,4.60,5.00,4.50,1.8,2,1.75,60,60,60,40,20,20,20,0,1.60,1.43,1.64,1.57,1.29,1.64,180,1,3,1,4,1,2,1,2,1,2,1,1,0,2,1,1,0,0,20,0,25,20,0,25,0
Sakaryaspor Kulübü Derneği,Sakaryaspor,2024/2025,Turkey,1,0,1,0,0,0,0,0,0,0,1,0,1,0,0,0,0,53,53,130,0,2,-2,2,0,2,0,0,0,2,0,-2,0,0,0,45,0,45,0,0,0,0,0,0,1,0,1,0,0,0,0,0,0,2,0,2,53,0,53,0,0,0,0,0,0,0,0,0,0,0,0,0,0,0,0,0,0,0,0,0,0,0,0,1,0,1,0,0,0,1,0,1,2,0,2,0,0,0,2,0,2,0,0,0,0,0,0,0,0,0,1,1,0,0,0,0,0,0,0,0,0,0,1,1,0,0,0,0,0,0,1,1,1,1,0,0,0,0,0,0,0,0,1,1,1,1,100,100,0,0,0,0,0,0,0,0,0,0,100,100,0,0,0,0,0,0,100,100,100,100,0,0,0,0,0,0,0,0,100,100,100,100,0,0,0,0,0,0,0,0,0,0,0,0,0,0,0,0,0,0,0,0,0,50,0,0,0,0,0,0,100,0,100,0,0,0,1,0,1,100,0,100,1,0,1,100,0,100,0,0,0,0,0,0,0,0,0,100,0,100,0,0,0,0.00,0.00,0.00,2,0,2.00,100,100,100,100,100,100,100,100,0.00,0.00,0.08,1.98,0.00,2.98,100,0,0,0,0,0,0,0,0,0,0,0,0,0,0,0,2,0,0,0,0,0,100,0,100,100
Kocaelispor Kulübü,Kocaelispor,2024/2025,Turkey,4,1,3,0,2,0,2,0,0,0,2,1,1,1.5,0,2,0,61,61,35,7,8,-1,15,2,13,0,7,2,6,-2,1,51,0,39,45,45,45,0,0,0,3,0,3,1,1,0,1,0,1,19,7,12,6,3,3,55,50,56,54,7,47,24,2,22,30,5,25,12,0,12,3,0,3,4,1,3,-1,-1,0,1,0,1,1,0,1,2,1,1,1,0,1.33,3.75,2,4.33,1.75,0,2.33,2,2,2,1.75,1,2,0.75,0,1,1,1,1,4,4,3,3,1,0,1,1,0,0,0,0,3,3,3,3,1,0,0,0,1,1,3,4,0,0,1,1,1,1,0,0,0,0,2,3,100,100,75,75,25,0,100,100,0,0,0,0,100,100,100,100,33,0,0,0,25,25,75,100,0,0,100,100,100,100,0,0,0,0,67,100,4,3,0,1,0,0,3,3,0,100,75,0,100,0,0,100,100,0,50,0,67,0,0,0,0,75,0,100,25,100,0,25,0,33,1,0,1,25,0,33,2,1,1,50,100,33,1,0,1,25,0,33,25,0,33,25,0,33,50,100,33,4.75,7.00,4.00,1.5,3,1.00,75,75,75,50,25,25,25,25,1.57,0.90,1.80,1.41,2.19,1.15,100,0,1,0,1,1,2,0,1,1,2,1,0,0,2,0,1,1,1,0,0,0,50,100,33,0
Çorum Belediye Spor Kulübü,Çorum Belediyespor,2024/2025,Turkey,4,2,2,0,2,1,1,0,0,0,2,1,1,1.5,1.5,1.5,0,77,77,36,9,10,-1,19,4,15,2,7,2,8,0,-1,40,90,26,36,90,23,0,0,0,3,1,2,1,1,0,2,1,1,11,6,5,5,2,3,52,50,54,30,11,19,22,8,14,8,3,5,7,0,7,3,1,2,2,0,2,1,1,0,2,1,1,1,1,0,1,0,1,1.75,2,1.5,4.75,2,7.5,2.25,1,3.5,2.5,1,4,1.25,0.5,2,0.75,0.5,1,0.5,0,1,4,3,3,2,2,1,2,1,1,0,0,0,2,2,2,2,2,1,0,1,1,2,2,3,0,1,1,2,2,2,0,0,0,0,0,1,100,75,75,50,50,25,100,50,50,0,0,0,100,100,100,100,100,50,0,25,25,50,50,75,0,50,50,100,100,100,0,0,0,0,0,50,3,1,1,1,0,0,2,1,1,75,25,25,50,0,0,100,50,50,50,50,50,2,0,0,0,75,50,100,25,50,0,50,50,50,3,2,1,75,100,50,1,1,0,25,50,0,1,0,1,25,0,50,50,50,50,25,50,0,25,0,50,2.75,3.00,2.50,1.67,2,1.50,75,75,75,50,50,25,25,25,1.04,0.80,1.29,2.13,1.46,2.80,200,1,0,0,2,1,2,0,1,2,1,0,1,0,2,0,2,1,3,0,0,0,50,50,50,0
Fenerbahçe,Fenerbahçe,2024/2025,Turkey,4,2,2,0,3,1,2,0,0,0,1,1,0,2.25,1.5,3,0,0,0,14,13,3,10,16,8,8,6,7,2,1,4,6,28,30,26,120,90,180,2,1,1,2,1,1,0,0,0,3,1,2,15,6,9,10,9,1,55,51,60,60,39,21,31,18,13,29,21,8,7,0,7,8,2,6,2,2,0,6,0,6,3,1,2,0,0,0,1,1,0,2.25,1.5,3,4,4,4,3.25,3,3.5,0.75,1,0.5,2.5,2,3,2,1,3,0.5,1,0,4,4,4,2,2,0,2,2,2,1,1,0,2,2,2,1,1,0,0,0,0,2,2,4,0,0,0,1,1,2,0,0,0,1,1,2,100,100,100,50,50,0,100,100,100,50,50,0,100,100,100,50,50,0,0,0,0,50,50,100,0,0,0,50,50,100,0,0,0,50,50,100,4,3,3,2,1,1,2,2,2,100,75,75,100,50,50,100,100,100,75,50,100,-21,50,50,50,50,50,50,0,0,0,75,50,100,3,1,2,75,50,100,0,0,0,0,0,0,1,1,0,25,50,0,75,50,100,0,0,0,25,50,0,3.75,3.00,4.50,2.5,4.5,0.50,50,50,50,50,50,50,25,0,2.04,2.26,1.62,1.53,1.60,1.39,125,1,1,3,1,3,0,0,1,3,1,0,1,0,0,0,0,1,0,0,0,0,25,50,0,0
Beşiktaş,Beşiktaş,2024/2025,Turkey,4,2,2,0,3,1,2,0,0,0,1,1,0,2.25,1.5,3,0,1,1,19,6,4,2,10,6,4,3,3,3,1,0,2,60,60,60,90,60,180,2,1,1,2,1,1,0,0,0,4,2,2,23,15,8,7,5,2,52,54,50,29,16,13,17,9,8,12,7,5,7,0,7,3,1,2,1,1,0,2,0,2,2,0,2,2,2,0,0,0,0,2,1,3,2.5,3,2,1.5,1.5,1.5,1,1.5,0.5,1,1,1,0.75,0.5,1,0.25,0.5,0,4,3,2,1,0,0,2,2,1,1,0,0,2,1,1,0,0,0,0,1,2,3,4,4,0,0,1,1,2,2,0,1,1,2,2,2,100,75,50,25,0,0,100,100,50,50,0,0,100,50,50,0,0,0,0,25,50,75,100,100,0,0,50,50,100,100,0,50,50,100,100,100,3,1,0,1,1,0,2,0,0,75,25,0,50,50,0,100,0,0,75,50,100,-25,50,50,50,50,50,50,0,0,0,100,100,100,3,1,2,75,50,100,1,1,0,25,50,0,1,1,0,25,50,0,50,0,100,50,100,0,0,0,0,5.75,7.50,4.00,1.75,2.5,1.00,75,75,75,75,50,25,0,0,1.01,1.13,0.89,1.07,1.22,0.92,75,1,1,1,0,0,0,1,2,0,0,0,0,1,0,0,1,1,1,0,0,0,25,50,0,0
Trabzonspor,Trabzonspor,2024/2025,Turkey,5,4,1,0,4,4,0,1,0,1,0,0,0,2.6,3,1,0,2,2,4,15,6,9,21,17,4,13,2,4,2,9,0,30,28,45,75,90,45,2,2,0,3,2,1,0,0,0,4,4,0,23,17,6,14,11,3,57,55,68,75,55,20,36,29,7,39,26,13,36,23,13,5,5,0,3,2,1,2,3,-1,1,1,0,3,3,0,1,0,1,1.2,1.5,0,4.2,4.25,4,3,3.25,2,1.2,1,2,1.6,1.75,1,1,1.25,0,0.6,0.5,1,5,5,4,3,2,1,4,4,3,2,2,1,1,1,1,1,0,0,0,0,1,2,3,4,0,0,1,2,2,3,0,0,0,0,1,1,100,100,80,60,40,20,100,100,75,50,50,25,100,100,100,100,0,0,0,0,20,40,60,80,0,0,25,50,50,75,0,0,0,0,100,100,3,2,2,2,2,2,1,0,0,60,40,40,50,50,50,100,0,0,80,100,0,13,40,50,0,60,50,100,0,0,0,80,100,0,3,3,0,60,75,0,3,2,1,60,50,100,1,1,0,20,25,0,20,25,0,60,75,0,20,0,100,4.60,4.25,6.00,2.8,2.75,3.00,80,80,60,40,40,40,20,0,1.93,1.82,2.39,1.23,1.27,1.08,100,1,1,1,0,4,2,2,1,2,0,2,1,0,0,1,1,0,1,20,0,100,0,0,0,0
Galatasaray,Galatasaray,2024/2025,Turkey,5,2,3,0,3,0,3,2,2,0,0,0,0,2.2,1,3,0,4,4,8,13,5,8,18,4,14,2,11,2,3,0,8,35,90,25,90,90,90,1,1,0,4,1,3,1,1,0,2,0,2,42,21,21,16,4,12,52,50,54,98,45,53,41,15,26,57,30,27,9,0,9,6,0,6,3,1,2,3,-1,4,3,0,3,1,1,0,1,1,0,2,0.5,3,3.6,2,4.67,2.6,1,3.67,1,1,1,1.8,0.5,2.67,1.2,0,2,0.6,0.5,0.67,4,4,4,3,2,1,1,1,1,1,0,0,3,3,3,2,2,1,1,1,1,2,3,4,1,1,1,1,2,2,0,0,0,1,1,2,80,80,80,60,40,20,50,50,50,50,0,0,100,100,100,67,67,33,20,20,20,40,60,80,50,50,50,50,100,100,0,0,0,33,33,67,4,3,2,1,0,0,3,3,2,80,60,40,50,0,0,100,100,67,60,0,100,0,20,50,0,80,50,100,20,50,0,40,0,67,2,1,1,40,50,33,2,2,0,40,100,0,2,0,2,40,0,67,60,0,100,20,50,0,20,50,0,8.40,10.50,7.00,3.2,2,4.00,80,80,80,80,60,40,40,0,2.27,2.51,2.11,1.34,0.93,1.62,120,1,0,3,0,3,2,0,3,1,0,1,0,1,1,2,0,0,0,40,100,0,0,0,0,0
İstanbul Başakşehir FK,İstanbul Başakşehir,2024/2025,Turkey,3,1,2,0,1,1,0,2,0,2,0,0,0,1.67,3,1,0,12,12,38,6,3,3,9,5,4,4,2,1,2,3,0,45,23,90,90,90,90,1,0,1,2,1,1,1,0,1,2,1,1,24,14,10,9,1,8,50,50,50,45,22,23,28,12,16,17,10,7,31,10,21,3,2,1,1,1,0,2,1,1,2,1,1,1,0,1,0,0,0,2.33,3,2,3,5,2,2,4,1,1,1,1,1.33,3,0.5,1,2,0.5,0.33,1,0,2,2,2,2,1,0,1,1,1,1,1,0,1,1,1,1,0,0,1,1,1,1,2,3,0,0,0,0,0,1,1,1,1,1,2,2,67,67,67,67,33,0,100,100,100,100,100,0,50,50,50,50,0,0,33,33,33,33,67,100,0,0,0,0,0,100,50,50,50,50,100,100,2,1,1,1,1,1,1,0,0,67,33,33,100,100,100,50,0,0,33,100,0,0,33,0,50,67,100,50,33,0,50,67,100,50,2,0,2,67,0,100,1,0,1,33,0,50,1,1,0,33,100,0,67,100,50,33,0,50,0,0,0,8.00,14.00,5.00,3,1,4.00,100,100,100,100,33,33,33,33,2.13,3.01,1.69,1.30,0.54,1.68,33,1,0,1,1,1,1,0,0,1,0,0,0,1,0,1,0,1,0,67,0,100,0,0,0,0
