team_name,common_name,season,country,matches_played,matches_played_home,matches_played_away,suspended_matches,wins,wins_home,wins_away,draws,draws_home,draws_away,losses,losses_home,losses_away,points_per_game,points_per_game_home,points_per_game_away,league_position,league_position_home,league_position_away,performance_rank,goals_scored,goals_conceded,goal_difference,total_goal_count,total_goal_count_home,total_goal_count_away,goals_scored_home,goals_scored_away,goals_conceded_home,goals_conceded_away,goal_difference_home,goal_difference_away,minutes_per_goal_scored,minutes_per_goal_scored_home,minutes_per_goal_scored_away,minutes_per_goal_conceded,minutes_per_goal_conceded_home,minutes_per_goal_conceded_away,clean_sheets,clean_sheets_home,clean_sheets_away,btts_count,btts_count_home,btts_count_away,fts_count,fts_count_home,fts_count_away,first_team_to_score_count,first_team_to_score_count_home,first_team_to_score_count_away,corners_total,corners_total_home,corners_total_away,cards_total,cards_total_home,cards_total_away,average_possession,average_possession_home,average_possession_away,shots,shots_home,shots_away,shots_on_target,shots_on_target_home,shots_on_target_away,shots_off_target,shots_off_target_home,shots_off_target_away,fouls,fouls_home,fouls_away,goals_scored_half_time,goals_scored_half_time_home,goals_scored_half_time_away,goals_conceded_half_time,goals_conceded_half_time_home,goals_conceded_half_time_away,goal_difference_half_time,goal_difference_half_time_home,goal_difference_half_time_away,leading_at_half_time,leading_at_half_time_home,leading_at_half_time_away,draw_at_half_time,draw_at_half_time_home,draw_at_half_time_away,losing_at_half_time,losing_at_half_time_home,losing_at_half_time_away,points_per_game_half_time,points_per_game_half_time_home,points_per_game_half_time_away,average_total_goals_per_match,average_total_goals_per_match_home,average_total_goals_per_match_away,goals_scored_per_match,goals_scored_per_match_home,goals_scored_per_match_away,goals_conceded_per_match,goals_conceded_per_match_home,goals_conceded_per_match_away,total_goals_per_match_half_time,total_goals_per_match_half_time_home,total_goals_per_match_half_time_away,goals_scored_per_match_half_time,goals_scored_per_match_half_time_home,goals_scored_per_match_half_time_away,goals_conceded_per_match_half_time,goals_conceded_per_match_half_time_home,goals_conceded_per_match_half_time_away,over05_count,over15_count,over25_count,over35_count,over45_count,over55_count,over05_count_home,over15_count_home,over25_count_home,over35_count_home,over45_count_home,over55_count_home,over05_count_away,over15_count_away,over25_count_away,over35_count_away,over45_count_away,over55_count_away,under05_count,under15_count,under25_count,under35_count,under45_count,under55_count,under05_count_home,under15_count_home,under25_count_home,under35_count_home,under45_count_home,under55_count_home,under05_count_away,under15_count_away,under25_count_away,under35_count_away,under45_count_away,under55_count_away,over05_percentage,over15_percentage,over25_percentage,over35_percentage,over45_percentage,over55_percentage,over05_percentage_home,over15_percentage_home,over25_percentage_home,over35_percentage_home,over45_percentage_home,over55_percentage_home,over05_percentage_away,over15_percentage_away,over25_percentage_away,over35_percentage_away,over45_percentage_away,over55_percentage_away,under05_percentage,under15_percentage,under25_percentage,under35_percentage,under45_percentage,under55_percentage,under05_percentage_home,under15_percentage_home,under25_percentage_home,under35_percentage_home,under45_percentage_home,under55_percentage_home,under05_percentage_away,under15_percentage_away,under25_percentage_away,under35_percentage_away,under45_percentage_away,under55_percentage_away,over05_count_half_time,over15_count_half_time,over25_count_half_time,over05_count_half_time_home,over15_count_half_time_home,over25_count_half_time_home,over05_count_half_time_away,over15_count_half_time_away,over25_count_half_time_away,over05_half_time_percentage,over15_half_time_percentage,over25_half_time_percentage,over05_half_time_percentage_home,over15_half_time_percentage_home,over25_half_time_percentage_home,over05_half_time_percentage_away,over15_half_time_percentage_away,over25_half_time_percentage_away,win_percentage,win_percentage_home,win_percentage_away,home_advantage_percentage,clean_sheet_percentage,clean_sheet_percentage_home,clean_sheet_percentage_away,btts_percentage,btts_percentage_home,btts_percentage_away,fts_percentage,fts_percentage_home,fts_percentage_away,first_team_to_score_percentage,first_team_to_score_percentage_home,first_team_to_score_percentage_away,clean_sheet_half_time,clean_sheet_half_time_home,clean_sheet_half_time_away,clean_sheet_half_time_percentage,clean_sheet_half_time_percentage_home,clean_sheet_half_time_percentage_away,fts_half_time,fts_half_time_home,fts_half_time_away,fts_half_time_percentage,fts_half_time_percentage_home,fts_half_time_percentage_away,btts_half_time,btts_half_time_home,btts_half_time_away,btts_half_time_percentage,btts_half_time_percentage_home,btts_half_time_percentage_away,leading_at_half_time_percentage,leading_at_half_time_percentage_home,leading_at_half_time_percentage_away,draw_at_half_time_percentage,draw_at_half_time_percentage_home,draw_at_half_time_percentage_away,losing_at_half_time_percentage,losing_at_half_time_percentage_home,losing_at_half_time_percentage_away,corners_per_match,corners_per_match_home,corners_per_match_away,cards_per_match,cards_per_match_home,cards_per_match_away,over65_corners_percentage,over75_corners_percentage,over85_corners_percentage,over95_corners_percentage,over105_corners_percentage,over115_corners_percentage,over125_corners_percentage,over135_corners_percentage,xg_for_avg_overall,xg_for_avg_home,xg_for_avg_away,xg_against_avg_overall,xg_against_avg_home,xg_against_avg_away,prediction_risk,goals_scored_min_0_to_10,goals_scored_min_11_to_20,goals_scored_min_21_to_30,goals_scored_min_31_to_40,goals_scored_min_41_to_50,goals_scored_min_51_to_60,goals_scored_min_61_to_70,goals_scored_min_71_to_80,goals_scored_min_81_to_90,goals_conceded_min_0_to_10,goals_conceded_min_11_to_20,goals_conceded_min_21_to_30,goals_conceded_min_31_to_40,goals_conceded_min_41_to_50,goals_conceded_min_51_to_60,goals_conceded_min_61_to_70,goals_conceded_min_71_to_80,goals_conceded_min_81_to_90,draw_percentage_overall,draw_percentage_home,draw_percentage_away,loss_percentage_ovearll,loss_percentage_home,loss_percentage_away,over145_corners_percentage
Hapoel Be'er Sheva FC,Hapoel Be'er Sheva,2024/2025,Israel,4,2,2,0,1,0,1,2,1,1,1,1,0,1.25,0.5,2,0,3,3,73,5,6,-1,11,6,5,2,3,4,2,-2,1,72,90,60,60,45,90,1,1,0,3,1,2,1,1,0,2,1,1,20,9,11,20,11,9,52,53,52,51,25,26,20,8,12,31,17,14,57,31,26,3,2,1,2,0,2,1,2,-1,1,1,0,2,1,1,1,0,1,1.25,2,0.5,2.75,3,2.5,1.25,1,1.5,1.5,2,1,1.25,1,1.5,0.75,1,0.5,0.5,0,1,3,3,2,1,1,1,1,1,1,1,1,1,2,2,1,0,0,0,1,1,2,3,3,3,1,1,1,1,1,1,0,0,1,2,2,2,75,75,50,25,25,25,50,50,50,50,50,50,100,100,50,0,0,0,25,25,50,75,75,75,50,50,50,50,50,50,0,0,50,100,100,100,3,2,0,1,1,0,2,1,0,75,50,0,50,50,0,100,50,0,25,0,50,-27,25,50,0,75,50,100,25,50,0,50,50,50,2,2,0,50,100,0,2,1,1,50,50,50,1,0,1,25,0,50,25,50,0,50,50,50,25,0,50,5.00,4.50,5.50,5,5.5,4.50,100,100,75,50,50,50,50,25,1.58,1.51,1.65,2.03,2.27,1.79,100,0,1,1,0,2,0,1,0,0,0,0,0,2,1,1,0,0,2,50,50,50,25,50,0,25
KF Partizani Tirana,Partizani Tirana,2024/2025,Albania,4,2,2,0,1,0,1,2,2,0,1,0,1,1.25,1,1.5,0,5,5,71,3,4,-1,7,2,5,1,2,1,3,0,-1,120,180,90,90,180,60,1,1,0,2,1,1,2,1,1,1,1,0,23,14,9,16,5,11,60,61,58,46,29,17,13,6,7,33,23,10,67,36,31,1,1,0,2,1,1,-1,0,-1,0,0,0,3,2,1,1,0,1,0.75,1,0.5,1.75,1,2.5,0.75,0.5,1,1,0.5,1.5,0.75,1,0.5,0.25,0.5,0,0.5,0.5,0.5,3,3,1,0,0,0,1,1,0,0,0,0,2,2,1,0,0,0,1,1,3,4,4,4,1,1,2,2,2,2,0,0,1,2,2,2,75,75,25,0,0,0,50,50,0,0,0,0,100,100,50,0,0,0,25,25,75,100,100,100,50,50,100,100,100,100,0,0,50,100,100,100,2,1,0,1,1,0,1,0,0,50,25,0,50,50,0,50,0,0,25,0,50,9,25,50,0,50,50,50,50,50,50,25,50,0,2,1,1,50,50,50,3,1,2,75,50,100,1,1,0,25,50,0,0,0,0,75,100,50,25,0,50,7.67,7.00,9.00,4,2.5,5.50,67,67,67,67,67,67,0,0,1.63,1.82,1.44,1.19,1.11,1.27,25,1,0,0,0,1,0,0,0,1,0,1,0,1,1,1,0,0,0,50,100,0,25,0,50,0
FK Liepāja,Liepāja,2024/2025,Latvia,2,1,1,0,0,0,0,1,1,0,1,0,1,0.5,1,0,0,6,6,133,1,3,-2,4,2,2,1,0,1,2,0,-2,180,90,0,60,90,45,0,0,0,1,1,0,1,0,1,0,0,0,13,5,8,9,3,6,53,48,58,16,10,6,2,2,0,14,8,6,14,10,4,0,0,0,3,1,2,-3,-1,-2,0,0,0,0,0,0,2,1,1,0,0,0,2,2,2,0.5,1,0,1.5,1,2,1.5,1,2,0,0,0,1.5,1,2,2,2,0,0,0,0,1,1,0,0,0,0,1,1,0,0,0,0,0,0,2,2,2,2,0,0,1,1,1,1,0,0,1,1,1,1,100,100,0,0,0,0,100,100,0,0,0,0,100,100,0,0,0,0,0,0,100,100,100,100,0,0,100,100,100,100,0,0,100,100,100,100,2,1,0,1,0,0,1,1,0,100,50,0,100,0,0,100,100,0,0,0,0,67,0,0,0,50,100,0,50,0,100,0,0,0,0,0,0,0,0,0,2,1,1,100,100,100,0,0,0,0,0,0,0,0,0,0,0,0,100,100,100,6.50,5.00,8.00,4.5,3,6.00,100,100,100,100,100,50,0,0,1.26,1.28,1.23,1.40,1.40,1.40,50,0,0,0,0,0,1,0,0,0,0,0,2,0,1,0,0,0,0,50,100,0,50,0,100,0
B36 Tórshavn,B36,2024/2025,Faroe Islands,2,1,1,0,0,0,0,0,0,0,2,1,1,0,0,0,0,7,7,151,0,3,-3,3,1,2,0,0,1,2,-1,-2,0,0,0,60,90,45,0,0,0,0,0,0,2,1,1,0,0,0,10,6,4,3,2,1,46,56,36,12,8,4,5,2,3,7,6,1,16,10,6,0,0,0,1,0,1,-1,0,-1,0,0,0,1,1,0,1,0,1,0.5,1,0,1.5,1,2,0,0,0,1.5,1,2,0.5,0,1,0,0,0,0.5,0,1,2,1,0,0,0,0,1,0,0,0,0,0,1,1,0,0,0,0,0,1,2,2,2,2,0,1,1,1,1,1,0,0,1,1,1,1,100,50,0,0,0,0,100,0,0,0,0,0,100,100,0,0,0,0,0,50,100,100,100,100,0,100,100,100,100,100,0,0,100,100,100,100,1,0,0,0,0,0,1,0,0,50,0,0,0,0,0,100,0,0,0,0,0,17,0,0,0,0,0,0,100,100,100,0,0,0,1,1,0,50,100,0,2,1,1,100,100,100,0,0,0,0,0,0,0,0,0,50,100,0,50,0,100,5.00,6.00,4.00,1.5,2,1.00,100,50,50,50,50,0,0,0,0.96,1.21,0.70,1.77,1.74,1.79,0,0,0,0,0,0,0,0,0,0,0,1,0,0,0,0,1,0,1,0,0,0,100,100,100,0
VMFD Žalgiris Vilnius,Žalgiris,2024/2025,Lithuania,4,2,2,0,3,2,1,0,0,0,1,0,1,2.25,3,1.5,0,10,10,40,5,5,0,10,4,6,3,2,1,4,2,-2,72,60,90,72,180,45,1,1,0,2,1,1,1,0,1,3,2,1,23,13,10,8,4,4,45,26,64,49,19,30,20,8,12,29,11,18,44,21,23,4,3,1,1,0,1,3,3,0,3,2,1,0,0,0,1,0,1,2.25,3,1.5,2.5,2,3,1.25,1.5,1,1.25,0.5,2,1.25,1.5,1,1,1.5,0.5,0.25,0,0.5,4,3,3,0,0,0,2,1,1,0,0,0,2,2,2,0,0,0,0,1,1,4,4,4,0,1,1,2,2,2,0,0,0,2,2,2,100,75,75,0,0,0,100,50,50,0,0,0,100,100,100,0,0,0,0,25,25,100,100,100,0,50,50,100,100,100,0,0,0,100,100,100,4,1,0,2,1,0,2,0,0,100,25,0,100,50,0,100,0,0,75,100,50,40,25,50,0,50,50,50,25,0,50,75,100,50,3,2,1,75,100,50,1,0,1,25,0,50,0,0,0,0,0,0,75,100,50,0,0,0,25,0,50,5.75,6.50,5.00,2,2,2.00,100,100,100,100,100,100,50,50,1.61,1.42,1.80,2.05,1.59,2.50,50,0,1,2,0,1,0,0,0,1,0,0,1,0,0,1,1,0,0,0,0,0,25,0,50,25
FC Dinamo Tbilisi,Dinamo Tbilisi,2024/2025,Georgia,2,1,1,0,0,0,0,1,1,0,1,0,1,0.5,1,0,0,12,12,124,2,3,-1,5,2,3,1,1,1,2,0,-1,90,90,90,60,90,45,0,0,0,2,1,1,0,0,0,0,0,0,8,5,3,9,4,5,59,52,66,21,8,13,6,2,4,15,6,9,32,12,20,0,0,0,2,0,2,-2,0,-2,0,0,0,0,0,0,1,0,1,0,0,0,2.5,2,3,1,1,1,1.5,1,2,2,0,2,0,0,0,2,0,2,2,2,1,0,0,0,1,1,0,0,0,0,1,1,1,0,0,0,0,0,1,2,2,2,0,0,1,1,1,1,0,0,0,1,1,1,100,100,50,0,0,0,100,100,0,0,0,0,100,100,100,0,0,0,0,0,50,100,100,100,0,0,100,100,100,100,0,0,0,100,100,100,1,1,0,0,0,0,1,1,0,100,100,0,0,0,0,100,100,0,0,0,0,17,0,0,0,100,100,100,0,0,0,0,0,0,0,0,0,0,0,0,1,0,1,100,0,100,0,0,0,0,0,0,0,0,0,0,0,0,100,0,100,4.00,5.00,3.00,4.5,4,5.00,50,50,50,50,50,50,50,0,1.44,1.17,1.71,1.08,1.36,0.80,100,0,0,0,0,0,0,0,0,1,0,1,1,0,0,0,0,0,0,50,100,0,50,0,100,0
SP Tre Penne,Tre Penne,2024/2025,San Marino,2,1,1,0,0,0,0,1,1,0,1,0,1,0.5,1,0,0,14,14,135,2,4,-2,6,2,4,1,1,1,3,0,-2,90,90,90,45,90,30,0,0,0,2,1,1,0,0,0,2,1,1,5,3,2,6,4,2,41,45,36,9,4,5,7,4,3,2,0,2,26,15,11,0,0,0,0,0,0,0,0,0,0,0,0,2,1,1,0,0,0,1,1,1,3,2,4,1,1,1,2,1,3,0,0,0,0,0,0,0,0,0,2,2,1,1,0,0,1,1,0,0,0,0,1,1,1,1,0,0,0,0,1,1,2,2,0,0,1,1,1,1,0,0,0,0,1,1,100,100,50,50,0,0,100,100,0,0,0,0,100,100,100,100,0,0,0,0,50,50,100,100,0,0,100,100,100,100,0,0,0,0,100,100,0,0,0,0,0,0,0,0,0,0,0,0,0,0,0,0,0,0,0,0,0,25,0,0,0,100,100,100,0,0,0,100,100,100,2,1,1,100,100,100,2,1,1,100,100,100,0,0,0,0,0,0,0,0,0,100,100,100,0,0,0,2.50,3.00,2.00,3,4,2.00,100,100,100,50,50,50,50,0,0.78,0.90,0.65,1.77,2.07,1.45,150,0,0,0,0,1,1,0,0,0,0,0,0,0,0,2,1,0,1,50,100,0,50,0,100,0
F91 Dudelange,F91 Dudelange,2024/2025,Luxembourg,4,2,2,0,2,1,1,0,0,0,2,1,1,1.5,1.5,1.5,0,16,16,64,6,12,-6,18,10,8,4,2,6,6,-2,-4,60,45,90,30,30,30,2,1,1,2,1,1,0,0,0,3,1,2,18,13,5,14,7,7,37,43,31,37,28,9,18,12,6,19,16,3,64,33,31,4,2,2,7,4,3,-3,-2,-1,1,0,1,1,1,0,2,1,1,1,0.5,1.5,4.5,5,4,1.5,2,1,3,3,3,2.75,3,2.5,1,1,1,1.75,2,1.5,4,3,2,2,2,2,2,2,1,1,1,1,2,1,1,1,1,1,0,1,2,2,2,2,0,0,1,1,1,1,0,1,1,1,1,1,100,75,50,50,50,50,100,100,50,50,50,50,100,50,50,50,50,50,0,25,50,50,50,50,0,0,50,50,50,50,0,50,50,50,50,50,3,2,2,1,1,1,2,1,1,75,50,50,50,50,50,100,50,50,50,50,50,0,50,50,50,50,50,50,0,0,0,75,50,100,2,1,1,50,50,50,1,1,0,25,50,0,2,1,1,50,50,50,25,0,50,25,50,0,50,50,50,4.50,6.50,2.50,3.5,3.5,3.50,75,75,50,50,50,50,25,25,1.26,1.74,0.79,1.90,1.53,2.26,150,1,1,0,1,1,1,0,1,0,1,1,2,1,3,3,0,0,1,0,0,0,50,50,50,25
NK Olimpija Ljubljana,Olimpija,2024/2025,Slovenia,13,6,7,0,8,5,3,2,0,2,3,1,2,2,2.5,1.57,0,18,18,3,21,9,12,30,18,12,14,7,4,5,10,2,56,39,90,130,134,127,8,5,3,4,1,3,2,0,2,7,5,2,56,32,24,31,16,15,47,52,43,121,67,54,62,37,25,59,30,29,151,54,97,8,7,1,5,2,3,3,5,-2,3,3,0,7,2,5,3,1,2,1.23,1.83,0.71,2.31,3,1.71,1.62,2.33,1,0.69,0.67,0.71,1,1.5,0.57,0.62,1.17,0.14,0.38,0.33,0.43,12,9,5,2,2,0,6,5,3,2,2,0,6,4,2,0,0,0,1,4,8,11,11,13,0,1,3,4,4,6,1,3,5,7,7,7,92,69,38,15,15,0,100,83,50,33,33,0,86,57,29,0,0,0,8,31,62,85,85,100,0,17,50,67,67,100,14,43,71,100,100,100,7,3,2,4,2,2,3,1,0,54,23,15,67,33,33,43,14,0,62,83,43,24,62,83,43,31,17,43,15,0,29,54,83,29,9,5,4,69,83,57,8,2,6,62,33,86,2,1,1,15,17,14,23,50,0,54,33,71,23,17,29,4.31,5.33,3.43,2.38,2.67,2.14,85,69,54,46,23,23,8,0,1.29,1.54,1.08,1.28,1.21,1.33,46,2,3,0,1,3,2,3,2,5,3,0,1,1,0,0,0,1,3,15,0,29,23,17,29,0
Crusaders FC,Crusaders,2024/2025,Northern Ireland,2,1,1,0,1,1,0,0,0,0,1,0,1,1.5,3,0,0,19,19,91,3,3,0,6,4,2,3,0,1,2,2,-2,60,30,0,60,90,45,0,0,0,1,1,0,1,0,1,0,0,0,7,3,4,9,4,5,46,44,48,30,23,7,9,9,0,21,14,7,27,16,11,0,0,0,3,1,2,-3,-1,-2,0,0,0,0,0,0,2,1,1,0,0,0,3,4,2,1.5,3,0,1.5,1,2,1.5,1,2,0,0,0,1.5,1,2,2,2,1,1,0,0,1,1,1,1,0,0,1,1,0,0,0,0,0,0,1,1,2,2,0,0,0,0,1,1,0,0,1,1,1,1,100,100,50,50,0,0,100,100,100,100,0,0,100,100,0,0,0,0,0,0,50,50,100,100,0,0,0,0,100,100,0,0,100,100,100,100,2,1,0,1,0,0,1,1,0,100,50,0,100,0,0,100,100,0,50,100,0,67,0,0,0,50,100,0,50,0,100,0,0,0,0,0,0,0,0,0,2,1,1,100,100,100,0,0,0,0,0,0,0,0,0,0,0,0,100,100,100,3.50,3.00,4.00,4.5,4,5.00,50,0,0,0,0,0,0,0,1.71,2.53,0.88,1.15,1.27,1.02,100,0,0,0,0,2,0,0,1,0,1,0,1,1,0,0,0,0,0,0,0,0,50,0,100,0
SK Brann,Brann,2024/2025,Norway,6,3,3,0,3,3,0,2,0,2,1,0,1,1.83,3,0.67,0,28,28,32,8,6,2,14,9,5,7,1,2,4,5,-3,68,39,273,90,134,68,2,1,1,3,2,1,2,0,2,3,2,1,33,18,15,9,5,4,52,64,39,68,34,34,30,13,17,38,21,17,66,38,28,3,3,0,1,1,0,2,2,0,2,2,0,4,1,3,0,0,0,1.67,2.33,1,2.33,3,1.67,1.33,2.33,0.33,1,0.67,1.33,0.67,1.33,0,0.5,1,0,0.17,0.33,0,5,5,3,1,0,0,3,3,2,1,0,0,2,2,1,0,0,0,1,1,3,5,6,6,0,0,1,2,3,3,1,1,2,3,3,3,83,83,50,17,0,0,100,100,67,33,0,0,67,67,33,0,0,0,17,17,50,83,100,100,0,0,33,67,100,100,33,33,67,100,100,100,3,1,0,3,1,0,0,0,0,50,17,0,100,33,0,0,0,0,50,100,0,54,33,33,33,50,67,33,33,0,67,50,67,33,5,2,3,83,67,100,3,0,3,50,0,100,1,1,0,17,33,0,33,67,0,67,33,100,0,0,0,5.50,6.00,5.00,1.5,1.67,1.33,100,83,67,50,50,17,0,0,1.51,1.43,1.59,1.26,1.04,1.47,83,1,1,0,0,1,0,2,1,2,1,0,0,0,0,1,0,1,3,33,0,67,17,0,33,0
Go Ahead Eagles,Go Ahead Eagles,2024/2025,Netherlands,2,1,1,0,0,0,0,1,1,0,1,0,1,0.5,1,0,0,29,29,120,1,2,-1,3,0,3,0,1,0,2,0,-1,180,0,90,90,0,45,1,1,0,1,0,1,1,1,0,1,0,1,8,5,3,7,3,4,49,50,47,17,10,7,10,3,7,7,7,0,19,4,15,1,0,1,1,0,1,0,0,0,0,0,0,2,1,1,0,0,0,1,1,1,1.5,0,3,0.5,0,1,1,0,2,1,0,2,0.5,0,1,0.5,0,1,1,1,1,0,0,0,0,0,0,0,0,0,1,1,1,0,0,0,1,1,1,2,2,2,1,1,1,1,1,1,0,0,0,1,1,1,50,50,50,0,0,0,0,0,0,0,0,0,100,100,100,0,0,0,50,50,50,100,100,100,100,100,100,100,100,100,0,0,0,100,100,100,1,1,0,0,0,0,1,1,0,50,50,0,0,0,0,100,100,0,0,0,0,0,50,100,0,50,0,100,50,100,0,50,0,100,1,1,0,50,100,0,1,1,0,50,100,0,1,0,1,50,0,100,0,0,0,100,100,100,0,0,0,4.00,5.00,3.00,3.5,3,4.00,100,100,50,50,50,0,0,0,1.31,1.35,1.27,1.31,1.34,1.26,50,1,0,0,0,0,0,0,0,0,0,0,0,0,1,0,1,0,0,50,100,0,50,0,100,0
Tampereen Ilves,Ilves,2024/2025,Finland,4,2,2,0,1,1,0,1,1,0,2,0,2,1,2,0,0,30,30,82,7,9,-2,16,5,11,3,4,2,7,1,-3,51,60,45,40,90,26,0,0,0,4,2,2,0,0,0,1,1,0,13,2,11,10,4,6,49,46,51,48,27,21,31,15,16,17,12,5,43,23,20,2,0,2,4,0,4,-2,0,-2,0,0,0,2,2,0,2,0,2,0.5,1,0,4,2.5,5.5,1.75,1.5,2,2.25,1,3.5,1.5,0,3,0.5,0,1,1,0,2,4,4,3,2,1,1,2,2,1,0,0,0,2,2,2,2,1,1,0,0,1,2,3,3,0,0,1,2,2,2,0,0,0,0,1,1,100,100,75,50,25,25,100,100,50,0,0,0,100,100,100,100,50,50,0,0,25,50,75,75,0,0,50,100,100,100,0,0,0,0,50,50,2,2,2,0,0,0,2,2,2,50,50,50,0,0,0,100,100,100,25,50,0,21,0,0,0,100,100,100,0,0,0,25,50,0,2,2,0,50,100,0,2,2,0,50,100,0,2,0,2,50,0,100,0,0,0,50,100,0,50,0,100,3.25,1.00,5.50,2.5,2,3.00,75,75,50,50,50,50,25,25,1.74,1.81,1.68,1.70,1.39,2.02,125,0,0,2,0,0,1,1,0,2,0,1,2,0,1,2,1,0,1,25,50,0,50,0,100,25
Vaasan Palloseura,VPS,2024/2025,Finland,2,1,1,0,0,0,0,0,0,0,2,1,1,0,0,0,0,31,31,149,1,3,-2,4,3,1,1,0,2,1,-1,-1,180,90,0,60,45,90,0,0,0,1,1,0,1,0,1,0,0,0,11,6,5,7,5,2,56,14,98,14,7,7,7,4,3,7,3,4,19,10,9,0,0,0,2,1,1,-2,-1,-1,0,0,0,0,0,0,2,1,1,0,0,0,2,3,1,0.5,1,0,1.5,2,1,1,1,1,0,0,0,1,1,1,2,1,1,0,0,0,1,1,1,0,0,0,1,0,0,0,0,0,0,1,1,2,2,2,0,0,0,1,1,1,0,1,1,1,1,1,100,50,50,0,0,0,100,100,100,0,0,0,100,0,0,0,0,0,0,50,50,100,100,100,0,0,0,100,100,100,0,100,100,100,100,100,2,0,0,1,0,0,1,0,0,100,0,0,100,0,0,100,0,0,0,0,0,34,0,0,0,50,100,0,50,0,100,0,0,0,0,0,0,0,0,0,2,1,1,100,100,100,0,0,0,0,0,0,0,0,0,0,0,0,100,100,100,5.50,6.00,5.00,3.5,5,2.00,100,100,100,100,100,100,50,50,1.10,1.08,1.11,1.94,2.24,1.63,50,0,0,0,0,0,1,0,0,0,0,0,1,0,1,0,0,0,1,0,0,0,100,100,100,0
Kuopion Palloseura,KuPS,2024/2025,Finland,4,2,2,0,1,1,0,1,0,1,2,1,1,1,1.5,0.5,0,32,32,75,5,2,3,7,6,1,5,0,1,1,4,-1,72,36,0,180,180,180,2,1,1,0,0,0,3,1,2,1,1,0,17,5,12,6,1,5,51,43,59,41,27,14,21,14,7,20,13,7,30,19,11,2,2,0,1,0,1,1,2,-1,1,1,0,2,1,1,1,0,1,1.25,2,0.5,1.75,3,0.5,1.25,2.5,0,0.5,0.5,0.5,0.75,1,0.5,0.5,1,0,0.25,0,0.5,3,1,1,1,1,0,2,1,1,1,1,0,1,0,0,0,0,0,1,3,3,3,3,4,0,1,1,1,1,2,1,2,2,2,2,2,75,25,25,25,25,0,100,50,50,50,50,0,50,0,0,0,0,0,25,75,75,75,75,100,0,50,50,50,50,100,50,100,100,100,100,100,2,1,0,1,1,0,1,0,0,50,25,0,50,50,0,50,0,0,25,50,0,0,50,50,50,0,0,0,75,50,100,25,50,0,3,2,1,75,100,50,3,1,2,75,50,100,0,0,0,0,0,0,25,50,0,50,50,50,25,0,50,4.25,2.50,6.00,1.5,0.5,2.50,50,25,25,25,25,25,25,25,1.37,1.63,1.12,1.08,1.24,0.92,25,0,2,0,0,1,0,0,1,1,0,0,1,0,0,1,0,0,0,25,0,50,50,50,50,0
FK Austria Wien,Austria Wien,2024/2025,Austria,2,1,1,0,1,1,0,0,0,0,1,0,1,1.5,3,0,0,38,38,93,5,5,0,10,7,3,4,1,3,2,1,-1,36,23,90,36,30,45,0,0,0,2,1,1,0,0,0,1,1,0,13,2,11,7,3,4,52,39,64,20,9,11,12,7,5,8,2,6,28,15,13,2,2,0,1,1,0,1,1,0,1,1,0,1,0,1,0,0,0,2,3,1,5,7,3,2.5,4,1,2.5,3,2,1.5,3,0,1,2,0,0.5,1,0,2,2,2,1,1,1,1,1,1,1,1,1,1,1,1,0,0,0,0,0,0,1,1,1,0,0,0,0,0,0,0,0,0,1,1,1,100,100,100,50,50,50,100,100,100,100,100,100,100,100,100,0,0,0,0,0,0,50,50,50,0,0,0,0,0,0,0,0,0,100,100,100,1,1,1,1,1,1,0,0,0,50,50,50,100,100,100,0,0,0,50,100,0,20,0,0,0,100,100,100,0,0,0,50,100,0,1,0,1,50,0,100,1,0,1,50,0,100,1,1,0,50,100,0,50,100,0,50,0,100,0,0,0,6.50,2.00,11.00,3.5,3,4.00,100,100,50,50,50,50,0,0,1.66,1.74,1.57,1.72,2.08,1.35,100,0,0,2,0,0,0,1,0,1,0,0,1,0,0,1,0,0,2,0,0,0,50,0,100,0
Djurgårdens IF,Djurgården,2024/2025,Sweden,12,6,6,0,8,5,3,2,0,2,2,1,1,2.17,2.5,1.83,0,41,41,4,20,10,10,30,18,12,13,7,5,5,8,2,54,41,77,108,108,108,4,2,2,7,4,3,1,0,1,8,4,4,46,30,16,33,15,18,50,50,51,115,62,53,68,38,30,47,24,23,167,92,75,8,6,2,4,2,2,4,4,0,5,3,2,4,2,2,3,1,2,1.58,1.83,1.33,2.5,3,2,1.67,2.17,1.17,0.83,0.83,0.83,1,1.33,0.67,0.67,1,0.33,0.33,0.33,0.33,12,8,7,3,0,0,6,5,5,2,0,0,6,3,2,1,0,0,0,4,5,9,12,12,0,1,1,4,6,6,0,3,4,5,6,6,100,67,58,25,0,0,100,83,83,33,0,0,100,50,33,17,0,0,0,33,42,75,100,100,0,17,17,67,100,100,0,50,67,83,100,100,8,3,1,4,3,1,4,0,0,67,25,8,67,50,17,67,0,0,67,83,50,0,33,33,33,58,67,50,8,0,17,67,67,67,8,4,4,67,67,67,7,3,4,58,50,67,1,1,0,8,17,0,42,50,33,33,33,33,25,17,33,3.83,5.00,2.67,2.75,2.5,3.00,57,42,33,17,8,8,8,8,1.38,1.49,1.28,1.17,1.02,1.31,92,1,1,3,0,4,3,6,2,0,1,1,2,0,1,2,1,2,0,17,0,33,17,17,17,8
FC Torpedo-BelAZ Zhodino,Torpedo BelAZ,2024/2025,Belarus,2,1,1,0,0,0,0,1,0,1,1,1,0,0.5,0,1,0,43,43,134,2,4,-2,6,6,0,2,0,4,0,-2,0,90,45,0,45,23,0,1,0,1,1,1,0,1,0,1,0,0,0,9,5,4,4,1,3,49,51,46,21,13,8,8,5,3,13,8,5,25,12,13,1,1,0,2,2,0,-1,-1,0,0,0,0,1,0,1,1,1,0,0.5,0,1,3,6,0,1,2,0,2,4,0,1.5,3,0,0.5,1,0,1,2,0,1,1,1,1,1,1,1,1,1,1,1,1,0,0,0,0,0,0,1,1,1,1,1,1,0,0,0,0,0,0,1,1,1,1,1,1,50,50,50,50,50,50,100,100,100,100,100,100,0,0,0,0,0,0,50,50,50,50,50,50,0,0,0,0,0,0,100,100,100,100,100,100,1,1,1,1,1,1,0,0,0,50,50,50,100,100,100,0,0,0,0,0,0,0,50,0,100,50,100,0,50,0,100,0,0,0,1,0,1,50,0,100,1,0,1,50,0,100,1,1,0,50,100,0,0,0,0,50,0,100,50,100,0,4.50,5.00,4.00,2,1,3.00,50,50,50,50,0,0,0,0,1.28,1.42,1.14,1.77,1.41,2.12,100,0,0,0,1,0,0,0,0,1,0,1,1,0,1,0,0,1,0,50,0,100,50,100,0,0
FK Isloch Minsk,Isloch,2024/2025,Belarus,2,1,1,0,1,0,1,0,0,0,1,1,0,1.5,0,3,0,44,44,87,1,1,0,2,1,1,0,1,1,0,-1,1,180,0,90,180,90,0,1,0,1,0,0,0,1,1,0,1,0,1,8,6,2,2,1,1,53,54,51,26,16,10,10,7,3,16,9,7,51,26,25,1,0,1,0,0,0,1,0,1,1,0,1,1,1,0,0,0,0,2,1,3,1,1,1,0.5,0,1,0.5,1,0,0.5,0,1,0.5,0,1,0,0,0,2,0,0,0,0,0,1,0,0,0,0,0,1,0,0,0,0,0,0,2,2,2,2,2,0,1,1,1,1,1,0,1,1,1,1,1,100,0,0,0,0,0,100,0,0,0,0,0,100,0,0,0,0,0,0,100,100,100,100,100,0,100,100,100,100,100,0,100,100,100,100,100,1,0,0,0,0,0,1,0,0,50,0,0,0,0,0,100,0,0,50,0,100,-100,50,0,100,0,0,0,50,100,0,50,0,100,2,1,1,100,100,100,1,1,0,50,100,0,0,0,0,0,0,0,50,0,100,50,100,0,0,0,0,4.00,6.00,2.00,1,1,1.00,50,0,0,0,0,0,0,0,1.70,2.11,1.28,1.06,1.32,0.79,0,0,0,0,1,0,0,0,0,0,0,0,0,0,0,0,0,0,1,0,0,0,50,100,0,0
FC Neman Grodno,Neman Grodno,2024/2025,Belarus,2,1,1,0,0,0,0,1,0,1,1,1,0,0.5,0,1,0,46,46,141,0,5,-5,5,5,0,0,0,5,0,-5,0,0,0,0,36,18,0,1,0,1,0,0,0,2,1,1,0,0,0,5,2,3,6,4,2,49,55,42,13,8,5,2,0,2,11,8,3,23,12,11,0,0,0,2,2,0,-2,-2,0,0,0,0,1,0,1,1,1,0,0.5,0,1,2.5,5,0,0,0,0,2.5,5,0,1,2,0,0,0,0,1,2,0,1,1,1,1,1,0,1,1,1,1,1,0,0,0,0,0,0,0,1,1,1,1,1,2,0,0,0,0,0,1,1,1,1,1,1,1,50,50,50,50,50,0,100,100,100,100,100,0,0,0,0,0,0,0,50,50,50,50,50,100,0,0,0,0,0,100,100,100,100,100,100,100,1,1,0,1,1,0,0,0,0,50,50,0,100,100,0,0,0,0,0,0,0,-50,50,0,100,0,0,0,100,100,100,0,0,0,1,0,1,50,0,100,2,1,1,100,100,100,0,0,0,0,0,0,0,0,0,50,0,100,50,100,0,2.50,2.00,3.00,3,4,2.00,50,50,50,0,0,0,0,0,0.94,1.06,0.81,1.37,1.27,1.46,50,0,0,0,0,0,0,0,0,0,0,1,0,1,0,2,0,0,1,50,0,100,50,100,0,0
FC Banants,Banants,2024/2025,Armenia,4,2,2,0,2,1,1,0,0,0,2,1,1,1.5,1.5,1.5,0,48,48,62,5,8,-3,13,4,9,2,3,2,6,0,-3,72,90,60,45,90,30,1,1,0,2,0,2,1,1,0,1,1,0,13,7,6,9,3,6,51,51,51,22,8,14,13,5,8,9,3,6,45,23,22,2,1,1,5,1,4,-3,0,-3,1,1,0,1,0,1,2,1,1,1,1.5,0.5,3.25,2,4.5,1.25,1,1.5,2,1,3,1.75,1,2.5,0.5,0.5,0.5,1.25,0.5,2,4,4,2,1,1,1,2,2,0,0,0,0,2,2,2,1,1,1,0,0,2,3,3,3,0,0,2,2,2,2,0,0,0,1,1,1,100,100,50,25,25,25,100,100,0,0,0,0,100,100,100,50,50,50,0,0,50,75,75,75,0,0,100,100,100,100,0,0,0,50,50,50,4,2,1,2,0,0,2,2,1,100,50,25,100,0,0,100,100,50,50,50,50,15,25,50,0,50,0,100,25,50,0,25,50,0,1,1,0,25,50,0,2,1,1,50,50,50,1,0,1,25,0,50,25,50,0,25,0,50,50,50,50,3.25,3.50,3.00,2.25,1.5,3.00,75,50,50,50,25,25,0,0,1.09,0.94,1.24,1.50,0.98,2.02,75,0,1,1,0,1,0,0,1,1,0,2,3,0,0,1,1,0,1,0,0,0,50,50,50,0
FC Vaduz,Vaduz,2024/2025,Liechtenstein,2,1,1,0,0,0,0,1,1,0,1,0,1,0.5,1,0,0,50,50,136,3,5,-2,8,4,4,2,1,2,3,0,-2,60,45,90,36,45,30,0,0,0,2,1,1,0,0,0,1,1,0,15,7,8,6,2,4,52,58,46,20,8,12,7,3,4,13,5,8,43,20,23,1,1,0,3,1,2,-2,0,-2,0,0,0,1,1,0,1,0,1,0.5,1,0,4,4,4,1.5,2,1,2.5,2,3,2,2,2,0.5,1,0,1.5,1,2,2,2,2,2,0,0,1,1,1,1,0,0,1,1,1,1,0,0,0,0,0,0,2,2,0,0,0,0,1,1,0,0,0,0,1,1,100,100,100,100,0,0,100,100,100,100,0,0,100,100,100,100,0,0,0,0,0,0,100,100,0,0,0,0,100,100,0,0,0,0,100,100,2,2,0,1,1,0,1,1,0,100,100,0,100,100,0,100,100,0,0,0,0,27,0,0,0,100,100,100,0,0,0,50,100,0,0,0,0,0,0,0,1,0,1,50,0,100,1,1,0,50,100,0,0,0,0,50,100,0,50,0,100,7.50,7.00,8.00,3,2,4.00,100,100,100,50,50,50,50,50,1.59,1.54,1.62,1.38,1.02,1.75,100,0,0,1,0,0,0,1,1,0,1,1,1,0,0,0,0,1,1,50,100,0,50,0,100,50
FK Sumqayıt,Sumqayıt,2024/2025,Azerbaijan,2,1,1,0,0,0,0,1,0,1,1,1,0,0.5,0,1,0,55,55,121,1,2,-1,3,3,0,1,0,2,0,-1,0,180,90,0,90,45,0,1,0,1,1,1,0,1,0,1,1,1,0,7,2,5,8,6,2,58,50,66,14,7,7,6,4,2,8,3,5,20,9,11,1,1,0,1,1,0,0,0,0,0,0,0,2,1,1,0,0,0,1,1,1,1.5,3,0,0.5,1,0,1,2,0,1,2,0,0.5,1,0,0.5,1,0,1,1,1,0,0,0,1,1,1,0,0,0,0,0,0,0,0,0,1,1,1,2,2,2,0,0,0,1,1,1,1,1,1,1,1,1,50,50,50,0,0,0,100,100,100,0,0,0,0,0,0,0,0,0,50,50,50,100,100,100,0,0,0,100,100,100,100,100,100,100,100,100,1,1,0,1,1,0,0,0,0,50,50,0,100,100,0,0,0,0,0,0,0,0,50,0,100,50,100,0,50,0,100,50,100,0,1,0,1,50,0,100,1,0,1,50,0,100,1,1,0,50,100,0,0,0,0,100,100,100,0,0,0,3.50,2.00,5.00,4,6,2.00,50,50,50,50,50,50,50,50,1.00,1.08,0.92,1.90,2.32,1.47,0,0,1,0,0,0,0,0,0,0,0,0,0,1,0,1,0,0,0,50,0,100,50,100,0,50
Videoton FC Fehérvár,Videoton,2024/2025,Hungary,4,2,2,0,1,0,1,1,1,0,2,1,1,1,0.5,1.5,0,58,58,79,2,4,-2,6,2,4,0,2,2,2,-2,0,180,0,90,90,90,90,1,1,0,1,0,1,3,2,1,0,0,0,22,17,5,9,3,6,43,40,46,48,22,26,19,7,12,29,15,14,46,25,21,1,0,1,2,1,1,-1,-1,0,0,0,0,3,1,2,1,1,0,0.75,0.5,1,1.5,1,2,0.5,0,1,1,1,1,0.75,0.5,1,0.25,0,0.5,0.5,0.5,0.5,3,2,1,0,0,0,1,1,0,0,0,0,2,1,1,0,0,0,1,2,3,4,4,4,1,1,2,2,2,2,0,1,1,2,2,2,75,50,25,0,0,0,50,50,0,0,0,0,100,50,50,0,0,0,25,50,75,100,100,100,50,50,100,100,100,100,0,50,50,100,100,100,2,1,0,1,0,0,1,1,0,50,25,0,50,0,0,50,50,0,25,0,50,0,25,50,0,25,0,50,75,100,50,0,0,0,2,1,1,50,50,50,3,2,1,75,100,50,1,0,1,25,0,50,0,0,0,75,50,100,25,50,0,5.50,8.50,2.50,2.25,1.5,3.00,75,75,75,50,50,50,50,50,1.59,1.45,1.74,1.71,1.58,1.84,0,0,0,0,1,0,1,0,0,0,0,1,1,0,0,1,0,0,1,25,50,0,50,50,50,50
FC Milsami Orhei,Milsami,2024/2025,Moldova,4,2,2,0,1,0,1,2,2,0,1,0,1,1.25,1,1.5,0,59,59,68,5,4,1,9,2,7,1,4,1,3,0,1,72,180,45,90,180,60,1,1,0,2,1,1,2,1,1,1,0,1,19,12,7,9,3,6,50,53,47,38,20,18,14,7,7,24,13,11,58,31,27,2,0,2,1,0,1,1,0,1,1,0,1,3,2,1,0,0,0,1.5,1,2,2.25,1,3.5,1.25,0.5,2,1,0.5,1.5,0.75,0,1.5,0.5,0,1,0.25,0,0.5,3,2,1,1,1,1,1,1,0,0,0,0,2,1,1,1,1,1,1,2,3,3,3,3,1,1,2,2,2,2,0,1,1,1,1,1,75,50,25,25,25,25,50,50,0,0,0,0,100,50,50,50,50,50,25,50,75,75,75,75,50,50,100,100,100,100,0,50,50,50,50,50,1,1,1,0,0,0,1,1,1,25,25,25,0,0,0,50,50,50,25,0,50,-5,25,50,0,50,50,50,50,50,50,25,0,50,3,2,1,75,100,50,3,2,1,75,100,50,1,0,1,25,0,50,25,0,50,75,100,50,0,0,0,4.75,6.00,3.50,2.25,1.5,3.00,75,75,75,50,0,0,0,0,1.30,1.47,1.13,1.04,0.87,1.22,75,0,1,1,0,1,0,0,1,1,0,0,0,1,1,1,0,0,1,50,100,0,25,0,50,0
Tallinna FC Levadia,Tallinna FC Levadia,2024/2025,Estonia,4,2,2,0,1,0,1,1,1,0,2,1,1,1,0.5,1.5,0,60,60,84,3,6,-3,9,1,8,0,3,1,5,-1,-2,120,0,60,60,180,36,2,1,1,1,0,1,2,2,0,2,0,2,24,12,12,5,2,3,55,51,59,51,27,24,20,9,11,31,18,13,50,30,20,3,0,3,4,0,4,-1,0,-1,1,0,1,2,2,0,1,0,1,1.25,1,1.5,2.25,0.5,4,0.75,0,1.5,1.5,0.5,2.5,1.75,0,3.5,0.75,0,1.5,1,0,2,3,2,1,1,1,1,1,0,0,0,0,0,2,2,1,1,1,1,1,2,3,3,3,3,1,2,2,2,2,2,0,0,1,1,1,1,75,50,25,25,25,25,50,0,0,0,0,0,100,100,50,50,50,50,25,50,75,75,75,75,50,100,100,100,100,100,0,0,50,50,50,50,2,2,1,0,0,0,2,2,1,50,50,25,0,0,0,100,100,50,25,0,50,-17,50,50,50,25,0,50,50,100,0,50,0,100,3,2,1,75,100,50,2,2,0,50,100,0,1,0,1,25,0,50,25,0,50,50,100,0,25,0,50,6.00,6.00,6.00,1.25,1,1.50,75,75,50,50,25,25,25,0,1.80,1.78,1.83,1.33,1.26,1.39,100,2,0,1,0,0,0,0,0,0,1,1,1,1,0,0,2,0,0,25,50,0,50,50,50,0
FK Sarajevo,Sarajevo,2024/2025,Bosnia and Herzegovina,4,2,2,0,1,0,1,1,1,0,2,1,1,1,0.5,1.5,0,61,61,83,3,6,-3,9,5,4,2,1,3,3,-1,-2,120,90,180,60,60,60,2,1,1,1,1,0,2,1,1,1,0,1,27,16,11,17,9,8,52,58,47,53,35,18,18,13,5,35,22,13,74,39,35,0,0,0,3,1,2,-3,-1,-2,0,0,0,2,1,1,2,1,1,0.5,0.5,0.5,2.25,2.5,2,0.75,1,0.5,1.5,1.5,1.5,0.75,0.5,1,0,0,0,0.75,0.5,1,3,2,2,1,1,0,1,1,1,1,1,0,2,1,1,0,0,0,1,2,2,3,3,4,1,1,1,1,1,2,0,1,1,2,2,2,75,50,50,25,25,0,50,50,50,50,50,0,100,50,50,0,0,0,25,50,50,75,75,100,50,50,50,50,50,100,0,50,50,100,100,100,2,1,0,1,0,0,1,1,0,50,25,0,50,0,0,50,50,0,25,0,50,0,50,50,50,25,50,0,50,50,50,25,0,50,2,1,1,50,50,50,4,2,2,100,100,100,0,0,0,0,0,0,0,0,0,50,50,50,50,50,50,6.75,8.00,5.50,4.25,4.5,4.00,100,75,50,25,25,25,25,0,1.51,1.88,1.15,1.30,1.02,1.58,0,0,0,0,0,0,1,0,0,1,0,1,0,0,2,0,0,1,1,25,50,0,50,50,50,0
UMF Stjarnan,Stjarnan,2024/2025,Iceland,4,2,2,0,2,2,0,0,0,0,2,0,2,1.5,3,0,0,63,63,60,6,8,-2,14,5,9,4,2,1,7,3,-5,60,45,90,45,180,26,1,1,0,2,1,1,1,0,1,2,2,0,27,17,10,6,3,3,52,55,48,44,26,18,17,12,5,27,14,13,63,32,31,2,2,0,2,0,2,0,2,-2,2,2,0,0,0,0,2,0,2,1.5,3,0,3.5,2.5,4.5,1.5,2,1,2,0.5,3.5,1,1,1,0.5,1,0,0.5,0,1,4,4,3,2,1,0,2,2,1,0,0,0,2,2,2,2,1,0,0,0,1,2,3,4,0,0,1,2,2,2,0,0,0,0,1,2,100,100,75,50,25,0,100,100,50,0,0,0,100,100,100,100,50,0,0,0,25,50,75,100,0,0,50,100,100,100,0,0,0,0,50,100,4,0,0,2,0,0,2,0,0,100,0,0,100,0,0,100,0,0,50,100,0,54,25,50,0,50,50,50,25,0,50,50,100,0,2,2,0,50,100,0,2,0,2,50,0,100,0,0,0,0,0,0,50,100,0,0,0,0,50,0,100,6.75,8.50,5.00,1.5,1.5,1.50,100,100,100,100,100,75,75,75,1.46,1.71,1.21,1.38,1.15,1.61,75,0,0,2,0,0,2,0,1,1,1,0,1,0,1,2,1,1,1,0,0,0,50,0,100,25
SP La Fiorita,La Fiorita,2024/2025,San Marino,4,2,2,0,1,0,1,0,0,0,3,2,1,0.75,0,1.5,0,65,65,113,2,11,-9,13,5,8,0,2,5,6,-5,-4,180,0,90,33,36,30,1,0,1,1,0,1,2,2,0,1,0,1,6,5,1,9,3,6,37,39,36,23,8,15,5,0,5,18,8,10,46,20,26,0,0,0,8,4,4,-8,-4,-4,0,0,0,1,0,1,3,2,1,0.25,0,0.5,3.25,2.5,4,0.5,0,1,2.75,2.5,3,2,2,2,0,0,0,2,2,2,4,2,2,2,1,1,2,1,1,1,0,0,2,1,1,1,1,1,0,2,2,2,3,3,0,1,1,1,2,2,0,1,1,1,1,1,100,50,50,50,25,25,100,50,50,50,0,0,100,50,50,50,50,50,0,50,50,50,75,75,0,50,50,50,100,100,0,50,50,50,50,50,3,2,2,2,1,1,1,1,1,75,50,50,100,50,50,50,50,50,25,0,50,-46,25,0,50,25,0,50,50,100,0,25,0,50,1,0,1,25,0,50,4,2,2,100,100,100,0,0,0,0,0,0,0,0,0,25,0,50,75,100,50,1.50,2.50,0.50,2.25,1.5,3.00,50,25,25,25,25,25,25,25,0.81,0.67,0.94,2.11,1.72,2.50,100,0,0,0,0,0,1,0,0,1,1,2,1,3,2,0,0,1,1,0,0,0,75,100,50,0
St Patrick's Athletic FC,St Patrick's Athl.,2024/2025,Republic of Ireland,6,3,3,0,3,2,1,2,1,1,1,0,1,1.83,2.33,1.33,0,66,66,31,7,5,2,12,5,7,4,3,1,4,3,-1,77,68,90,108,273,68,3,2,1,2,1,1,2,1,1,3,2,1,35,25,10,9,2,7,43,52,34,60,37,23,24,14,10,36,23,13,55,33,22,4,3,1,1,0,1,3,3,0,2,2,0,4,1,3,0,0,0,1.67,2.33,1,2,1.67,2.33,1.17,1.33,1,0.83,0.33,1.33,0.83,1,0.67,0.67,1,0.33,0.17,0,0.33,5,3,2,2,0,0,2,1,1,1,0,0,3,2,1,1,0,0,1,3,4,4,6,6,1,2,2,2,3,3,0,1,2,2,3,3,83,50,33,33,0,0,67,33,33,33,0,0,100,67,33,33,0,0,17,50,67,67,100,100,33,67,67,67,100,100,0,33,67,67,100,100,3,2,0,2,1,0,1,1,0,50,33,0,67,33,0,33,33,0,50,67,33,37,50,67,33,33,33,33,33,33,33,50,67,33,5,3,2,83,100,67,3,1,2,50,33,67,1,0,1,17,0,33,33,67,0,67,33,100,0,0,0,5.83,8.33,3.33,1.5,0.67,2.33,100,83,83,50,50,33,33,33,1.39,1.69,1.09,1.51,1.15,1.88,33,1,1,1,1,1,0,0,1,1,0,0,1,0,0,0,2,1,1,33,33,33,17,0,33,33
FK Aktobe,Aktobe,2024/2025,Kazakhstan,2,1,1,0,1,0,1,0,0,0,1,1,0,1.5,0,3,0,67,67,90,3,3,0,6,1,5,0,3,1,2,-1,1,60,0,30,60,90,45,0,0,0,1,0,1,1,1,0,1,0,1,8,4,4,7,2,5,52,63,41,28,14,14,12,7,5,16,7,9,38,16,22,1,0,1,0,0,0,1,0,1,1,0,1,1,1,0,0,0,0,2,1,3,3,1,5,1.5,0,3,1.5,1,2,0.5,0,1,0.5,0,1,0,0,0,2,1,1,1,1,0,1,0,0,0,0,0,1,1,1,1,1,0,0,1,1,1,1,2,0,1,1,1,1,1,0,0,0,0,0,1,100,50,50,50,50,0,100,0,0,0,0,0,100,100,100,100,100,0,0,50,50,50,50,100,0,100,100,100,100,100,0,0,0,0,0,100,1,0,0,0,0,0,1,0,0,50,0,0,0,0,0,100,0,0,50,0,100,-34,0,0,0,50,0,100,50,100,0,50,0,100,2,1,1,100,100,100,1,1,0,50,100,0,0,0,0,0,0,0,50,0,100,50,100,0,0,0,0,4.00,4.00,4.00,3.5,2,5.00,100,100,50,50,50,50,50,0,1.70,1.92,1.48,1.80,1.14,2.45,0,0,0,0,0,1,0,0,1,0,0,0,0,0,0,1,0,0,1,0,0,0,50,100,0,0
HB Tórshavn,HB,2024/2025,Faroe Islands,2,1,1,0,0,0,0,1,1,0,1,0,1,0.5,1,0,0,68,68,132,0,2,-2,2,0,2,0,0,0,2,0,-2,0,0,0,90,0,45,1,1,0,0,0,0,2,1,1,0,0,0,6,6,0,2,2,0,46,60,32,14,11,3,3,3,0,11,8,3,25,9,16,0,0,0,2,0,2,-2,0,-2,0,0,0,1,1,0,1,0,1,0.5,1,0,1,0,2,0,0,0,1,0,2,1,0,2,0,0,0,1,0,2,1,1,0,0,0,0,0,0,0,0,0,0,1,1,0,0,0,0,1,1,2,2,2,2,1,1,1,1,1,1,0,0,1,1,1,1,50,50,0,0,0,0,0,0,0,0,0,0,100,100,0,0,0,0,50,50,100,100,100,100,100,100,100,100,100,100,0,0,100,100,100,100,1,1,0,0,0,0,1,1,0,50,50,0,0,0,0,100,100,0,0,0,0,50,50,100,0,0,0,0,100,100,100,0,0,0,1,1,0,50,100,0,2,1,1,100,100,100,0,0,0,0,0,0,0,0,0,50,100,0,50,0,100,3.00,6.00,0.00,1,2,0.00,100,50,50,50,50,50,50,50,1.03,1.68,0.38,1.65,1.37,1.92,0,0,0,0,0,0,0,0,0,0,0,1,1,0,0,0,0,0,0,50,100,0,50,0,100,0
Riga FC,Riga,2024/2025,Latvia,2,1,1,0,1,1,0,0,0,0,1,0,1,1.5,3,0,0,70,70,100,2,3,-1,5,1,4,1,1,0,3,1,-2,90,90,90,60,0,30,1,1,0,1,0,1,0,0,0,1,1,0,14,9,5,5,2,3,37,23,50,17,10,7,8,6,2,9,4,5,30,10,20,2,1,1,1,0,1,1,1,0,1,1,0,1,0,1,0,0,0,2,3,1,2.5,1,4,1,1,1,1.5,0,3,1.5,1,2,1,1,1,0.5,0,1,2,1,1,1,0,0,1,0,0,0,0,0,1,1,1,1,0,0,0,1,1,1,2,2,0,1,1,1,1,1,0,0,0,0,1,1,100,50,50,50,0,0,100,0,0,0,0,0,100,100,100,100,0,0,0,50,50,50,100,100,0,100,100,100,100,100,0,0,0,0,100,100,2,1,0,1,0,0,1,1,0,100,50,0,100,0,0,100,100,0,50,100,0,50,50,100,0,50,0,100,0,0,0,50,100,0,1,1,0,50,100,0,0,0,0,0,0,0,1,0,1,50,0,100,50,100,0,50,0,100,0,0,0,7.00,9.00,5.00,2.5,2,3.00,100,50,50,50,50,50,50,50,1.25,1.43,1.07,1.31,1.14,1.48,100,1,0,0,1,0,0,0,0,0,1,0,0,0,1,1,0,0,0,0,0,0,50,0,100,0
Linfield FC,Linfield,2024/2025,Northern Ireland,2,1,1,0,1,1,0,0,0,0,1,0,1,1.5,3,0,0,72,72,104,3,4,-1,7,5,2,3,0,2,2,1,-2,60,30,0,45,45,45,0,0,0,1,1,0,1,0,1,1,1,0,23,12,11,4,3,1,53,57,48,21,11,10,9,3,6,12,8,4,24,15,9,1,1,0,1,0,1,0,1,-1,1,1,0,0,0,0,1,0,1,1.5,3,0,3.5,5,2,1.5,3,0,2,2,2,1,1,1,0.5,1,0,0.5,0,1,2,2,1,1,1,0,1,1,1,1,1,0,1,1,0,0,0,0,0,0,1,1,1,2,0,0,0,0,0,1,0,0,1,1,1,1,100,100,50,50,50,0,100,100,100,100,100,0,100,100,0,0,0,0,0,0,50,50,50,100,0,0,0,0,0,100,0,0,100,100,100,100,2,0,0,1,0,0,1,0,0,100,0,0,100,0,0,100,0,0,50,100,0,0,0,0,0,50,100,0,50,0,100,50,100,0,1,1,0,50,100,0,1,0,1,50,0,100,0,0,0,0,0,0,50,100,0,0,0,0,50,0,100,11.50,12.00,11.00,2,3,1.00,100,100,100,100,100,100,100,100,1.62,1.81,1.42,1.43,1.29,1.57,100,1,0,0,0,0,0,1,1,0,0,0,1,0,0,2,0,0,1,0,0,0,50,0,100,50
Víkingur Gøta,Víkingur,2024/2025,Faroe Islands,4,2,2,0,1,1,0,1,0,1,2,1,1,1,1.5,0.5,0,73,73,86,4,8,-4,12,5,7,2,2,3,5,-1,-3,90,90,90,45,60,36,1,1,0,2,0,2,1,1,0,3,1,2,14,5,9,8,4,4,41,45,38,29,13,16,12,5,7,17,8,9,29,7,22,4,2,2,1,0,1,3,2,1,2,1,1,2,1,1,0,0,0,2,2,2,3,2.5,3.5,1,1,1,2,1.5,2.5,1.25,1,1.5,1,1,1,0.25,0,0.5,4,4,2,1,1,0,2,2,1,0,0,0,2,2,1,1,1,0,0,0,2,3,3,4,0,0,1,2,2,2,0,0,1,1,1,2,100,100,50,25,25,0,100,100,50,0,0,0,100,100,50,50,50,0,0,0,50,75,75,100,0,0,50,100,100,100,0,0,50,50,50,100,3,2,0,1,1,0,2,1,0,75,50,0,50,50,0,100,50,0,25,50,0,13,25,50,0,50,0,100,25,50,0,75,50,100,3,2,1,75,100,50,1,1,0,25,50,0,1,0,1,25,0,50,50,50,50,50,50,50,0,0,0,3.50,2.50,4.50,2,2,2.00,100,75,75,75,75,50,25,25,1.04,1.06,1.02,2.19,1.91,2.47,125,0,1,2,0,1,0,0,0,0,0,0,1,0,0,2,3,1,1,25,0,50,50,50,50,0
FK Budućnost Podgorica,Budućnost,2024/2025,Montenegro,4,2,2,0,1,1,0,1,1,0,2,0,2,1,2,0,0,74,74,76,4,3,1,7,5,2,4,0,1,2,3,-2,90,45,0,120,180,90,1,1,0,1,1,0,2,0,2,2,2,0,17,11,6,12,7,5,52,55,50,28,18,10,12,10,2,16,8,8,57,32,25,1,1,0,1,0,1,0,1,-1,1,1,0,2,1,1,1,0,1,1.25,2,0.5,1.75,2.5,1,1,2,0,0.75,0.5,1,0.5,0.5,0.5,0.25,0.5,0,0.25,0,0.5,4,2,1,0,0,0,2,2,1,0,0,0,2,0,0,0,0,0,0,2,3,4,4,4,0,0,1,2,2,2,0,2,2,2,2,2,100,50,25,0,0,0,100,100,50,0,0,0,100,0,0,0,0,0,0,50,75,100,100,100,0,0,50,100,100,100,0,100,100,100,100,100,2,0,0,1,0,0,1,0,0,50,0,0,50,0,0,50,0,0,25,50,0,67,25,50,0,25,50,0,50,0,100,50,100,0,3,2,1,75,100,50,3,1,2,75,50,100,0,0,0,0,0,0,25,50,0,50,50,50,25,0,50,4.25,5.50,3.00,3,3.5,2.50,50,50,50,50,50,25,25,25,1.23,1.53,0.94,1.30,1.15,1.45,0,0,0,0,1,0,1,1,0,1,0,0,0,0,1,0,1,0,0,25,50,0,50,0,100,0
WKS Śląsk Wrocław,Śląsk Wrocław,2024/2025,Poland,4,2,2,0,2,2,0,0,0,0,2,0,2,1.5,3,0,0,77,77,58,6,6,0,12,9,3,6,0,3,3,3,-3,60,30,0,60,60,60,0,0,0,2,2,0,2,0,2,1,1,0,16,4,12,18,15,3,52,42,62,47,21,26,20,8,12,27,13,14,43,24,19,4,4,0,5,2,3,-1,2,-3,1,1,0,1,1,0,2,0,2,1,2,0,3,4.5,1.5,1.5,3,0,1.5,1.5,1.5,2.25,3,1.5,1,2,0,1.25,1,1.5,4,3,2,2,1,0,2,2,2,2,1,0,2,1,0,0,0,0,0,1,2,2,3,4,0,0,0,0,1,2,0,1,2,2,2,2,100,75,50,50,25,0,100,100,100,100,50,0,100,50,0,0,0,0,0,25,50,50,75,100,0,0,0,0,50,100,0,50,100,100,100,100,4,3,1,2,2,1,2,1,0,100,75,25,100,100,50,100,50,0,50,100,0,0,0,0,0,50,100,0,50,0,100,25,50,0,0,0,0,0,0,0,2,0,2,50,0,100,2,2,0,50,100,0,25,50,0,25,50,0,50,0,100,4.00,2.00,6.00,4.5,7.5,1.50,100,75,75,50,25,25,25,25,1.52,1.41,1.63,1.55,1.48,1.62,100,1,0,0,0,4,1,0,0,0,2,0,1,1,1,0,0,0,1,0,0,0,50,0,100,0
FC Artsakh,Artsakh,2024/2025,Armenia,14,7,7,0,6,5,1,2,1,1,6,1,5,1.43,2.29,0.57,0,80,80,13,24,22,2,46,22,24,18,6,4,18,14,-12,53,35,105,57,158,35,6,5,1,5,2,3,5,1,4,6,4,2,61,36,25,30,10,20,50,56,43,160,88,72,93,54,39,67,34,33,161,73,88,9,6,3,12,2,10,-3,4,-7,4,2,2,7,5,2,3,0,3,1.36,1.57,1.14,3.29,3.14,3.43,1.71,2.57,0.86,1.57,0.57,2.57,1.5,1.14,1.86,0.64,0.86,0.43,0.86,0.29,1.43,12,10,8,6,3,3,6,6,4,3,1,1,6,4,4,3,2,2,2,4,6,8,11,11,1,1,3,4,6,6,1,3,3,4,5,5,86,71,57,43,21,21,86,86,57,43,14,14,86,57,57,43,29,29,14,29,43,57,79,79,14,14,43,57,86,86,14,43,43,57,71,71,9,6,3,4,3,1,5,3,2,64,43,21,57,43,14,71,43,29,43,71,14,57,43,71,14,36,29,43,36,14,57,43,57,29,8,5,3,57,71,43,8,3,5,57,43,71,3,2,1,21,29,14,29,29,29,50,71,29,21,0,43,4.36,5.14,3.57,2.14,1.43,2.86,93,86,71,56,36,21,21,14,1.58,1.79,1.36,1.57,0.94,2.20,107,2,3,1,2,2,2,1,4,7,1,3,3,2,3,1,1,4,4,14,14,14,43,14,71,14
FC Avan Academy,FC Avan Academy,2024/2025,Armenia,4,2,2,0,2,1,1,1,0,1,1,1,0,1.75,1.5,2,0,81,81,46,9,5,4,14,5,9,3,6,2,3,1,3,40,60,30,72,90,60,1,0,1,2,1,1,1,1,0,2,1,1,18,9,9,12,5,7,52,50,54,44,20,24,20,8,12,24,12,12,52,22,30,4,1,3,1,0,1,3,1,2,3,1,2,1,1,0,0,0,0,2.5,2,3,3.5,2.5,4.5,2.25,1.5,3,1.25,1,1.5,1.25,0.5,2,1,0.5,1.5,0.25,0,0.5,4,3,3,2,1,1,2,1,1,1,0,0,2,2,2,1,1,1,0,1,1,2,3,3,0,1,1,1,2,2,0,0,0,1,1,1,100,75,75,50,25,25,100,50,50,50,0,0,100,100,100,50,50,50,0,25,25,50,75,75,0,50,50,50,100,100,0,0,0,50,50,50,3,1,1,1,0,0,2,1,1,75,25,25,50,0,0,100,50,50,50,50,50,-7,25,0,50,50,50,50,25,50,0,50,50,50,3,2,1,75,100,50,1,1,0,25,50,0,1,0,1,25,0,50,75,50,100,25,50,0,0,0,0,4.50,4.50,4.50,3,2.5,3.50,75,50,50,50,0,0,0,0,1.54,1.42,1.67,1.15,1.04,1.27,50,0,0,2,1,1,0,1,1,3,1,0,0,0,1,0,1,0,2,25,0,50,25,50,0,0
KS Vllaznia Shkodër,Vllaznia Shkodër,2024/2025,Albania,2,1,1,0,0,0,0,1,0,1,1,1,0,0.5,0,1,0,82,82,140,2,6,-4,8,4,4,0,2,4,2,-4,0,90,0,45,30,23,45,0,0,0,1,0,1,1,1,0,0,0,0,7,4,3,8,2,6,49,59,39,18,11,7,9,5,4,9,6,3,22,5,17,1,0,1,4,3,1,-3,-3,0,0,0,0,1,0,1,1,1,0,0.5,0,1,4,4,4,1,0,2,3,4,2,2.5,3,2,0.5,0,1,2,3,1,2,2,2,2,0,0,1,1,1,1,0,0,1,1,1,1,0,0,0,0,0,0,2,2,0,0,0,0,1,1,0,0,0,0,1,1,100,100,100,100,0,0,100,100,100,100,0,0,100,100,100,100,0,0,0,0,0,0,100,100,0,0,0,0,100,100,0,0,0,0,100,100,2,2,1,1,1,1,1,1,0,100,100,50,100,100,100,100,100,0,0,0,0,-67,0,0,0,50,0,100,50,100,0,0,0,0,0,0,0,0,0,0,1,1,0,50,100,0,1,0,1,50,0,100,0,0,0,50,0,100,50,100,0,3.50,4.00,3.00,4,2,6.00,100,50,50,50,50,50,50,50,1.32,1.55,1.08,1.85,1.98,1.71,50,0,0,1,0,0,0,0,0,1,0,3,0,1,0,0,1,0,1,50,0,100,50,100,0,50
KF Tirana,Tirana,2024/2025,Albania,2,1,1,0,0,0,0,1,0,1,1,1,0,0.5,0,1,0,83,83,122,1,2,-1,3,1,2,0,1,1,1,-1,0,180,0,90,90,90,90,0,0,0,1,0,1,1,1,0,0,0,0,10,4,6,2,1,1,44,48,40,30,14,16,15,6,9,15,8,7,15,6,9,0,0,0,2,1,1,-2,-1,-1,0,0,0,0,0,0,2,1,1,0,0,0,1.5,1,2,0.5,0,1,1,1,1,1,1,1,0,0,0,1,1,1,2,1,0,0,0,0,1,0,0,0,0,0,1,1,0,0,0,0,0,1,2,2,2,2,0,1,1,1,1,1,0,0,1,1,1,1,100,50,0,0,0,0,100,0,0,0,0,0,100,100,0,0,0,0,0,50,100,100,100,100,0,100,100,100,100,100,0,0,100,100,100,100,2,0,0,1,0,0,1,0,0,100,0,0,100,0,0,100,0,0,0,0,0,0,0,0,0,50,0,100,50,100,0,0,0,0,0,0,0,0,0,0,2,1,1,100,100,100,0,0,0,0,0,0,0,0,0,0,0,0,100,100,100,5.00,4.00,6.00,1,1,1.00,50,50,50,50,0,0,0,0,2.02,1.96,2.08,1.35,1.11,1.59,0,0,0,0,0,0,0,0,0,1,1,1,0,0,0,0,0,0,0,50,0,100,50,100,0,0
Paide Linnameeskond,Paide,2024/2025,Estonia,6,3,3,0,2,1,1,2,2,0,2,0,2,1.33,1.67,1,0,84,84,44,10,11,-1,21,8,13,6,4,2,9,4,-5,54,45,68,49,134,30,1,1,0,5,2,3,0,0,0,2,1,1,26,19,7,16,9,7,51,54,48,54,34,20,27,15,12,27,19,8,90,52,38,3,2,1,6,2,4,-3,0,-3,1,1,0,2,1,1,3,1,2,0.83,1.33,0.33,3.5,2.67,4.33,1.67,2,1.33,1.83,0.67,3,1.5,1.33,1.67,0.5,0.67,0.33,1,0.67,1.33,6,6,4,2,1,1,3,3,1,1,0,0,3,3,3,1,1,1,0,0,2,4,5,5,0,0,2,2,3,3,0,0,0,2,2,2,100,100,67,33,17,17,100,100,33,33,0,0,100,100,100,33,33,33,0,0,33,67,83,83,0,0,67,67,100,100,0,0,0,67,67,67,5,2,1,3,1,0,2,1,1,83,33,17,100,33,0,67,33,33,33,33,33,42,17,33,0,83,67,100,0,0,0,33,33,33,2,1,1,33,33,33,3,1,2,50,33,67,2,1,1,33,33,33,17,33,0,33,33,33,50,33,67,4.33,6.33,2.33,2.67,3,2.33,67,50,50,50,50,33,33,33,1.40,1.70,1.08,1.71,1.37,2.05,67,0,0,1,2,1,2,1,0,2,3,1,1,1,0,0,1,1,3,33,67,0,33,0,67,17
JK Tallinna Kalev,Tallinna Kalev,2024/2025,Estonia,2,1,1,0,0,0,0,0,0,0,2,1,1,0,0,0,0,85,85,156,1,4,-3,5,3,2,1,0,2,2,-1,-2,180,90,0,45,45,45,0,0,0,1,1,0,1,0,1,1,1,0,4,1,3,4,2,2,36,33,38,10,6,4,2,2,0,8,4,4,30,18,12,1,1,0,2,1,1,-1,0,-1,0,0,0,1,1,0,1,0,1,0.5,1,0,2.5,3,2,0.5,1,0,2,2,2,1.5,2,1,0.5,1,0,1,1,1,2,2,1,0,0,0,1,1,1,0,0,0,1,1,0,0,0,0,0,0,1,2,2,2,0,0,0,1,1,1,0,0,1,1,1,1,100,100,50,0,0,0,100,100,100,0,0,0,100,100,0,0,0,0,0,0,50,100,100,100,0,0,0,100,100,100,0,0,100,100,100,100,2,1,0,1,1,0,1,0,0,100,50,0,100,100,0,100,0,0,0,0,0,0,0,0,0,50,100,0,50,0,100,50,100,0,0,0,0,0,0,0,1,0,1,50,0,100,1,1,0,50,100,0,0,0,0,50,100,0,50,0,100,2.00,1.00,3.00,2,2,2.00,50,50,50,50,0,0,0,0,0.83,0.97,0.68,1.29,1.45,1.13,0,0,1,0,0,0,0,0,0,0,0,1,1,0,1,0,0,1,0,0,0,0,100,100,100,0
Polessya Zhitomir,Polessya,2024/2025,Ukraine,2,1,1,0,0,0,0,0,0,0,2,1,1,0,0,0,0,87,87,154,1,4,-3,5,3,2,1,0,2,2,-1,-2,180,90,0,45,45,45,0,0,0,1,1,0,1,0,1,1,1,0,12,6,6,6,2,4,58,59,56,17,10,7,6,3,3,11,7,4,37,17,20,1,1,0,1,1,0,0,0,0,0,0,0,2,1,1,0,0,0,1,1,1,2.5,3,2,0.5,1,0,2,2,2,1,2,0,0.5,1,0,0.5,1,0,2,2,1,0,0,0,1,1,1,0,0,0,1,1,0,0,0,0,0,0,1,2,2,2,0,0,0,1,1,1,0,0,1,1,1,1,100,100,50,0,0,0,100,100,100,0,0,0,100,100,0,0,0,0,0,0,50,100,100,100,0,0,0,100,100,100,0,0,100,100,100,100,1,1,0,1,1,0,0,0,0,50,50,0,100,100,0,0,0,0,0,0,0,0,0,0,0,50,100,0,50,0,100,50,100,0,1,0,1,50,0,100,1,0,1,50,0,100,1,1,0,50,100,0,0,0,0,100,100,100,0,0,0,6.00,6.00,6.00,3,2,4.00,100,100,50,50,50,50,0,0,1.44,1.79,1.10,1.49,1.34,1.62,50,1,0,0,0,0,0,0,0,0,0,1,0,0,0,1,0,0,2,0,0,0,100,100,100,0
SC Dnipro-1,Dnipro-1,2024/2025,Ukraine,2,1,1,0,0,0,0,0,0,0,2,1,1,0,0,0,0,88,88,163,0,6,-6,6,3,3,0,0,3,3,-3,-3,0,0,0,30,30,30,0,0,0,0,0,0,2,1,1,0,0,0,0,0,0,0,0,0,0,0,0,0,0,0,0,0,0,0,0,0,0,0,0,0,0,0,0,0,0,0,0,0,0,0,0,0,0,0,0,0,0,0,0,0,3,3,3,0,0,0,3,3,3,0,0,0,0,0,0,0,0,0,2,2,2,0,0,0,1,1,1,0,0,0,1,1,1,0,0,0,0,0,0,2,2,2,0,0,0,1,1,1,0,0,0,1,1,1,100,100,100,0,0,0,100,100,100,0,0,0,100,100,100,0,0,0,0,0,0,100,100,100,0,0,0,100,100,100,0,0,0,100,100,100,0,0,0,0,0,0,0,0,0,0,0,0,0,0,0,0,0,0,0,0,0,0,0,0,0,0,0,0,100,100,100,0,0,0,0,0,0,0,0,0,0,0,0,0,0,0,0,0,0,0,0,0,0,0,0,0,0,0,0,0,0,0.00,0.00,0.00,0,0,0.00,0,0,0,0,0,0,0,0,0.00,0.00,0.00,0.00,0.00,0.00,200,0,0,0,0,0,0,0,0,0,0,0,0,0,0,0,0,0,0,0,0,0,100,100,100,0
HNK Hajduk Split,Hajduk Split,2024/2025,Croatia,4,2,2,0,1,1,0,2,0,2,1,1,0,1.25,1.5,1,0,90,90,67,2,1,1,3,3,0,2,0,1,0,1,0,180,90,0,360,180,0,3,1,2,0,0,0,3,1,2,1,1,0,33,22,11,8,5,3,57,69,45,49,30,19,19,9,10,30,21,9,47,28,19,2,2,0,1,1,0,1,1,0,1,1,0,2,0,2,1,1,0,1.25,1.5,1,0.75,1.5,0,0.5,1,0,0.25,0.5,0,0.75,1.5,0,0.5,1,0,0.25,0.5,0,2,1,0,0,0,0,2,1,0,0,0,0,0,0,0,0,0,0,2,3,4,4,4,4,0,1,2,2,2,2,2,2,2,2,2,2,50,25,0,0,0,0,100,50,0,0,0,0,0,0,0,0,0,0,50,75,100,100,100,100,0,50,100,100,100,100,100,100,100,100,100,100,2,1,0,2,1,0,0,0,0,50,25,0,100,50,0,0,0,0,25,50,0,0,75,50,100,0,0,0,75,50,100,25,50,0,3,1,2,75,50,100,3,1,2,75,50,100,0,0,0,0,0,0,25,50,0,50,0,100,25,50,0,8.25,11.00,5.50,2,2.5,1.50,100,75,75,75,75,50,25,25,1.67,1.96,1.38,0.98,0.57,1.39,0,0,1,1,0,0,0,0,0,0,1,0,0,0,0,0,0,0,0,50,0,100,25,50,0,0
AŠK Bravo Publikum,Bravo,2024/2025,Slovenia,4,2,2,0,2,0,2,0,0,0,2,2,0,1.5,0,3,0,96,96,57,4,4,0,8,5,3,1,3,4,0,-3,3,90,180,60,90,45,0,2,0,2,1,1,0,1,1,0,2,0,2,25,9,16,13,7,6,43,45,41,37,16,21,16,7,9,21,9,12,66,36,30,2,1,1,1,1,0,1,0,1,1,0,1,3,2,1,0,0,0,1.5,1,2,2,2.5,1.5,1,0.5,1.5,1,2,0,0.75,1,0.5,0.5,0.5,0.5,0.25,0.5,0,4,2,1,1,0,0,2,1,1,1,0,0,2,1,0,0,0,0,0,2,3,3,4,4,0,1,1,1,2,2,0,1,2,2,2,2,100,50,25,25,0,0,100,50,50,50,0,0,100,50,0,0,0,0,0,50,75,75,100,100,0,50,50,50,100,100,0,50,100,100,100,100,2,1,0,1,1,0,1,0,0,50,25,0,50,50,0,50,0,0,50,0,100,-75,50,0,100,25,50,0,25,50,0,50,0,100,3,1,2,75,50,100,2,1,1,50,50,50,1,1,0,25,50,0,25,0,50,75,100,50,0,0,0,6.25,4.50,8.00,3.25,3.5,3.00,100,100,75,50,50,50,50,50,1.38,1.31,1.46,1.03,1.04,1.03,25,0,1,1,0,0,0,0,0,1,0,1,0,0,0,0,1,1,1,0,0,0,50,100,0,25
Derry City FC,Derry City,2024/2025,Northern Ireland,2,1,1,0,1,1,0,0,0,0,1,0,1,1.5,3,0,0,100,100,98,2,3,-1,5,3,2,2,0,1,2,1,-2,90,45,0,60,90,45,0,0,0,1,1,0,1,0,1,1,1,0,14,12,2,8,7,1,57,59,55,27,19,8,13,9,4,14,10,4,20,11,9,1,1,0,0,0,0,1,1,0,1,1,0,1,0,1,0,0,0,2,3,1,2.5,3,2,1,2,0,1.5,1,2,0.5,1,0,0.5,1,0,0,0,0,2,2,1,0,0,0,1,1,1,0,0,0,1,1,0,0,0,0,0,0,1,2,2,2,0,0,0,1,1,1,0,0,1,1,1,1,100,100,50,0,0,0,100,100,100,0,0,0,100,100,0,0,0,0,0,0,50,100,100,100,0,0,0,100,100,100,0,0,100,100,100,100,1,0,0,1,0,0,0,0,0,50,0,0,100,0,0,0,0,0,50,100,0,67,0,0,0,50,100,0,50,0,100,50,100,0,2,1,1,100,100,100,1,0,1,50,0,100,0,0,0,0,0,0,50,100,0,50,0,100,0,0,0,7.00,12.00,2.00,4,7,1.00,50,50,50,50,50,50,50,50,1.92,2.72,1.12,1.45,1.41,1.49,0,0,0,0,1,0,1,0,0,0,0,0,0,0,1,0,0,0,1,0,0,0,50,0,100,50
Shelbourne FC,Shelbourne,2024/2025,Republic of Ireland,4,2,2,0,1,1,0,2,1,1,1,0,1,1.25,2,0.5,0,102,102,74,3,5,-2,8,3,5,2,1,1,4,1,-3,120,90,180,72,180,45,1,1,0,2,1,1,2,1,1,1,1,0,9,5,4,9,2,7,42,48,37,25,15,10,11,5,6,14,10,4,30,14,16,2,1,1,4,1,3,-2,0,-2,0,0,0,3,2,1,1,0,1,0.75,1,0.5,2,1.5,2.5,0.75,1,0.5,1.25,0.5,2,1.5,1,2,0.5,0.5,0.5,1,0.5,1.5,3,3,2,0,0,0,1,1,1,0,0,0,2,2,1,0,0,0,1,1,2,4,4,4,1,1,1,2,2,2,0,0,1,2,2,2,75,75,50,0,0,0,50,50,50,0,0,0,100,100,50,0,0,0,25,25,50,100,100,100,50,50,50,100,100,100,0,0,50,100,100,100,3,3,0,1,1,0,2,2,0,75,75,0,50,50,0,100,100,0,25,50,0,47,25,50,0,50,50,50,50,50,50,25,50,0,1,1,0,25,50,0,2,1,1,50,50,50,2,1,1,50,50,50,0,0,0,75,100,50,25,0,50,2.25,2.50,2.00,2.25,1,3.50,25,25,25,25,0,0,0,0,1.06,1.15,0.96,1.92,1.40,2.43,50,1,0,0,1,0,1,0,0,0,1,0,2,1,0,1,0,0,0,50,50,50,25,0,50,0
Connah's Quay Nomads FC,Connah's Quay,2024/2025,Wales,2,1,1,0,1,0,1,0,0,0,1,1,0,1.5,0,3,0,104,104,95,1,2,-1,3,2,1,0,1,2,0,-2,1,180,0,90,90,45,0,1,0,1,0,0,0,1,1,0,1,0,1,7,1,6,7,5,2,50,48,51,9,3,6,3,0,3,6,3,3,30,14,16,0,0,0,0,0,0,0,0,0,0,0,0,2,1,1,0,0,0,1,1,1,1.5,2,1,0.5,0,1,1,2,0,0,0,0,0,0,0,0,0,0,2,1,0,0,0,0,1,1,0,0,0,0,1,0,0,0,0,0,0,1,2,2,2,2,0,0,1,1,1,1,0,1,1,1,1,1,100,50,0,0,0,0,100,100,0,0,0,0,100,0,0,0,0,0,0,50,100,100,100,100,0,0,100,100,100,100,0,100,100,100,100,100,0,0,0,0,0,0,0,0,0,0,0,0,0,0,0,0,0,0,50,0,100,-100,50,0,100,0,0,0,50,100,0,50,0,100,2,1,1,100,100,100,2,1,1,100,100,100,0,0,0,0,0,0,0,0,0,100,100,100,0,0,0,3.50,1.00,6.00,3.5,5,2.00,100,100,100,100,100,100,100,100,0.85,0.63,1.07,1.88,2.18,1.57,0,0,0,0,0,0,0,0,0,1,0,0,0,0,0,0,0,0,1,0,0,0,50,100,0,50
Bala Town FC,Bala Town,2024/2025,Wales,2,1,1,0,0,0,0,1,0,1,1,1,0,0.5,0,1,0,105,105,123,2,3,-1,5,3,2,1,1,2,1,-1,0,90,90,90,60,45,90,0,0,0,2,1,1,0,0,0,1,0,1,10,3,7,7,1,6,36,39,32,23,10,13,10,6,4,13,4,9,37,7,30,1,0,1,0,0,0,1,0,1,1,0,1,1,1,0,0,0,0,2,1,3,2.5,3,2,1,1,1,1.5,2,1,0.5,0,1,0.5,0,1,0,0,0,2,2,1,0,0,0,1,1,1,0,0,0,1,1,0,0,0,0,0,0,1,2,2,2,0,0,0,1,1,1,0,0,1,1,1,1,100,100,50,0,0,0,100,100,100,0,0,0,100,100,0,0,0,0,0,0,50,100,100,100,0,0,0,100,100,100,0,0,100,100,100,100,1,0,0,0,0,0,1,0,0,50,0,0,0,0,0,100,0,0,0,0,0,-17,0,0,0,100,100,100,0,0,0,50,0,100,2,1,1,100,100,100,1,1,0,50,100,0,0,0,0,0,0,0,50,0,100,50,100,0,0,0,0,5.00,3.00,7.00,3.5,1,6.00,100,50,50,50,50,50,50,50,1.54,1.44,1.64,1.94,1.40,2.47,0,0,1,0,0,0,0,0,0,1,0,0,0,0,0,0,1,0,1,50,0,100,50,100,0,50
Maccabi Haifa FC,Maccabi Haifa,2024/2025,Israel,2,1,1,0,1,0,1,0,0,0,1,1,0,1.5,0,3,0,107,107,94,6,6,0,12,3,9,0,6,3,3,-3,3,30,0,15,30,30,30,0,0,0,1,0,1,1,1,0,1,0,1,28,9,19,6,4,2,63,60,66,53,8,45,28,5,23,25,3,22,18,14,4,1,0,1,0,0,0,1,0,1,1,0,1,1,1,0,0,0,0,2,1,3,6,3,9,3,0,6,3,3,3,0.5,0,1,0.5,0,1,0,0,0,2,2,2,1,1,1,1,1,1,0,0,0,1,1,1,1,1,1,0,0,0,1,1,1,0,0,0,1,1,1,0,0,0,0,0,0,100,100,100,50,50,50,100,100,100,0,0,0,100,100,100,100,100,100,0,0,0,50,50,50,0,0,0,100,100,100,0,0,0,0,0,0,1,0,0,0,0,0,1,0,0,50,0,0,0,0,0,100,0,0,50,0,100,0,0,0,0,50,0,100,50,100,0,50,0,100,2,1,1,100,100,100,1,1,0,50,100,0,0,0,0,0,0,0,50,0,100,50,100,0,0,0,0,14.00,9.00,19.00,3,4,2.00,100,100,100,100,100,100,100,100,3.52,1.41,5.62,1.86,1.77,1.94,150,0,1,0,0,0,0,2,1,1,0,0,0,0,1,0,1,2,1,0,0,0,50,100,0,100
FK Mladá Boleslav,Mladá Boleslav,2024/2025,Czech Republic,12,6,6,0,6,3,3,2,2,0,4,1,3,1.67,1.83,1.5,0,109,109,12,20,15,5,35,13,22,8,12,5,10,3,2,54,68,45,72,108,54,4,2,2,6,3,3,2,1,1,7,4,3,68,35,33,21,10,11,48,49,47,172,89,83,97,44,53,75,45,30,141,71,70,4,3,1,7,2,5,-3,1,-4,2,2,0,5,2,3,5,2,3,0.92,1.33,0.5,2.92,2.17,3.67,1.67,1.33,2,1.25,0.83,1.67,0.92,0.83,1,0.33,0.5,0.17,0.58,0.33,0.83,12,9,6,3,2,2,6,4,2,1,0,0,6,5,4,2,2,2,0,3,6,9,10,10,0,2,4,5,6,6,0,1,2,4,4,4,100,75,50,25,17,17,100,67,33,17,0,0,100,83,67,33,33,33,0,25,50,75,83,83,0,33,67,83,100,100,0,17,33,67,67,67,7,3,1,4,1,0,3,2,1,58,25,8,67,17,0,50,33,17,50,50,50,7,33,33,33,50,50,50,17,17,17,58,67,50,7,4,3,58,67,50,9,4,5,75,67,83,1,0,1,8,0,17,17,33,0,42,33,50,42,33,50,5.67,5.83,5.50,1.75,1.67,1.83,92,92,57,50,42,42,33,17,1.86,1.85,1.87,1.66,1.31,2.02,67,1,0,1,2,2,5,2,3,4,0,2,1,2,3,2,1,2,2,17,33,0,33,17,50,17
Floriana FC,Floriana,2024/2025,Malta,4,2,2,0,1,1,0,1,0,1,2,1,1,1,1.5,0.5,0,112,112,85,4,7,-3,11,5,6,3,1,2,5,1,-4,90,60,180,51,90,36,0,0,0,2,1,1,2,1,1,0,0,0,18,12,6,8,4,4,45,49,41,34,17,17,15,9,6,19,8,11,39,18,21,0,0,0,4,0,4,-4,0,-4,0,0,0,3,2,1,1,0,1,0.75,1,0.5,2.75,2.5,3,1,1.5,0.5,1.75,1,2.5,1,0,2,0,0,0,1,0,2,4,3,2,2,0,0,2,1,1,1,0,0,2,2,1,1,0,0,0,1,2,2,4,4,0,1,1,1,2,2,0,0,1,1,2,2,100,75,50,50,0,0,100,50,50,50,0,0,100,100,50,50,0,0,0,25,50,50,100,100,0,50,50,50,100,100,0,0,50,50,100,100,1,1,1,0,0,0,1,1,1,25,25,25,0,0,0,50,50,50,25,50,0,47,0,0,0,50,50,50,50,50,50,0,0,0,3,2,1,75,100,50,4,2,2,100,100,100,0,0,0,0,0,0,0,0,0,75,100,50,25,0,50,4.50,6.00,3.00,2,2,2.00,100,100,100,75,75,75,75,25,1.10,1.10,1.11,1.68,1.37,1.98,125,0,0,0,0,0,2,1,0,1,1,1,0,1,2,1,0,1,0,25,0,50,50,50,50,25
Sabah FK,Sabah,2024/2025,Azerbaijan,4,2,2,0,1,0,1,0,0,0,3,2,1,0.75,0,1.5,0,116,116,111,6,8,-2,14,10,4,3,3,7,1,-4,2,60,60,60,45,26,180,1,0,1,1,1,0,2,1,1,1,0,1,18,10,8,9,5,4,42,44,41,49,29,20,22,11,11,27,18,9,47,24,23,0,0,0,2,1,1,-2,-1,-1,0,0,0,2,1,1,2,1,1,0.5,0.5,0.5,3.5,5,2,1.5,1.5,1.5,2,3.5,0.5,0.5,0.5,0.5,0,0,0,0.5,0.5,0.5,4,2,2,1,1,1,2,1,1,1,1,1,2,1,1,0,0,0,0,2,2,3,3,3,0,1,1,1,1,1,0,1,1,2,2,2,100,50,50,25,25,25,100,50,50,50,50,50,100,50,50,0,0,0,0,50,50,75,75,75,0,50,50,50,50,50,0,50,50,100,100,100,2,0,0,1,0,0,1,0,0,50,0,0,50,0,0,50,0,0,25,0,50,-38,25,0,50,25,50,0,50,50,50,25,0,50,2,1,1,50,50,50,4,2,2,100,100,100,0,0,0,0,0,0,0,0,0,50,50,50,50,50,50,4.50,5.00,4.00,2.25,2.5,2.00,100,100,100,100,100,75,75,75,1.57,1.83,1.30,2.59,3.41,1.78,75,0,0,0,0,1,0,1,2,1,0,1,0,1,1,0,2,1,1,0,0,0,75,100,50,75
Inter Club d'Escaldes,Inter Club d'Escaldes,2024/2025,Andorra,4,2,2,0,1,1,0,1,0,1,2,1,1,1,1.5,0.5,0,117,117,78,9,10,-1,19,10,9,5,4,5,5,0,-1,40,36,45,36,36,36,0,0,0,3,1,2,1,1,0,2,1,1,13,8,5,7,4,3,44,47,42,38,21,17,19,11,8,19,10,9,47,21,26,3,2,1,4,1,3,-1,1,-2,2,1,1,0,0,0,2,1,1,1.5,1.5,1.5,4.75,5,4.5,2.25,2.5,2,2.5,2.5,2.5,1.75,1.5,2,0.75,1,0.5,1,0.5,1.5,4,4,3,3,2,2,2,2,2,2,1,1,2,2,1,1,1,1,0,0,1,1,2,2,0,0,0,0,1,1,0,0,1,1,1,1,100,100,75,75,50,50,100,100,100,100,50,50,100,100,50,50,50,50,0,0,25,25,50,50,0,0,0,0,50,50,0,0,50,50,50,50,4,2,1,2,1,0,2,1,1,100,50,25,100,50,0,100,50,50,25,50,0,0,0,0,0,75,50,100,25,50,0,50,50,50,2,1,1,50,50,50,2,1,1,50,50,50,0,0,0,0,0,0,50,50,50,0,0,0,50,50,50,3.25,4.00,2.50,1.75,2,1.50,75,75,25,0,0,0,0,0,1.36,1.68,1.03,1.79,1.43,2.16,150,0,0,0,1,2,1,1,1,3,1,1,1,1,0,2,1,1,2,25,0,50,50,50,50,0
M-Perruquers Atlètic Club d'Escaldes,Atlètic Club d'Escaldes,2024/2025,Andorra,2,1,1,0,0,0,0,0,0,0,2,1,1,0,0,0,0,119,119,150,0,3,-3,3,1,2,0,0,1,2,-1,-2,0,0,0,60,90,45,0,0,0,0,0,0,2,1,1,0,0,0,10,4,6,4,2,2,65,72,58,26,20,6,7,4,3,19,16,3,31,15,16,0,0,0,1,1,0,-1,-1,0,0,0,0,1,0,1,1,1,0,0.5,0,1,1.5,1,2,0,0,0,1.5,1,2,0.5,1,0,0,0,0,0.5,1,0,2,1,0,0,0,0,1,0,0,0,0,0,1,1,0,0,0,0,0,1,2,2,2,2,0,1,1,1,1,1,0,0,1,1,1,1,100,50,0,0,0,0,100,0,0,0,0,0,100,100,0,0,0,0,0,50,100,100,100,100,0,100,100,100,100,100,0,0,100,100,100,100,1,0,0,1,0,0,0,0,0,50,0,0,100,0,0,0,0,0,0,0,0,17,0,0,0,0,0,0,100,100,100,0,0,0,1,0,1,50,0,100,2,1,1,100,100,100,0,0,0,0,0,0,0,0,0,50,0,100,50,100,0,5.00,4.00,6.00,2,2,2.00,50,50,0,0,0,0,0,0,1.64,2.22,1.06,1.15,0.85,1.44,0,0,0,0,0,0,0,0,0,0,0,1,0,0,0,1,0,1,0,0,0,0,100,100,100,0
FK Velež Mostar,Velež,2024/2025,Bosnia and Herzegovina,2,1,1,0,0,0,0,1,1,0,1,0,1,0.5,1,0,0,121,121,139,2,6,-4,8,2,6,1,1,1,5,0,-4,90,90,90,30,90,18,0,0,0,2,1,1,0,0,0,0,0,0,8,3,5,4,1,3,51,51,51,23,15,8,9,5,4,14,10,4,27,12,15,0,0,0,3,1,2,-3,-1,-2,0,0,0,0,0,0,2,1,1,0,0,0,4,2,6,1,1,1,3,1,5,1.5,1,2,0,0,0,1.5,1,2,2,2,1,1,1,1,1,1,0,0,0,0,1,1,1,1,1,1,0,0,1,1,1,1,0,0,1,1,1,1,0,0,0,0,0,0,100,100,50,50,50,50,100,100,0,0,0,0,100,100,100,100,100,100,0,0,50,50,50,50,0,0,100,100,100,100,0,0,0,0,0,0,2,1,0,1,0,0,1,1,0,100,50,0,100,0,0,100,100,0,0,0,0,34,0,0,0,100,100,100,0,0,0,0,0,0,0,0,0,0,0,0,2,1,1,100,100,100,0,0,0,0,0,0,0,0,0,0,0,0,100,100,100,4.00,3.00,5.00,2,1,3.00,50,50,0,0,0,0,0,0,1.41,1.57,1.25,1.23,0.95,1.52,150,0,0,0,0,0,1,1,0,0,0,0,0,1,2,1,0,0,2,50,100,0,50,0,100,0
PFC Cherno More Varna,Cherno More,2024/2025,Bulgaria,2,1,1,0,0,0,0,1,0,1,1,1,0,0.5,0,1,0,123,123,119,1,2,-1,3,3,0,1,0,2,0,-1,0,180,90,0,90,45,0,1,0,1,1,1,0,1,0,1,0,0,0,11,5,6,4,1,3,46,47,44,22,10,12,6,3,3,16,7,9,35,19,16,1,1,0,1,1,0,0,0,0,0,0,0,2,1,1,0,0,0,1,1,1,1.5,3,0,0.5,1,0,1,2,0,1,2,0,0.5,1,0,0.5,1,0,1,1,1,0,0,0,1,1,1,0,0,0,0,0,0,0,0,0,1,1,1,2,2,2,0,0,0,1,1,1,1,1,1,1,1,1,50,50,50,0,0,0,100,100,100,0,0,0,0,0,0,0,0,0,50,50,50,100,100,100,0,0,0,100,100,100,100,100,100,100,100,100,1,1,0,1,1,0,0,0,0,50,50,0,100,100,0,0,0,0,0,0,0,0,50,0,100,50,100,0,50,0,100,0,0,0,1,0,1,50,0,100,1,0,1,50,0,100,1,1,0,50,100,0,0,0,0,100,100,100,0,0,0,5.50,5.00,6.00,2,1,3.00,100,100,50,0,0,0,0,0,1.47,1.40,1.54,1.37,1.28,1.45,50,0,0,0,1,0,0,0,0,0,0,0,1,0,0,0,1,0,0,50,0,100,50,100,0,0
Puskás Ferenc Akadémia FC,Puskás,2024/2025,Hungary,6,3,3,0,3,1,2,3,2,1,0,0,0,2,1.67,2.33,0,128,128,27,14,7,7,21,11,10,7,7,4,3,3,4,39,39,39,77,68,90,3,1,2,3,2,1,0,0,0,4,2,2,16,11,5,11,7,4,47,51,43,46,28,18,27,16,11,19,12,7,86,41,45,3,1,2,3,2,1,0,-1,1,1,0,1,2,1,1,1,1,0,1.25,0.5,2,3.5,3.67,3.33,2.33,2.33,2.33,1.17,1.33,1,1.5,1.5,1.5,0.75,0.5,1,0.75,1,0.5,6,5,4,2,2,2,3,3,2,1,1,1,3,2,2,1,1,1,0,1,2,4,4,4,0,0,1,2,2,2,0,1,1,2,2,2,100,83,67,33,33,33,100,100,67,33,33,33,100,67,67,33,33,33,0,17,33,67,67,67,0,0,33,67,67,67,0,33,33,67,67,67,2,2,2,1,1,1,1,1,1,50,50,50,50,50,50,50,50,50,50,33,67,-7,50,33,67,50,67,33,0,0,0,67,67,67,2,1,1,50,50,50,2,1,1,50,50,50,2,1,1,50,50,50,25,0,50,50,50,50,25,50,0,4.00,5.50,2.50,2.75,3.5,2.00,100,75,75,75,50,50,25,25,1.61,1.98,1.25,1.66,1.37,1.96,133,2,1,0,0,1,0,0,0,4,0,0,0,1,2,1,1,1,1,50,67,33,0,0,0,25
Breidablik UBK,Breidablik,2024/2025,Iceland,4,2,2,0,1,1,0,0,0,0,3,1,2,0.75,1.5,0,0,129,129,107,6,7,-1,13,7,6,4,2,3,4,1,-2,60,45,90,51,60,45,0,0,0,3,2,1,1,0,1,1,0,1,27,14,13,8,6,2,59,69,50,44,28,16,23,16,7,21,12,9,62,28,34,3,1,2,3,3,0,0,-2,2,1,0,1,2,1,1,1,1,0,1.25,0.5,2,3.25,3.5,3,1.5,2,1,1.75,1.5,2,1.5,2,1,0.75,0.5,1,0.75,1.5,0,4,3,3,2,1,0,2,2,2,1,0,0,2,1,1,1,1,0,0,1,1,2,3,4,0,0,0,1,2,2,0,1,1,1,1,2,100,75,75,50,25,0,100,100,100,50,0,0,100,50,50,50,50,0,0,25,25,50,75,100,0,0,0,50,100,100,0,50,50,50,50,100,3,3,0,2,2,0,1,1,0,75,75,0,100,100,0,50,50,0,25,50,0,24,0,0,0,75,100,50,25,0,50,25,0,50,2,0,2,50,0,100,2,1,1,50,50,50,1,1,0,25,50,0,25,0,50,50,50,50,25,50,0,6.75,7.00,6.50,2,3,1.00,75,75,75,75,75,50,25,0,1.80,2.23,1.38,1.26,0.91,1.62,150,0,1,0,1,1,1,0,1,1,2,0,1,0,0,0,1,2,1,0,0,0,75,50,100,0
Valur Reykjavík,Valur,2024/2025,Iceland,4,2,2,0,1,0,1,2,2,0,1,0,1,1.25,1,1.5,0,130,130,70,7,6,1,13,4,9,2,5,2,4,0,1,51,90,36,60,90,45,2,1,1,2,1,1,1,1,0,2,1,1,26,21,5,6,3,3,53,59,46,46,24,22,28,14,14,18,10,8,32,19,13,4,1,3,2,1,1,2,0,2,1,0,1,2,2,0,1,0,1,1.25,1,1.5,3.25,2,4.5,1.75,1,2.5,1.5,1,2,1.5,1,2,1,0.5,1.5,0.5,0.5,0.5,3,3,3,3,1,0,1,1,1,1,0,0,2,2,2,2,1,0,1,1,1,1,3,4,1,1,1,1,2,2,0,0,0,0,1,2,75,75,75,75,25,0,50,50,50,50,0,0,100,100,100,100,50,0,25,25,25,25,75,100,50,50,50,50,100,100,0,0,0,0,50,100,3,2,1,1,1,0,2,1,1,75,50,25,50,50,0,100,50,50,25,0,50,-5,50,50,50,50,50,50,25,50,0,50,50,50,2,1,1,50,50,50,2,1,1,50,50,50,1,1,0,25,50,0,25,0,50,50,100,0,25,0,50,6.50,10.50,2.50,1.5,1.5,1.50,100,75,75,75,75,50,50,50,1.71,1.87,1.56,1.67,1.54,1.80,50,0,3,0,1,0,0,1,1,1,0,1,1,0,0,1,1,0,2,50,100,0,25,0,50,25
FC Progrès Niederkorn,Progrès Niederkorn,2024/2025,Luxembourg,2,1,1,0,1,1,0,0,0,0,1,0,1,1.5,3,0,0,133,133,109,1,3,-2,4,1,3,1,0,0,3,1,-3,180,90,0,60,0,30,1,1,0,0,0,0,1,0,1,1,1,0,9,6,3,10,4,6,61,50,71,18,9,9,6,3,3,12,6,6,29,14,15,1,1,0,2,0,2,-1,1,-2,1,1,0,0,0,0,1,0,1,1.5,3,0,2,1,3,0.5,1,0,1.5,0,3,1.5,1,2,0.5,1,0,1,0,2,2,1,1,0,0,0,1,0,0,0,0,0,1,1,1,0,0,0,0,1,1,2,2,2,0,1,1,1,1,1,0,0,0,1,1,1,100,50,50,0,0,0,100,0,0,0,0,0,100,100,100,0,0,0,0,50,50,100,100,100,0,100,100,100,100,100,0,0,0,100,100,100,2,1,0,1,0,0,1,1,0,100,50,0,100,0,0,100,100,0,50,100,0,100,50,100,0,0,0,0,50,0,100,50,100,0,1,1,0,50,100,0,1,0,1,50,0,100,0,0,0,0,0,0,50,100,0,0,0,0,50,0,100,4.50,6.00,3.00,5,4,6.00,50,50,0,0,0,0,0,0,1.08,1.17,0.99,0.88,0.66,1.09,50,1,0,0,0,0,0,0,0,0,0,0,2,0,0,0,1,0,0,0,0,0,50,0,100,0
FC UNA Strassen,UNA Strassen,2024/2025,Luxembourg,2,1,1,0,0,0,0,1,1,0,1,0,1,0.5,1,0,0,134,134,143,0,5,-5,5,0,5,0,0,0,5,0,-5,0,0,0,36,0,18,1,1,0,0,0,0,2,1,1,0,0,0,4,2,2,3,2,1,40,32,48,24,11,13,13,8,5,11,3,8,29,13,16,0,0,0,2,0,2,-2,0,-2,0,0,0,1,1,0,1,0,1,0.5,1,0,2.5,0,5,0,0,0,2.5,0,5,1,0,2,0,0,0,1,0,2,1,1,1,1,1,0,0,0,0,0,0,0,1,1,1,1,1,0,1,1,1,1,1,2,1,1,1,1,1,1,0,0,0,0,0,1,50,50,50,50,50,0,0,0,0,0,0,0,100,100,100,100,100,0,50,50,50,50,50,100,100,100,100,100,100,100,0,0,0,0,0,100,1,1,0,0,0,0,1,1,0,50,50,0,0,0,0,100,100,0,0,0,0,50,50,100,0,0,0,0,100,100,100,0,0,0,1,1,0,50,100,0,2,1,1,100,100,100,0,0,0,0,0,0,0,0,0,50,100,0,50,0,100,2.00,2.00,2.00,1.5,2,1.00,50,0,0,0,0,0,0,0,1.45,1.54,1.36,1.91,2.20,1.61,50,0,0,0,0,0,0,0,0,0,0,2,0,0,1,0,0,1,1,50,100,0,50,0,100,0
St Joseph's FC,St Joseph's,2024/2025,Gibraltar,2,1,1,0,0,0,0,1,1,0,1,0,1,0.5,1,0,0,135,135,126,2,3,-1,5,2,3,1,1,1,2,0,-1,90,90,90,60,90,45,0,0,0,2,1,1,0,0,0,1,1,0,4,2,2,10,9,1,50,61,39,17,12,5,9,7,2,8,5,3,26,14,12,2,1,1,2,1,1,0,0,0,0,0,0,2,1,1,0,0,0,1,1,1,2.5,2,3,1,1,1,1.5,1,2,2,2,2,1,1,1,1,1,1,2,2,1,0,0,0,1,1,0,0,0,0,1,1,1,0,0,0,0,0,1,2,2,2,0,0,1,1,1,1,0,0,0,1,1,1,100,100,50,0,0,0,100,100,0,0,0,0,100,100,100,0,0,0,0,0,50,100,100,100,0,0,100,100,100,100,0,0,0,100,100,100,2,2,0,1,1,0,1,1,0,100,100,0,100,100,0,100,100,0,0,0,0,17,0,0,0,100,100,100,0,0,0,50,100,0,0,0,0,0,0,0,0,0,0,0,0,0,2,1,1,100,100,100,0,0,0,100,100,100,0,0,0,2.00,2.00,2.00,5,9,1.00,0,0,0,0,0,0,0,0,1.37,2.01,0.71,1.36,1.46,1.26,100,0,0,1,1,0,0,0,0,0,1,0,0,1,0,1,0,0,0,50,100,0,50,0,100,0
KF Shkendija,Shkendija,2024/2025,FYR Macedonia,2,1,1,0,0,0,0,0,0,0,2,1,1,0,0,0,0,138,138,155,1,4,-3,5,3,2,1,0,2,2,-1,-2,180,90,0,45,45,45,0,0,0,1,1,0,1,0,1,0,0,0,11,9,2,6,6,0,49,58,40,21,17,4,11,8,3,10,9,1,26,16,10,0,0,0,1,1,0,-1,-1,0,0,0,0,1,0,1,1,1,0,0.5,0,1,2.5,3,2,0.5,1,0,2,2,2,0.5,1,0,0,0,0,0.5,1,0,2,2,1,0,0,0,1,1,1,0,0,0,1,1,0,0,0,0,0,0,1,2,2,2,0,0,0,1,1,1,0,0,1,1,1,1,100,100,50,0,0,0,100,100,100,0,0,0,100,100,0,0,0,0,0,0,50,100,100,100,0,0,0,100,100,100,0,0,100,100,100,100,1,0,0,1,0,0,0,0,0,50,0,0,100,0,0,0,0,0,0,0,0,0,0,0,0,50,100,0,50,0,100,0,0,0,1,0,1,50,0,100,2,1,1,100,100,100,0,0,0,0,0,0,0,0,0,50,0,100,50,100,0,5.50,9.00,2.00,3,6,0.00,100,100,50,50,0,0,0,0,1.49,2.17,0.81,1.50,1.40,1.59,100,0,0,0,0,0,1,0,0,0,0,1,0,0,0,0,0,0,3,0,0,0,100,100,100,0
FC Torpedo Kutaisi,Torpedo Kutaisi,2024/2025,Georgia,4,2,2,0,1,0,1,1,1,0,2,1,1,1,0.5,1.5,0,139,139,81,4,6,-2,10,5,5,2,2,3,3,-1,-1,90,90,90,60,60,60,1,0,1,3,2,1,0,0,0,2,1,1,11,7,4,12,4,8,51,55,46,32,22,10,16,9,7,16,13,3,40,22,18,2,1,1,2,1,1,0,0,0,2,1,1,0,0,0,2,1,1,1.5,1.5,1.5,2.5,2.5,2.5,1,1,1,1.5,1.5,1.5,1,1,1,0.5,0.5,0.5,0.5,0.5,0.5,4,3,2,1,0,0,2,2,1,0,0,0,2,1,1,1,0,0,0,1,2,3,4,4,0,0,1,2,2,2,0,1,1,1,2,2,100,75,50,25,0,0,100,100,50,0,0,0,100,50,50,50,0,0,0,25,50,75,100,100,0,0,50,100,100,100,0,50,50,50,100,100,4,0,0,2,0,0,2,0,0,100,0,0,100,0,0,100,0,0,25,0,50,0,25,0,50,75,100,50,0,0,0,50,50,50,2,1,1,50,50,50,2,1,1,50,50,50,0,0,0,0,0,0,50,50,50,0,0,0,50,50,50,2.75,3.50,2.00,3,2,4.00,75,75,75,75,50,25,25,25,1.21,1.50,0.91,1.95,2.00,1.90,75,1,1,0,0,1,0,0,1,0,0,0,1,0,1,0,0,1,3,25,50,0,50,50,50,0
SCS CFR 1907 Cluj,CFR Cluj,2024/2025,Romania,6,3,3,0,4,2,2,1,1,0,1,0,1,2.17,2.33,2,0,142,142,24,8,3,5,11,2,9,2,6,0,3,2,3,68,134,45,180,0,90,5,3,2,0,0,0,2,1,1,4,2,2,27,10,17,17,10,7,44,44,43,68,34,34,30,16,14,38,18,20,72,42,30,4,1,3,2,0,2,2,1,1,3,1,2,2,2,0,1,0,1,1.83,1.67,2,1.83,0.67,3,1.33,0.67,2,0.5,0,1,1,0.33,1.67,0.67,0.33,1,0.33,0,0.67,5,2,2,1,1,0,2,0,0,0,0,0,3,2,2,1,1,0,1,4,4,5,5,6,1,3,3,3,3,3,0,1,1,2,2,3,83,33,33,17,17,0,67,0,0,0,0,0,100,67,67,33,33,0,17,67,67,83,83,100,33,100,100,100,100,100,0,33,33,67,67,100,4,2,0,1,0,0,3,2,0,67,33,0,33,0,0,100,67,0,67,67,67,25,83,100,67,0,0,0,33,33,33,67,67,67,5,3,2,83,100,67,3,2,1,50,67,33,0,0,0,0,0,0,50,33,67,33,67,0,17,0,33,4.50,3.33,5.67,2.83,3.33,2.33,50,50,50,33,33,0,0,0,1.49,1.48,1.49,1.28,1.19,1.36,33,1,2,0,1,1,2,0,0,1,0,0,1,1,1,0,0,0,0,17,33,0,17,0,33,0
FK Mornar Bar,Mornar,2024/2025,Montenegro,6,3,3,0,2,2,0,2,1,1,2,0,2,1.33,2.33,0.33,0,144,144,45,7,9,-2,16,10,6,6,1,4,5,2,-4,77,45,273,60,68,54,0,0,0,4,3,1,2,0,2,2,2,0,29,12,17,25,11,14,46,48,43,56,27,29,23,12,11,33,15,18,74,38,36,4,4,0,1,1,0,3,3,0,2,2,0,3,1,2,0,0,0,1.8,2.33,1,2.67,3.33,2,1.17,2,0.33,1.5,1.33,1.67,1,1.67,0,0.8,1.33,0,0.2,0.33,0,6,5,4,1,0,0,3,3,3,1,0,0,3,2,1,0,0,0,0,1,2,5,6,6,0,0,0,2,3,3,0,1,2,3,3,3,100,83,67,17,0,0,100,100,100,33,0,0,100,67,33,0,0,0,0,17,33,83,100,100,0,0,0,67,100,100,0,33,67,100,100,100,3,2,0,3,2,0,0,0,0,60,40,0,100,67,0,0,0,0,33,67,0,41,0,0,0,67,100,33,33,0,67,33,67,0,4,2,2,80,67,100,2,0,2,40,0,100,1,1,0,20,33,0,40,67,0,60,33,100,0,0,0,4.83,4.00,5.67,4.17,3.67,4.67,67,67,50,50,50,17,17,0,1.28,1.38,1.19,1.70,1.73,1.67,67,0,2,1,0,1,1,0,0,1,0,1,0,0,0,1,0,1,5,33,33,33,33,0,67,0
FK Tikveš,Tikveš,2024/2025,FYR Macedonia,2,1,1,0,1,1,0,0,0,0,1,0,1,1.5,3,0,0,147,147,106,4,5,-1,9,5,4,3,1,2,3,1,-2,45,30,90,36,45,30,0,0,0,2,1,1,0,0,0,1,0,1,8,7,1,8,6,2,43,51,34,13,10,3,6,4,2,7,6,1,31,16,15,1,0,1,3,2,1,-2,-2,0,0,0,0,1,0,1,1,1,0,0.5,0,1,4.5,5,4,2,3,1,2.5,2,3,2,2,2,0.5,0,1,1.5,2,1,2,2,2,2,1,0,1,1,1,1,1,0,1,1,1,1,0,0,0,0,0,0,1,2,0,0,0,0,0,1,0,0,0,0,1,1,100,100,100,100,50,0,100,100,100,100,100,0,100,100,100,100,0,0,0,0,0,0,50,100,0,0,0,0,0,100,0,0,0,0,100,100,2,2,0,1,1,0,1,1,0,100,100,0,100,100,0,100,100,0,50,100,0,35,0,0,0,100,100,100,0,0,0,50,0,100,0,0,0,0,0,0,1,1,0,50,100,0,1,0,1,50,0,100,0,0,0,50,0,100,50,100,0,4.00,7.00,1.00,4,6,2.00,50,50,50,50,50,0,0,0,1.05,1.38,0.71,1.51,1.04,1.98,250,1,0,0,0,0,0,0,2,1,0,1,0,1,1,1,0,0,1,0,0,0,50,0,100,0
FK Auda Riga,Auda,2024/2025,Latvia,6,3,3,0,5,3,2,0,0,0,1,0,1,2.5,3,2,0,150,150,19,9,4,5,13,5,8,5,4,0,4,5,0,60,54,68,134,0,68,4,3,1,2,0,2,0,0,0,5,3,2,27,18,9,13,4,9,51,56,46,82,45,37,32,18,14,50,27,23,72,26,46,3,2,1,1,0,1,2,2,0,2,2,0,4,1,3,0,0,0,1.67,2.33,1,2.17,1.67,2.67,1.5,1.67,1.33,0.67,0,1.33,0.67,0.67,0.67,0.5,0.67,0.33,0.17,0,0.33,6,4,2,1,0,0,3,2,0,0,0,0,3,2,2,1,0,0,0,2,4,5,6,6,0,1,3,3,3,3,0,1,1,2,3,3,100,67,33,17,0,0,100,67,0,0,0,0,100,67,67,33,0,0,0,33,67,83,100,100,0,33,100,100,100,100,0,33,33,67,100,100,3,1,0,2,0,0,1,1,0,50,17,0,67,0,0,33,33,0,83,100,67,56,67,100,33,33,0,67,0,0,0,83,100,67,5,3,2,83,100,67,3,1,2,50,33,67,1,0,1,17,0,33,33,67,0,67,33,100,0,0,0,4.50,6.00,3.00,2.17,1.33,3.00,83,67,50,50,50,17,0,0,1.69,1.79,1.59,1.23,0.72,1.74,33,1,1,0,1,0,1,2,1,1,0,0,0,1,0,0,0,1,0,0,0,0,17,0,33,0
FC Zimbru Chişinău,Zimbru,2024/2025,Moldova,2,1,1,0,0,0,0,0,0,0,2,1,1,0,0,0,0,151,151,162,1,6,-5,7,3,4,0,1,3,3,-3,-2,180,0,90,30,30,30,0,0,0,1,0,1,1,1,0,0,0,0,10,2,8,5,3,2,52,48,56,13,9,4,4,4,0,9,5,4,21,16,5,0,0,0,2,1,1,-2,-1,-1,0,0,0,0,0,0,2,1,1,0,0,0,3.5,3,4,0.5,0,1,3,3,3,1,1,1,0,0,0,1,1,1,2,2,2,1,0,0,1,1,1,0,0,0,1,1,1,1,0,0,0,0,0,1,2,2,0,0,0,1,1,1,0,0,0,0,1,1,100,100,100,50,0,0,100,100,100,0,0,0,100,100,100,100,0,0,0,0,0,50,100,100,0,0,0,100,100,100,0,0,0,0,100,100,2,0,0,1,0,0,1,0,0,100,0,0,100,0,0,100,0,0,0,0,0,0,0,0,0,50,0,100,50,100,0,0,0,0,0,0,0,0,0,0,2,1,1,100,100,100,0,0,0,0,0,0,0,0,0,0,0,0,100,100,100,5.00,2.00,8.00,2.5,3,2.00,50,50,50,50,0,0,0,0,0.87,1.07,0.66,1.28,1.61,0.94,50,0,0,0,0,0,0,1,0,0,0,0,2,0,0,0,1,1,2,0,0,0,100,100,100,0
Caernarfon Town FC,Caernarfon Town,2024/2025,Wales,4,2,2,0,1,1,0,0,0,0,3,1,2,0.75,1.5,0,0,154,154,116,3,14,-11,17,7,10,2,1,5,9,-3,-8,120,90,180,26,36,20,1,1,0,1,0,1,2,1,1,2,1,1,13,6,7,10,8,2,49,52,47,28,10,18,7,4,3,21,6,15,55,35,20,3,2,1,2,0,2,1,2,-1,2,1,1,1,1,0,1,0,1,1.75,2,1.5,4.25,3.5,5,0.75,1,0.5,3.5,2.5,4.5,1.25,1,1.5,0.75,1,0.5,0.5,0,1,4,4,3,3,2,1,2,2,1,1,1,0,2,2,2,2,1,1,0,0,1,1,2,3,0,0,1,1,1,2,0,0,0,0,1,1,100,100,75,75,50,25,100,100,50,50,50,0,100,100,100,100,50,50,0,0,25,25,50,75,0,0,50,50,50,100,0,0,0,0,50,50,3,2,0,1,1,0,2,1,0,75,50,0,50,50,0,100,50,0,25,50,0,31,25,50,0,25,0,50,50,50,50,50,50,50,3,2,1,75,100,50,2,1,1,50,50,50,0,0,0,0,0,0,50,50,50,25,50,0,25,0,50,3.25,3.00,3.50,2.5,4,1.00,75,50,50,25,0,0,0,0,0.86,0.76,0.96,1.85,1.31,2.39,150,1,0,1,1,0,0,0,0,0,0,0,1,0,6,2,0,3,2,0,0,0,75,50,100,0
Marsaxlokk FC,Marsaxlokk,2024/2025,Malta,2,1,1,0,0,0,0,1,0,1,1,1,0,0.5,0,1,0,157,157,125,2,3,-1,5,3,2,1,1,2,1,-1,0,90,90,90,60,45,90,0,0,0,2,1,1,0,0,0,1,1,0,6,3,3,7,4,3,37,35,39,13,7,6,7,3,4,6,4,2,23,10,13,1,0,1,1,0,1,0,0,0,0,0,0,2,1,1,0,0,0,1,1,1,2.5,3,2,1,1,1,1.5,2,1,1,0,2,0.5,0,1,0.5,0,1,2,2,1,0,0,0,1,1,1,0,0,0,1,1,0,0,0,0,0,0,1,2,2,2,0,0,0,1,1,1,0,0,1,1,1,1,100,100,50,0,0,0,100,100,100,0,0,0,100,100,0,0,0,0,0,0,50,100,100,100,0,0,0,100,100,100,0,0,100,100,100,100,1,1,0,0,0,0,1,1,0,50,50,0,0,0,0,100,100,0,0,0,0,-17,0,0,0,100,100,100,0,0,0,50,100,0,1,1,0,50,100,0,1,1,0,50,100,0,1,0,1,50,0,100,0,0,0,100,100,100,0,0,0,3.00,3.00,3.00,3.5,4,3.00,50,50,50,50,50,50,0,0,1.10,1.08,1.11,1.58,1.75,1.41,50,0,1,0,0,1,0,0,0,0,1,0,0,0,1,0,0,0,1,50,0,100,50,100,0,0
FA Šiauliai,FA Šiauliai,2024/2025,Lithuania,2,1,1,0,0,0,0,1,0,1,1,1,0,0.5,0,1,0,158,158,130,0,2,-2,2,2,0,0,0,2,0,-2,0,0,0,0,90,45,0,1,0,1,0,0,0,2,1,1,0,0,0,4,3,1,4,2,2,44,40,48,14,6,8,2,0,2,12,6,6,21,10,11,0,0,0,2,2,0,-2,-2,0,0,0,0,1,0,1,1,1,0,0.5,0,1,1,2,0,0,0,0,1,2,0,1,2,0,0,0,0,1,2,0,1,1,0,0,0,0,1,1,0,0,0,0,0,0,0,0,0,0,1,1,2,2,2,2,0,0,1,1,1,1,1,1,1,1,1,1,50,50,0,0,0,0,100,100,0,0,0,0,0,0,0,0,0,0,50,50,100,100,100,100,0,0,100,100,100,100,100,100,100,100,100,100,1,1,0,1,1,0,0,0,0,50,50,0,100,100,0,0,0,0,0,0,0,-50,50,0,100,0,0,0,100,100,100,0,0,0,1,0,1,50,0,100,2,1,1,100,100,100,0,0,0,0,0,0,0,0,0,50,0,100,50,100,0,2.00,3.00,1.00,2,2,2.00,50,50,50,50,50,50,50,0,0.86,0.75,0.97,1.94,1.72,2.16,0,0,0,0,0,0,0,0,0,0,1,0,1,0,0,0,0,0,0,50,0,100,50,100,0,0
FC Magpies,Magpies,2024/2025,Gibraltar,4,2,2,0,1,1,0,0,0,0,3,1,2,0.75,1.5,0,0,159,159,112,4,10,-6,14,5,9,2,2,3,7,-1,-5,90,90,90,36,60,26,1,1,0,2,0,2,1,1,0,2,1,1,11,5,6,11,3,8,35,35,35,33,15,18,10,5,5,23,10,13,53,25,28,1,0,1,3,1,2,-2,-1,-1,0,0,0,2,1,1,2,1,1,0.5,0.5,0.5,3.5,2.5,4.5,1,1,1,2.5,1.5,3.5,1,0.5,1.5,0.25,0,0.5,0.75,0.5,1,4,4,3,1,1,1,2,2,1,0,0,0,2,2,2,1,1,1,0,0,1,3,3,3,0,0,1,2,2,2,0,0,0,1,1,1,100,100,75,25,25,25,100,100,50,0,0,0,100,100,100,50,50,50,0,0,25,75,75,75,0,0,50,100,100,100,0,0,0,50,50,50,3,1,0,1,0,0,2,1,0,75,25,0,50,0,0,100,50,0,25,50,0,20,25,50,0,50,0,100,25,50,0,50,50,50,1,1,0,25,50,0,3,2,1,75,100,50,1,0,1,25,0,50,0,0,0,50,50,50,50,50,50,2.75,2.50,3.00,2.75,1.5,4.00,75,75,50,50,50,25,25,25,0.97,0.90,1.04,2.29,1.79,2.80,100,0,1,0,0,1,0,0,0,1,0,0,1,2,0,2,3,1,1,0,0,0,75,50,100,25
Ujvara e Malishevës,Malisheva,2024/2025,Kosovo,2,1,1,0,1,1,0,0,0,0,1,0,1,1.5,3,0,0,161,161,108,1,3,-2,4,1,3,1,0,0,3,1,-3,180,90,0,60,0,30,1,1,0,0,0,0,1,0,1,1,1,0,9,4,5,10,3,7,52,55,48,11,5,6,5,3,2,6,2,4,21,8,13,0,0,0,1,0,1,-1,0,-1,0,0,0,1,1,0,1,0,1,0.5,1,0,2,1,3,0.5,1,0,1.5,0,3,0.5,0,1,0,0,0,0.5,0,1,2,1,1,0,0,0,1,0,0,0,0,0,1,1,1,0,0,0,0,1,1,2,2,2,0,1,1,1,1,1,0,0,0,1,1,1,100,50,50,0,0,0,100,0,0,0,0,0,100,100,100,0,0,0,0,50,50,100,100,100,0,100,100,100,100,100,0,0,0,100,100,100,1,0,0,0,0,0,1,0,0,50,0,0,0,0,0,100,0,0,50,100,0,100,50,100,0,0,0,0,50,0,100,50,100,0,1,1,0,50,100,0,2,1,1,100,100,100,0,0,0,0,0,0,0,0,0,50,100,0,50,0,100,4.50,4.00,5.00,5,3,7.00,50,50,50,50,50,0,0,0,1.11,1.32,0.90,1.24,1.03,1.45,0,0,0,0,0,0,0,1,0,0,0,0,0,1,0,1,0,0,1,0,0,0,50,0,100,0
FK TransINVEST Vilnius,TransINVEST Vilnius,2024/2025,Lithuania,2,1,1,0,0,0,0,0,0,0,2,1,1,0,0,0,0,162,162,152,0,3,-3,3,1,2,0,0,1,2,-1,-2,0,0,0,60,90,45,0,0,0,0,0,0,2,1,1,0,0,0,0,0,0,7,5,2,43,44,41,15,10,5,8,5,3,7,5,2,25,15,10,0,0,0,2,0,2,-2,0,-2,0,0,0,1,1,0,1,0,1,0.5,1,0,1.5,1,2,0,0,0,1.5,1,2,1,0,2,0,0,0,1,0,2,2,1,0,0,0,0,1,0,0,0,0,0,1,1,0,0,0,0,0,1,2,2,2,2,0,1,1,1,1,1,0,0,1,1,1,1,100,50,0,0,0,0,100,0,0,0,0,0,100,100,0,0,0,0,0,50,100,100,100,100,0,100,100,100,100,100,0,0,100,100,100,100,1,1,0,0,0,0,1,1,0,50,50,0,0,0,0,100,100,0,0,0,0,17,0,0,0,0,0,0,100,100,100,0,0,0,1,1,0,50,100,0,2,1,1,100,100,100,0,0,0,0,0,0,0,0,0,50,100,0,50,0,100,0.00,0.00,0.00,3.5,5,2.00,100,100,50,50,50,50,0,0,1.09,1.45,0.73,2.30,2.20,2.40,0,0,0,0,0,0,0,0,0,0,0,0,1,1,0,0,0,1,0,0,0,0,100,100,100,0
Cliftonville FC,Cliftonville,2024/2025,Northern Ireland,2,1,1,0,0,0,0,0,0,0,2,1,1,0,0,0,0,64,64,153,1,4,-3,5,3,2,1,0,2,2,-1,-2,180,90,0,45,45,45,0,0,0,1,1,0,1,0,1,0,0,0,9,3,6,3,1,2,46,51,41,17,10,7,7,5,2,10,5,5,17,9,8,1,1,0,1,1,0,0,0,0,0,0,0,2,1,1,0,0,0,1,1,1,2.5,3,2,0.5,1,0,2,2,2,1,2,0,0.5,1,0,0.5,1,0,2,2,1,0,0,0,1,1,1,0,0,0,1,1,0,0,0,0,0,0,1,2,2,2,0,0,0,1,1,1,0,0,1,1,1,1,100,100,50,0,0,0,100,100,100,0,0,0,100,100,0,0,0,0,0,0,50,100,100,100,0,0,0,100,100,100,0,0,100,100,100,100,1,1,0,1,1,0,0,0,0,50,50,0,100,100,0,0,0,0,0,0,0,0,0,0,0,50,100,0,50,0,100,0,0,0,1,0,1,50,0,100,1,0,1,50,0,100,1,1,0,50,100,0,0,0,0,100,100,100,0,0,0,4.50,3.00,6.00,1.5,1,2.00,50,50,50,50,50,0,0,0,1.05,1.17,0.93,1.59,1.25,1.92,100,0,0,0,1,0,0,0,0,0,0,0,0,1,0,1,1,1,0,0,0,0,100,100,100,0
KP Legia Warszawa,Legia Warszawa,2024/2025,Poland,12,6,6,0,9,4,5,1,1,0,2,1,1,2.33,2.17,2.5,0,17,17,2,31,8,23,39,18,21,15,16,3,5,12,11,35,36,34,134,180,108,8,4,4,4,2,2,0,0,0,9,5,4,48,26,22,33,17,16,44,48,41,133,69,64,70,36,34,63,33,30,145,73,72,9,6,3,6,2,4,3,4,-1,5,3,2,5,3,2,2,0,2,1.67,2,1.33,3.25,3,3.5,2.58,2.5,2.67,0.67,0.5,0.83,1.25,1.33,1.17,0.75,1,0.5,0.5,0.33,0.67,12,10,8,5,3,1,6,5,3,2,1,1,6,5,5,3,2,0,0,2,4,7,9,11,0,1,3,4,5,5,0,1,1,3,4,6,100,83,67,42,25,8,100,83,50,33,17,17,100,83,83,50,33,0,0,17,33,58,75,92,0,17,50,67,83,83,0,17,17,50,67,100,9,5,1,5,3,0,4,2,1,75,42,8,83,50,0,67,33,17,75,67,83,11,67,67,67,33,33,33,0,0,0,75,83,67,8,4,4,67,67,67,4,1,3,33,17,50,3,2,1,25,33,17,42,50,33,42,50,33,17,0,33,4.00,4.33,3.67,2.75,2.83,2.67,75,67,50,25,8,8,0,0,1.51,1.61,1.41,1.20,1.22,1.17,75,1,3,3,0,6,7,2,3,6,0,1,1,3,1,0,0,2,0,8,17,0,17,17,17,0
FK Astana,Astana,2024/2025,Kazakhstan,12,6,6,0,5,4,1,3,1,2,4,1,3,1.5,2.17,0.83,0,9,9,16,17,13,4,30,18,12,13,4,5,8,8,-4,63,41,134,83,108,68,3,3,0,6,3,3,3,0,3,6,5,1,38,13,25,26,12,14,45,42,47,99,60,39,51,33,18,48,27,21,112,55,57,4,4,0,6,3,3,-2,1,-3,3,3,0,5,2,3,4,1,3,1.17,1.83,0.5,2.5,3,2,1.42,2.17,0.67,1.08,0.83,1.33,0.83,1.17,0.5,0.33,0.67,0,0.5,0.5,0.5,12,9,4,2,1,1,6,4,3,2,1,1,6,5,1,0,0,0,0,3,8,10,11,11,0,2,3,4,5,5,0,1,5,6,6,6,100,75,33,17,8,8,100,67,50,33,17,17,100,83,17,0,0,0,0,25,67,83,92,92,0,33,50,67,83,83,0,17,83,100,100,100,7,1,1,4,1,1,3,0,0,58,8,8,67,17,17,50,0,0,42,67,17,38,25,50,0,50,50,50,25,0,50,50,83,17,8,5,3,67,83,50,8,2,6,67,33,100,1,1,0,8,17,0,25,50,0,42,33,50,33,17,50,3.17,2.17,4.17,2.17,2,2.33,75,67,57,42,33,25,8,8,1.12,1.35,0.89,1.83,1.81,1.85,75,0,2,0,1,2,3,3,3,3,0,3,0,3,0,1,1,2,3,25,17,33,33,17,50,0
HŠK Zrinjski Mostar,Zrinjski,2024/2025,Bosnia and Herzegovina,6,3,3,0,2,1,1,0,0,0,4,2,2,1,1,1,0,13,13,63,6,11,-5,17,7,10,2,4,5,6,-3,-2,90,134,68,49,54,45,1,1,0,2,0,2,3,2,1,2,1,1,43,20,23,11,4,7,48,48,47,52,33,19,15,4,11,37,29,8,65,40,25,2,1,1,6,4,2,-4,-3,-1,1,1,0,2,0,2,3,2,1,0.83,1,0.67,2.83,2.33,3.33,1,0.67,1.33,1.83,1.67,2,1.33,1.67,1,0.33,0.33,0.33,1,1.33,0.67,6,5,4,2,0,0,3,2,1,1,0,0,3,3,3,1,0,0,0,1,2,4,6,6,0,1,2,2,3,3,0,0,0,2,3,3,100,83,67,33,0,0,100,67,33,33,0,0,100,100,100,33,0,0,0,17,33,67,100,100,0,33,67,67,100,100,0,0,0,67,100,100,5,2,1,3,1,1,2,1,0,83,33,17,100,33,33,67,33,0,33,33,33,-12,17,33,0,33,0,67,50,67,33,33,33,33,2,1,1,33,33,33,4,2,2,67,67,67,1,0,1,17,0,33,17,33,0,33,0,67,50,67,33,7.17,6.67,7.67,1.83,1.33,2.33,100,100,67,50,50,33,33,33,1.24,1.36,1.13,1.50,1.42,1.57,83,0,1,0,1,0,0,1,2,1,0,1,1,2,3,1,0,2,1,0,0,0,67,67,67,17
Vitória Guimarães SC,Vitória Guimarães,2024/2025,Portugal,12,6,6,0,10,5,5,2,1,1,0,0,0,2.67,2.67,2.67,0,22,22,1,30,6,24,36,18,18,15,15,3,3,12,12,36,36,36,180,180,180,6,3,3,6,3,3,0,0,0,11,6,5,99,40,59,29,10,19,60,57,63,211,104,107,109,57,52,102,47,55,132,67,65,12,8,4,1,0,1,11,8,3,6,4,2,5,2,3,1,0,1,1.92,2.33,1.5,3,3,3,2.5,2.5,2.5,0.5,0.5,0.5,1.08,1.33,0.83,1,1.33,0.67,0.08,0,0.17,12,11,8,4,1,0,6,6,4,2,0,0,6,5,4,2,1,0,0,1,4,8,11,12,0,0,2,4,6,6,0,1,2,4,5,6,100,92,67,33,8,0,100,100,67,33,0,0,100,83,67,33,17,0,0,8,33,67,92,100,0,0,33,67,100,100,0,17,33,67,83,100,7,3,2,4,2,1,3,1,1,58,25,17,67,33,17,50,17,17,83,83,83,0,50,50,50,50,50,50,0,0,0,92,100,83,11,6,5,92,100,83,6,2,4,50,33,67,0,0,0,0,0,0,50,67,33,42,33,50,8,0,17,8.25,6.67,9.83,2.42,1.67,3.17,92,92,92,75,57,57,50,42,2.21,2.20,2.22,0.89,0.82,0.95,75,2,1,0,6,4,6,2,3,6,0,0,0,1,0,0,2,1,2,17,17,17,0,0,0,33
İstanbul Başakşehir FK,İstanbul Başakşehir,2024/2025,Turkey,12,6,6,0,6,4,2,4,1,3,2,1,1,1.83,2.17,1.5,0,24,24,7,24,13,11,37,20,17,15,9,5,8,10,1,45,36,60,83,108,68,5,2,3,7,4,3,1,0,1,9,5,4,52,29,23,26,7,19,61,64,58,185,96,89,86,49,37,99,47,52,131,61,70,12,8,4,4,1,3,8,7,1,5,3,2,6,3,3,1,0,1,1.75,2,1.5,3.08,3.33,2.83,2,2.5,1.5,1.08,0.83,1.33,1.33,1.5,1.17,1,1.33,0.67,0.33,0.17,0.5,11,10,6,5,2,2,6,6,3,2,1,1,5,4,3,3,1,1,1,2,6,7,10,10,0,0,3,4,5,5,1,2,3,3,5,5,92,83,50,42,17,17,100,100,50,33,17,17,83,67,50,50,17,17,8,17,50,58,83,83,0,0,50,67,83,83,17,33,50,50,83,83,7,5,3,4,3,1,3,2,2,58,42,25,67,50,17,50,33,33,50,67,33,24,42,33,50,58,67,50,8,0,17,75,83,67,10,5,5,83,83,83,6,2,4,50,33,67,1,1,0,8,17,0,42,50,33,50,50,50,8,0,17,4.73,4.83,4.60,2.17,1.17,3.17,82,45,36,27,18,18,18,18,1.95,1.99,1.91,1.35,0.99,1.70,92,2,3,2,2,5,0,3,4,3,1,0,1,1,2,2,1,2,3,33,17,50,17,17,17,9
Tromsø IL,Tromsø,2024/2025,Norway,4,2,2,0,2,1,1,1,0,1,1,1,0,1.75,1.5,2,0,26,26,50,4,3,1,7,2,5,1,3,1,2,0,1,90,180,60,120,180,90,2,1,1,1,0,1,1,1,0,2,1,1,20,16,4,4,3,1,49,58,40,32,16,16,16,7,9,16,9,7,35,8,27,1,1,0,2,1,1,-1,0,-1,1,1,0,1,0,1,2,1,1,1,1.5,0.5,1.75,1,2.5,1,0.5,1.5,0.75,0.5,1,0.75,1,0.5,0.25,0.5,0,0.5,0.5,0.5,4,1,1,1,0,0,2,0,0,0,0,0,2,1,1,1,0,0,0,3,3,3,4,4,0,2,2,2,2,2,0,1,1,1,2,2,100,25,25,25,0,0,100,0,0,0,0,0,100,50,50,50,0,0,0,75,75,75,100,100,0,100,100,100,100,100,0,50,50,50,100,100,3,0,0,2,0,0,1,0,0,75,0,0,100,0,0,50,0,0,50,50,50,-9,50,50,50,25,0,50,25,50,0,50,50,50,2,1,1,50,50,50,3,1,2,75,50,100,0,0,0,0,0,0,25,50,0,25,0,50,50,50,50,5.00,8.00,2.00,1,1.5,0.50,50,50,50,50,50,50,25,25,1.15,1.18,1.13,1.04,0.44,1.65,0,0,0,1,0,1,1,1,0,0,1,1,0,0,0,0,0,0,1,25,0,50,25,50,0,0
KAA Gent,KAA Gent,2024/2025,Belgium,13,7,6,0,8,6,2,1,0,1,4,1,3,1.92,2.57,1.17,0,36,36,5,22,16,6,38,21,17,14,8,7,9,7,-1,53,45,68,73,90,60,5,3,2,5,3,2,3,1,2,6,4,2,80,46,34,24,10,14,51,50,52,188,121,67,82,52,30,106,69,37,164,87,77,8,7,1,4,2,2,4,5,-1,4,3,1,7,4,3,2,0,2,1.46,1.86,1,2.92,3,2.83,1.69,2,1.33,1.23,1,1.5,0.92,1.29,0.5,0.62,1,0.17,0.31,0.29,0.33,13,9,8,4,3,1,7,5,5,2,2,0,6,4,3,2,1,1,0,4,5,9,10,12,0,2,2,5,5,7,0,2,3,4,5,5,100,69,62,31,23,8,100,71,71,29,29,0,100,67,50,33,17,17,0,31,38,69,77,92,0,29,29,71,71,100,0,33,50,67,83,83,8,3,1,5,3,1,3,0,0,62,23,8,71,43,14,50,0,0,62,86,33,19,38,43,33,38,43,33,23,14,33,46,57,33,9,5,4,69,71,67,7,2,5,54,29,83,2,2,0,15,29,0,31,43,17,54,57,50,15,0,33,6.15,6.57,5.67,1.85,1.43,2.33,85,62,62,54,46,38,38,23,1.91,2.11,1.68,1.34,1.44,1.24,62,1,3,2,2,1,1,4,1,6,1,2,0,1,3,1,2,3,3,8,0,17,31,14,50,8
BK Häcken,Häcken,2024/2025,Sweden,6,3,3,0,3,2,1,1,0,1,2,1,1,1.67,2,1.33,0,42,42,37,22,10,12,32,17,15,13,9,4,6,9,3,25,21,30,54,68,45,0,0,0,6,3,3,0,0,0,3,1,2,30,15,15,12,3,9,61,63,58,80,47,33,43,26,17,37,21,16,80,40,40,12,7,5,7,3,4,5,4,1,3,2,1,2,1,1,1,0,1,1.83,2.33,1.33,5.33,5.67,5,3.67,4.33,3,1.67,1.33,2,3.17,3.33,3,2,2.33,1.67,1.17,1,1.33,6,6,5,4,4,3,3,3,3,2,2,2,3,3,2,2,2,1,0,0,1,2,2,3,0,0,0,1,1,1,0,0,1,1,1,2,100,100,83,67,67,50,100,100,100,67,67,67,100,100,67,67,67,33,0,0,17,33,33,50,0,0,0,33,33,33,0,0,33,33,33,67,6,5,3,3,3,2,3,2,1,100,83,50,100,100,67,100,67,33,50,67,33,19,0,0,0,100,100,100,0,0,0,50,33,67,0,0,0,0,0,0,1,0,1,17,0,33,5,3,2,83,100,67,50,67,33,33,33,33,17,0,33,5.00,5.00,5.00,2,1,3.00,50,50,50,50,50,50,17,17,1.93,2.26,1.58,1.21,0.83,1.59,183,4,1,2,3,3,4,1,1,3,1,0,1,4,1,0,1,0,2,17,0,33,33,33,33,17
FC Zürich,Zürich,2024/2025,Switzerland,4,2,2,0,1,1,0,1,0,1,2,1,1,1,1.5,0.5,0,52,52,80,3,5,-2,8,6,2,3,0,3,2,0,-2,120,60,0,72,60,90,2,1,1,0,0,0,3,1,2,1,1,0,18,13,5,6,2,4,54,52,56,53,31,22,20,11,9,33,20,13,55,27,28,2,2,0,0,0,0,2,2,0,1,1,0,3,1,2,0,0,0,1.5,2,1,2,3,1,0.75,1.5,0,1.25,1.5,1,0.5,1,0,0.5,1,0,0,0,0,3,3,2,0,0,0,2,2,2,0,0,0,1,1,0,0,0,0,1,1,2,4,4,4,0,0,0,2,2,2,1,1,2,2,2,2,75,75,50,0,0,0,100,100,100,0,0,0,50,50,0,0,0,0,25,25,50,100,100,100,0,0,0,100,100,100,50,50,100,100,100,100,1,1,0,1,1,0,0,0,0,25,25,0,50,50,0,0,0,0,25,50,0,40,50,50,50,0,0,0,75,50,100,25,50,0,4,2,2,100,100,100,3,1,2,75,50,100,0,0,0,0,0,0,25,50,0,75,50,100,0,0,0,4.50,6.50,2.50,1.5,1,2.00,50,50,50,50,25,25,25,25,1.71,1.91,1.53,1.26,1.19,1.34,25,1,0,1,0,0,1,0,0,0,0,0,0,0,0,2,1,0,2,25,0,50,50,50,50,25
Saint Mirren FC,St. Mirren,2024/2025,Scotland,4,2,2,0,1,1,0,2,1,1,1,0,1,1.25,2,0.5,0,69,69,69,6,5,1,11,7,4,5,1,2,3,3,-2,60,36,180,72,90,60,1,0,1,3,2,1,1,0,1,1,1,0,25,15,10,13,6,7,54,68,40,40,17,23,19,9,10,21,8,13,49,22,27,1,1,0,1,0,1,0,1,-1,1,1,0,2,1,1,1,0,1,1.25,2,0.5,2.75,3.5,2,1.5,2.5,0.5,1.25,1,1.5,0.5,0.5,0.5,0.25,0.5,0,0.25,0,0.5,3,3,2,2,1,0,2,2,1,1,1,0,1,1,1,1,0,0,1,1,2,2,3,4,0,0,1,1,1,2,1,1,1,1,2,2,75,75,50,50,25,0,100,100,50,50,50,0,50,50,50,50,0,0,25,25,50,50,75,100,0,0,50,50,50,100,50,50,50,50,100,100,2,0,0,1,0,0,1,0,0,50,0,0,50,0,0,50,0,0,25,50,0,44,25,0,50,75,100,50,25,0,50,25,50,0,3,2,1,75,100,50,3,1,2,75,50,100,0,0,0,0,0,0,25,50,0,50,50,50,25,0,50,6.25,7.50,5.00,3.25,3,3.50,100,75,75,75,75,50,25,25,1.45,1.33,1.58,1.57,1.50,1.64,100,0,1,0,0,0,1,1,1,2,1,0,0,0,0,0,0,2,2,50,50,50,25,0,50,0
AEK Athens FC,AEK Athens,2024/2025,Greece,4,2,2,0,3,2,1,0,0,0,1,0,1,2.25,3,1.5,0,71,71,39,10,6,4,16,8,8,5,5,3,3,2,2,36,36,36,60,60,60,2,1,1,2,1,1,0,0,0,4,2,2,30,19,11,14,9,5,61,66,57,57,41,16,25,18,7,32,23,9,46,20,26,5,3,2,1,0,1,4,3,1,2,1,1,2,1,1,0,0,0,2,2,2,4,4,4,2.5,2.5,2.5,1.5,1.5,1.5,1.5,1.5,1.5,1.25,1.5,1,0.25,0,0.5,4,3,3,3,1,1,2,1,1,1,1,1,2,2,2,2,0,0,0,1,1,1,3,3,0,1,1,1,1,1,0,0,0,0,2,2,100,75,75,75,25,25,100,50,50,50,50,50,100,100,100,100,0,0,0,25,25,25,75,75,0,50,50,50,50,50,0,0,0,0,100,100,3,2,1,1,1,1,2,1,0,75,50,25,50,50,50,100,50,0,75,100,50,0,50,50,50,50,50,50,0,0,0,100,100,100,3,2,1,75,100,50,1,1,0,25,50,0,1,0,1,25,0,50,50,50,50,50,50,50,0,0,0,7.50,9.50,5.50,3.5,4.5,2.50,100,100,75,50,50,25,25,25,1.90,2.52,1.29,1.36,1.09,1.63,75,1,1,2,1,0,1,0,1,3,0,0,0,1,0,0,2,1,2,0,0,0,25,0,50,25
NK Osijek,Osijek,2024/2025,Croatia,4,2,2,0,2,1,1,2,1,1,0,0,0,2,2,2,0,91,91,43,9,4,5,13,8,5,6,3,2,2,4,1,40,30,60,90,90,90,1,0,1,3,2,1,0,0,0,3,1,2,14,8,6,13,5,8,46,46,47,43,24,19,21,10,11,22,14,8,67,30,37,6,5,1,1,1,0,5,4,1,3,2,1,1,0,1,0,0,0,2.5,3,2,3.25,4,2.5,2.25,3,1.5,1,1,1,1.75,3,0.5,1.5,2.5,0.5,0.25,0.5,0,4,3,2,2,1,1,2,2,1,1,1,1,2,1,1,1,0,0,0,1,2,2,3,3,0,0,1,1,1,1,0,1,1,1,2,2,100,75,50,50,25,25,100,100,50,50,50,50,100,50,50,50,0,0,0,25,50,50,75,75,0,0,50,50,50,50,0,50,50,50,100,100,3,1,1,2,1,1,1,0,0,75,25,25,100,50,50,50,0,0,50,50,50,0,25,0,50,75,100,50,0,0,0,75,50,100,3,1,2,75,50,100,1,0,1,25,0,50,1,1,0,25,50,0,75,100,50,25,0,50,0,0,0,3.50,4.00,3.00,3.25,2.5,4.00,75,75,50,50,25,0,0,0,1.57,1.63,1.52,1.72,1.40,2.05,125,1,1,1,3,0,0,2,0,1,1,0,0,0,0,1,0,0,2,50,50,50,0,0,0,0
FK Radnički 1923 Kragujevac,Radnički Kragujevac,2024/2025,Serbia,2,1,1,0,1,1,0,0,0,0,1,0,1,1.5,3,0,0,93,93,88,2,2,0,4,1,3,1,1,0,2,1,-1,90,90,90,90,0,45,1,1,0,1,0,1,0,0,0,1,1,0,11,4,7,6,3,3,54,57,51,35,17,18,16,8,8,19,9,10,34,8,26,0,0,0,1,0,1,-1,0,-1,0,0,0,1,1,0,1,0,1,0.5,1,0,2,1,3,1,1,1,1,0,2,0.5,0,1,0,0,0,0.5,0,1,2,1,1,0,0,0,1,0,0,0,0,0,1,1,1,0,0,0,0,1,1,2,2,2,0,1,1,1,1,1,0,0,0,1,1,1,100,50,50,0,0,0,100,0,0,0,0,0,100,100,100,0,0,0,0,50,50,100,100,100,0,100,100,100,100,100,0,0,0,100,100,100,1,0,0,0,0,0,1,0,0,50,0,0,0,0,0,100,0,0,50,100,0,50,50,100,0,50,0,100,0,0,0,50,100,0,1,1,0,50,100,0,2,1,1,100,100,100,0,0,0,0,0,0,0,0,0,50,100,0,50,0,100,5.50,4.00,7.00,3,3,3.00,100,100,50,50,50,0,0,0,2.25,2.15,2.36,1.34,1.09,1.59,50,0,0,0,0,0,0,0,1,1,0,0,0,0,1,0,0,0,1,0,0,0,50,0,100,0
FC Banik Ostrava,Baník Ostrava,2024/2025,Czech Republic,4,2,2,0,3,2,1,0,0,0,1,0,1,2.25,3,1.5,0,108,108,38,8,2,6,10,7,3,6,2,1,1,5,1,45,30,90,180,180,180,2,1,1,1,1,0,1,0,1,3,2,1,24,12,12,7,4,3,51,56,47,53,38,15,25,15,10,28,23,5,52,32,20,5,4,1,0,0,0,5,4,1,3,2,1,1,0,1,0,0,0,2.5,3,2,2.5,3.5,1.5,2,3,1,0.5,0.5,0.5,1.25,2,0.5,1.25,2,0.5,0,0,0,4,2,1,1,1,1,2,1,1,1,1,1,2,1,0,0,0,0,0,2,3,3,3,3,0,1,1,1,1,1,0,1,2,2,2,2,100,50,25,25,25,25,100,50,50,50,50,50,100,50,0,0,0,0,0,50,75,75,75,75,0,50,50,50,50,50,0,50,100,100,100,100,3,1,1,2,1,1,1,0,0,75,25,25,100,50,50,50,0,0,75,100,50,0,50,50,50,25,50,0,25,0,50,75,100,50,4,2,2,100,100,100,1,0,1,25,0,50,0,0,0,0,0,0,75,100,50,25,0,50,0,0,0,6.00,6.00,6.00,1.75,2,1.50,75,50,50,50,50,50,25,25,1.84,2.40,1.28,1.08,1.02,1.14,75,0,1,3,0,1,1,1,0,1,0,0,0,0,0,0,0,0,2,0,0,0,25,0,50,0
Sliema Wanderers FC,Sliema Wanderers,2024/2025,Malta,2,1,1,0,0,0,0,1,1,0,1,0,1,0.5,1,0,0,111,111,146,0,7,-7,7,0,7,0,0,0,7,0,-7,0,0,0,26,0,13,1,1,0,0,0,0,2,1,1,0,0,0,7,5,2,2,2,0,42,43,40,8,5,3,3,3,0,5,2,3,18,13,5,0,0,0,3,0,3,-3,0,-3,0,0,0,1,1,0,1,0,1,0.5,1,0,3.5,0,7,0,0,0,3.5,0,7,1.5,0,3,0,0,0,1.5,0,3,1,1,1,1,1,1,0,0,0,0,0,0,1,1,1,1,1,1,1,1,1,1,1,1,1,1,1,1,1,1,0,0,0,0,0,0,50,50,50,50,50,50,0,0,0,0,0,0,100,100,100,100,100,100,50,50,50,50,50,50,100,100,100,100,100,100,0,0,0,0,0,0,1,1,1,0,0,0,1,1,1,50,50,50,0,0,0,100,100,100,0,0,0,50,50,100,0,0,0,0,100,100,100,0,0,0,1,1,0,50,100,0,2,1,1,100,100,100,0,0,0,0,0,0,0,0,0,50,100,0,50,0,100,3.50,5.00,2.00,1,2,0.00,50,50,50,50,0,0,0,0,0.65,0.76,0.54,1.40,0.85,1.94,150,0,0,0,0,0,0,0,0,0,0,1,1,1,0,1,0,2,1,50,100,0,50,0,100,0
AC Omonia Nicosia,Omonia Nicosia,2024/2025,Cyprus,13,7,6,0,7,5,2,2,1,1,4,1,3,1.77,2.29,1.17,0,125,125,6,22,11,11,33,24,9,18,4,6,5,12,-1,53,35,134,106,105,108,5,3,2,4,3,1,5,1,4,8,6,2,79,42,37,21,11,10,52,53,51,145,86,59,75,43,32,70,43,27,149,67,82,6,4,2,4,1,3,2,3,-1,4,2,2,6,4,2,3,1,2,1.38,1.43,1.33,2.54,3.43,1.5,1.69,2.57,0.67,0.85,0.86,0.83,0.77,0.71,0.83,0.46,0.57,0.33,0.31,0.14,0.5,12,9,6,4,1,1,7,6,5,4,1,1,5,3,1,0,0,0,1,4,7,9,12,12,0,1,2,3,6,6,1,3,5,6,6,6,92,69,46,31,8,8,100,86,71,57,14,14,83,50,17,0,0,0,8,31,54,69,92,92,0,14,29,43,86,86,17,50,83,100,100,100,7,2,1,3,1,1,4,1,0,54,15,8,43,14,14,67,17,0,54,71,33,26,38,43,33,31,43,17,38,14,67,62,86,33,10,6,4,77,86,67,9,5,4,69,71,67,0,0,0,0,0,0,31,29,33,46,57,33,23,14,33,6.08,6.00,6.17,1.62,1.57,1.67,100,92,77,54,38,31,23,23,1.53,1.64,1.41,1.25,1.16,1.36,69,0,1,2,1,2,6,2,1,7,0,2,1,1,1,0,1,3,2,15,14,17,31,14,50,15
FC Saburtalo Tbilisi,Saburtalo,2024/2025,Georgia,4,2,2,0,1,1,0,1,0,1,2,1,1,1,1.5,0.5,0,141,141,77,2,3,-1,5,3,2,2,0,1,2,1,-2,180,90,0,120,180,90,2,1,1,0,0,0,3,1,2,1,1,0,5,0,5,14,5,9,42,47,38,47,30,17,20,14,6,27,16,11,51,22,29,1,1,0,0,0,0,1,1,0,1,1,0,3,1,2,0,0,0,1.5,2,1,1.25,1.5,1,0.5,1,0,0.75,0.5,1,0.25,0.5,0,0.25,0.5,0,0,0,0,3,2,0,0,0,0,2,1,0,0,0,0,1,1,0,0,0,0,1,2,4,4,4,4,0,1,2,2,2,2,1,1,2,2,2,2,75,50,0,0,0,0,100,50,0,0,0,0,50,50,0,0,0,0,25,50,100,100,100,100,0,50,100,100,100,100,50,50,100,100,100,100,1,0,0,1,0,0,0,0,0,25,0,0,50,0,0,0,0,0,25,50,0,67,50,50,50,0,0,0,75,50,100,25,50,0,4,2,2,100,100,100,3,1,2,75,50,100,0,0,0,0,0,0,25,50,0,75,50,100,0,0,0,2.50,0.00,2.50,3.5,2.5,4.50,100,50,50,50,50,50,0,0,1.46,1.91,1.02,2.47,2.60,2.34,0,0,0,0,1,0,1,0,0,0,0,0,0,0,1,0,1,0,1,25,0,50,50,50,50,0
FC København,København,2024/2025,Denmark,13,7,6,0,6,4,2,3,1,2,4,2,2,1.62,1.86,1.33,0,2,2,10,21,14,7,35,21,14,14,7,7,7,7,0,56,45,77,83,90,77,4,3,1,7,4,3,2,0,2,7,5,2,85,45,40,28,12,16,66,68,63,173,112,61,77,50,27,96,62,34,144,73,71,5,3,2,7,2,5,-2,1,-3,3,2,1,5,4,1,5,1,4,1.08,1.43,0.67,2.69,3,2.33,1.62,2,1.17,1.08,1,1.17,0.92,0.71,1.17,0.38,0.43,0.33,0.54,0.29,0.83,13,11,7,2,1,1,7,6,4,2,1,1,6,5,3,0,0,0,0,2,6,11,12,12,0,1,3,5,6,6,0,1,3,6,6,6,100,85,54,15,8,8,100,86,57,29,14,14,100,83,50,0,0,0,0,15,46,85,92,92,0,14,43,71,86,86,0,17,50,100,100,100,10,2,0,4,1,0,6,1,0,77,15,0,57,14,0,100,17,0,46,57,33,15,31,43,17,54,57,50,15,0,33,54,71,33,6,5,1,46,71,17,8,4,4,62,57,67,2,1,1,15,14,17,23,29,17,38,57,17,38,14,67,6.54,6.43,6.67,2.15,1.71,2.67,85,62,54,38,38,23,15,15,1.70,2.03,1.33,1.04,0.82,1.31,54,1,1,1,1,2,2,4,5,4,1,3,1,0,2,3,1,1,2,23,14,33,31,29,33,8
FC Spartak Trnava,Spartak Trnava,2024/2025,Slovakia,4,2,2,0,2,2,0,1,0,1,1,0,1,1.75,3,0.5,0,98,98,47,7,4,3,11,7,4,6,1,1,3,5,-2,51,30,180,90,180,60,2,1,1,2,1,1,1,0,1,1,1,0,7,5,2,9,3,6,46,50,43,41,26,15,14,10,4,27,16,11,60,30,30,2,2,0,2,1,1,0,1,-1,1,1,0,1,0,1,2,1,1,1,1.5,0.5,2.75,3.5,2,1.75,3,0.5,1,0.5,1.5,1,1.5,0.5,0.5,1,0,0.5,0.5,0.5,3,3,3,2,0,0,2,2,2,1,0,0,1,1,1,1,0,0,1,1,1,2,4,4,0,0,0,1,2,2,1,1,1,1,2,2,75,75,75,50,0,0,100,100,100,50,0,0,50,50,50,50,0,0,25,25,25,50,100,100,0,0,0,50,100,100,50,50,50,50,100,100,3,1,0,2,1,0,1,0,0,75,25,0,100,50,0,50,0,0,50,100,0,61,50,50,50,50,50,50,25,0,50,25,50,0,2,1,1,50,50,50,3,1,2,75,50,100,0,0,0,0,0,0,25,50,0,25,0,50,50,50,50,1.75,2.50,1.00,2.25,1.5,3.00,100,75,50,25,25,25,25,25,1.24,1.59,0.90,1.58,1.27,1.89,50,0,1,0,0,2,1,1,0,1,0,0,1,0,1,1,0,0,0,25,0,50,25,0,50,0
KF Drita,Drita,2024/2025,Kosovo,6,3,3,0,3,2,1,0,0,0,3,1,2,1.5,2,1,0,149,149,41,6,6,0,12,6,6,4,2,2,4,2,-2,90,68,134,90,134,68,1,1,0,2,1,1,3,1,2,3,2,1,19,13,6,23,13,10,47,55,38,55,41,14,28,23,5,27,18,9,77,47,30,2,0,2,1,0,1,1,0,1,1,0,1,4,3,1,1,0,1,1.17,1,1.33,2,2,2,1,1.33,0.67,1,0.67,1.33,0.5,0,1,0.33,0,0.67,0.17,0,0.33,6,3,2,1,0,0,3,1,1,1,0,0,3,2,1,0,0,0,0,3,4,5,6,6,0,2,2,2,3,3,0,1,2,3,3,3,100,50,33,17,0,0,100,33,33,33,0,0,100,67,33,0,0,0,0,50,67,83,100,100,0,67,67,67,100,100,0,33,67,100,100,100,2,1,0,0,0,0,2,1,0,33,17,0,0,0,0,67,33,0,50,67,33,33,17,33,0,33,33,33,50,33,67,50,67,33,5,3,2,83,100,67,5,3,2,83,100,67,0,0,0,0,0,0,17,0,33,67,100,33,17,0,33,3.17,4.33,2.00,3.83,4.33,3.33,83,83,50,50,50,50,17,0,1.36,2.09,0.63,1.97,1.53,2.40,17,1,0,1,0,0,0,1,1,0,1,0,0,0,0,1,0,1,2,0,0,0,50,33,67,0
FK CSKA 1948 Sofia,CSKA 1948 Sofia,2024/2025,Bulgaria,4,2,2,0,2,2,0,1,0,1,1,0,1,1.75,3,0.5,0,153,153,52,4,6,-2,10,4,6,3,1,1,5,2,-4,90,60,180,60,180,36,1,1,0,2,1,1,1,0,1,1,1,0,15,4,11,15,2,13,41,43,38,31,18,13,15,10,5,16,8,8,51,17,34,2,2,0,1,1,0,1,1,0,1,1,0,3,1,2,0,0,0,1.5,2,1,2.5,2,3,1,1.5,0.5,1.5,0.5,2.5,0.75,1.5,0,0.5,1,0,0.25,0.5,0,4,3,2,1,0,0,2,1,1,0,0,0,2,2,1,1,0,0,0,1,2,3,4,4,0,1,1,2,2,2,0,0,1,1,2,2,100,75,50,25,0,0,100,50,50,0,0,0,100,100,50,50,0,0,0,25,50,75,100,100,0,50,50,100,100,100,0,0,50,50,100,100,2,1,0,2,1,0,0,0,0,50,25,0,100,50,0,0,0,0,50,100,0,59,25,50,0,50,50,50,25,0,50,25,50,0,3,1,2,75,50,100,2,0,2,50,0,100,1,1,0,25,50,0,25,50,0,75,50,100,0,0,0,3.75,2.00,5.50,3.75,1,6.50,75,75,75,75,75,50,50,25,1.21,1.43,1.00,2.06,1.16,2.96,25,0,0,1,0,1,1,0,0,0,1,0,0,0,0,0,1,0,1,25,0,50,25,0,50,0
NK Maribor,Maribor,2024/2025,Slovenia,6,3,3,0,2,2,0,0,0,0,4,1,3,1,2,0,0,62,62,59,6,7,-1,13,6,7,4,2,2,5,2,-3,90,68,134,77,134,54,1,1,0,2,1,1,3,1,2,2,2,0,19,8,11,20,7,13,54,48,60,76,48,28,34,21,13,42,27,15,86,39,47,0,0,0,2,1,1,-2,-1,-1,0,0,0,4,2,2,2,1,1,0.67,0.67,0.67,2.17,2,2.33,1,1.33,0.67,1.17,0.67,1.67,0.33,0.33,0.33,0,0,0,0.33,0.33,0.33,6,3,2,1,1,0,3,2,1,0,0,0,3,1,1,1,1,0,0,3,4,5,5,6,0,1,2,3,3,3,0,2,2,2,2,3,100,50,33,17,17,0,100,67,33,0,0,0,100,33,33,33,33,0,0,50,67,83,83,100,0,33,67,100,100,100,0,67,67,67,67,100,2,0,0,1,0,0,1,0,0,33,0,0,33,0,0,33,0,0,33,67,0,38,17,33,0,33,33,33,50,33,67,33,67,0,4,2,2,67,67,67,6,3,3,100,100,100,0,0,0,0,0,0,0,0,0,67,67,67,33,33,33,3.17,2.67,3.67,3.33,2.33,4.33,67,67,67,50,33,33,33,33,1.65,2.03,1.26,1.79,1.27,2.30,0,0,0,0,0,0,2,1,0,3,1,0,1,0,0,1,1,2,1,0,0,0,67,33,100,33
CS Universitatea Craiova,CS U Craiova,2024/2025,Romania,2,1,1,0,1,1,0,0,0,0,1,0,1,1.5,3,0,0,156,156,102,3,4,-1,7,5,2,3,0,2,2,1,-2,60,30,0,45,45,45,0,0,0,1,1,0,1,0,1,1,1,0,18,12,6,6,3,3,35,20,50,27,21,6,10,10,0,17,11,6,27,14,13,0,0,0,0,0,0,0,0,0,0,0,0,2,1,1,0,0,0,1,1,1,3.5,5,2,1.5,3,0,2,2,2,0,0,0,0,0,0,0,0,0,2,2,1,1,1,0,1,1,1,1,1,0,1,1,0,0,0,0,0,0,1,1,1,2,0,0,0,0,0,1,0,0,1,1,1,1,100,100,50,50,50,0,100,100,100,100,100,0,100,100,0,0,0,0,0,0,50,50,50,100,0,0,0,0,0,100,0,0,100,100,100,100,0,0,0,0,0,0,0,0,0,0,0,0,0,0,0,0,0,0,50,100,0,0,0,0,0,50,100,0,50,0,100,50,100,0,2,1,1,100,100,100,2,1,1,100,100,100,0,0,0,0,0,0,0,0,0,100,100,100,0,0,0,9.00,12.00,6.00,3,3,3.00,100,100,100,50,50,50,50,50,1.68,2.61,0.75,2.04,1.57,2.50,0,0,0,0,0,0,1,0,1,1,0,0,0,0,0,1,1,0,2,0,0,0,50,0,100,50
FC Sankt Gallen 1879,St. Gallen,2024/2025,Switzerland,12,6,6,0,4,2,2,4,2,2,4,2,2,1.33,1.33,1.33,0,49,49,17,20,23,-3,43,22,21,11,9,11,12,0,-3,54,49,60,47,49,45,3,2,1,9,4,5,1,1,0,6,3,3,73,30,43,31,16,15,54,51,58,144,74,70,81,46,35,63,28,35,161,69,92,9,6,3,11,3,8,-2,3,-5,4,3,1,4,2,2,4,1,3,1.33,1.83,0.83,3.58,3.67,3.5,1.67,1.83,1.5,1.92,1.83,2,1.67,1.5,1.83,0.75,1,0.5,0.92,0.5,1.33,11,10,7,6,5,2,5,5,4,4,3,1,6,5,3,2,2,1,1,2,5,6,7,10,1,1,2,2,3,5,0,1,3,4,4,5,92,83,58,50,42,17,83,83,67,67,50,17,100,83,50,33,33,17,8,17,42,50,58,83,17,17,33,33,50,83,0,17,50,67,67,83,10,6,3,5,3,1,5,3,2,83,50,25,83,50,17,83,50,33,33,33,33,8,25,33,17,75,67,83,8,17,0,50,50,50,5,3,2,42,50,33,5,2,3,42,33,50,4,2,2,33,33,33,33,50,17,33,33,33,33,17,50,6.08,5.00,7.17,2.58,2.67,2.50,92,92,92,75,57,57,33,33,1.64,1.69,1.58,1.91,2.08,1.70,100,1,0,3,4,1,1,3,4,3,2,0,3,2,5,5,3,0,3,33,33,33,33,33,33,17
Zira IK,Zira,2024/2025,Azerbaijan,6,3,3,0,3,2,1,2,1,1,1,0,1,1.83,2.33,1.33,0,54,54,34,10,10,0,20,9,11,7,3,2,8,5,-5,54,39,90,54,134,34,2,2,0,3,1,2,1,0,1,3,2,1,28,16,12,9,3,6,54,56,52,56,34,22,24,21,3,32,13,19,71,35,36,3,2,1,6,1,5,-3,1,-4,1,1,0,2,1,1,3,1,2,0.83,1.33,0.33,3.33,3,3.67,1.67,2.33,1,1.67,0.67,2.67,1.5,1,2,0.5,0.67,0.33,1,0.33,1.67,6,5,4,3,1,1,3,2,2,2,0,0,3,3,2,1,1,1,0,1,2,3,5,5,0,1,1,1,3,3,0,0,1,2,2,2,100,83,67,50,17,17,100,67,67,67,0,0,100,100,67,33,33,33,0,17,33,50,83,83,0,33,33,33,100,100,0,0,33,67,67,67,5,3,1,2,1,0,3,2,1,83,50,17,67,33,0,100,67,33,50,67,33,50,33,67,0,50,33,67,17,0,33,50,67,33,2,2,0,33,67,0,4,2,2,67,67,67,1,0,1,17,0,33,17,33,0,33,33,33,50,33,67,4.67,5.33,4.00,1.5,1,2.00,83,67,50,50,33,0,0,0,1.35,1.83,0.87,1.31,1.10,1.51,100,0,0,2,1,0,4,0,1,2,0,1,0,4,1,2,1,0,1,33,33,33,17,0,33,0
DAC 1904 Dunajská Streda,DAC,2024/2025,Slovakia,2,1,1,0,0,0,0,0,0,0,2,1,1,0,0,0,0,97,97,161,1,6,-5,7,3,4,1,0,2,4,-1,-4,180,90,0,30,45,23,0,0,0,1,1,0,1,0,1,0,0,0,10,5,5,7,5,2,42,36,48,20,14,6,7,5,2,13,9,4,28,21,7,1,1,0,3,1,2,-2,0,-2,0,0,0,1,1,0,1,0,1,0.5,1,0,3.5,3,4,0.5,1,0,3,2,4,2,2,2,0.5,1,0,1.5,1,2,2,2,2,1,0,0,1,1,1,0,0,0,1,1,1,1,0,0,0,0,0,1,2,2,0,0,0,1,1,1,0,0,0,0,1,1,100,100,100,50,0,0,100,100,100,0,0,0,100,100,100,100,0,0,0,0,0,50,100,100,0,0,0,100,100,100,0,0,0,0,100,100,2,2,0,1,1,0,1,1,0,100,100,0,100,100,0,100,100,0,0,0,0,67,0,0,0,50,100,0,50,0,100,0,0,0,0,0,0,0,0,0,1,0,1,50,0,100,1,1,0,50,100,0,0,0,0,50,100,0,50,0,100,5.00,5.00,5.00,3.5,5,2.00,100,100,100,100,50,0,0,0,1.32,1.58,1.06,1.30,1.21,1.39,150,0,0,0,1,0,0,0,0,0,0,0,2,1,0,3,0,0,0,0,0,0,100,100,100,0
Brøndby IF,Brøndby,2024/2025,Denmark,4,2,2,0,1,1,0,2,0,2,1,1,0,1.25,1.5,1,0,113,113,65,11,6,5,17,11,6,8,3,3,3,5,0,33,23,60,60,60,60,1,1,0,3,1,2,0,0,0,3,2,1,24,8,16,6,3,3,65,67,63,52,27,25,29,14,15,23,13,10,62,30,32,7,6,1,3,1,2,4,5,-1,2,2,0,1,0,1,1,0,1,1.75,3,0.5,4.25,5.5,3,2.75,4,1.5,1.5,1.5,1.5,2.5,3.5,1.5,1.75,3,0.5,0.75,0.5,1,4,4,3,3,2,1,2,2,2,2,2,1,2,2,1,1,0,0,0,0,1,1,2,3,0,0,0,0,0,1,0,0,1,1,2,2,100,100,75,75,50,25,100,100,100,100,100,50,100,100,50,50,0,0,0,0,25,25,50,75,0,0,0,0,0,50,0,0,50,50,100,100,4,3,2,2,2,2,2,1,0,100,75,50,100,100,100,100,50,0,25,50,0,0,25,50,0,75,50,100,0,0,0,75,100,50,1,1,0,25,50,0,1,0,1,25,0,50,2,1,1,50,50,50,50,100,0,25,0,50,25,0,50,6.00,4.00,8.00,1.5,1.5,1.50,75,75,75,25,25,25,25,25,1.90,1.79,2.01,0.94,0.72,1.17,150,0,3,1,3,0,1,1,0,2,0,0,1,0,2,0,2,0,1,50,0,100,25,50,0,0
AEK Larnaca,AEK Larnaca,2024/2025,Cyprus,2,1,1,0,0,0,0,0,0,0,2,1,1,0,0,0,0,124,124,159,0,5,-5,5,2,3,0,0,2,3,-2,-3,0,0,0,36,45,30,0,0,0,0,0,0,2,1,1,0,0,0,15,11,4,5,2,3,18,2,34,14,11,3,3,3,0,11,8,3,24,10,14,0,0,0,3,2,1,-3,-2,-1,0,0,0,0,0,0,2,1,1,0,0,0,2.5,2,3,0,0,0,2.5,2,3,1.5,2,1,0,0,0,1.5,2,1,2,2,1,0,0,0,1,1,0,0,0,0,1,1,1,0,0,0,0,0,1,2,2,2,0,0,1,1,1,1,0,0,0,1,1,1,100,100,50,0,0,0,100,100,0,0,0,0,100,100,100,0,0,0,0,0,50,100,100,100,0,0,100,100,100,100,0,0,0,100,100,100,2,1,0,1,1,0,1,0,0,100,50,0,100,100,0,100,0,0,0,0,0,10,0,0,0,0,0,0,100,100,100,0,0,0,0,0,0,0,0,0,2,1,1,100,100,100,0,0,0,0,0,0,0,0,0,0,0,0,100,100,100,7.50,11.00,4.00,2.5,2,3.00,100,100,50,50,50,50,50,0,1.13,1.63,0.62,0.99,0.94,1.04,0,0,0,0,0,0,0,0,0,0,0,2,0,0,1,0,1,1,0,0,0,0,100,100,100,0
Paphos FC,Paphos,2024/2025,Cyprus,13,6,7,0,6,5,1,2,0,2,5,1,4,1.54,2.5,0.71,0,126,126,11,24,13,11,37,14,23,13,11,1,12,12,-1,49,41,57,90,529,53,5,5,0,6,0,6,2,1,1,7,5,2,86,45,41,31,11,20,58,60,56,229,137,92,98,60,38,131,77,54,176,97,79,7,3,4,9,1,8,-2,2,-4,3,2,1,5,3,2,5,1,4,1.08,1.5,0.71,2.85,2.33,3.29,1.85,2.17,1.57,1,0.17,1.71,1.23,0.67,1.71,0.54,0.5,0.57,0.69,0.17,1.14,13,10,8,4,2,0,6,4,3,1,0,0,7,6,5,3,2,0,0,3,5,9,11,13,0,2,3,5,6,6,0,1,2,4,5,7,100,77,62,31,15,0,100,67,50,17,0,0,100,86,71,43,29,0,0,23,38,69,85,100,0,33,50,83,100,100,0,14,29,57,71,100,9,5,2,3,1,0,6,4,2,69,38,15,50,17,0,86,57,29,46,83,14,50,38,83,0,46,0,86,15,17,14,54,83,29,6,5,1,46,83,14,8,4,4,62,67,57,3,0,3,23,0,43,23,33,14,38,50,29,38,17,57,6.62,7.50,5.86,2.38,1.83,2.86,77,69,69,46,46,31,23,15,2.16,2.75,1.66,1.03,0.99,1.07,54,2,0,2,3,2,1,3,0,6,1,2,4,2,0,3,0,1,0,15,0,29,38,17,57,8
Paksi SE,Paksi SE,2024/2025,Hungary,6,3,3,0,3,2,1,2,0,2,1,1,0,1.83,2,1.67,0,127,127,30,12,7,5,19,9,10,6,6,3,4,3,2,45,45,45,77,90,68,3,2,1,2,0,2,1,1,0,4,2,2,22,11,11,11,4,7,58,59,57,52,32,20,29,19,10,23,13,10,94,55,39,4,1,3,1,0,1,3,1,2,2,1,1,4,2,2,0,0,0,1.67,1.67,1.67,3.17,3,3.33,2,2,2,1.17,1,1.33,0.83,0.33,1.33,0.67,0.33,1,0.17,0,0.33,6,6,5,2,0,0,3,3,3,0,0,0,3,3,2,2,0,0,0,0,1,4,6,6,0,0,0,3,3,3,0,0,1,1,3,3,100,100,83,33,0,0,100,100,100,0,0,0,100,100,67,67,0,0,0,0,17,67,100,100,0,0,0,100,100,100,0,0,33,33,100,100,3,2,0,1,0,0,2,2,0,50,33,0,33,0,0,67,67,0,50,67,33,8,50,67,33,33,0,67,17,33,0,67,67,67,5,3,2,83,100,67,3,2,1,50,67,33,1,0,1,17,0,33,33,33,33,67,67,67,0,0,0,3.67,3.67,3.67,1.83,1.33,2.33,83,83,50,50,33,17,17,0,1.31,1.59,1.03,1.40,1.19,1.62,50,0,3,0,0,1,1,1,2,4,0,1,0,0,1,2,1,0,2,33,0,67,17,33,0,0
FK Tobol Kostanay,Tobol,2024/2025,Kazakhstan,2,1,1,0,0,0,0,0,0,0,2,1,1,0,0,0,0,145,145,158,1,5,-4,6,1,5,0,1,1,4,-1,-3,180,0,90,36,90,23,0,0,0,1,0,1,1,1,0,1,0,1,4,2,2,10,5,5,40,38,42,16,7,9,6,2,4,10,5,5,26,11,15,1,0,1,2,0,2,-1,0,-1,0,0,0,1,1,0,1,0,1,0.5,1,0,3,1,5,0.5,0,1,2.5,1,4,1.5,0,3,0.5,0,1,1,0,2,2,1,1,1,1,0,1,0,0,0,0,0,1,1,1,1,1,0,0,1,1,1,1,2,0,1,1,1,1,1,0,0,0,0,0,1,100,50,50,50,50,0,100,0,0,0,0,0,100,100,100,100,100,0,0,50,50,50,50,100,0,100,100,100,100,100,0,0,0,0,0,100,1,1,1,0,0,0,1,1,1,50,50,50,0,0,0,100,100,100,0,0,0,-20,0,0,0,50,0,100,50,100,0,50,0,100,1,1,0,50,100,0,1,1,0,50,100,0,1,0,1,50,0,100,0,0,0,50,100,0,50,0,100,2.00,2.00,2.00,5,5,5.00,50,50,50,50,50,50,0,0,0.21,0.00,1.21,1.52,0.00,2.52,50,0,0,1,0,0,0,0,0,0,0,0,0,2,0,0,0,2,1,0,0,0,100,100,100,0
KF Llapi Podujevë,Llapi,2024/2025,Kosovo,2,1,1,0,0,0,0,1,1,0,1,0,1,0.5,1,0,0,148,148,145,2,8,-6,10,4,6,2,0,2,6,0,-6,90,45,0,23,45,15,0,0,0,1,1,0,1,0,1,1,1,0,8,6,2,6,3,3,36,41,30,13,11,2,6,6,0,7,5,2,28,15,13,1,1,0,4,0,4,-3,1,-4,1,1,0,0,0,0,1,0,1,1.5,3,0,5,4,6,1,2,0,4,2,6,2.5,1,4,0.5,1,0,2,0,4,2,2,2,2,1,1,1,1,1,1,0,0,1,1,1,1,1,1,0,0,0,0,1,1,0,0,0,0,1,1,0,0,0,0,0,0,100,100,100,100,50,50,100,100,100,100,0,0,100,100,100,100,100,100,0,0,0,0,50,50,0,0,0,0,100,100,0,0,0,0,0,0,2,1,1,1,0,0,1,1,1,100,50,50,100,0,0,100,100,100,0,0,0,75,0,0,0,50,100,0,50,0,100,50,100,0,1,1,0,50,100,0,1,0,1,50,0,100,0,0,0,0,0,0,50,100,0,0,0,0,50,0,100,4.00,6.00,2.00,3,3,3.00,100,100,100,50,50,50,50,50,0.99,1.71,0.26,2.06,1.94,2.18,250,0,0,0,0,1,0,1,0,0,0,2,1,1,0,1,1,0,2,50,100,0,50,0,100,0
Tallinna FC Flora,Tallinna FC Flora,2024/2025,Estonia,4,2,2,0,1,1,0,2,0,2,1,1,0,1.25,1.5,1,0,11,11,66,7,5,2,12,10,2,6,1,4,1,2,0,51,30,180,72,45,180,1,0,1,3,2,1,1,0,1,2,1,1,25,8,17,9,2,7,56,61,51,53,28,25,20,13,7,33,15,18,41,19,22,2,1,1,3,2,1,-1,-1,0,1,1,0,2,0,2,1,1,0,1.25,1.5,1,3,5,1,1.75,3,0.5,1.25,2,0.5,1.25,1.5,1,0.5,0.5,0.5,0.75,1,0.5,3,3,2,1,1,1,2,2,2,1,1,1,1,1,0,0,0,0,1,1,2,3,3,3,0,0,0,1,1,1,1,1,2,2,2,2,75,75,50,25,25,25,100,100,100,50,50,50,50,50,0,0,0,0,25,25,50,75,75,75,0,0,0,50,50,50,50,50,100,100,100,100,3,2,0,2,1,0,1,1,0,75,50,0,100,50,0,50,50,0,25,50,0,6,25,0,50,75,100,50,25,0,50,50,50,50,2,1,1,50,50,50,2,1,1,50,50,50,1,0,1,25,0,50,25,50,0,50,0,100,25,50,0,6.25,4.00,8.50,2.25,1,3.50,75,75,75,50,50,25,25,25,1.87,2.07,1.68,1.55,1.51,1.59,50,1,0,1,0,0,1,0,1,0,1,0,0,2,0,0,1,0,1,50,0,100,25,50,0,25
Pyunik FC,Pyunik,2024/2025,Armenia,6,3,3,0,4,3,1,0,0,0,2,0,2,2,3,1,0,47,47,29,8,7,1,15,6,9,5,3,1,6,4,-3,68,54,90,77,273,45,3,2,1,3,1,2,0,0,0,4,3,1,28,13,15,19,7,12,42,48,36,47,33,14,28,19,9,19,14,5,60,31,29,3,2,1,4,1,3,-1,1,-2,1,1,0,4,2,2,1,0,1,1.17,1.67,0.67,2.5,2,3,1.33,1.67,1,1.17,0.33,2,1.17,1,1.33,0.5,0.67,0.33,0.67,0.33,1,6,3,3,2,1,0,3,1,1,1,0,0,3,2,2,1,1,0,0,3,3,4,5,6,0,2,2,2,3,3,0,1,1,2,2,3,100,50,50,33,17,0,100,33,33,33,0,0,100,67,67,33,33,0,0,50,50,67,83,100,0,67,67,67,100,100,0,33,33,67,67,100,3,3,1,1,1,1,2,2,0,50,50,17,33,33,33,67,67,0,67,100,33,49,50,67,33,50,33,67,0,0,0,67,100,33,3,2,1,50,67,33,4,2,2,67,67,67,2,1,1,33,33,33,17,33,0,67,67,67,17,0,33,4.67,4.33,5.00,3.17,2.33,4.00,67,67,67,50,17,0,0,0,1.26,1.64,0.88,1.42,0.79,2.05,33,0,1,1,0,1,2,2,0,1,1,0,1,0,2,0,0,2,1,0,0,0,33,0,67,0
KS Egnatia Rrogozhinë,Egnatia Rrogozhinë,2024/2025,Albania,2,1,1,0,1,0,1,0,0,0,1,1,0,1.5,0,3,0,89,89,96,1,2,-1,3,2,1,0,1,2,0,-2,1,180,0,90,90,45,0,1,0,1,0,0,0,1,1,0,1,0,1,8,5,3,7,2,5,46,51,41,13,7,6,6,3,3,7,4,3,19,13,6,1,0,1,1,1,0,0,-1,1,1,0,1,0,0,0,1,1,0,1.5,0,3,1.5,2,1,0.5,0,1,1,2,0,1,1,1,0.5,0,1,0.5,1,0,2,1,0,0,0,0,1,1,0,0,0,0,1,0,0,0,0,0,0,1,2,2,2,2,0,0,1,1,1,1,0,1,1,1,1,1,100,50,0,0,0,0,100,100,0,0,0,0,100,0,0,0,0,0,0,50,100,100,100,100,0,0,100,100,100,100,0,100,100,100,100,100,2,0,0,1,0,0,1,0,0,100,0,0,100,0,0,100,0,0,50,0,100,-100,50,0,100,0,0,0,50,100,0,50,0,100,1,0,1,50,0,100,1,1,0,50,100,0,0,0,0,0,0,0,50,0,100,0,0,0,50,100,0,4.00,5.00,3.00,3.5,2,5.00,50,50,50,50,0,0,0,0,1.07,1.12,1.03,1.47,1.29,1.63,0,0,0,0,1,0,0,0,0,0,0,0,1,0,1,0,0,0,0,0,0,0,50,100,0,0
Hamrun Spartans FC,Hamrun Spartans,2024/2025,Malta,2,1,1,0,0,0,0,1,0,1,1,1,0,0.5,0,1,0,110,110,131,0,2,-2,2,2,0,0,0,2,0,-2,0,0,0,0,90,45,0,1,0,1,0,0,0,2,1,1,0,0,0,7,4,3,6,3,3,38,4,72,6,3,3,2,2,0,4,1,3,32,17,15,0,0,0,0,0,0,0,0,0,0,0,0,2,1,1,0,0,0,1,1,1,1,2,0,0,0,0,1,2,0,0,0,0,0,0,0,0,0,0,1,1,0,0,0,0,1,1,0,0,0,0,0,0,0,0,0,0,1,1,2,2,2,2,0,0,1,1,1,1,1,1,1,1,1,1,50,50,0,0,0,0,100,100,0,0,0,0,0,0,0,0,0,0,50,50,100,100,100,100,0,0,100,100,100,100,100,100,100,100,100,100,0,0,0,0,0,0,0,0,0,0,0,0,0,0,0,0,0,0,0,0,0,-50,50,0,100,0,0,0,100,100,100,0,0,0,2,1,1,100,100,100,2,1,1,100,100,100,0,0,0,0,0,0,0,0,0,100,100,100,0,0,0,3.50,4.00,3.00,3,3,3.00,100,100,100,0,0,0,0,0,0.52,0.51,0.52,1.90,1.55,2.25,0,0,0,0,0,0,0,0,0,0,0,0,0,0,0,0,1,1,0,50,0,100,50,100,0,0
Víkingur Reykjavík,Víkingur Reykjavík,2024/2025,Iceland,13,7,6,0,6,4,2,4,1,3,3,2,1,1.69,1.86,1.5,0,131,131,8,19,12,7,31,20,11,14,5,6,6,8,-1,62,45,108,98,105,90,5,2,3,6,4,2,4,1,3,6,3,3,54,39,15,29,13,16,49,55,42,119,80,39,61,41,20,58,39,19,164,85,79,10,6,4,4,3,1,6,3,3,5,3,2,7,3,4,1,1,0,1.69,1.71,1.67,2.38,2.86,1.83,1.46,2,0.83,0.92,0.86,1,1.08,1.29,0.83,0.77,0.86,0.67,0.31,0.43,0.17,11,10,6,3,1,0,7,6,4,2,1,0,4,4,2,1,0,0,2,3,7,10,12,13,0,1,3,5,6,7,2,2,4,5,6,6,85,77,46,23,8,0,100,86,57,29,14,0,67,67,33,17,0,0,15,23,54,77,92,100,0,14,43,71,86,100,33,33,67,83,100,100,9,5,0,6,3,0,3,2,0,69,38,0,86,43,0,50,33,0,46,57,33,22,38,29,50,46,57,33,31,14,50,46,43,50,9,4,5,69,57,83,5,2,3,38,29,50,3,2,1,23,29,17,38,43,33,54,43,67,8,14,0,4.15,5.57,2.50,2.23,1.86,2.67,69,62,46,31,15,8,8,8,1.33,1.67,0.94,1.25,1.19,1.32,85,1,3,4,2,1,2,1,3,2,0,1,2,1,0,2,2,0,4,31,14,50,23,29,17,0
FC Differdange 03,Differdange 03,2024/2025,Luxembourg,2,1,1,0,1,1,0,0,0,0,1,0,1,1.5,3,0,0,132,132,92,4,4,0,8,1,7,1,3,0,4,1,-1,45,90,30,45,0,23,1,1,0,1,0,1,0,0,0,2,1,1,5,2,3,8,1,7,40,43,37,21,9,12,9,4,5,12,5,7,18,9,9,2,1,1,1,0,1,1,1,0,1,1,0,1,0,1,0,0,0,2,3,1,4,1,7,2,1,3,2,0,4,1.5,1,2,1,1,1,0.5,0,1,2,1,1,1,1,1,1,0,0,0,0,0,1,1,1,1,1,1,0,1,1,1,1,1,0,1,1,1,1,1,0,0,0,0,0,0,100,50,50,50,50,50,100,0,0,0,0,0,100,100,100,100,100,100,0,50,50,50,50,50,0,100,100,100,100,100,0,0,0,0,0,0,2,1,0,1,0,0,1,1,0,100,50,0,100,0,0,100,100,0,50,100,0,25,50,100,0,50,0,100,0,0,0,100,100,100,1,1,0,50,100,0,0,0,0,0,0,0,1,0,1,50,0,100,50,100,0,50,0,100,0,0,0,2.50,2.00,3.00,4,1,7.00,50,50,50,50,50,50,50,50,1.30,1.21,1.39,2.28,1.05,3.52,0,1,0,0,1,0,1,0,0,0,0,0,1,0,0,1,0,0,1,0,0,0,50,0,100,50
FK Ordabasy Shymkent,Ordabasy,2024/2025,Kazakhstan,4,2,2,0,1,1,0,0,0,0,3,1,2,0.75,1.5,0,0,137,137,110,4,6,-2,10,8,2,4,0,4,2,0,-2,90,45,0,60,45,90,0,0,0,1,1,0,3,1,2,0,0,0,21,18,3,12,3,9,58,59,57,53,41,12,18,18,0,35,23,12,60,25,35,1,1,0,2,1,1,-1,0,-1,0,0,0,3,2,1,1,0,1,0.75,1,0.5,2.5,4,1,1,2,0,1.5,2,1,0.75,1,0.5,0.25,0.5,0,0.5,0.5,0.5,4,1,1,1,1,1,2,1,1,1,1,1,2,0,0,0,0,0,0,3,3,3,3,3,0,1,1,1,1,1,0,2,2,2,2,2,100,25,25,25,25,25,100,50,50,50,50,50,100,0,0,0,0,0,0,75,75,75,75,75,0,50,50,50,50,50,0,100,100,100,100,100,2,1,0,1,1,0,1,0,0,50,25,0,50,50,0,50,0,0,25,50,0,34,0,0,0,25,50,0,75,50,100,0,0,0,2,1,1,50,50,50,3,1,2,75,50,100,1,1,0,25,50,0,0,0,0,75,100,50,25,0,50,5.25,9.00,1.50,3,1.5,4.50,50,50,50,25,25,25,25,25,1.79,2.66,0.92,1.17,1.20,1.15,0,0,0,1,0,0,1,0,0,1,1,0,0,1,0,2,1,0,0,0,0,0,75,50,100,25
FC Dinamo Batumi,Dinamo Batumi,2024/2025,Georgia,2,1,1,0,0,0,0,1,0,1,1,1,0,0.5,0,1,0,140,140,129,0,2,-2,2,2,0,0,0,2,0,-2,0,0,0,0,90,45,0,1,0,1,0,0,0,2,1,1,0,0,0,14,9,5,2,2,0,72,75,69,39,21,18,13,7,6,26,14,12,23,16,7,0,0,0,0,0,0,0,0,0,0,0,0,2,1,1,0,0,0,1,1,1,1,2,0,0,0,0,1,2,0,0,0,0,0,0,0,0,0,0,1,1,0,0,0,0,1,1,0,0,0,0,0,0,0,0,0,0,1,1,2,2,2,2,0,0,1,1,1,1,1,1,1,1,1,1,50,50,0,0,0,0,100,100,0,0,0,0,0,0,0,0,0,0,50,50,100,100,100,100,0,0,100,100,100,100,100,100,100,100,100,100,0,0,0,0,0,0,0,0,0,0,0,0,0,0,0,0,0,0,0,0,0,-50,50,0,100,0,0,0,100,100,100,0,0,0,2,1,1,100,100,100,2,1,1,100,100,100,0,0,0,0,0,0,0,0,0,100,100,100,0,0,0,7.00,9.00,5.00,1,2,0.00,100,100,100,0,0,0,0,0,2.44,2.57,2.29,0.76,0.89,0.63,50,0,0,0,0,0,0,0,0,0,0,0,0,0,0,0,2,0,0,50,0,100,50,100,0,0
FK Dečić,Dečić,2024/2025,Montenegro,4,2,2,0,2,1,1,1,1,0,1,0,1,1.75,2,1.5,0,143,143,49,4,2,2,6,3,3,2,2,1,1,1,1,90,90,90,180,180,180,2,1,1,1,1,0,2,1,1,2,1,1,17,10,7,15,7,8,38,43,34,39,21,18,15,8,7,24,13,11,50,29,21,1,1,0,1,1,0,0,0,0,0,0,0,4,2,2,0,0,0,1,1,1,1.5,1.5,1.5,1,1,1,0.5,0.5,0.5,0.5,1,0,0.25,0.5,0,0.25,0.5,0,3,2,1,0,0,0,1,1,1,0,0,0,2,1,0,0,0,0,1,2,3,4,4,4,1,1,1,2,2,2,0,1,2,2,2,2,75,50,25,0,0,0,50,50,50,0,0,0,100,50,0,0,0,0,25,50,75,100,100,100,50,50,50,100,100,100,0,50,100,100,100,100,1,1,0,1,1,0,0,0,0,25,25,0,50,50,0,0,0,0,50,50,50,0,50,50,50,25,50,0,50,50,50,50,50,50,3,1,2,75,50,100,3,1,2,75,50,100,1,1,0,25,50,0,0,0,0,100,100,100,0,0,0,4.25,5.00,3.50,3.75,3.5,4.00,100,100,100,50,50,25,25,25,1.33,1.41,1.26,2.23,2.08,2.37,25,0,0,1,0,0,0,2,0,1,0,0,0,0,2,0,0,0,0,25,50,0,25,0,50,0
FC Struga Trim-Lum,Struga,2024/2025,FYR Macedonia,2,1,1,0,1,1,0,0,0,0,1,0,1,1.5,3,0,0,146,146,105,3,4,-1,7,3,4,2,1,1,3,1,-2,60,45,90,45,90,30,0,0,0,2,1,1,0,0,0,1,1,0,9,5,4,6,3,3,43,63,22,21,12,9,7,3,4,14,9,5,31,13,18,2,1,1,3,1,2,-1,0,-1,0,0,0,1,1,0,1,0,1,0.5,1,0,3.5,3,4,1.5,2,1,2,1,3,2.5,2,3,1,1,1,1.5,1,2,2,2,2,1,0,0,1,1,1,0,0,0,1,1,1,1,0,0,0,0,0,1,2,2,0,0,0,1,1,1,0,0,0,0,1,1,100,100,100,50,0,0,100,100,100,0,0,0,100,100,100,100,0,0,0,0,0,50,100,100,0,0,0,100,100,100,0,0,0,0,100,100,2,2,1,1,1,0,1,1,1,100,100,50,100,100,0,100,100,100,50,100,0,42,0,0,0,100,100,100,0,0,0,50,100,0,0,0,0,0,0,0,0,0,0,0,0,0,2,1,1,100,100,100,0,0,0,50,100,0,50,0,100,4.50,5.00,4.00,3,3,3.00,100,100,100,100,50,0,0,0,1.46,1.74,1.18,1.69,0.77,2.61,50,1,0,0,0,1,0,0,1,0,0,1,1,0,1,0,0,0,1,0,0,0,50,0,100,0
KF Ballkani,Ballkani,2024/2025,Kosovo,4,2,2,0,2,0,2,1,1,0,1,1,0,1.75,0.5,3,0,155,155,48,3,1,2,4,1,3,0,3,1,0,-1,3,120,0,60,360,180,0,3,1,2,0,0,0,2,2,0,2,0,2,17,8,9,11,5,6,62,48,76,49,27,22,22,8,14,27,19,8,38,13,25,1,0,1,0,0,0,1,0,1,1,0,1,3,2,1,0,0,0,1.5,1,2,1,0.5,1.5,0.75,0,1.5,0.25,0.5,0,0.25,0,0.5,0.25,0,0.5,0,0,0,3,1,0,0,0,0,1,0,0,0,0,0,2,1,0,0,0,0,1,3,4,4,4,4,1,2,2,2,2,2,0,1,2,2,2,2,75,25,0,0,0,0,50,0,0,0,0,0,100,50,0,0,0,0,25,75,100,100,100,100,50,100,100,100,100,100,0,50,100,100,100,100,1,0,0,0,0,0,1,0,0,25,0,0,0,0,0,50,0,0,50,0,100,-100,75,50,100,0,0,0,50,100,0,50,0,100,4,2,2,100,100,100,3,2,1,75,100,50,0,0,0,0,0,0,25,0,50,75,100,50,0,0,0,4.25,4.00,4.50,2.75,2.5,3.00,75,75,75,0,0,0,0,0,1.88,2.16,1.61,1.08,0.91,1.26,0,0,0,0,0,1,0,1,1,0,0,0,0,0,0,0,0,0,1,25,50,0,25,50,0,0
SS Virtus,Virtus,2024/2025,San Marino,2,1,1,0,0,0,0,1,1,0,1,0,1,0.5,1,0,0,160,160,138,2,5,-3,7,0,7,0,2,0,5,0,-3,90,0,45,36,0,18,1,1,0,1,0,1,1,1,0,0,0,0,6,3,3,9,3,6,37,34,39,19,7,12,10,2,8,9,5,4,26,8,18,0,0,0,1,0,1,-1,0,-1,0,0,0,1,1,0,1,0,1,0.5,1,0,3.5,0,7,1,0,2,2.5,0,5,0.5,0,1,0,0,0,0.5,0,1,1,1,1,1,1,1,0,0,0,0,0,0,1,1,1,1,1,1,1,1,1,1,1,1,1,1,1,1,1,1,0,0,0,0,0,0,50,50,50,50,50,50,0,0,0,0,0,0,100,100,100,100,100,100,50,50,50,50,50,50,100,100,100,100,100,100,0,0,0,0,0,0,1,0,0,0,0,0,1,0,0,50,0,0,0,0,0,100,0,0,0,0,0,0,50,100,0,50,0,100,50,100,0,0,0,0,1,1,0,50,100,0,2,1,1,100,100,100,0,0,0,0,0,0,0,0,0,50,100,0,50,0,100,3.00,3.00,3.00,4.5,3,6.00,50,50,50,50,50,50,50,50,1.39,0.93,1.83,2.58,2.29,2.88,0,0,0,0,0,0,0,1,0,1,1,0,0,0,0,0,0,1,0,50,100,0,50,0,100,50
Larne FC,Larne,2024/2025,Northern Ireland,10,5,5,0,3,2,1,0,0,0,7,3,4,0.9,1.2,0.6,0,103,103,42,8,16,-8,24,14,10,6,2,8,8,-2,-6,113,75,225,56,56,56,2,1,1,4,3,1,4,1,3,4,2,2,21,13,8,37,20,17,38,39,36,68,40,28,36,21,15,32,19,13,125,60,65,4,3,1,8,6,2,-4,-3,-1,1,1,0,6,2,4,3,2,1,0.9,1,0.8,2.4,2.8,2,0.8,1.2,0.4,1.6,1.6,1.6,1.2,1.8,0.6,0.4,0.6,0.2,0.8,1.2,0.4,10,6,5,2,1,0,5,3,3,2,1,0,5,3,2,0,0,0,0,4,5,8,9,10,0,2,2,3,4,5,0,2,3,5,5,5,100,60,50,20,10,0,100,60,60,40,20,0,100,60,40,0,0,0,0,40,50,80,90,100,0,40,40,60,80,100,0,40,60,100,100,100,5,4,3,4,3,2,1,1,1,50,40,30,80,60,40,20,20,20,30,40,20,0,20,20,20,40,60,20,40,20,60,40,40,40,5,1,4,50,20,80,7,3,4,70,60,80,3,2,1,30,40,20,10,20,0,60,40,80,30,40,20,2.10,2.60,1.60,3.7,4,3.40,80,60,60,50,40,20,10,10,1.02,1.19,0.86,1.67,1.63,1.71,50,1,1,1,0,2,0,0,1,2,1,1,4,0,2,2,2,3,1,0,0,0,70,60,80,10
Helsingin Jalkapalloklubi,HJK,2024/2025,Finland,10,5,5,0,3,3,0,2,1,1,5,1,4,1.1,2,0.2,0,33,33,36,9,14,-5,23,11,12,6,3,5,9,1,-6,100,75,150,64,90,50,2,2,0,4,2,2,4,1,3,3,2,1,43,26,17,25,14,11,49,55,42,102,59,43,47,25,22,55,34,21,123,57,66,3,1,2,6,2,4,-3,-1,-2,1,0,1,5,4,1,4,1,3,0.8,0.8,0.8,2.3,2.2,2.4,0.9,1.2,0.6,1.4,1,1.8,0.9,0.6,1.2,0.3,0.2,0.4,0.6,0.4,0.8,10,6,5,2,0,0,5,3,2,1,0,0,5,3,3,1,0,0,0,4,5,8,10,10,0,2,3,4,5,5,0,2,2,4,5,5,100,60,50,20,0,0,100,60,40,20,0,0,100,60,60,20,0,0,0,40,50,80,100,100,0,40,60,80,100,100,0,40,40,80,100,100,6,2,1,1,1,1,5,1,0,60,20,10,20,20,20,100,20,0,30,60,0,31,20,40,0,40,40,40,40,20,60,30,40,20,5,4,1,50,80,20,7,4,3,70,80,60,2,1,1,20,20,20,10,0,20,50,80,20,40,20,60,4.30,5.20,3.40,2.5,2.8,2.20,100,80,60,60,60,40,30,20,1.40,1.59,1.20,1.68,1.17,2.18,30,0,1,0,1,3,0,0,0,4,0,1,3,2,0,4,2,0,2,20,20,20,50,20,80,10
Kilmarnock FC,Kilmarnock,2024/2025,Scotland,4,2,2,0,1,0,1,2,2,0,1,0,1,1.25,1,1.5,0,0,0,72,4,5,-1,9,6,3,3,1,3,2,0,-1,90,60,180,72,60,90,1,0,1,2,2,0,1,0,1,3,2,1,12,5,7,11,2,9,44,59,29,28,20,8,16,11,5,12,9,3,42,20,22,3,2,1,0,0,0,3,2,1,3,2,1,1,0,1,0,0,0,2.5,3,2,2.25,3,1.5,1,1.5,0.5,1.25,1.5,1,0.75,1,0.5,0.75,1,0.5,0,0,0,4,3,1,1,0,0,2,2,1,1,0,0,2,1,0,0,0,0,0,1,3,3,4,4,0,0,1,1,2,2,0,1,2,2,2,2,100,75,25,25,0,0,100,100,50,50,0,0,100,50,0,0,0,0,0,25,75,75,100,100,0,0,50,50,100,100,0,50,100,100,100,100,3,0,0,2,0,0,1,0,0,75,0,0,100,0,0,50,0,0,25,0,50,15,25,0,50,50,100,0,25,0,50,75,100,50,4,2,2,100,100,100,1,0,1,25,0,50,0,0,0,0,0,0,75,100,50,25,0,50,0,0,0,3.00,2.50,3.50,2.75,1,4.50,75,75,75,75,75,75,25,25,1.07,1.44,0.71,1.61,1.25,1.97,0,1,2,0,0,0,0,0,0,1,0,0,0,0,1,0,2,1,1,50,100,0,25,0,50,25
FK Sheriff Tiraspol,Sheriff,2024/2025,Moldova,2,1,1,0,0,0,0,0,0,0,2,1,1,0,0,0,0,4,4,157,0,4,-4,4,1,3,0,0,1,3,-1,-3,0,0,0,45,90,30,0,0,0,0,0,0,2,1,1,0,0,0,2,2,0,4,3,1,41,46,36,10,5,5,6,3,3,4,2,2,28,16,12,0,0,0,1,0,1,-1,0,-1,0,0,0,1,1,0,1,0,1,0.5,1,0,2,1,3,0,0,0,2,1,3,0.5,0,1,0,0,0,0.5,0,1,2,1,1,0,0,0,1,0,0,0,0,0,1,1,1,0,0,0,0,1,1,2,2,2,0,1,1,1,1,1,0,0,0,1,1,1,100,50,50,0,0,0,100,0,0,0,0,0,100,100,100,0,0,0,0,50,50,100,100,100,0,100,100,100,100,100,0,0,0,100,100,100,1,0,0,0,0,0,1,0,0,50,0,0,0,0,0,100,0,0,0,0,0,25,0,0,0,0,0,0,100,100,100,0,0,0,1,1,0,50,100,0,2,1,1,100,100,100,0,0,0,0,0,0,0,0,0,50,100,0,50,0,100,1.00,2.00,0.00,2,3,1.00,50,0,0,0,0,0,0,0,0.80,0.78,0.82,1.34,0.57,2.09,0,0,0,0,0,0,0,0,0,0,0,0,0,0,1,0,1,0,2,0,0,0,100,100,100,0
Wisła Kraków,Wisła Kraków,2024/2025,Poland,4,2,2,0,2,1,1,0,0,0,2,1,1,1.5,1.5,1.5,0,76,76,61,9,11,-2,20,11,9,4,5,7,4,-3,1,40,45,36,33,26,45,0,0,0,4,2,2,0,0,0,3,1,2,26,19,7,7,4,3,49,55,44,51,29,22,30,14,16,21,15,6,49,20,29,4,1,3,3,3,0,1,-2,3,3,1,2,0,0,0,1,1,0,2.25,1.5,3,5,5.5,4.5,2.25,2,2.5,2.75,3.5,2,1.75,2,1.5,1,0.5,1.5,0.75,1.5,0,4,4,4,4,2,1,2,2,2,2,1,1,2,2,2,2,1,0,0,0,0,0,2,3,0,0,0,0,1,1,0,0,0,0,1,2,100,100,100,100,50,25,100,100,100,100,50,50,100,100,100,100,50,0,0,0,0,0,50,75,0,0,0,0,50,50,0,0,0,0,50,100,4,2,1,2,1,1,2,1,0,100,50,25,100,50,50,100,50,0,50,50,50,-19,0,0,0,100,100,100,0,0,0,75,50,100,3,1,2,75,50,100,1,1,0,25,50,0,0,0,0,0,0,0,75,50,100,0,0,0,25,50,0,6.50,9.50,3.50,1.75,2,1.50,100,100,50,50,50,50,50,25,1.83,2.09,1.56,1.90,1.85,1.94,200,0,2,1,0,1,1,0,1,2,1,1,0,1,2,2,1,1,1,0,0,0,50,50,50,0
FK Vojvodina Novi Sad,Vojvodina,2024/2025,Serbia,2,1,1,0,1,1,0,0,0,0,1,0,1,1.5,3,0,0,92,92,89,2,2,0,4,1,3,1,1,0,2,1,-1,90,90,90,90,0,45,1,1,0,1,0,1,0,0,0,1,1,0,14,13,1,8,3,5,47,44,50,34,22,12,13,9,4,21,13,8,33,18,15,1,1,0,0,0,0,1,1,0,1,1,0,1,0,1,0,0,0,2,3,1,2,1,3,1,1,1,1,0,2,0.5,1,0,0.5,1,0,0,0,0,2,1,1,0,0,0,1,0,0,0,0,0,1,1,1,0,0,0,0,1,1,2,2,2,0,1,1,1,1,1,0,0,0,1,1,1,100,50,50,0,0,0,100,0,0,0,0,0,100,100,100,0,0,0,0,50,50,100,100,100,0,100,100,100,100,100,0,0,0,100,100,100,1,0,0,1,0,0,0,0,0,50,0,0,100,0,0,0,0,0,50,100,0,50,50,100,0,50,0,100,0,0,0,50,100,0,2,1,1,100,100,100,1,0,1,50,0,100,0,0,0,0,0,0,50,100,0,50,0,100,0,0,0,7.00,13.00,1.00,4,3,5.00,50,50,50,50,50,50,50,50,2.15,2.82,1.47,1.72,1.61,1.82,0,0,0,1,0,0,0,0,1,0,0,0,0,0,0,1,0,0,1,0,0,0,50,0,100,50
MFK Ružomberok,Ružomberok,2024/2025,Slovakia,4,2,2,0,2,1,1,1,1,0,1,0,1,1.75,2,1.5,0,99,99,51,4,4,0,8,4,4,3,1,1,3,2,-2,90,60,180,90,180,60,2,1,1,1,1,0,2,1,1,2,1,1,19,13,6,7,2,5,44,54,33,31,25,6,14,11,3,17,14,3,55,27,28,3,2,1,1,0,1,2,2,0,2,1,1,1,1,0,1,0,1,1.75,2,1.5,2,2,2,1,1.5,0.5,1,0.5,1.5,1,1,1,0.75,1,0.5,0.25,0,0.5,3,2,2,1,0,0,1,1,1,1,0,0,2,1,1,0,0,0,1,2,2,3,4,4,1,1,1,1,2,2,0,1,1,2,2,2,75,50,50,25,0,0,50,50,50,50,0,0,100,50,50,0,0,0,25,50,50,75,100,100,50,50,50,50,100,100,0,50,50,100,100,100,3,1,0,1,1,0,2,0,0,75,25,0,50,50,0,100,0,0,50,50,50,50,50,50,50,25,50,0,50,50,50,50,50,50,3,2,1,75,100,50,2,1,1,50,50,50,0,0,0,0,0,0,50,50,50,25,50,0,25,0,50,4.75,6.50,3.00,1.75,1,2.50,100,100,100,75,75,50,25,25,1.15,1.61,0.68,1.99,1.74,2.24,0,2,0,0,0,1,0,0,1,0,1,0,0,0,0,0,0,1,2,25,50,0,25,0,50,25
Maccabi Petah Tikva FC,Maccabi Petah Tikva,2024/2025,Israel,2,1,1,0,0,0,0,0,0,0,2,1,1,0,0,0,0,106,106,147,0,2,-2,2,1,1,0,0,1,1,-1,-1,0,0,0,90,90,90,0,0,0,0,0,0,2,1,1,0,0,0,7,5,2,7,5,2,62,63,60,16,7,9,6,2,4,10,5,5,25,10,15,0,0,0,1,1,0,-1,-1,0,0,0,0,1,0,1,1,1,0,0.5,0,1,1,1,1,0,0,0,1,1,1,0.5,1,0,0,0,0,0.5,1,0,2,0,0,0,0,0,1,0,0,0,0,0,1,0,0,0,0,0,0,2,2,2,2,2,0,1,1,1,1,1,0,1,1,1,1,1,100,0,0,0,0,0,100,0,0,0,0,0,100,0,0,0,0,0,0,100,100,100,100,100,0,100,100,100,100,100,0,100,100,100,100,100,1,0,0,1,0,0,0,0,0,50,0,0,100,0,0,0,0,0,0,0,0,0,0,0,0,0,0,0,100,100,100,0,0,0,1,0,1,50,0,100,2,1,1,100,100,100,0,0,0,0,0,0,0,0,0,50,0,100,50,100,0,3.50,5.00,2.00,3.5,5,2.00,50,50,50,50,50,0,0,0,1.06,0.98,1.14,1.88,1.53,2.23,0,0,0,0,0,0,0,0,0,0,1,0,0,0,1,0,0,0,0,0,0,0,100,100,100,0
Silkeborg IF,Silkeborg,2024/2025,Denmark,2,1,1,0,0,0,0,1,1,0,1,0,1,0.5,1,0,0,114,114,128,4,5,-1,9,4,5,2,2,2,3,0,-1,45,45,45,36,45,30,0,0,0,2,1,1,0,0,0,2,1,1,2,2,0,4,0,4,65,50,80,28,16,12,10,5,5,18,11,7,26,11,15,1,0,1,1,0,1,0,0,0,0,0,0,2,1,1,0,0,0,1,1,1,4.5,4,5,2,2,2,2.5,2,3,1,0,2,0.5,0,1,0.5,0,1,2,2,2,2,1,0,1,1,1,1,0,0,1,1,1,1,1,0,0,0,0,0,1,2,0,0,0,0,1,1,0,0,0,0,0,1,100,100,100,100,50,0,100,100,100,100,0,0,100,100,100,100,100,0,0,0,0,0,50,100,0,0,0,0,100,100,0,0,0,0,0,100,1,1,0,0,0,0,1,1,0,50,50,0,0,0,0,100,100,0,0,0,0,10,0,0,0,100,100,100,0,0,0,100,100,100,1,1,0,50,100,0,1,1,0,50,100,0,1,0,1,50,0,100,0,0,0,100,100,100,0,0,0,1.00,2.00,0.00,2,0,4.00,50,0,0,0,0,0,0,0,1.63,1.79,1.47,2.59,1.79,3.38,0,0,0,0,1,1,1,0,0,1,0,0,0,1,0,0,1,0,2,50,100,0,50,0,100,0
FK Botev Plovdiv,Botev Plovdiv,2024/2025,Bulgaria,2,1,1,0,1,1,0,0,0,0,1,0,1,1.5,3,0,0,122,122,97,2,3,-1,5,3,2,2,0,1,2,1,-2,90,45,0,60,90,45,0,0,0,1,1,0,1,0,1,1,1,0,8,4,4,8,1,7,46,55,37,23,15,8,13,7,6,10,8,2,23,12,11,1,1,0,1,0,1,0,1,-1,1,1,0,0,0,0,1,0,1,1.5,3,0,2.5,3,2,1,2,0,1.5,1,2,1,1,1,0.5,1,0,0.5,0,1,2,2,1,0,0,0,1,1,1,0,0,0,1,1,0,0,0,0,0,0,1,2,2,2,0,0,0,1,1,1,0,0,1,1,1,1,100,100,50,0,0,0,100,100,100,0,0,0,100,100,0,0,0,0,0,0,50,100,100,100,0,0,0,100,100,100,0,0,100,100,100,100,2,0,0,1,0,0,1,0,0,100,0,0,100,0,0,100,0,0,50,100,0,67,0,0,0,50,100,0,50,0,100,50,100,0,1,1,0,50,100,0,1,0,1,50,0,100,0,0,0,0,0,0,50,100,0,0,0,0,50,0,100,4.00,4.00,4.00,4,1,7.00,100,100,50,50,50,0,0,0,1.57,1.86,1.28,1.75,1.58,1.91,50,0,0,0,1,0,0,0,1,0,0,0,0,1,0,0,0,1,1,0,0,0,50,0,100,0
FC Corvinul Hunedoara,Corvinul Hunedoara,2024/2025,Romania,2,1,1,0,0,0,0,0,0,0,2,1,1,0,0,0,0,163,163,164,2,8,-6,10,3,7,1,1,2,6,-1,-5,90,90,90,23,45,15,0,0,0,2,1,1,0,0,0,1,1,0,7,4,3,4,1,3,47,45,48,19,13,6,8,6,2,11,7,4,26,7,19,1,1,0,1,0,1,0,1,-1,1,1,0,0,0,0,1,0,1,1.5,3,0,5,3,7,1,1,1,4,2,6,1,1,1,0.5,1,0,0.5,0,1,2,2,2,1,1,1,1,1,1,0,0,0,1,1,1,1,1,1,0,0,0,1,1,1,0,0,0,1,1,1,0,0,0,0,0,0,100,100,100,50,50,50,100,100,100,0,0,0,100,100,100,100,100,100,0,0,0,50,50,50,0,0,0,100,100,100,0,0,0,0,0,0,2,0,0,1,0,0,1,0,0,100,0,0,100,0,0,100,0,0,0,0,0,25,0,0,0,100,100,100,0,0,0,50,100,0,1,1,0,50,100,0,1,0,1,50,0,100,0,0,0,0,0,0,50,100,0,0,0,0,50,0,100,3.50,4.00,3.00,2,1,3.00,50,50,50,50,50,50,0,0,1.30,1.57,1.02,1.48,1.47,1.49,200,0,0,0,1,0,0,0,1,0,0,1,0,0,0,1,2,3,1,0,0,0,100,100,100,0
1. FC Heidenheim 1846,Heidenheim,2024/2025,Germany,9,4,5,0,6,2,4,1,1,0,2,1,1,2.11,1.75,2.4,0,37,37,15,14,11,3,25,12,13,6,8,6,5,0,3,58,60,56,74,60,90,2,0,2,6,3,3,1,1,0,6,3,3,41,26,15,20,11,9,47,49,45,99,57,42,58,33,25,41,24,17,125,55,70,5,3,2,4,0,4,1,3,-2,4,3,1,3,1,2,2,0,2,1.67,2.5,1,2.78,3,2.6,1.56,1.5,1.6,1.22,1.5,1,1,0.75,1.2,0.56,0.75,0.4,0.44,0,0.8,9,8,5,2,1,0,4,4,2,1,1,0,5,4,3,1,0,0,0,1,4,7,8,9,0,0,2,3,3,4,0,1,2,4,5,5,100,89,56,22,11,0,100,100,50,25,25,0,100,80,60,20,0,0,0,11,44,78,89,100,0,0,50,75,75,100,0,20,40,80,100,100,7,2,0,3,0,0,4,2,0,78,22,0,75,0,0,80,40,0,67,50,80,-14,22,0,40,67,75,60,11,25,0,67,75,60,6,4,2,67,100,40,4,1,3,44,25,60,1,0,1,11,0,20,44,75,20,33,25,40,22,0,40,4.56,6.50,3.00,2.22,2.75,1.80,78,78,78,44,33,33,22,22,1.44,1.82,1.14,1.53,1.40,1.64,44,1,0,3,1,0,2,2,0,5,1,1,0,1,1,2,1,3,1,11,25,0,22,25,20,22
Tic Tapa UE Santa Coloma,UE Santa Coloma,2024/2025,Andorra,2,1,1,0,0,0,0,1,1,0,1,0,1,0.5,1,0,0,118,118,142,0,5,-5,5,0,5,0,0,0,5,0,-5,0,0,0,36,0,18,1,1,0,0,0,0,2,1,1,0,0,0,7,7,0,10,7,3,49,64,33,15,12,3,3,3,0,12,9,3,23,14,9,0,0,0,1,0,1,-1,0,-1,0,0,0,1,1,0,1,0,1,0.5,1,0,2.5,0,5,0,0,0,2.5,0,5,0.5,0,1,0,0,0,0.5,0,1,1,1,1,1,1,0,0,0,0,0,0,0,1,1,1,1,1,0,1,1,1,1,1,2,1,1,1,1,1,1,0,0,0,0,0,1,50,50,50,50,50,0,0,0,0,0,0,0,100,100,100,100,100,0,50,50,50,50,50,100,100,100,100,100,100,100,0,0,0,0,0,100,1,0,0,0,0,0,1,0,0,50,0,0,0,0,0,100,0,0,0,0,0,50,50,100,0,0,0,0,100,100,100,0,0,0,1,1,0,50,100,0,2,1,1,100,100,100,0,0,0,0,0,0,0,0,0,50,100,0,50,0,100,3.50,7.00,0.00,5,7,3.00,100,50,50,50,50,50,50,50,1.02,1.48,0.55,1.42,0.41,2.41,50,0,0,0,0,0,0,0,0,0,0,0,1,0,0,1,1,1,1,50,100,0,50,0,100,0
The New Saints FC,The New Saints,2024/2025,Wales,8,4,4,0,2,1,1,1,1,0,5,2,3,0.88,1,0.75,0,8,8,53,8,10,-2,18,5,13,2,6,3,7,-1,-1,90,180,60,72,120,51,3,2,1,2,0,2,4,3,1,4,1,3,27,16,11,14,5,9,40,44,37,74,41,33,34,19,15,40,22,18,94,42,52,4,1,3,6,2,4,-2,-1,-1,1,1,0,4,1,3,3,2,1,0.88,1,0.75,2.25,1.25,3.25,1,0.5,1.5,1.25,0.75,1.75,1.25,0.75,1.75,0.5,0.25,0.75,0.75,0.5,1,7,6,3,1,1,0,3,2,0,0,0,0,4,4,3,1,1,0,1,2,5,7,7,8,1,2,4,4,4,4,0,0,1,3,3,4,88,75,38,13,13,0,75,50,0,0,0,0,100,100,75,25,25,0,12,25,62,87,87,100,25,50,100,100,100,100,0,0,25,75,75,100,5,2,2,3,0,0,2,2,2,63,25,25,75,0,0,50,50,50,25,25,25,-5,38,50,25,25,0,50,50,75,25,50,25,75,4,2,2,50,50,50,5,3,2,63,75,50,2,0,2,25,0,50,13,25,0,50,25,75,38,50,25,3.38,4.00,2.75,1.75,1.25,2.25,88,63,63,38,38,25,13,0,1.17,1.28,1.07,1.72,1.38,2.06,38,0,2,0,1,1,1,1,1,1,0,2,1,1,2,1,2,1,0,13,25,0,63,50,75,0
Lincoln Red Imps FC,Lincoln Red Imps,2024/2025,Gibraltar,2,1,1,0,1,1,0,0,0,0,1,0,1,1.5,3,0,0,15,15,103,3,4,-1,7,3,4,2,1,1,3,1,-2,60,45,90,45,90,30,0,0,0,2,1,1,0,0,0,1,0,1,3,0,3,5,4,1,49,50,47,15,7,8,11,6,5,4,1,3,27,18,9,3,2,1,3,1,2,0,1,-1,1,1,0,0,0,0,1,0,1,1.5,3,0,3.5,3,4,1.5,2,1,2,1,3,3,3,3,1.5,2,1,1.5,1,2,2,2,2,1,0,0,1,1,1,0,0,0,1,1,1,1,0,0,0,0,0,1,2,2,0,0,0,1,1,1,0,0,0,0,1,1,100,100,100,50,0,0,100,100,100,0,0,0,100,100,100,100,0,0,0,0,0,50,100,100,0,0,0,100,100,100,0,0,0,0,100,100,2,2,2,1,1,1,1,1,1,100,100,100,100,100,100,100,100,100,50,100,0,42,0,0,0,100,100,100,0,0,0,50,0,100,0,0,0,0,0,0,0,0,0,0,0,0,2,1,1,100,100,100,50,100,0,0,0,0,50,0,100,1.50,0.00,3.00,2.5,4,1.00,50,0,0,0,0,0,0,0,1.18,1.04,1.31,1.38,1.03,1.73,100,0,1,1,0,1,0,0,0,0,0,1,1,0,1,0,0,0,1,0,0,0,50,0,100,0
Chelsea FC,Chelsea,2024/2025,England,8,4,4,0,7,4,3,0,0,0,1,0,1,2.63,3,2.25,0,21,21,9,29,7,22,36,22,14,19,10,3,4,16,6,25,19,36,102,120,90,3,2,1,5,2,3,0,0,0,8,4,4,47,25,22,11,2,9,65,65,66,129,68,61,86,44,42,43,24,19,73,31,42,16,11,5,3,1,2,13,10,3,5,3,2,3,1,2,0,0,0,2.25,2.5,2,4.5,5.5,3.5,3.63,4.75,2.5,0.88,0.75,1,2.38,3,1.75,2,2.75,1.25,0.38,0.25,0.5,8,8,6,5,4,3,4,4,3,3,3,3,4,4,3,2,1,0,0,0,2,3,4,5,0,0,1,1,1,1,0,0,1,2,3,4,100,100,75,63,50,38,100,100,75,75,75,75,100,100,75,50,25,0,0,0,25,37,50,62,0,0,25,25,25,25,0,0,25,50,75,100,6,4,3,3,2,2,3,2,1,75,50,38,75,50,50,75,50,25,88,100,75,23,38,50,25,63,50,75,0,0,0,100,100,100,5,3,2,63,75,50,2,1,1,25,25,25,3,1,2,38,25,50,63,75,50,38,25,50,0,0,0,5.88,6.25,5.50,1.38,0.5,2.25,88,75,75,63,50,38,13,13,2.20,2.29,2.11,1.28,1.28,1.27,200,0,7,3,4,5,4,3,2,1,0,0,1,1,2,0,1,1,1,0,0,0,13,0,25,0
Trabzonspor,Trabzonspor,2024/2025,Turkey,2,1,1,0,0,0,0,2,1,1,0,0,0,1,1,1,0,23,23,117,1,1,0,2,2,0,1,0,1,0,0,0,180,90,0,180,90,0,1,0,1,1,1,0,1,0,1,0,0,0,16,9,7,2,0,2,49,49,48,40,25,15,15,8,7,25,17,8,30,18,12,0,0,0,1,1,0,-1,-1,0,0,0,0,1,0,1,1,1,0,0.5,0,1,1,2,0,0.5,1,0,0.5,1,0,0.5,1,0,0,0,0,0.5,1,0,1,1,0,0,0,0,1,1,0,0,0,0,0,0,0,0,0,0,1,1,2,2,2,2,0,0,1,1,1,1,1,1,1,1,1,1,50,50,0,0,0,0,100,100,0,0,0,0,0,0,0,0,0,0,50,50,100,100,100,100,0,0,100,100,100,100,100,100,100,100,100,100,1,0,0,1,0,0,0,0,0,50,0,0,100,0,0,0,0,0,0,0,0,0,50,0,100,50,100,0,50,0,100,0,0,0,1,0,1,50,0,100,2,1,1,100,100,100,0,0,0,0,0,0,0,0,0,50,0,100,50,100,0,8.00,9.00,7.00,1,0,2.00,100,100,100,100,100,100,50,50,2.17,2.57,1.76,1.55,1.63,1.46,50,0,0,0,0,0,1,0,0,0,0,0,0,1,0,0,0,0,0,100,100,100,0,0,0,0
Real Betis Balompié,Real Betis,2024/2025,Spain,9,4,5,0,6,3,3,1,1,0,2,0,2,2.11,2.5,1.8,0,25,25,14,14,5,9,19,9,10,7,7,2,3,5,4,58,51,64,161,180,150,5,2,3,3,2,1,1,0,1,8,4,4,52,20,32,15,4,11,58,57,59,117,57,60,63,30,33,54,27,27,119,50,69,7,5,2,1,0,1,6,5,1,5,3,2,3,1,2,1,0,1,2,2.5,1.6,2.11,2.25,2,1.56,1.75,1.4,0.56,0.5,0.6,0.89,1.25,0.6,0.78,1.25,0.4,0.11,0,0.2,9,6,4,0,0,0,4,3,2,0,0,0,5,3,2,0,0,0,0,3,5,9,9,9,0,1,2,4,4,4,0,2,3,5,5,5,100,67,44,0,0,0,100,75,50,0,0,0,100,60,40,0,0,0,0,33,56,100,100,100,0,25,50,100,100,100,0,40,60,100,100,100,6,1,1,3,1,1,3,0,0,67,11,11,75,25,25,60,0,0,67,75,60,12,56,50,60,33,50,20,11,0,20,89,100,80,8,4,4,89,100,80,4,1,3,44,25,60,0,0,0,0,0,0,56,75,40,33,25,40,11,0,20,5.78,5.00,6.40,1.67,1,2.20,78,56,44,33,33,33,22,0,1.74,1.88,1.63,0.92,0.68,1.11,44,1,2,1,1,3,1,1,2,2,0,0,1,0,0,2,0,1,1,11,25,0,22,0,40,0
Racing Club de Lens,Lens,2024/2025,France,2,1,1,0,1,1,0,0,0,0,1,0,1,1.5,3,0,0,34,34,99,2,3,-1,5,3,2,2,0,1,2,1,-2,90,45,0,60,90,45,0,0,0,1,1,0,1,0,1,1,1,0,8,2,6,7,4,3,48,35,61,26,10,16,16,7,9,10,3,7,29,14,15,2,2,0,0,0,0,2,2,0,1,1,0,1,0,1,0,0,0,2,3,1,2.5,3,2,1,2,0,1.5,1,2,1,2,0,1,2,0,0,0,0,2,2,1,0,0,0,1,1,1,0,0,0,1,1,0,0,0,0,0,0,1,2,2,2,0,0,0,1,1,1,0,0,1,1,1,1,100,100,50,0,0,0,100,100,100,0,0,0,100,100,0,0,0,0,0,0,50,100,100,100,0,0,0,100,100,100,0,0,100,100,100,100,1,1,0,1,1,0,0,0,0,50,50,0,100,100,0,0,0,0,50,100,0,67,0,0,0,50,100,0,50,0,100,50,100,0,2,1,1,100,100,100,1,0,1,50,0,100,0,0,0,0,0,0,50,100,0,50,0,100,0,0,0,4.00,2.00,6.00,3.5,4,3.00,50,50,0,0,0,0,0,0,1.69,1.33,2.05,1.22,1.26,1.17,0,1,0,0,1,0,0,0,0,0,0,0,0,0,0,1,1,0,1,0,0,0,50,0,100,0
ACF Fiorentina,Fiorentina,2024/2025,Italy,8,4,4,0,4,3,1,3,1,2,1,0,1,1.88,2.5,1.25,0,35,35,18,22,11,11,33,20,13,15,7,5,6,10,1,33,24,51,65,72,60,2,2,0,6,2,4,0,0,0,4,3,1,58,37,21,24,7,17,58,61,55,113,65,48,63,34,29,50,31,19,93,48,45,5,5,0,6,2,4,-1,3,-4,2,2,0,2,1,1,4,1,3,1,1.75,0.25,4.13,5,3.25,2.75,3.75,1.75,1.38,1.25,1.5,1.38,1.75,1,0.63,1.25,0,0.75,0.5,1,8,8,5,4,4,3,4,4,3,3,3,2,4,4,2,1,1,1,0,0,3,4,4,5,0,0,1,1,1,2,0,0,2,3,3,3,100,100,63,50,50,38,100,100,75,75,75,50,100,100,50,25,25,25,0,0,37,50,50,62,0,0,25,25,25,50,0,0,50,75,75,75,6,3,2,3,2,2,3,1,0,75,38,25,75,50,50,75,25,0,50,75,25,23,25,50,0,75,50,100,0,0,0,50,75,25,4,3,1,50,75,25,5,1,4,63,25,100,1,1,0,13,25,0,25,50,0,25,25,25,50,25,75,7.25,9.25,5.25,3,1.75,4.25,88,75,75,38,38,38,13,13,1.85,2.09,1.61,1.21,0.85,1.57,113,1,0,1,2,2,4,5,3,4,1,1,1,2,1,0,2,0,3,38,25,50,13,0,25,13
Servette FC,Servette,2024/2025,Switzerland,2,1,1,0,1,1,0,0,0,0,1,0,1,1.5,3,0,0,53,53,101,2,3,-1,5,3,2,2,0,1,2,1,-2,90,45,0,60,90,45,0,0,0,1,1,0,1,0,1,0,0,0,14,6,8,4,3,1,37,33,41,25,11,14,11,4,7,14,7,7,14,7,7,1,1,0,1,1,0,0,0,0,0,0,0,2,1,1,0,0,0,1,1,1,2.5,3,2,1,2,0,1.5,1,2,1,2,0,0.5,1,0,0.5,1,0,2,2,1,0,0,0,1,1,1,0,0,0,1,1,0,0,0,0,0,0,1,2,2,2,0,0,0,1,1,1,0,0,1,1,1,1,100,100,50,0,0,0,100,100,100,0,0,0,100,100,0,0,0,0,0,0,50,100,100,100,0,0,0,100,100,100,0,0,100,100,100,100,1,1,0,1,1,0,0,0,0,50,50,0,100,100,0,0,0,0,50,100,0,67,0,0,0,50,100,0,50,0,100,0,0,0,1,0,1,50,0,100,1,0,1,50,0,100,1,1,0,50,100,0,0,0,0,100,100,100,0,0,0,7.00,6.00,8.00,2,3,1.00,100,100,100,100,100,100,0,0,1.53,1.34,1.71,1.65,1.73,1.56,50,0,0,0,1,0,0,0,1,0,0,1,0,0,1,0,0,1,0,0,0,0,50,0,100,0
FK Partizan Beograd,Partizan,2024/2025,Serbia,2,1,1,0,0,0,0,0,0,0,2,1,1,0,0,0,0,56,56,148,0,2,-2,2,1,1,0,0,1,1,-1,-1,0,0,0,90,90,90,0,0,0,0,0,0,2,1,1,0,0,0,11,6,5,5,3,2,53,56,50,23,8,15,7,2,5,16,6,10,17,7,10,0,0,0,1,1,0,-1,-1,0,0,0,0,1,0,1,1,1,0,0.5,0,1,1,1,1,0,0,0,1,1,1,0.5,1,0,0,0,0,0.5,1,0,2,0,0,0,0,0,1,0,0,0,0,0,1,0,0,0,0,0,0,2,2,2,2,2,0,1,1,1,1,1,0,1,1,1,1,1,100,0,0,0,0,0,100,0,0,0,0,0,100,0,0,0,0,0,0,100,100,100,100,100,0,100,100,100,100,100,0,100,100,100,100,100,1,0,0,1,0,0,0,0,0,50,0,0,100,0,0,0,0,0,0,0,0,0,0,0,0,0,0,0,100,100,100,0,0,0,1,0,1,50,0,100,2,1,1,100,100,100,0,0,0,0,0,0,0,0,0,50,0,100,50,100,0,5.50,6.00,5.00,2.5,3,2.00,100,100,100,50,0,0,0,0,1.45,1.15,1.75,1.52,0.84,2.20,0,0,0,0,0,0,0,0,0,0,0,1,0,0,0,0,0,0,1,0,0,0,100,100,100,0
Panathinaikos FC,Panathinaikos,2024/2025,Greece,9,4,5,0,4,3,1,1,0,1,4,1,3,1.44,2.25,0.8,0,57,57,26,14,11,3,25,12,13,8,6,4,7,4,-1,58,45,75,74,90,64,4,3,1,5,1,4,0,0,0,6,3,3,51,26,25,18,6,12,58,51,64,94,44,50,55,29,26,39,15,24,102,43,59,5,2,3,4,1,3,1,1,0,5,2,3,1,1,0,3,1,2,1.78,1.75,1.8,2.78,3,2.6,1.56,2,1.2,1.22,1,1.4,1,0.75,1.2,0.56,0.5,0.6,0.44,0.25,0.6,9,8,5,2,1,0,4,3,2,2,1,0,5,5,3,0,0,0,0,1,4,7,8,9,0,1,2,2,3,4,0,0,2,5,5,5,100,89,56,22,11,0,100,75,50,50,25,0,100,100,60,0,0,0,0,11,44,78,89,100,0,25,50,50,75,100,0,0,40,100,100,100,8,1,0,3,0,0,5,1,0,89,11,0,75,0,0,100,20,0,44,75,20,23,44,75,20,56,25,80,0,0,0,67,75,60,6,3,3,67,75,60,4,2,2,44,50,40,0,0,0,0,0,0,56,50,60,11,25,0,33,25,40,5.67,6.50,5.00,2,1.5,2.40,78,78,56,56,56,22,11,0,1.48,1.52,1.45,1.38,1.46,1.32,56,0,3,0,2,0,3,3,0,3,1,1,1,1,3,3,0,1,0,11,0,20,44,25,60,0
HNK Rijeka,Rijeka,2024/2025,Croatia,2,1,1,0,0,0,0,1,1,0,1,0,1,0.5,1,0,0,75,75,144,1,6,-5,7,2,5,1,0,1,5,0,-5,180,90,0,30,90,18,0,0,0,1,1,0,1,0,1,1,1,0,11,5,6,5,2,3,67,79,55,21,9,12,8,4,4,13,5,8,26,13,13,1,1,0,4,0,4,-3,1,-4,1,1,0,0,0,0,1,0,1,1.5,3,0,3.5,2,5,0.5,1,0,3,1,5,2.5,1,4,0.5,1,0,2,0,4,2,2,1,1,1,0,1,1,0,0,0,0,1,1,1,1,1,0,0,0,1,1,1,2,0,0,1,1,1,1,0,0,0,0,0,1,100,100,50,50,50,0,100,100,0,0,0,0,100,100,100,100,100,0,0,0,50,50,50,100,0,0,100,100,100,100,0,0,0,0,0,100,2,1,1,1,0,0,1,1,1,100,50,50,100,0,0,100,100,100,0,0,0,84,0,0,0,50,100,0,50,0,100,50,100,0,1,1,0,50,100,0,1,0,1,50,0,100,0,0,0,0,0,0,50,100,0,0,0,0,50,0,100,5.50,5.00,6.00,2.5,2,3.00,50,0,0,0,0,0,0,0,1.41,1.40,1.43,1.38,1.07,1.70,100,0,0,0,1,0,0,0,0,0,1,1,0,1,2,0,0,1,0,50,100,0,50,0,100,0
FK Panevėžys,Panevėžys,2024/2025,Lithuania,2,1,1,0,0,0,0,1,0,1,1,1,0,0.5,0,1,0,79,79,137,0,3,-3,3,3,0,0,0,3,0,-3,0,0,0,0,60,30,0,1,0,1,0,0,0,2,1,1,0,0,0,7,4,3,8,5,3,45,48,41,15,8,7,0,0,0,15,8,7,30,16,14,0,0,0,0,0,0,0,0,0,0,0,0,2,1,1,0,0,0,1,1,1,1.5,3,0,0,0,0,1.5,3,0,0,0,0,0,0,0,0,0,0,1,1,1,0,0,0,1,1,1,0,0,0,0,0,0,0,0,0,1,1,1,2,2,2,0,0,0,1,1,1,1,1,1,1,1,1,50,50,50,0,0,0,100,100,100,0,0,0,0,0,0,0,0,0,50,50,50,100,100,100,0,0,0,100,100,100,100,100,100,100,100,100,0,0,0,0,0,0,0,0,0,0,0,0,0,0,0,0,0,0,0,0,0,-50,50,0,100,0,0,0,100,100,100,0,0,0,2,1,1,100,100,100,2,1,1,100,100,100,0,0,0,0,0,0,0,0,0,100,100,100,0,0,0,3.50,4.00,3.00,4,5,3.00,100,100,100,0,0,0,0,0,0.89,0.97,0.81,1.84,1.89,1.78,0,0,0,0,0,0,0,0,0,0,0,0,0,0,0,1,1,0,1,50,0,100,50,100,0,0
FK Hirnyk Kryvyi Rih,Hirnyk,2024/2025,Ukraine,2,1,1,0,0,0,0,0,0,0,2,1,1,0,0,0,0,86,86,160,0,5,-5,5,2,3,0,0,2,3,-2,-3,0,0,0,36,45,30,0,0,0,0,0,0,2,1,1,0,0,0,9,2,7,1,1,0,40,42,37,11,6,5,2,2,0,9,4,5,28,14,14,0,0,0,4,1,3,-4,-1,-3,0,0,0,0,0,0,2,1,1,0,0,0,2.5,2,3,0,0,0,2.5,2,3,2,1,3,0,0,0,2,1,3,2,2,1,0,0,0,1,1,0,0,0,0,1,1,1,0,0,0,0,0,1,2,2,2,0,0,1,1,1,1,0,0,0,1,1,1,100,100,50,0,0,0,100,100,0,0,0,0,100,100,100,0,0,0,0,0,50,100,100,100,0,0,100,100,100,100,0,0,0,100,100,100,2,1,1,1,0,0,1,1,1,100,50,50,100,0,0,100,100,100,0,0,0,10,0,0,0,0,0,0,100,100,100,0,0,0,0,0,0,0,0,0,2,1,1,100,100,100,0,0,0,0,0,0,0,0,0,0,0,0,100,100,100,4.50,2.00,7.00,0.5,1,0.00,100,50,50,50,50,50,50,0,0.64,0.73,0.55,2.06,2.05,2.06,100,0,0,0,0,0,0,0,0,0,0,1,0,1,2,0,1,0,0,0,0,0,100,100,100,0
NK Celje,Celje,2024/2025,Slovenia,9,5,4,0,3,3,0,2,2,0,4,0,4,1.22,2.2,0,0,95,95,33,19,17,2,36,26,10,17,2,9,8,8,-6,43,26,180,48,50,45,0,0,0,7,5,2,2,0,2,4,4,0,42,28,14,21,12,9,57,58,56,97,77,20,54,45,9,43,32,11,111,69,42,9,9,0,6,4,2,3,5,-2,2,2,0,6,3,3,1,0,1,1.33,1.8,0.75,4,5.2,2.5,2.11,3.4,0.5,1.89,1.8,2,1.67,2.6,0.5,1,1.8,0,0.67,0.8,0.5,9,8,7,6,4,2,5,5,5,5,4,2,4,3,2,1,0,0,0,1,2,3,5,7,0,0,0,0,1,3,0,1,2,3,4,4,100,89,78,67,44,22,100,100,100,100,80,40,100,75,50,25,0,0,0,11,22,33,56,78,0,0,0,0,20,60,0,25,50,75,100,100,6,6,2,5,5,2,1,1,0,67,67,22,100,100,40,25,25,0,33,60,0,33,0,0,0,78,100,50,22,0,50,44,80,0,5,2,3,56,40,75,4,0,4,44,0,100,3,3,0,33,60,0,22,40,0,67,60,75,11,0,25,4.67,5.60,3.50,2.33,2.4,2.25,67,56,44,44,22,22,11,0,1.43,2.01,0.71,1.49,1.36,1.66,78,3,1,2,1,2,3,0,4,3,1,1,0,3,2,1,4,4,1,22,40,0,44,0,100,0
Cercle Brugge KSV,Cercle Brugge,2024/2025,Belgium,8,4,4,0,4,2,2,2,1,1,2,1,1,1.75,1.75,1.75,0,115,115,20,21,12,9,33,17,16,10,11,7,5,3,6,34,36,33,60,51,72,2,1,1,6,3,3,1,0,1,5,2,3,44,20,24,15,5,10,46,45,46,108,60,48,65,36,29,43,24,19,114,64,50,10,4,6,4,2,2,6,2,4,4,2,2,3,1,2,1,1,0,1.88,1.75,2,4.13,4.25,4,2.63,2.5,2.75,1.5,1.75,1.25,1.75,1.5,2,1.25,1,1.5,0.5,0.5,0.5,7,7,5,5,4,2,4,4,2,2,2,1,3,3,3,3,2,1,1,1,3,3,4,6,0,0,2,2,2,3,1,1,1,1,2,3,88,88,63,63,50,25,100,100,50,50,50,25,75,75,75,75,50,25,12,12,37,37,50,75,0,0,50,50,50,75,25,25,25,25,50,75,6,5,3,3,2,1,3,3,2,75,63,38,75,50,25,75,75,50,50,50,50,-11,25,25,25,75,75,75,13,0,25,63,50,75,5,3,2,63,75,50,3,2,1,38,50,25,2,0,2,25,0,50,50,50,50,38,25,50,13,25,0,5.50,5.00,6.00,1.88,1.25,2.50,100,75,38,38,38,38,38,13,1.80,1.95,1.66,1.45,1.53,1.39,175,3,2,2,2,2,2,2,2,4,1,3,0,0,0,1,0,3,4,25,25,25,25,25,25,0
KÍ Klaksvík,KÍ,2024/2025,Faroe Islands,2,1,1,0,0,0,0,1,1,0,1,0,1,0.5,1,0,0,136,136,127,3,4,-1,7,4,3,2,1,2,2,0,-1,60,45,90,45,45,45,0,0,0,2,1,1,0,0,0,1,0,1,8,4,4,9,5,4,51,59,43,21,16,5,13,10,3,8,6,2,20,9,11,0,0,0,1,1,0,-1,-1,0,0,0,0,1,0,1,1,1,0,0.5,0,1,3.5,4,3,1.5,2,1,2,2,2,0.5,1,0,0,0,0,0.5,1,0,2,2,2,1,0,0,1,1,1,1,0,0,1,1,1,0,0,0,0,0,0,1,2,2,0,0,0,0,1,1,0,0,0,1,1,1,100,100,100,50,0,0,100,100,100,100,0,0,100,100,100,0,0,0,0,0,0,50,100,100,0,0,0,0,100,100,0,0,0,100,100,100,1,0,0,1,0,0,0,0,0,50,0,0,100,0,0,0,0,0,0,0,0,0,0,0,0,100,100,100,0,0,0,50,0,100,1,0,1,50,0,100,2,1,1,100,100,100,0,0,0,0,0,0,0,0,0,50,0,100,50,100,0,4.00,4.00,4.00,4.5,5,4.00,100,100,50,50,50,50,0,0,1.77,2.61,0.93,1.61,1.53,1.68,150,0,0,0,0,0,2,1,0,0,0,1,0,0,0,0,0,0,3,50,100,0,50,0,100,0
Heart of Midlothian FC,Hearts,2024/2025,Scotland,6,3,3,0,2,1,1,1,1,0,3,1,2,1.17,1.33,1,0,1,1,55,6,9,-3,15,8,7,4,2,4,5,0,-3,90,68,134,60,68,54,1,1,0,2,1,1,3,1,2,1,1,0,37,24,13,11,5,6,50,51,49,51,31,20,28,15,13,23,16,7,70,38,32,3,2,1,3,1,2,0,1,-1,1,1,0,3,1,2,2,1,1,1,1.33,0.67,2.5,2.67,2.33,1,1.33,0.67,1.5,1.33,1.67,1,1,1,0.5,0.67,0.33,0.5,0.33,0.67,6,6,2,1,0,0,3,3,1,1,0,0,3,3,1,0,0,0,0,0,4,5,6,6,0,0,2,2,3,3,0,0,2,3,3,3,100,100,33,17,0,0,100,100,33,33,0,0,100,100,33,0,0,0,0,0,67,83,100,100,0,0,67,67,100,100,0,0,67,100,100,100,4,2,0,2,1,0,2,1,0,67,33,0,67,33,0,67,33,0,33,33,33,22,17,33,0,33,33,33,50,33,67,17,33,0,3,2,1,50,67,33,4,2,2,67,67,67,1,0,1,17,0,33,17,33,0,50,33,67,33,33,33,6.17,8.00,4.33,1.83,1.67,2.00,83,33,17,17,17,17,17,17,1.26,1.48,1.03,1.34,1.12,1.56,50,0,1,1,1,0,0,2,0,1,0,0,2,1,1,1,0,1,3,17,33,0,50,33,67,17
APOEL FC,APOEL,2024/2025,Cyprus,7,3,4,0,3,1,2,3,1,2,1,1,0,1.71,1.33,2,0,20,20,28,10,7,3,17,6,11,3,7,3,4,0,3,63,90,51,90,90,90,1,0,1,5,2,3,1,1,0,5,2,3,30,10,20,20,9,11,49,49,49,75,41,34,32,12,20,43,29,14,87,36,51,5,2,3,2,0,2,3,2,1,2,1,1,5,2,3,0,0,0,1.57,1.67,1.5,2.43,2,2.75,1.43,1,1.75,1,1,1,1,0.67,1.25,0.71,0.67,0.75,0.29,0,0.5,7,5,3,2,0,0,3,2,1,0,0,0,4,3,2,2,0,0,0,2,4,5,7,7,0,1,2,3,3,3,0,1,2,2,4,4,100,71,43,29,0,0,100,67,33,0,0,0,100,75,50,50,0,0,0,29,57,71,100,100,0,33,67,100,100,100,0,25,50,50,100,100,4,3,0,1,1,0,3,2,0,57,43,0,33,33,0,75,50,0,43,33,50,0,14,0,25,71,67,75,14,33,0,71,67,75,5,3,2,71,100,50,3,2,1,43,67,25,2,0,2,29,0,50,29,33,25,71,67,75,0,0,0,4.29,3.33,5.00,2.86,3,2.75,71,56,43,28,14,14,0,0,1.30,1.41,1.22,1.22,1.10,1.30,57,0,0,1,2,2,2,1,0,2,1,0,0,0,1,1,2,1,1,43,33,50,14,33,0,0
Molde FK,Molde,2024/2025,Norway,7,4,3,0,2,2,0,1,0,1,4,2,2,1,1.5,0.33,0,27,27,54,10,12,-2,22,12,10,7,3,5,7,2,-4,63,51,90,53,72,39,1,1,0,3,1,2,3,2,1,2,1,1,30,19,11,16,12,4,57,62,50,65,46,19,38,27,11,27,19,8,88,46,42,4,2,2,5,2,3,-1,0,-1,2,1,1,2,2,0,3,1,2,1.14,1.25,1,3.14,3,3.33,1.43,1.75,1,1.71,1.25,2.33,1.29,1,1.67,0.57,0.5,0.67,0.71,0.5,1,7,5,5,2,1,1,4,2,2,1,1,1,3,3,3,1,0,0,0,2,2,5,6,6,0,2,2,3,3,3,0,0,0,2,3,3,100,71,71,29,14,14,100,50,50,25,25,25,100,100,100,33,0,0,0,29,29,71,86,86,0,50,50,75,75,75,0,0,0,67,100,100,5,2,2,2,1,1,3,1,1,71,29,29,50,25,25,100,33,33,29,50,0,25,14,25,0,43,25,67,43,50,33,29,25,33,2,2,0,29,50,0,5,3,2,71,75,67,2,1,1,29,25,33,29,25,33,29,50,0,43,25,67,4.29,4.75,3.67,2.29,3,1.33,56,28,28,28,28,14,0,0,1.43,1.72,1.04,1.05,0.96,1.18,14,0,1,2,0,1,1,1,2,2,2,0,1,1,1,3,1,1,2,14,0,33,57,50,67,0
SK Rapid Wien,Rapid Wien,2024/2025,Austria,6,3,3,0,4,2,2,1,1,0,1,0,1,2.17,2.33,2,0,39,39,23,11,5,6,16,6,10,5,6,1,4,4,2,49,54,45,108,273,68,3,2,1,3,1,2,0,0,0,5,3,2,41,28,13,9,4,5,57,56,57,84,48,36,42,22,20,42,26,16,56,25,31,5,3,2,1,0,1,4,3,1,4,3,1,2,0,2,0,0,0,2.33,3,1.67,2.67,2,3.33,1.83,1.67,2,0.83,0.33,1.33,1,1,1,0.83,1,0.67,0.17,0,0.33,6,5,4,1,0,0,3,2,1,0,0,0,3,3,3,1,0,0,0,1,2,5,6,6,0,1,2,3,3,3,0,0,0,2,3,3,100,83,67,17,0,0,100,67,33,0,0,0,100,100,100,33,0,0,0,17,33,83,100,100,0,33,67,100,100,100,0,0,0,67,100,100,5,1,0,3,0,0,2,1,0,83,17,0,100,0,0,67,33,0,67,67,67,26,50,67,33,50,33,67,0,0,0,83,100,67,5,3,2,83,100,67,1,0,1,17,0,33,1,0,1,17,0,33,67,100,33,33,0,67,0,0,0,6.83,9.33,4.33,1.5,1.33,1.67,83,83,67,67,50,33,17,17,1.83,1.97,1.70,1.22,1.02,1.42,17,1,1,0,1,3,2,2,0,1,0,0,0,0,1,2,1,0,1,17,33,0,17,0,33,17
LASK Linz,LASK Linz,2024/2025,Austria,6,3,3,0,0,0,0,3,3,0,3,0,3,0.5,1,0,0,40,40,115,4,14,-10,18,6,12,3,1,3,11,0,-10,134,90,273,39,90,25,1,1,0,3,2,1,3,1,2,2,1,1,17,10,7,15,4,11,53,56,50,52,31,21,26,13,13,26,18,8,67,34,33,2,2,0,5,1,4,-3,1,-4,1,1,0,3,2,1,2,0,2,1,1.67,0.33,3,2,4,0.67,1,0.33,2.33,1,3.67,1.17,1,1.33,0.33,0.67,0,0.83,0.33,1.33,5,5,3,2,1,1,2,2,1,1,0,0,3,3,2,1,1,1,1,1,3,4,5,5,1,1,2,2,3,3,0,0,1,2,2,2,83,83,50,33,17,17,67,67,33,33,0,0,100,100,67,33,33,33,17,17,50,67,83,83,33,33,67,67,100,100,0,0,33,67,67,67,4,2,1,2,1,0,2,1,1,67,33,17,67,33,0,67,33,33,0,0,0,53,17,33,0,50,67,33,50,33,67,33,33,33,3,2,1,50,67,33,4,1,3,67,33,100,1,1,0,17,33,0,17,33,0,50,67,33,33,0,67,2.83,3.33,2.33,2.5,1.33,3.67,83,50,33,0,0,0,0,0,1.13,1.31,0.96,1.44,0.98,1.90,100,0,0,2,0,1,1,0,0,0,1,1,2,1,0,2,2,0,5,50,100,0,50,0,100,0
FC Dinamo Minsk,Dinamo Minsk,2024/2025,Belarus,6,3,3,0,1,1,0,0,0,0,5,2,3,0.5,1,0,0,45,45,114,4,13,-9,17,8,9,4,0,4,9,0,-9,134,68,0,41,68,30,1,1,0,2,2,0,3,0,3,2,2,0,28,11,17,17,5,12,43,44,42,56,27,29,26,15,11,30,12,18,100,48,52,2,2,0,4,2,2,-2,0,-2,0,0,0,4,3,1,2,0,2,0.67,1,0.33,2.83,2.67,3,0.67,1.33,0,2.17,1.33,3,1,1.33,0.67,0.33,0.67,0,0.67,0.67,0.67,6,5,4,2,0,0,3,3,2,0,0,0,3,2,2,2,0,0,0,1,2,4,6,6,0,0,1,3,3,3,0,1,1,1,3,3,100,83,67,33,0,0,100,100,67,0,0,0,100,67,67,67,0,0,0,17,33,67,100,100,0,0,33,100,100,100,0,33,33,33,100,100,4,2,0,2,2,0,2,0,0,67,33,0,67,67,0,67,0,0,17,33,0,69,17,33,0,33,67,0,50,0,100,33,67,0,2,1,1,33,33,33,4,1,3,67,33,100,2,2,0,33,67,0,0,0,0,67,100,33,33,0,67,4.67,3.67,5.67,2.83,1.67,4.00,100,67,67,50,50,33,17,17,1.21,1.22,1.21,1.50,1.21,1.80,67,0,1,1,0,0,0,1,1,0,2,0,0,2,1,5,1,0,2,0,0,0,83,67,100,17
FC Lugano,Lugano,2024/2025,Switzerland,6,3,3,0,4,2,2,1,1,0,1,0,1,2.17,2.33,2,0,51,51,25,11,7,4,18,9,9,7,4,2,5,5,-1,49,39,68,77,134,54,3,2,1,3,1,2,0,0,0,3,2,1,18,10,8,19,10,9,56,50,61,66,36,30,42,20,22,24,16,8,85,46,39,6,4,2,3,1,2,3,3,0,4,3,1,1,0,1,1,0,1,2.17,3,1.33,3,3,3,1.83,2.33,1.33,1.17,0.67,1.67,1.5,1.67,1.33,1,1.33,0.67,0.5,0.33,0.67,6,5,4,2,1,0,3,3,2,1,0,0,3,2,2,1,1,0,0,1,2,4,5,6,0,0,1,2,3,3,0,1,1,2,2,3,100,83,67,33,17,0,100,100,67,33,0,0,100,67,67,33,33,0,0,17,33,67,83,100,0,0,33,67,100,100,0,33,33,67,67,100,6,2,1,3,1,1,3,1,0,100,33,17,100,33,33,100,33,0,67,67,67,35,50,67,33,50,33,67,0,0,0,50,67,33,3,2,1,50,67,33,1,0,1,17,0,33,2,1,1,33,33,33,67,100,33,17,0,33,17,0,33,3.00,3.33,2.67,3.17,3.33,3.00,50,33,17,17,17,17,17,0,1.47,1.53,1.40,1.60,1.55,1.66,50,2,0,0,4,0,1,1,1,2,2,1,0,0,0,1,1,0,2,17,33,0,17,0,33,0
SSA Jagiellonia Białystok,Jagiellonia Białystok,2024/2025,Poland,7,3,4,0,4,2,2,2,1,1,1,0,1,2,2.33,1.75,0,78,78,21,13,6,7,19,5,14,5,8,0,6,5,2,48,54,45,105,0,60,3,3,0,3,0,3,2,1,1,2,2,0,19,9,10,16,4,12,47,48,46,70,26,44,39,16,23,31,10,21,88,39,49,3,1,2,3,0,3,0,1,-1,1,1,0,5,2,3,1,0,1,1.14,1.67,0.75,2.71,1.67,3.5,1.86,1.67,2,0.86,0,1.5,0.86,0.33,1.25,0.43,0.33,0.5,0.43,0,0.75,6,5,4,2,1,1,2,2,1,0,0,0,4,3,3,2,1,1,1,2,3,5,6,6,1,1,2,3,3,3,0,1,1,2,3,3,86,71,57,29,14,14,67,67,33,0,0,0,100,75,75,50,25,25,14,29,43,71,86,86,33,33,67,100,100,100,0,25,25,50,75,75,4,2,0,1,0,0,3,2,0,57,29,0,33,0,0,75,50,0,57,67,50,45,43,100,0,43,0,75,29,33,25,29,67,0,4,3,1,57,100,25,4,2,2,57,67,50,2,0,2,29,0,50,14,33,0,71,67,75,14,0,25,2.71,3.00,2.50,2.29,1.33,3.00,56,43,28,28,14,14,0,0,1.30,1.17,1.40,1.22,0.92,1.46,71,1,0,0,2,0,2,1,4,3,1,1,1,0,0,1,0,2,0,29,33,25,14,0,25,0
FK Bačka Topola,Bačka Topola,2024/2025,Serbia,7,4,3,0,2,2,0,1,0,1,4,2,2,1,1.5,0.33,0,94,94,56,11,16,-5,27,19,8,9,2,10,6,-1,-4,57,40,134,39,36,45,0,0,0,4,3,1,3,1,2,2,2,0,32,20,12,20,13,7,57,57,57,88,47,41,45,27,18,43,20,23,101,72,29,4,3,1,9,4,5,-5,-1,-4,1,1,0,2,1,1,4,2,2,0.71,1,0.33,3.86,4.75,2.67,1.57,2.25,0.67,2.29,2.5,2,1.86,1.75,2,0.57,0.75,0.33,1.29,1,1.67,7,6,6,4,2,1,4,4,4,3,2,1,3,2,2,1,0,0,0,1,1,3,5,6,0,0,0,1,2,3,0,1,1,2,3,3,100,86,86,57,29,14,100,100,100,75,50,25,100,67,67,33,0,0,0,14,14,43,71,86,0,0,0,25,50,75,0,33,33,67,100,100,7,4,2,4,2,1,3,2,1,100,57,29,100,50,25,100,67,33,29,50,0,17,0,0,0,57,75,33,43,25,67,29,50,0,1,1,0,14,25,0,3,1,2,43,25,67,3,2,1,43,50,33,14,25,0,29,25,33,57,50,67,4.57,5.00,4.00,2.86,3.25,2.33,43,43,28,28,28,14,0,0,1.60,1.63,1.57,1.56,1.52,1.62,157,1,0,1,1,1,2,1,2,2,2,5,0,2,2,0,3,0,2,14,0,33,57,50,67,0
Shamrock Rovers FC,Shamrock Rovers,2024/2025,Republic of Ireland,7,3,4,0,4,2,2,2,1,1,1,0,1,2,2.33,1.75,0,101,101,22,13,9,4,22,8,14,6,7,2,7,4,0,48,45,51,70,134,51,2,1,1,5,2,3,0,0,0,3,1,2,25,10,15,18,7,11,41,45,38,59,31,28,39,18,21,20,13,7,77,33,44,7,3,4,6,1,5,1,2,-1,3,2,1,2,1,1,2,0,2,1.57,2.33,1,3.14,2.67,3.5,1.86,2,1.75,1.29,0.67,1.75,1.86,1.33,2.25,1,1,1,0.86,0.33,1.25,7,6,4,2,2,1,3,3,2,0,0,0,4,3,2,2,2,1,0,1,3,5,5,6,0,0,1,3,3,3,0,1,2,2,2,3,100,86,57,29,29,14,100,100,67,0,0,0,100,75,50,50,50,25,0,14,43,71,71,86,0,0,33,100,100,100,0,25,50,50,50,75,5,3,3,2,1,1,3,2,2,71,43,43,67,33,33,75,50,50,57,67,50,28,29,33,25,71,67,75,0,0,0,43,33,50,4,2,2,57,67,50,3,1,2,43,33,50,2,1,1,29,33,25,43,67,25,29,33,25,29,0,50,3.57,3.33,3.75,2.57,2.33,2.75,56,56,56,56,14,14,14,14,1.21,1.38,1.08,1.39,1.24,1.50,100,1,1,4,1,0,4,1,0,1,1,1,1,2,2,2,0,0,0,29,33,25,14,0,25,14
FK Borac Banja Luka,Borac Banja Luka,2024/2025,Bosnia and Herzegovina,7,4,3,0,3,2,1,2,2,0,2,0,2,1.57,2,1,0,120,120,35,5,7,-2,12,6,6,4,1,2,5,2,-4,127,90,273,90,180,54,3,2,1,2,2,0,3,1,2,2,1,1,33,27,6,15,7,8,47,49,44,72,56,16,33,22,11,39,34,5,81,51,30,0,0,0,4,1,3,-4,-1,-3,0,0,0,4,3,1,3,1,2,0.57,0.75,0.33,1.71,1.5,2,0.71,1,0.33,1,0.5,1.67,0.57,0.25,1,0,0,0,0.57,0.25,1,6,4,2,0,0,0,3,2,1,0,0,0,3,2,1,0,0,0,1,3,5,7,7,7,1,2,3,4,4,4,0,1,2,3,3,3,86,57,29,0,0,0,75,50,25,0,0,0,100,67,33,0,0,0,14,43,71,100,100,100,25,50,75,100,100,100,0,33,67,100,100,100,3,1,0,1,0,0,2,1,0,43,14,0,25,0,0,67,33,0,43,50,33,46,43,50,33,29,50,0,43,25,67,29,25,33,4,3,1,57,75,33,7,4,3,100,100,100,0,0,0,0,0,0,0,0,0,57,75,33,43,25,67,4.71,6.75,2.00,2.14,1.75,2.67,71,56,56,43,14,0,0,0,1.32,1.65,0.87,1.23,0.98,1.56,71,0,0,0,0,1,0,1,0,3,0,3,1,0,0,2,1,0,0,29,50,0,29,0,67,0
CS Petrocub Hînceşti,Petrocub,2024/2025,Moldova,6,3,3,0,0,0,0,2,0,2,4,3,1,0.33,0,0.67,0,152,152,118,4,13,-9,17,9,8,1,3,8,5,-7,-2,134,273,90,41,34,54,0,0,0,3,1,2,3,2,1,2,1,1,7,5,2,11,4,7,39,41,37,33,19,14,17,9,8,16,10,6,73,35,38,2,1,1,4,3,1,-2,-2,0,1,0,1,2,1,1,3,2,1,0.83,0.33,1.33,2.83,3,2.67,0.67,0.33,1,2.17,2.67,1.67,1,1.33,0.67,0.33,0.33,0.33,0.67,1,0.33,6,5,3,2,1,0,3,2,2,1,1,0,3,3,1,1,0,0,0,1,3,4,5,6,0,1,1,2,2,3,0,0,2,2,3,3,100,83,50,33,17,0,100,67,67,33,33,0,100,100,33,33,0,0,0,17,50,67,83,100,0,33,33,67,67,100,0,0,67,67,100,100,4,1,1,2,1,1,2,0,0,67,17,17,67,33,33,67,0,0,0,0,0,-37,0,0,0,50,33,67,50,67,33,33,33,33,3,1,2,50,33,67,4,2,2,67,67,67,1,1,0,17,33,0,17,0,33,33,33,33,50,67,33,1.17,1.67,0.67,1.83,1.33,2.33,33,33,17,17,17,17,17,17,0.76,0.88,0.64,1.67,1.72,1.63,83,0,0,2,0,0,0,0,0,2,0,1,0,2,1,3,3,1,2,33,0,67,67,100,33,17
